transaction_id,node_profile,median,mean,std,min,max,count,cv_pct
002b9f71-04f1-5937-9c16-3470136dd6dc,High,34.735521,34.7411112,0.24159821043563118,34.409855,34.993732,5,0.6954245333282005
002b9f71-04f1-5937-9c16-3470136dd6dc,Low,59.558783,58.350532,2.0661877862690754,56.019459,60.22058,5,3.5409921991269515
002b9f71-04f1-5937-9c16-3470136dd6dc,Medium,47.279159,46.9214378,2.7378668057331983,43.090408,49.573286,5,5.835001939631948
006ca6d7-2113-5e40-8812-de583cc5c117,High,35.192886,35.111688,0.5283524490446704,34.405211,35.787747,5,1.5047765548744634
006ca6d7-2113-5e40-8812-de583cc5c117,Low,59.519256,58.5882156,7.952344481344778,50.561866,70.762442,5,13.57328329580459
006ca6d7-2113-5e40-8812-de583cc5c117,Medium,48.003524,47.9123434,3.115734796431141,44.633785,51.88434,5,6.502989783695575
006ec7c4-7bbd-55ba-9138-807e1c4c988e,High,36.525243,36.19819,0.8299281742657021,35.142679,37.191285,5,2.292733902622485
006ec7c4-7bbd-55ba-9138-807e1c4c988e,Low,58.628935,57.697193000000006,2.596197545830729,53.186442,59.788606,5,4.499694717957473
006ec7c4-7bbd-55ba-9138-807e1c4c988e,Medium,46.216302,45.2102094,2.8082531754104365,42.319246,48.731046,5,6.211546490670394
0087127e-c89f-572e-972a-057dd92716c6,High,32.302378,32.5168568,0.810383904688207,31.719374,33.757021,5,2.4921963081259655
0087127e-c89f-572e-972a-057dd92716c6,Low,51.480569,51.5549172,1.6046723356211068,50.222276,54.208598,5,3.1125495350831573
0087127e-c89f-572e-972a-057dd92716c6,Medium,40.907439,41.0525424,0.4602006024678802,40.640676,41.756217,5,1.1210039027153655
011ecbf6-dc71-5b19-b123-7c2fb2411afa,High,34.016948,34.2377852,0.3865284754060172,33.95641,34.841117,5,1.1289529189698206
011ecbf6-dc71-5b19-b123-7c2fb2411afa,Low,56.292347,57.1771028,3.5683627640980804,52.429102,61.16557,5,6.240894675233668
011ecbf6-dc71-5b19-b123-7c2fb2411afa,Medium,46.997789,46.6227952,2.437028364588972,44.020995,48.981765,5,5.227117666657987
01440b5a-8496-54c3-acb3-e315e21312d5,High,32.080032,31.8346692,0.48120295975263855,31.219398,32.313311,5,1.5115689022226075
01440b5a-8496-54c3-acb3-e315e21312d5,Low,50.804875,51.1688694,3.8898492814885897,45.34681,55.981697,5,7.60198403267552
01440b5a-8496-54c3-acb3-e315e21312d5,Medium,40.944555,41.957827800000004,2.023495964918807,40.066634,44.184413,5,4.822689998548511
01c21ab9-0508-5411-a641-0f98dacce6ba,High,30.659332,30.714500199999996,0.1968318179352625,30.523647,31.047895,5,0.6408433041513809
01c21ab9-0508-5411-a641-0f98dacce6ba,Low,52.632105,52.3228462,1.2305070447255473,50.189957,53.240325,5,2.3517586180652903
01c21ab9-0508-5411-a641-0f98dacce6ba,Medium,40.643008,41.350302799999994,1.3159394158807995,40.318512,43.348859,5,3.182417846480195
027edc78-b22f-5a49-8bea-93a58d26fd20,High,20.522681,20.562859600000003,0.13792276279787852,20.404101,20.743942,5,0.6707372684579265
027edc78-b22f-5a49-8bea-93a58d26fd20,Low,37.720026,36.7284362,2.5786957066387655,32.664714,39.401316,5,7.020978765871784
027edc78-b22f-5a49-8bea-93a58d26fd20,Medium,27.884205,27.946095000000003,2.638543545136882,23.717398,30.400594,5,9.441546466999707
02f15c4d-03d8-5ae0-8951-33b67a411614,High,21.638728,21.6527196,0.11301887507536072,21.531786,21.833357,5,0.5219615695543424
02f15c4d-03d8-5ae0-8951-33b67a411614,Low,39.44726,38.0462852,4.4137490497149585,30.87485,41.730492,5,11.600998695438888
02f15c4d-03d8-5ae0-8951-33b67a411614,Medium,28.885096,27.455071399999998,3.743015611813596,21.680863,30.522684,5,13.63323940149577
030ad86f-64cb-5dc0-b815-5c6c312ed82a,High,30.98147,30.9267712,0.30843733893888436,30.574455,31.345758,5,0.9973150347453158
030ad86f-64cb-5dc0-b815-5c6c312ed82a,Low,50.496427,50.9709176,4.557724379478078,45.444807,57.757237,5,8.941813477334922
030ad86f-64cb-5dc0-b815-5c6c312ed82a,Medium,41.697494,41.10423,1.491608281156284,38.446062,41.985024,5,3.628843749551528
0312ed91-0dbc-53d9-9595-9a0bb2c6ad4c,High,24.249899,24.2340838,0.0852101347006345,24.113013,24.331344,5,0.3516127756421908
0312ed91-0dbc-53d9-9595-9a0bb2c6ad4c,Low,41.019319,40.4181172,3.998402264571399,36.174044,46.363509,5,9.892599016392083
0312ed91-0dbc-53d9-9595-9a0bb2c6ad4c,Medium,31.195826,31.7320808,1.1085960563977775,30.620526,33.169175,5,3.493612862594808
0331c0ca-4ed3-5b7e-9af1-ea42c5f3eea7,High,20.584487,20.54554,0.10798915303168216,20.409809,20.67214,5,0.5256087356753931
0331c0ca-4ed3-5b7e-9af1-ea42c5f3eea7,Low,35.328827,35.137698,1.3372952756842829,33.270148,36.94394,5,3.8058704804289767
0331c0ca-4ed3-5b7e-9af1-ea42c5f3eea7,Medium,28.191534,28.273599400000002,2.8051903148364636,23.774981,31.007723,5,9.921588953532614
034ace7a-2692-5f1c-b3e6-e789af5d2944,High,34.49264,34.4232438,0.24028649810007832,34.053365,34.702518,5,0.698035604942258
034ace7a-2692-5f1c-b3e6-e789af5d2944,Low,59.85752,57.6213666,3.4460963035897287,52.301768,60.112535,5,5.980587596111837
034ace7a-2692-5f1c-b3e6-e789af5d2944,Medium,44.567274,45.198019599999995,2.0759213537124426,43.489869,48.452739,5,4.592947593908391
03772058-7cd6-5f74-aea1-f5639c71f661,High,34.731139,34.6259882,0.34646056645122025,34.229638,34.978063,5,1.0005795775417616
03772058-7cd6-5f74-aea1-f5639c71f661,Low,59.610018,57.7431328,3.0537390910530027,53.113519,60.012653,5,5.288488765633795
03772058-7cd6-5f74-aea1-f5639c71f661,Medium,45.675302,45.749443400000004,2.1639228610702133,43.304182,47.943017,5,4.7299435801883725
03800b45-8301-53c2-9f30-6b7dd80497ae,High,21.161629,21.372610200000004,0.45361297025184266,21.145517,22.182278,5,2.1224032348273614
03800b45-8301-53c2-9f30-6b7dd80497ae,Low,31.401046,34.1293706,4.7500436173349305,29.377978,39.493273,5,13.917759202201433
03800b45-8301-53c2-9f30-6b7dd80497ae,Medium,27.246777,27.58417,2.481420549720563,25.594352,31.653118,5,8.995813721132674
03c2d846-b2d7-57e1-8ffc-2c800782ab44,High,27.190341,27.2756368,0.14155857732825625,27.175079,27.501438,5,0.5189927493397927
03c2d846-b2d7-57e1-8ffc-2c800782ab44,Low,42.573071,43.7133062,2.980839513069632,42.001267,49.024331,5,6.819066714907124
03c2d846-b2d7-57e1-8ffc-2c800782ab44,Medium,37.59729,37.625118400000005,0.6676252466592322,36.840438,38.614434,5,1.7744136764211007
04147f2c-067b-5551-99e6-2a9106a91ad3,High,21.250065,21.2332944,0.08814828530266454,21.086013,21.318973,5,0.41514182228201263
04147f2c-067b-5551-99e6-2a9106a91ad3,Low,35.748624,34.943516,4.433869348471434,29.337902,39.119511,5,12.688675485521934
04147f2c-067b-5551-99e6-2a9106a91ad3,Medium,27.548608,28.400487199999997,2.1964773221832266,25.79823,31.500174,5,7.733942402872676
044c92c1-f354-5ff1-b135-2fda326aba5d,High,35.492888,35.3902542,0.6709040791735427,34.616479,36.314746,5,1.8957311676318578
044c92c1-f354-5ff1-b135-2fda326aba5d,Low,57.666637,55.9875962,2.5778325363238195,52.385239,58.013391,5,4.604292220575491
044c92c1-f354-5ff1-b135-2fda326aba5d,Medium,47.761104,46.6660744,2.889058901008997,43.408516,49.984475,5,6.1909190737693525
048c2934-3022-5d0d-a6ea-c03796b449ed,High,28.174795,28.034145799999997,0.47918628300453203,27.486008,28.470981,5,1.7092951089828894
048c2934-3022-5d0d-a6ea-c03796b449ed,Low,45.633336,46.1367882,1.702333727365671,44.467275,47.99058,5,3.6897534349078747
048c2934-3022-5d0d-a6ea-c03796b449ed,Medium,36.958512,36.804744,0.2751434120454261,36.371948,37.02058,5,0.747575943050782
05089c32-86d3-566e-8442-8504f02a4fdf,High,24.204766,24.188465400000002,0.35745759861107934,23.830404,24.750404,5,1.4778018890403826
05089c32-86d3-566e-8442-8504f02a4fdf,Low,39.51519,41.3163088,2.6338072532828223,39.210909,44.567281,5,6.374739975035772
05089c32-86d3-566e-8442-8504f02a4fdf,Medium,33.547559,33.693662,1.7891164863297768,31.213527,36.003266,5,5.309949646701438
052c87ae-edb7-509d-ad69-c6647c7988eb,High,31.480106,31.850487799999996,0.8134645256492142,31.324959,33.281244,5,2.5540096301106394
052c87ae-edb7-509d-ad69-c6647c7988eb,Low,51.042453,51.5428538,2.83896971086021,49.003254,56.334105,5,5.507979286277334
052c87ae-edb7-509d-ad69-c6647c7988eb,Medium,40.121395,40.124714,0.42715056708027777,39.496843,40.700873,5,1.0645572877610487
0531499a-3c32-5e9e-a341-4315f9e6ccf4,High,34.18875,34.188603,0.059809499780554214,34.128865,34.261486,5,0.17493987625219495
0531499a-3c32-5e9e-a341-4315f9e6ccf4,Low,57.113029,56.7490626,2.6304167324126224,54.124599,60.48118,5,4.635172127781758
0531499a-3c32-5e9e-a341-4315f9e6ccf4,Medium,44.596166,45.1472114,1.2616243025438654,43.870364,46.672005,5,2.79446783848064
056650cb-a96b-5432-815e-2fcc7faddedd,High,31.488615,31.5872668,0.5184336726252458,31.018268,32.392286,5,1.6412742384701857
056650cb-a96b-5432-815e-2fcc7faddedd,Low,51.421558,52.9490452,4.551003421492692,48.518075,58.434765,5,8.595062298673314
056650cb-a96b-5432-815e-2fcc7faddedd,Medium,40.377996,41.4212392,2.3329813361456,39.318311,44.073294,5,5.63233109680987
05fbb944-dcb6-57f8-b0a9-9028d6250294,High,32.861591,32.6359632,0.8434969198531198,31.720534,33.692048,5,2.58456266384416
05fbb944-dcb6-57f8-b0a9-9028d6250294,Low,51.296114,50.8220522,3.0499806853924842,46.29707,54.541403,5,6.0012938347902525
05fbb944-dcb6-57f8-b0a9-9028d6250294,Medium,41.068831,41.1038616,2.3029787644725053,38.156825,44.593186,5,5.602828237608957
060ffd69-8ab6-5349-a202-db2e986ce3b8,High,34.075977,34.1080196,0.07947061117985649,34.043251,34.244366,5,0.23299684974924925
060ffd69-8ab6-5349-a202-db2e986ce3b8,Low,57.117874,57.2397002,2.541842969542316,53.490769,60.421612,5,4.440699306007749
060ffd69-8ab6-5349-a202-db2e986ce3b8,Medium,44.450174,45.7139054,2.7584799794384596,44.109984,50.6056,5,6.034225156003537
070e8076-9505-57fa-9781-f3f170b49d1c,High,36.986262,36.693702200000004,0.8080366879332888,35.289279,37.264832,5,2.2021127318499047
070e8076-9505-57fa-9781-f3f170b49d1c,Low,58.010082,57.0536418,2.439858704416037,52.715455,58.594926,5,4.2764293872228105
070e8076-9505-57fa-9781-f3f170b49d1c,Medium,43.985017,44.889960200000004,2.032214419542064,43.002943,47.672056,5,4.527102297457737
077472d9-90f6-5173-aaeb-5fa51f9684f5,High,34.133379,34.227947,0.4670225240526431,33.834613,35.033746,5,1.3644479584260285
077472d9-90f6-5173-aaeb-5fa51f9684f5,Low,57.530325,57.051159600000005,1.3241701418223424,54.720598,58.027751,5,2.3210223089354036
077472d9-90f6-5173-aaeb-5fa51f9684f5,Medium,43.769847,44.8240352,2.2537156912539333,43.625105,48.83624,5,5.027917904307584
07960d88-70bc-5a15-bc6d-8b89673096e9,High,28.038303,28.261486,0.4433159748610463,27.882173,28.84989,5,1.5686223111588904
07960d88-70bc-5a15-bc6d-8b89673096e9,Low,48.015214,47.303868800000004,3.158092897373223,41.886512,49.566878,5,6.676183106133643
07960d88-70bc-5a15-bc6d-8b89673096e9,Medium,36.260674,35.8989438,0.9816630576968385,34.157278,36.548391,5,2.7345179378142
07b89b9e-50a4-5022-8e6d-b89b3f761a1c,High,29.875414,29.712293999999996,0.7480188677810873,28.432461,30.392716,5,2.5175399374450436
07b89b9e-50a4-5022-8e6d-b89b3f761a1c,Low,44.096905,45.7370632,3.2173396068524855,43.1479,50.179484,5,7.034425434758752
07b89b9e-50a4-5022-8e6d-b89b3f761a1c,Medium,35.731551,36.2520896,2.00529129520434,34.223498,39.579358,5,5.531519196080604
082079e6-26f0-5c4a-88c0-058ade7de1c8,High,31.983782,31.828363000000003,0.4559139698682212,31.333018,32.376899,5,1.4324141328544644
082079e6-26f0-5c4a-88c0-058ade7de1c8,Low,52.912644,53.844958199999994,3.852688926916264,49.450121,59.237362,5,7.15515260055725
082079e6-26f0-5c4a-88c0-058ade7de1c8,Medium,40.30579,41.7249638,2.155275906518629,40.067935,44.137309,5,5.165435054298667
08b6ccb9-f02d-50fb-b837-bcda2a1486b0,High,36.700276,36.4749394,0.6144916888699967,35.398659,36.937331,5,1.6846955717491796
08b6ccb9-f02d-50fb-b837-bcda2a1486b0,Low,57.855716,55.9281474,2.734973467826387,52.896648,58.006271,5,4.8901556639553325
08b6ccb9-f02d-50fb-b837-bcda2a1486b0,Medium,46.18846,46.060031800000004,2.406524943579163,42.331521,48.80232,5,5.224757451381444
08d70150-f884-57a0-933c-1f31c5bcee5f,High,27.420095,27.3658548,0.11702057096809942,27.182098,27.467085,5,0.4276152593197981
08d70150-f884-57a0-933c-1f31c5bcee5f,Low,46.868344,45.6351368,2.883895091161033,42.113067,49.007527,5,6.319461917688461
08d70150-f884-57a0-933c-1f31c5bcee5f,Medium,38.250091,36.6937054,2.5937248644957136,33.011669,38.823556,5,7.06858257082893
092b61d7-aa22-505b-add5-4f5b5d3a74d7,High,25.128322,25.255854399999997,0.5344649740865145,24.802481,26.170714,5,2.1162023094594438
092b61d7-aa22-505b-add5-4f5b5d3a74d7,Low,39.552689,39.6485678,0.1901098929927087,39.529177,39.976999,5,0.47948741541354917
092b61d7-aa22-505b-add5-4f5b5d3a74d7,Medium,31.253999,31.374079599999998,2.501263887701335,29.332268,35.502255,5,7.972389691079049
096b21bc-bbb4-5254-b3e5-e130aff24b8f,High,33.040349,32.881281200000004,0.7972351825181195,31.559724,33.544832,5,2.4245867357447115
096b21bc-bbb4-5254-b3e5-e130aff24b8f,Low,53.203791,53.0611864,2.4097180592833465,49.74331,55.928428,5,4.541394987133847
096b21bc-bbb4-5254-b3e5-e130aff24b8f,Medium,40.5154,40.0885872,3.1365969028176384,37.031366,44.860644,5,7.824164236991715
09ac347b-27bc-511e-b961-ac76c23466ef,High,21.808168,22.008965,0.5862403562699345,21.481553,23.013428,5,2.6636434574271646
09ac347b-27bc-511e-b961-ac76c23466ef,Low,35.080446,34.0526926,2.94032176333506,29.190766,36.319307,5,8.634623399311044
09ac347b-27bc-511e-b961-ac76c23466ef,Medium,28.039591,27.6023612,2.406520817259786,23.572127,30.019734,5,8.718532446636434
0a3f3df4-0b7b-54d1-af8d-ddb185924247,High,21.215788,21.4341434,0.576283944944071,21.091933,22.454424,5,2.688625965542766
0a3f3df4-0b7b-54d1-af8d-ddb185924247,Low,33.391872,34.432171,3.304112108609361,31.484068,39.78679,5,9.596002844576258
0a3f3df4-0b7b-54d1-af8d-ddb185924247,Medium,28.118014,27.5249482,2.646314472298824,23.000134,29.498793,5,9.614239609354918
0a621106-076a-5b26-9318-2ee62727e903,High,20.49485,20.5253828,0.08847428919861361,20.4227,20.65197,5,0.431048180980155
0a621106-076a-5b26-9318-2ee62727e903,Low,32.865745,34.2736554,3.356178333062366,30.770754,39.470043,5,9.79229759386087
0a621106-076a-5b26-9318-2ee62727e903,Medium,26.556575,27.5397894,2.091877333461812,25.500702,30.707163,5,7.595836348195939
0a70e6cc-59dd-5d07-beff-0e3313451a1b,High,24.14003,24.1918088,0.19009735737694938,24.013455,24.485673,5,0.7857922445921008
0a70e6cc-59dd-5d07-beff-0e3313451a1b,Low,41.575281,39.6924898,4.364762681009323,33.572329,44.421398,5,10.996444675056196
0a70e6cc-59dd-5d07-beff-0e3313451a1b,Medium,30.994726,31.9896168,2.641723345899359,29.043475,35.980333,5,8.258064991573638
0a867ee4-d35f-5013-a1a6-110ac16ed1a1,High,21.225072,21.289275600000003,0.39545224833954445,20.913777,21.762225,5,1.8575185730581854
0a867ee4-d35f-5013-a1a6-110ac16ed1a1,Low,32.144327,33.7823938,3.90186421957674,30.191444,38.167596,5,11.54999329732738
0a867ee4-d35f-5013-a1a6-110ac16ed1a1,Medium,27.408373,26.8767812,0.9382561665729674,25.645506,27.631211,5,3.4909543653723216
0ab40aab-3aaf-5c69-844a-986afe70651d,High,34.709768,34.808704999999996,0.46113739391042796,34.233829,35.508746,5,1.3247760694068567
0ab40aab-3aaf-5c69-844a-986afe70651d,Low,55.992337,57.0914174,2.425828739689344,54.550584,59.823252,5,4.249025247863866
0ab40aab-3aaf-5c69-844a-986afe70651d,Medium,47.416098,46.806200000000004,1.0168965181435599,45.625044,47.667707,5,2.1725679891628884
0b09dc7b-5678-5f2c-85d5-aae0d3822444,High,37.382746,37.355311799999996,0.4055458627136998,36.797888,37.743878,5,1.0856444322697363
0b09dc7b-5678-5f2c-85d5-aae0d3822444,Low,58.074827,56.9516618,1.9376492920580857,54.852663,58.884297,5,3.4022699791669395
0b09dc7b-5678-5f2c-85d5-aae0d3822444,Medium,44.231505,44.6962378,2.0622322197448324,42.206189,47.210777,5,4.613883228768826
0b1b6c93-e198-5fe7-8c52-ce99b8aa8761,High,29.37451,29.9814754,1.1121549665944943,29.048599,31.257496,5,3.709473772576563
0b1b6c93-e198-5fe7-8c52-ce99b8aa8761,Low,43.432928,45.3018528,5.595870593532852,38.11496,51.622539,5,12.352409995762583
0b1b6c93-e198-5fe7-8c52-ce99b8aa8761,Medium,39.216224,37.557949199999996,2.6950544409178825,34.013338,39.992424,5,7.17572311141494
0ba231bc-5c82-5feb-a1e8-c4074ee665f2,High,20.728207,20.727144,0.15209558190000216,20.550879,20.925588,5,0.7337990313571525
0ba231bc-5c82-5feb-a1e8-c4074ee665f2,Low,36.776397,35.5507018,4.647024402712633,28.741718,41.408395,5,13.07154055313933
0ba231bc-5c82-5feb-a1e8-c4074ee665f2,Medium,27.901964,28.107568800000003,1.3848247692057285,26.599747,29.99272,5,4.926874960475872
0bd78f65-b6c9-5916-8278-ccecc0039ab2,High,20.465832,20.4910582,0.14836652203479203,20.294577,20.704801,5,0.7240549540520655
0bd78f65-b6c9-5916-8278-ccecc0039ab2,Low,33.431226,33.0784414,1.9932105009540049,31.064711,36.043711,5,6.025708638599897
0bd78f65-b6c9-5916-8278-ccecc0039ab2,Medium,27.521194,26.791437600000002,2.48316107455483,23.166782,29.826007,5,9.268487610216294
0bdb3baa-dd01-5350-90a7-4d8ca40094a2,High,25.198903,25.3617424,0.46849164374703617,24.957262,26.160127,5,1.8472376083554738
0bdb3baa-dd01-5350-90a7-4d8ca40094a2,Low,39.962074,40.617475400000004,1.7540133490064436,39.406512,43.705067,5,4.318371173326158
0bdb3baa-dd01-5350-90a7-4d8ca40094a2,Medium,31.465343,31.8792442,1.7972673366301675,29.344424,33.850063,5,5.63773508981172
0ca950b2-a3e8-556d-92b0-6dcc731da193,High,31.238993,31.1961238,0.22157216380831884,30.815004,31.381717,5,0.710255431824895
0ca950b2-a3e8-556d-92b0-6dcc731da193,Low,52.936157,51.5665034,2.7137384785367193,46.924489,53.424065,5,5.262599361229365
0ca950b2-a3e8-556d-92b0-6dcc731da193,Medium,40.429323,42.142668,4.011253868622689,40.051732,49.310022,5,9.51827223806212
0d16b314-ccdd-53d5-91dc-8cead500f4c4,High,29.495682,29.2335924,0.7484650633137797,28.263199,30.139652,5,2.560291096190353
0d16b314-ccdd-53d5-91dc-8cead500f4c4,Low,46.413155,46.2476202,2.170513019607508,43.75049,48.540869,5,4.693242614908665
0d16b314-ccdd-53d5-91dc-8cead500f4c4,Medium,37.413018,37.427362800000004,3.73945679892397,31.875084,42.400485,5,9.991237744712192
0d72aa38-cac4-521a-9625-5e0d947720f7,High,20.76558,20.850588,0.2033836109633718,20.673792,21.18428,5,0.9754334552261634
0d72aa38-cac4-521a-9625-5e0d947720f7,Low,33.259435,33.1899016,1.7604570027148645,30.82736,35.475985,5,5.3041947033517705
0d72aa38-cac4-521a-9625-5e0d947720f7,Medium,27.560799,27.542965600000002,2.7059627958680075,23.129405,29.819476,5,9.824515032861992
0d7abbb4-76d9-502c-a2c5-a9575d2221c7,High,21.649278,21.656823199999998,0.07309577244068469,21.583983,21.760372,5,0.337518442874321
0d7abbb4-76d9-502c-a2c5-a9575d2221c7,Low,36.42601,35.7305968,2.8665042245134047,31.753815,38.665987,5,8.022547847601036
0d7abbb4-76d9-502c-a2c5-a9575d2221c7,Medium,29.539636,27.406375000000004,3.34961063519717,23.508866,30.102225,5,12.222012707617004
0dbf7d7d-d5df-52eb-aded-78f268f117a9,High,37.938169,37.9521302,0.08520797338101964,37.844585,38.054583,5,0.22451433669728407
0dbf7d7d-d5df-52eb-aded-78f268f117a9,Low,58.32452,58.93688039999999,1.368676992558981,57.873677,61.198553,5,2.3222759387159235
0dbf7d7d-d5df-52eb-aded-78f268f117a9,Medium,45.983925,45.026790999999996,1.958407162884291,41.818614,46.702379,5,4.349426462312829
0e2b52b3-6428-5b97-bb81-fd999255da72,High,30.663181,30.712509,0.11076841597675721,30.634071,30.898915,5,0.36066221739408266
0e2b52b3-6428-5b97-bb81-fd999255da72,Low,50.119744,51.8621632,5.373267887840945,45.669022,57.6904,5,10.360670585836546
0e2b52b3-6428-5b97-bb81-fd999255da72,Medium,41.036471,42.047062600000004,2.922103516310603,40.398805,47.244693,5,6.949602030726881
0e45fbc3-44a1-5dda-8128-81337380c3ce,High,25.352374,25.836731800000003,0.75496944467124,25.20484,26.802002,5,2.9220779567454427
0e45fbc3-44a1-5dda-8128-81337380c3ce,Low,39.855854,39.8857014,0.09334751697447678,39.801997,40.038639,5,0.23403754653409903
0e45fbc3-44a1-5dda-8128-81337380c3ce,Medium,33.130017,32.5196798,3.3484696230644984,27.952961,37.093126,5,10.29674844173742
0efdb3bc-4c33-5b83-ad74-4ad1996df7e6,High,34.097444,34.1316628,0.13929274873337738,34.007609,34.333315,5,0.4081041979981631
0efdb3bc-4c33-5b83-ad74-4ad1996df7e6,Low,57.412132,56.7353566,1.3603395139832926,54.435444,57.651369,5,2.39769271844727
0efdb3bc-4c33-5b83-ad74-4ad1996df7e6,Medium,46.119156,45.6690258,1.9023028905134167,43.671951,48.261125,5,4.16541158299334
0f15a669-11dc-56eb-a4b1-9ce1e392828d,High,33.649441,33.313179000000005,0.8614930682266125,31.836794,34.055345,5,2.5860428037402627
0f15a669-11dc-56eb-a4b1-9ce1e392828d,Low,51.669278,51.9154736,3.4768039979717407,47.187887,55.757759,5,6.697047637010751
0f15a669-11dc-56eb-a4b1-9ce1e392828d,Medium,42.050703,41.8566512,2.8242110105004032,38.785506,45.852373,5,6.747341054604969
0f1ee10b-90da-5b1d-9acf-7cc7d4551825,High,35.639306,37.093459,3.5807770288234226,34.197358,42.655333,5,9.653392067920715
0f1ee10b-90da-5b1d-9acf-7cc7d4551825,Low,55.887069,56.76139980000001,3.1651662662185216,52.392491,60.101813,5,5.576265344707939
0f1ee10b-90da-5b1d-9acf-7cc7d4551825,Medium,45.964415,45.453522,1.959149565079452,43.387761,47.961367,5,4.310226092225487
0f5f0b8e-bba3-5114-b251-37d5ed152644,High,23.913389,23.9682912,0.1408171699836343,23.800491,24.137693,5,0.5875144323331415
0f5f0b8e-bba3-5114-b251-37d5ed152644,Low,39.290522,40.049969399999995,1.7774071219191145,38.868857,43.14827,5,4.43797373268184
0f5f0b8e-bba3-5114-b251-37d5ed152644,Medium,31.537826,32.210633200000004,2.014120191348496,29.774519,35.03155,5,6.252966772936633
102c72b9-e6af-5c40-9cf5-ccbafc6cdbb7,High,20.937884,21.212215800000003,0.4081579527666953,20.891667,21.725231,5,1.9241646257751877
102c72b9-e6af-5c40-9cf5-ccbafc6cdbb7,Low,36.293085,34.868368600000004,3.275565080447692,30.264496,37.60322,5,9.394087569808732
102c72b9-e6af-5c40-9cf5-ccbafc6cdbb7,Medium,27.663952,27.5809106,2.6043386067466923,23.277799,29.738903,5,9.442540329856595
10eaaf9e-0c47-53a1-b244-c94929cb486f,High,31.050119,31.1323456,0.3223825287260453,30.824763,31.618353,5,1.0355227738639945
10eaaf9e-0c47-53a1-b244-c94929cb486f,Low,51.11192,50.6999432,4.819436875482001,43.62907,56.344258,5,9.505803303310213
10eaaf9e-0c47-53a1-b244-c94929cb486f,Medium,40.361686,40.919851,1.0397361090375261,40.193373,42.635239,5,2.5409088342905406
11856bc6-cfc7-5941-b98d-541105d1ce12,High,34.719272,34.832345,0.3901348484543514,34.354241,35.390273,5,1.1200361286452334
11856bc6-cfc7-5941-b98d-541105d1ce12,Low,59.776267,57.767328799999994,3.397275946999774,52.383351,60.426802,5,5.88096423631029
11856bc6-cfc7-5941-b98d-541105d1ce12,Medium,47.014016,46.962069400000004,2.35048446524994,43.317034,49.529089,5,5.005070039034395
11aebadb-66f8-5dad-b88f-38cf092fb1db,High,23.669527,23.9707466,2.9638611030340645,21.450809,28.830346,5,12.364492239194856
11aebadb-66f8-5dad-b88f-38cf092fb1db,Low,34.08435,34.353873199999995,3.6888541079841697,30.021345,39.746475,5,10.737811385949257
11aebadb-66f8-5dad-b88f-38cf092fb1db,Medium,30.832749,28.783891800000003,5.527674932754793,21.715381,35.706508,5,19.204056807755205
122118bd-1707-5e1c-9522-d9f0df13190e,High,20.794562,21.001935,0.5535460059376278,20.671757,21.987995,5,2.635690501554394
122118bd-1707-5e1c-9522-d9f0df13190e,Low,36.070337,34.7677106,4.153293432585313,29.11553,39.887893,5,11.94583526182858
122118bd-1707-5e1c-9522-d9f0df13190e,Medium,28.54896,28.035255,2.925204650014424,23.243869,30.803906,5,10.434021912818071
122580d8-53f8-5ed8-a06f-6182625c2c80,High,30.845391,30.852635199999998,0.13536685348046018,30.668833,31.01441,5,0.43875297070397473
122580d8-53f8-5ed8-a06f-6182625c2c80,Low,50.697943,51.968462,3.392099272744463,48.371879,57.30622,5,6.527226595130838
122580d8-53f8-5ed8-a06f-6182625c2c80,Medium,41.369509,40.2765124,1.8519003353194534,37.870416,41.779577,5,4.597965973139853
12436bc8-1fda-500d-a0fb-3e1bfe9790b5,High,36.125666,36.0317542,0.3558247871476913,35.416291,36.334935,5,0.9875311237211184
12436bc8-1fda-500d-a0fb-3e1bfe9790b5,Low,58.408397,55.996431400000006,4.566634389823684,50.995194,60.292025,5,8.15522395918909
12436bc8-1fda-500d-a0fb-3e1bfe9790b5,Medium,44.14001,44.9404042,1.7796075445623412,43.66572,47.917248,5,3.959927767099035
12883821-e0bc-5420-a24b-47236bcf8b94,High,27.799012,27.9188446,0.40058544427100484,27.54156,28.582227,5,1.43482099639254
12883821-e0bc-5420-a24b-47236bcf8b94,Low,44.239582,44.4844072,4.371443528094778,40.175701,50.169724,5,9.826911952408299
12883821-e0bc-5420-a24b-47236bcf8b94,Medium,36.829782,36.013909,3.3921894351691964,32.409723,40.802281,5,9.419109253508683
12ac1209-c23d-5d71-82ec-f349fe0072fb,High,33.393107,33.1803706,0.6365301917735686,32.061317,33.65528,5,1.9183938583662734
12ac1209-c23d-5d71-82ec-f349fe0072fb,Low,51.396783,51.5874386,1.9545331756064661,49.720911,54.698838,5,3.78877732380081
12ac1209-c23d-5d71-82ec-f349fe0072fb,Medium,39.94239,39.973869,2.4070363148112253,36.801556,43.392268,5,6.021524498444784
12e33a49-5163-501c-a70e-c442ef7c445a,High,29.36989,29.007713000000003,0.6025220419038627,28.246754,29.500866,5,2.0771097738862165
12e33a49-5163-501c-a70e-c442ef7c445a,Low,47.1495,46.819597,2.090055169669331,43.502799,48.604265,5,4.464060572049202
12e33a49-5163-501c-a70e-c442ef7c445a,Medium,36.962273,36.297582399999996,3.5286368293398076,32.279648,41.254166,5,9.721410066527758
12f74c2f-806b-518a-acb9-244b109d6efd,High,28.842457,29.0225576,0.66734703337529,28.358003,29.826986,5,2.2994080762037665
12f74c2f-806b-518a-acb9-244b109d6efd,Low,44.088626,45.6963626,3.306605294597814,42.934735,50.056163,5,7.236036101039285
12f74c2f-806b-518a-acb9-244b109d6efd,Medium,37.208851,35.9305104,1.9408053110642747,33.123645,37.40582,5,5.401552300421189
134d33e6-a3a2-5550-b005-c20a8cc38221,High,34.666645,33.9116018,1.165921450355341,32.544988,34.926157,5,3.438119665451312
134d33e6-a3a2-5550-b005-c20a8cc38221,Low,53.748781,51.489069199999996,4.077020976249596,46.541517,55.072575,5,7.918226216933818
134d33e6-a3a2-5550-b005-c20a8cc38221,Medium,42.70481,41.6666022,2.8388242289095995,38.684114,45.066919,5,6.813188690748581
1382dd1c-b770-563c-aae3-0e74118a32de,High,24.138385,24.2390634,0.2469083973750163,24.104375,24.679774,5,1.0186383578460225
1382dd1c-b770-563c-aae3-0e74118a32de,Low,40.92956,39.394503,2.20612243900061,36.939028,41.11696,5,5.600076840671425
1382dd1c-b770-563c-aae3-0e74118a32de,Medium,31.019282,32.187115,3.2621193339029615,28.729838,37.369551,5,10.134860902889127
152024ed-21c4-5c7b-a73b-13722e402004,High,27.951427,27.892452400000003,0.32204938401555766,27.52216,28.231323,5,1.154611216672929
152024ed-21c4-5c7b-a73b-13722e402004,Low,47.784694,45.3932412,4.425413088510515,40.171519,50.054801,5,9.749057285890647
152024ed-21c4-5c7b-a73b-13722e402004,Medium,36.04138,37.061567000000004,3.6703389324996953,33.780859,43.362924,5,9.903356035916385
159862dd-3f86-5420-8161-80616a1bbd45,High,25.056921,25.1025496,0.19940358524309498,24.918357,25.361084,5,0.7943559057566605
159862dd-3f86-5420-8161-80616a1bbd45,Low,40.107091,40.9892852,2.080304943710827,39.69419,44.68455,5,5.075240842967487
159862dd-3f86-5420-8161-80616a1bbd45,Medium,31.422733,31.7858316,1.704901558513657,29.336232,33.48179,5,5.363715443939044
16532eb4-80bf-5b0d-bc9d-e6a55497353d,High,34.065696,34.032667000000004,0.11284930121626623,33.842958,34.126122,5,0.3315911186633308
16532eb4-80bf-5b0d-bc9d-e6a55497353d,Low,57.67756,56.331832,3.9178718583533954,52.259964,61.477453,5,6.954987472009424
16532eb4-80bf-5b0d-bc9d-e6a55497353d,Medium,44.295857,45.0470054,1.345368739668164,43.6834,46.722759,5,2.986588626084707
16594c47-9402-56dd-8095-4fca5e228a15,High,31.199046,31.158922,0.3713620900623809,30.765006,31.547157,5,1.1918322786082938
16594c47-9402-56dd-8095-4fca5e228a15,Low,53.062122,51.5206472,2.6989715053944554,46.981034,53.367114,5,5.238621120028274
16594c47-9402-56dd-8095-4fca5e228a15,Medium,40.193909,41.0864256,2.104440193824192,40.054881,44.849381,5,5.121984117849843
1697fa3b-b1ac-5e46-977c-0fbca9c9c898,High,20.545762,20.614660800000003,0.21106203924841602,20.471631,20.978814,5,1.0238443469727914
1697fa3b-b1ac-5e46-977c-0fbca9c9c898,Low,32.850858,33.6045866,1.3526451229675123,32.458876,35.432157,5,4.025180071602227
1697fa3b-b1ac-5e46-977c-0fbca9c9c898,Medium,28.836844,28.0070914,2.7867706733000657,23.337373,30.080099,5,9.950232366150187
16bfca3f-5607-51f9-93ee-686dcdf2f39c,High,30.90902,30.9758308,0.16742127647852817,30.850984,31.261235,5,0.5404900277235766
16bfca3f-5607-51f9-93ee-686dcdf2f39c,Low,51.113928,51.22846439999999,2.4932828139769447,49.011259,55.314437,5,4.866987217319255
16bfca3f-5607-51f9-93ee-686dcdf2f39c,Medium,40.535523,41.4393544,2.2755309777560275,40.159774,45.498886,5,5.491231730569692
16df337f-4b88-57ad-884d-d1c8ced9d24f,High,23.91908,24.106034,0.3467790012176345,23.874706,24.700105,5,1.4385568410698935
16df337f-4b88-57ad-884d-d1c8ced9d24f,Low,41.429598,40.114386,3.8199991527723545,34.085691,43.527019,5,9.522766103842034
16df337f-4b88-57ad-884d-d1c8ced9d24f,Medium,31.670213,32.239549,2.053100500883114,29.686031,35.129718,5,6.368266816893481
16e116a9-c09b-5d1a-a396-cd2733e1f526,High,34.597064,34.6910566,0.4597580503588802,34.054055,35.293102,5,1.3252927279213518
16e116a9-c09b-5d1a-a396-cd2733e1f526,Low,58.601456,57.423398199999994,3.1480643070496033,52.648395,60.214773,5,5.482197859634165
16e116a9-c09b-5d1a-a396-cd2733e1f526,Medium,45.7018,45.8163722,2.0732684444116716,43.74143,47.967402,5,4.525169376923456
171872c1-d8e5-5c5b-8c2f-9996888502b1,High,34.317332,34.433746,0.4332707436794005,33.989574,35.157649,5,1.2582736240181376
171872c1-d8e5-5c5b-8c2f-9996888502b1,Low,57.166015,57.2443244,2.9873169305537037,52.822623,61.193823,5,5.218538190230967
171872c1-d8e5-5c5b-8c2f-9996888502b1,Medium,47.194865,46.6255752,1.8336704412330211,43.627462,48.089134,5,3.932756718533783
173f5dec-5495-58d6-8668-43d255c1c8b2,High,20.710004,20.824449,0.3073842407443809,20.55245,21.255274,5,1.4760738243032547
173f5dec-5495-58d6-8668-43d255c1c8b2,Low,35.025087,34.5560244,1.5628089481261949,32.653304,35.970085,5,4.522536881083447
173f5dec-5495-58d6-8668-43d255c1c8b2,Medium,27.984006,27.6407378,1.6940602276633208,25.858351,30.098839,5,6.128853143939309
174a421a-ff17-5579-b9a9-1eaf6ceff1cb,High,28.6187,28.483725400000004,0.5128648105415314,27.943942,29.198826,5,1.8005538367587666
174a421a-ff17-5579-b9a9-1eaf6ceff1cb,Low,47.771928,46.6961738,2.885684504544841,42.256622,49.6461,5,6.179702253345736
174a421a-ff17-5579-b9a9-1eaf6ceff1cb,Medium,36.683421,37.5925336,3.479201756043373,34.139336,43.394791,5,9.255033973138147
184d4859-a155-50e2-ae74-c7bbd96d08ef,High,35.417041,35.3661846,0.41159279328822507,34.694143,35.724597,5,1.1638032146906374
184d4859-a155-50e2-ae74-c7bbd96d08ef,Low,57.781136,56.08571379999999,2.862044829816646,52.052326,58.271416,5,5.102983693891485
184d4859-a155-50e2-ae74-c7bbd96d08ef,Medium,45.447349,45.615138200000004,2.236325072095892,43.345624,48.043516,5,4.902594095606383
18970099-0877-505c-abd4-294473da83f6,High,28.017637,28.4726942,0.903377932087783,27.792739,29.913081,5,3.172786971763926
18970099-0877-505c-abd4-294473da83f6,Low,45.494045,45.2262066,2.1320193387481967,41.812657,47.706768,5,4.714123732739055
18970099-0877-505c-abd4-294473da83f6,Medium,36.310117,36.6337384,2.842293611046334,32.991837,40.712955,5,7.758677479245018
18c8cec2-85b7-5054-b1f9-ea93bfff7091,High,24.527857,24.6847358,0.36923460336444613,24.491704,25.344431,5,1.4958013176889913
18c8cec2-85b7-5054-b1f9-ea93bfff7091,Low,38.546762,40.082135199999996,2.246429458010468,38.356138,42.559776,5,5.6045653426428945
18c8cec2-85b7-5054-b1f9-ea93bfff7091,Medium,30.893933,30.591034999999998,1.4330259997585526,29.171465,32.628253,5,4.684463927940172
18ec400b-f09e-598e-9580-72cfe6f2aa69,High,21.826398,21.9166384,0.1377358235801412,21.801448,22.076966,5,0.6284532375190403
18ec400b-f09e-598e-9580-72cfe6f2aa69,Low,33.272011,33.798724,2.498857161100851,31.382087,36.41366,5,7.393347633777095
18ec400b-f09e-598e-9580-72cfe6f2aa69,Medium,28.190808,28.5550306,3.15632391833099,25.235388,32.732721,5,11.053477625518601
18f186df-5850-574e-bc12-5ac0d788a23e,High,26.172499,26.643622800000003,1.488075108040989,25.738225,29.282993,5,5.5851079983049035
18f186df-5850-574e-bc12-5ac0d788a23e,Low,39.869095,40.0167552,0.26306231481286013,39.780548,40.411622,5,0.6573804235203462
18f186df-5850-574e-bc12-5ac0d788a23e,Medium,31.848137,31.947220800000004,2.5403768071478487,29.877408,36.140234,5,7.9517928118111865
19221dcc-09e9-591e-90db-d7e910231135,High,24.149124,24.133154400000002,0.24712268033064044,23.876913,24.383485,5,1.0239965991790962
19221dcc-09e9-591e-90db-d7e910231135,Low,40.400955,41.4254768,2.3990993744933107,39.351748,44.379677,5,5.791362127407814
19221dcc-09e9-591e-90db-d7e910231135,Medium,31.114034,31.644611000000005,1.886944567990276,29.096128,33.959093,5,5.962925466172663
193d27d2-7329-5b7a-82be-a2c4e5a06c47,High,27.68782,28.0437434,0.7258682798864418,27.505195,29.265053,5,2.5883430379927157
193d27d2-7329-5b7a-82be-a2c4e5a06c47,Low,47.682547,46.0603634,3.8595134471955537,40.156734,49.766675,5,8.379250970467925
193d27d2-7329-5b7a-82be-a2c4e5a06c47,Medium,37.502207,37.420632,2.7219707330900005,33.978361,41.37471,5,7.273983862939569
19af3230-a76d-59ef-8e4e-9776da7276fb,High,31.248852,31.272320999999998,0.21406080929493002,31.070594,31.571708,5,0.684505666512345
19af3230-a76d-59ef-8e4e-9776da7276fb,Low,51.413956,51.5404516,1.5126266194921636,49.165731,52.884834,5,2.9348338490153307
19af3230-a76d-59ef-8e4e-9776da7276fb,Medium,40.217037,40.404441,0.4270620080708416,40.090319,41.139016,5,1.0569679904019502
19d15394-28c3-519e-a032-838abad9b520,High,24.525964,24.8109052,0.4152112220734181,24.498973,25.392547,5,1.6735029162636843
19d15394-28c3-519e-a032-838abad9b520,Low,38.348476,40.086882,5.809248681523284,34.786447,46.502735,5,14.491645126012253
19d15394-28c3-519e-a032-838abad9b520,Medium,30.9977,32.73596,4.359494067610084,28.604532,37.765658,5,13.317141356508513
19d1d7ea-8f37-54b2-8ff2-8ff6fef08ed8,High,24.234512,24.2975582,0.19127226425229563,24.160202,24.634147,5,0.787207762516217
19d1d7ea-8f37-54b2-8ff2-8ff6fef08ed8,Low,41.126355,40.451886200000004,4.17121089549554,36.183468,46.696308,5,10.31153621582061
19d1d7ea-8f37-54b2-8ff2-8ff6fef08ed8,Medium,32.951318,32.3820468,1.1985166718930982,30.598961,33.553248,5,3.7011763934980735
19f1d0d1-9e4e-5555-9e8e-4adf8816013d,High,30.759606,30.8779586,0.3341896055322487,30.603552,31.410588,5,1.082291772786588
19f1d0d1-9e4e-5555-9e8e-4adf8816013d,Low,50.402676,51.8036342,3.305451267196236,48.659732,57.079156,5,6.380732391157677
19f1d0d1-9e4e-5555-9e8e-4adf8816013d,Medium,40.548664,41.875961000000004,2.9772094219983916,40.380244,47.19385,5,7.10959068377772
19f29c8c-7363-5cd3-8d5b-15110c3009ee,High,21.717309,21.8079434,0.23569265382548554,21.630584,22.204321,5,1.0807651574585688
19f29c8c-7363-5cd3-8d5b-15110c3009ee,Low,36.105928,35.5120336,3.3491849602697834,31.231762,40.157839,5,9.43112691881938
19f29c8c-7363-5cd3-8d5b-15110c3009ee,Medium,28.292714,27.978064,2.9998488345634184,23.633464,31.27254,5,10.722145873150545
1a22f1b1-b2ba-5168-9b0d-f21599564ca5,High,36.098397,36.0642202,0.6068121882392457,35.06494,36.551082,5,1.6825878526530447
1a22f1b1-b2ba-5168-9b0d-f21599564ca5,Low,57.604871,57.227414599999996,4.285203572898523,50.747978,62.726541,5,7.488025805203026
1a22f1b1-b2ba-5168-9b0d-f21599564ca5,Medium,47.735563,46.036938199999994,3.4027868947237505,40.949573,48.759092,5,7.39142746622483
1a2618d9-d569-5862-a7ae-8a5fec39364e,High,21.148525,21.173762,0.06924445673120772,21.130909,21.295815,5,0.3270295412369692
1a2618d9-d569-5862-a7ae-8a5fec39364e,Low,34.78863,33.643992600000004,4.9585291629326225,25.591415,38.946783,5,14.738230452864332
1a2618d9-d569-5862-a7ae-8a5fec39364e,Medium,27.122878,27.279526399999998,3.3241244646586714,22.936302,31.244351,5,12.185418529328542
1a483f13-0b45-5dea-947d-b36a12a6fc5c,High,20.621965,20.610657,0.10945591660344323,20.474585,20.743858,5,0.5310646652527536
1a483f13-0b45-5dea-947d-b36a12a6fc5c,Low,32.774613,33.859599200000005,4.287910320839126,28.88468,39.923697,5,12.663795266776592
1a483f13-0b45-5dea-947d-b36a12a6fc5c,Medium,25.9941,26.394631600000004,0.9191149170200646,25.852553,28.030811,5,3.482203998710346
1aa61d85-7c52-58a2-8972-ae64f906c9da,High,34.160795,34.1051656,0.17776069407577275,33.810658,34.279868,5,0.521213402569647
1aa61d85-7c52-58a2-8972-ae64f906c9da,Low,56.939622,57.32462,4.8020868099400795,51.958868,63.517123,5,8.377005918120485
1aa61d85-7c52-58a2-8972-ae64f906c9da,Medium,45.147418,45.945613800000004,3.4659041020433894,41.353732,49.705084,5,7.543492872095202
1c455fd7-6cc3-5e27-941c-8ceaa589c546,High,34.040218,34.0853618,0.18048977902695762,33.931018,34.394179,5,0.5295228493862066
1c455fd7-6cc3-5e27-941c-8ceaa589c546,Low,57.028507,58.00389679999999,3.0896717407452368,53.866242,61.200809,5,5.326662364424518
1c455fd7-6cc3-5e27-941c-8ceaa589c546,Medium,45.829592,45.9700306,1.7434642813594727,44.058223,48.427805,5,3.7926106609106167
1c91a4b3-8e7a-5bf0-8a6f-6f00cf17fedc,High,29.921561,29.503242,0.7581212713715405,28.578248,30.176091,5,2.5696202179121213
1c91a4b3-8e7a-5bf0-8a6f-6f00cf17fedc,Low,46.081012,46.4379662,2.2173392795797406,43.141586,48.538016,5,4.774841495060437
1c91a4b3-8e7a-5bf0-8a6f-6f00cf17fedc,Medium,36.877257,36.5736214,2.6674362156269646,32.350753,39.642464,5,7.29333359268318
1cc79656-6134-5839-89a3-b092d57b3a4a,High,34.629963,34.0418122,0.8913856297232973,32.894657,34.719959,5,2.6185022832694473
1cc79656-6134-5839-89a3-b092d57b3a4a,Low,52.016653,51.7702436,2.1872713413853804,49.630562,55.150947,5,4.224958565552085
1cc79656-6134-5839-89a3-b092d57b3a4a,Medium,42.480197,41.475607600000004,2.8382039774643233,38.562036,45.036256,5,6.843067869762379
1d3b687c-0475-5ea3-bdb3-c18d5515fabf,High,27.319504,27.3335516,0.09749522441022486,27.232981,27.434619,5,0.3566869971270944
1d3b687c-0475-5ea3-bdb3-c18d5515fabf,Low,42.435716,44.9425432,3.6829312572054205,42.051918,49.011323,5,8.194754891408595
1d3b687c-0475-5ea3-bdb3-c18d5515fabf,Medium,38.460411,36.9705798,3.278284109399108,31.112817,38.624362,5,8.867278054966041
1d620def-950c-5657-80e7-9cc476dd6d8b,High,29.927631,29.5101084,0.9600220357756384,28.445773,30.618393,5,3.253197252828927
1d620def-950c-5657-80e7-9cc476dd6d8b,Low,46.341047,46.8673014,2.5021150791645854,43.290165,49.662775,5,5.338722316887196
1d620def-950c-5657-80e7-9cc476dd6d8b,Medium,35.521977,35.7603438,2.823320587270367,32.26999,39.912735,5,7.89511589446846
1d659387-cf37-50bc-8c0f-296ee420f630,High,24.318857,24.477798999999997,0.454637036632521,24.078954,25.225378,5,1.8573444313049594
1d659387-cf37-50bc-8c0f-296ee420f630,Low,41.25949,40.991447,4.271115455673611,33.925454,44.579462,5,10.419528385210725
1d659387-cf37-50bc-8c0f-296ee420f630,Medium,33.005772,32.2497022,1.1776662683620107,30.950666,33.233747,5,3.6517120718156915
1d940974-5708-559c-8fba-f9215072442f,High,32.20569,31.312262399999998,1.948267651770361,29.109388,33.120352,5,6.222059673881505
1d940974-5708-559c-8fba-f9215072442f,Low,43.386002,44.9074926,2.24423298876293,43.318564,48.200844,5,4.997457793408243
1d940974-5708-559c-8fba-f9215072442f,Medium,36.126359,37.4039808,2.57397219156,35.209861,40.382521,5,6.881546125593134
1e3aaaad-794a-5c0e-8bd1-30a486532bb6,High,21.003666,21.060656799999997,0.4034690330269465,20.697661,21.705564,5,1.9157476277138068
1e3aaaad-794a-5c0e-8bd1-30a486532bb6,Low,34.612988,35.00822,2.577044861203817,32.315503,39.208805,5,7.361256474061855
1e3aaaad-794a-5c0e-8bd1-30a486532bb6,Medium,27.687523,27.603398,2.7383876865892276,23.114378,29.922151,5,9.920473148230618
1e511552-e132-544b-8ef7-190c634d380c,High,33.240385,32.7889732,0.7942568823732035,31.764763,33.485709,5,2.4223292310147837
1e511552-e132-544b-8ef7-190c634d380c,Low,51.481321,51.444370000000006,2.0209994152513993,49.530999,54.688042,5,3.928514267453171
1e511552-e132-544b-8ef7-190c634d380c,Medium,40.82542,41.7700026,2.767620284296837,39.148277,46.04891,5,6.6258561456178535
1eae0c5e-b84b-5a44-97f4-2c5c3fa03d68,High,28.003654,28.3569796,0.522269347230239,27.965455,29.042706,5,1.8417664878181843
1eae0c5e-b84b-5a44-97f4-2c5c3fa03d68,Low,41.815232,43.4918136,3.4390290575800333,41.544231,49.589333,5,7.907302025179362
1eae0c5e-b84b-5a44-97f4-2c5c3fa03d68,Medium,36.35596,36.009532,3.093832169706853,32.379075,40.561635,5,8.591703357063492
1f0e89d2-468e-5779-8367-5b3085635d2c,High,37.958776,38.0144374,0.24964189175757068,37.765196,38.280435,5,0.6567028445818079
1f0e89d2-468e-5779-8367-5b3085635d2c,Low,58.112343,57.2009812,2.2038943259687382,53.267288,58.368533,5,3.852896016351444
1f0e89d2-468e-5779-8367-5b3085635d2c,Medium,46.183762,45.8270674,2.1801607607244926,42.405795,48.445744,5,4.757364772428123
1f47ac5d-e35b-593b-aecd-703ce08c8f11,High,30.668235,30.728321599999997,0.10948838366831282,30.627451,30.884884,5,0.3563109794721519
1f47ac5d-e35b-593b-aecd-703ce08c8f11,Low,52.601424,53.1710196,2.6669900587113746,50.980221,57.42282,5,5.015871575860047
1f47ac5d-e35b-593b-aecd-703ce08c8f11,Medium,41.205353,41.1809138,0.8715595034871138,40.288824,42.143236,5,2.1164161332600484
1f5df9f9-78fd-5097-a37f-eb5a97bd64ac,High,37.865091,37.6664286,0.9324063906469651,36.050734,38.402912,5,2.475430842007052
1f5df9f9-78fd-5097-a37f-eb5a97bd64ac,Low,57.935907,56.1741128,2.504223054590029,53.048911,58.088309,5,4.45796636522941
1f5df9f9-78fd-5097-a37f-eb5a97bd64ac,Medium,46.033641,45.671237000000005,3.3869832214015307,42.167381,49.461692,5,7.416009383327039
1f95b840-821b-5ab7-b822-988987b0c7f4,High,25.325275,25.874941,0.8363986515032756,25.219899,26.899229,5,3.2324659271813436
1f95b840-821b-5ab7-b822-988987b0c7f4,Low,40.479483,40.2030986,0.5067380294913706,39.577451,40.682525,5,1.2604452073039232
1f95b840-821b-5ab7-b822-988987b0c7f4,Medium,33.400191,32.44404,2.446591550711725,28.548525,34.426785,5,7.540958372359683
1fe00ce2-1020-536c-963e-6965d7042142,High,34.734231,34.7705916,0.5965096849023501,34.139984,35.66027,5,1.7155580548199534
1fe00ce2-1020-536c-963e-6965d7042142,Low,59.565932,57.6745176,3.30015792626691,52.754107,60.29084,5,5.722038195715936
1fe00ce2-1020-536c-963e-6965d7042142,Medium,46.022322,46.009858,1.6581695054817216,43.741368,47.765735,5,3.603943975401362
1ff689b3-6ba5-56fe-b8fb-8fdc609c53b6,High,30.769615,30.865783,0.20487838358279797,30.63103,31.110263,5,0.6637718653785585
1ff689b3-6ba5-56fe-b8fb-8fdc609c53b6,Low,50.912139,51.061401000000004,4.317744813554411,46.209191,57.978371,5,8.455985791604915
1ff689b3-6ba5-56fe-b8fb-8fdc609c53b6,Medium,40.383442,41.0907158,1.3102782867452982,40.238778,43.341131,5,3.188745343650836
203f57be-2e8b-5fb6-99a1-74ba85ecd0d3,High,28.315148,28.36253,0.48128210042292174,27.896272,28.937675,5,1.6968941079054716
203f57be-2e8b-5fb6-99a1-74ba85ecd0d3,Low,47.439363,45.676491999999996,3.4468567296584878,41.878851,49.420471,5,7.54623785394572
203f57be-2e8b-5fb6-99a1-74ba85ecd0d3,Medium,36.671611,36.9313364,2.1093721252686306,34.533896,40.342352,5,5.7116051865066835
205bedf2-553d-5d61-85bc-40b67037f983,High,29.532123,29.233457799999996,0.6083149798646256,28.579093,29.905858,5,2.080886168261032
205bedf2-553d-5d61-85bc-40b67037f983,Low,46.200699,45.757084,2.365708982768168,43.121899,48.000614,5,5.170148042581053
205bedf2-553d-5d61-85bc-40b67037f983,Medium,37.214789,36.336200000000005,1.2361315841638807,34.96688,37.279668,5,3.4019286115881147
2095851f-46b0-5439-9139-f8aa85034077,High,23.807351,23.9420044,0.20710468862220419,23.768842,24.189982,5,0.8650265247725216
2095851f-46b0-5439-9139-f8aa85034077,Low,40.727437,43.0729202,4.779617793314091,39.504239,50.923941,5,11.096572443012793
2095851f-46b0-5439-9139-f8aa85034077,Medium,31.099256,31.8507472,1.1365569334708672,30.979279,33.1331,5,3.568383894839576
20d7a9f4-86f2-5406-862a-188b40786fcc,High,20.910304,20.959244599999998,0.2840863105366044,20.671139,21.430376,5,1.3554224685015814
20d7a9f4-86f2-5406-862a-188b40786fcc,Low,37.675253,35.428803,3.726811906646015,30.541973,38.47046,5,10.519158399582437
20d7a9f4-86f2-5406-862a-188b40786fcc,Medium,28.797236,29.4002408,1.520284994992945,28.00324,31.960811,5,5.17099504502339
20f343cb-54fe-5bc8-baeb-fb0a8dba8eee,High,25.590331,25.5994384,0.6088067078640809,24.85924,26.265208,5,2.3782033744305924
20f343cb-54fe-5bc8-baeb-fb0a8dba8eee,Low,39.518611,40.198429,4.474374108943284,35.315915,47.548693,5,11.130718837154765
20f343cb-54fe-5bc8-baeb-fb0a8dba8eee,Medium,32.549122,32.470303,1.9633265733555374,30.426364,35.514025,5,6.046529881028635
214eff1f-554f-5805-8eb8-0ceee044fd09,High,32.77111,32.604742,0.4752416276616573,31.779402,33.001863,5,1.4575843834668505
214eff1f-554f-5805-8eb8-0ceee044fd09,Low,53.29296,51.8924624,3.877484661674668,47.663197,56.120756,5,7.472153916663372
214eff1f-554f-5805-8eb8-0ceee044fd09,Medium,40.689813,40.967519,2.8113236152542105,36.943117,44.712867,5,6.862323332917013
2182c8ab-233e-5794-bf9a-b805cccd087f,High,27.436275,27.5439364,0.32324370651073736,27.312877,28.114741,5,1.1735566834620534
2182c8ab-233e-5794-bf9a-b805cccd087f,Low,45.932927,45.5751282,2.8378353423884017,42.503774,48.833757,5,6.2267193850447615
2182c8ab-233e-5794-bf9a-b805cccd087f,Medium,34.330715,34.8954722,2.5682701461093793,32.47334,38.150453,5,7.359895092949564
21c370da-2daf-5c4e-ae3f-e7525a9aa05f,High,24.349257,24.4718192,0.34827976386835785,24.118797,24.921511,5,1.4231870586407318
21c370da-2daf-5c4e-ae3f-e7525a9aa05f,Low,40.924278,40.659835199999996,4.395204678371383,33.684057,45.836688,5,10.809696243853402
21c370da-2daf-5c4e-ae3f-e7525a9aa05f,Medium,33.011415,32.3661838,1.3272605798285055,30.616266,33.474821,5,4.100763278210469
2218b09a-1ca3-5e7d-b0d9-8c2ea5ffcc42,High,25.825584,26.4457976,1.4173249818987543,25.753092,28.979607,5,5.359358047490897
2218b09a-1ca3-5e7d-b0d9-8c2ea5ffcc42,Low,39.953201,40.1353772,0.4732254824876833,39.773308,40.95177,5,1.1790732154566204
2218b09a-1ca3-5e7d-b0d9-8c2ea5ffcc42,Medium,32.085617,32.2253858,2.679713193972388,29.876473,36.418329,5,8.31553487242467
221b7076-eea8-5a20-98a8-1d3c311c390a,High,24.629896,24.8597098,0.41001153025152937,24.52554,25.339248,5,1.649301353676821
221b7076-eea8-5a20-98a8-1d3c311c390a,Low,38.352306,38.070558399999996,3.36626144631018,32.869376,42.303733,5,8.842164622177384
221b7076-eea8-5a20-98a8-1d3c311c390a,Medium,32.741996,32.1246632,1.017492786850698,30.583472,32.927038,5,3.1673259281071555
2239011b-d3c6-51b6-b7e8-6f6d065bb3d6,High,29.846269,29.3804094,0.7653730111718737,28.414634,29.988789,5,2.6050454258539832
2239011b-d3c6-51b6-b7e8-6f6d065bb3d6,Low,43.164265,43.7263942,1.4047028281699654,42.988984,46.234183,5,3.212482652342656
2239011b-d3c6-51b6-b7e8-6f6d065bb3d6,Medium,37.291248,37.0580634,1.7236219190034994,34.955877,39.562401,5,4.6511386750002135
2251aa0b-7df1-5823-8e8f-3950438b23d6,High,37.989718,37.267807000000005,1.4900306547063054,35.6131,38.565251,5,3.9981710077716817
2251aa0b-7df1-5823-8e8f-3950438b23d6,Low,58.22463,56.01514540000001,3.4549449404045935,51.481271,58.773332,5,6.167876412232955
2251aa0b-7df1-5823-8e8f-3950438b23d6,Medium,46.054809,45.572517399999995,2.1882522860066445,41.823769,47.459743,5,4.8016927983149875
2266b497-5505-5551-b181-d6b93d0a6dfe,High,20.476577,20.5440844,0.20245548973120087,20.419249,20.90152,5,0.9854685455400528
2266b497-5505-5551-b181-d6b93d0a6dfe,Low,35.438203,34.8943584,1.1095279560755997,32.979846,35.620969,5,3.1796771941094057
2266b497-5505-5551-b181-d6b93d0a6dfe,Medium,27.81563,27.864273200000003,1.3332814503752388,26.184281,29.850668,5,4.784913788367675
22c04ab7-ed0b-5c39-81b4-ddbf10ca8eed,High,20.753346,20.8412692,0.2695672424066037,20.602334,21.303688,5,1.2934300681006685
22c04ab7-ed0b-5c39-81b4-ddbf10ca8eed,Low,34.214549,34.042580799999996,2.695349917412802,30.430771,36.678106,5,7.917583961239514
22c04ab7-ed0b-5c39-81b4-ddbf10ca8eed,Medium,27.226333,27.6074004,2.5611981882378405,25.631339,31.884204,5,9.277216076591698
22e13f2f-c50f-5ca8-b7b5-792aa0436d21,High,34.85111,34.8541966,0.36885476993092947,34.379654,35.274961,5,1.0582793634983096
22e13f2f-c50f-5ca8-b7b5-792aa0436d21,Low,59.747601,57.837923,3.0367239555399994,53.144162,60.021721,5,5.25040284648534
22e13f2f-c50f-5ca8-b7b5-792aa0436d21,Medium,45.044788,46.0909602,2.3332545690274977,43.786591,49.615079,5,5.062282406144139
22f7e957-ac0b-575f-b24b-e832d58b10e9,High,21.886365,21.960151,0.25078757682050307,21.761816,22.387669,5,1.142012078243465
22f7e957-ac0b-575f-b24b-e832d58b10e9,Low,36.335286,35.3455102,2.5714972423424265,31.532473,37.992913,5,7.275315104497845
22f7e957-ac0b-575f-b24b-e832d58b10e9,Medium,26.5737,27.463151,2.7315796659999685,24.802053,31.653251,5,9.946344707495394
2460f192-8a40-5a1b-b3d7-f3da9a6294ea,High,22.470312,22.4766796,0.16483134011103615,22.257535,22.689073,5,0.7333438169890367
2460f192-8a40-5a1b-b3d7-f3da9a6294ea,Low,36.338176,34.8894642,4.31422081825365,29.604456,40.471719,5,12.365397168391167
2460f192-8a40-5a1b-b3d7-f3da9a6294ea,Medium,29.410263,28.3680564,3.490961158329866,22.349079,30.919193,5,12.305958184466476
2479af3b-eb57-511b-9bc0-707e7f041493,High,34.061769,34.336057,0.7050756785512454,33.864214,35.575357,5,2.053455580386663
2479af3b-eb57-511b-9bc0-707e7f041493,Low,60.474255,58.716481599999995,7.488374922479997,51.457762,69.24907,5,12.753446252951228
2479af3b-eb57-511b-9bc0-707e7f041493,Medium,44.341988,45.5557502,2.1813859463852805,43.832961,48.743146,5,4.788387715729639
24897818-2c71-5573-a17b-c7596e94bc4e,High,29.55279,29.526477999999997,1.1957945529565268,28.257215,31.083674,5,4.0499058267515915
24897818-2c71-5573-a17b-c7596e94bc4e,Low,48.547107,47.3958356,3.150938855291356,42.532055,50.775667,5,6.648134409706148
24897818-2c71-5573-a17b-c7596e94bc4e,Medium,37.320882,37.5398158,2.7517084674846473,33.631521,41.319347,5,7.330106471872052
24e0142f-f228-502b-94c9-4c72ad8d53e0,High,25.376708,25.7456874,0.8998653995569562,24.8746,27.079777,5,3.4952082870273493
24e0142f-f228-502b-94c9-4c72ad8d53e0,Low,39.676986,39.906595599999996,0.44750786277874327,39.614084,40.680752,5,1.1213882217974598
24e0142f-f228-502b-94c9-4c72ad8d53e0,Medium,31.259021,31.981129600000003,2.0728995556158267,29.344505,34.558702,5,6.4816333304744385
24e99fc4-e985-5c76-a39c-3790a00e9184,High,24.434293,24.4578286,0.2730226027296999,24.214897,24.906924,5,1.1162994360411043
24e99fc4-e985-5c76-a39c-3790a00e9184,Low,41.08248,41.4983234,3.2392223959934134,37.260881,46.299509,5,7.805670520157482
24e99fc4-e985-5c76-a39c-3790a00e9184,Medium,32.821712,32.222549199999996,1.3805170090457755,30.640467,33.841108,5,4.284319656018325
25897c4f-10c0-567d-bec4-4239ab833b1a,High,34.100292,34.203356,0.3550101784857723,33.903024,34.803573,5,1.0379396059432657
25897c4f-10c0-567d-bec4-4239ab833b1a,Low,56.361402,56.6899148,2.5427776493726673,53.839062,60.813568,5,4.485414483940391
25897c4f-10c0-567d-bec4-4239ab833b1a,Medium,44.099382,44.8380944,1.2636689931500265,43.918587,46.795737,5,2.818293261700315
260ddc4b-781d-51f7-82c7-b79f8cc3b60d,High,32.865083,33.6456384,2.611939798058105,31.969409,38.238599,5,7.763085862737277
260ddc4b-781d-51f7-82c7-b79f8cc3b60d,Low,51.614755,51.2655066,3.461381928903295,46.476519,54.668416,5,6.751873059425292
260ddc4b-781d-51f7-82c7-b79f8cc3b60d,Medium,40.851936,40.142177600000004,1.8202917086031312,36.914657,41.320294,5,4.534611267832991
264edf62-d2aa-5a90-958a-ee73b9ee7e28,High,31.479179,31.479364800000003,0.3297219526012786,31.053495,31.904195,5,1.047422508986835
264edf62-d2aa-5a90-958a-ee73b9ee7e28,Low,51.476276,50.750770599999996,2.3533496675781724,47.704781,53.015511,5,4.637071791729943
264edf62-d2aa-5a90-958a-ee73b9ee7e28,Medium,40.154487,41.0956514,1.7517566502420638,39.950462,44.109679,5,4.262632640109615
265e4888-dd8e-55a1-87f4-ce90d23a768c,High,27.559041,27.7816702,0.3940726229677735,27.403902,28.256479,5,1.4184626774806848
265e4888-dd8e-55a1-87f4-ce90d23a768c,Low,44.42498,44.8361052,3.067955087381446,40.242008,47.77455,5,6.842599449029409
265e4888-dd8e-55a1-87f4-ce90d23a768c,Medium,36.413756,37.5073072,4.395669198574908,33.041597,43.111925,5,11.719500883216986
2673d003-770b-5f1b-b738-748a9c1028c9,High,27.358539,27.304396200000003,0.16074170448486594,27.042345,27.45691,5,0.5887026517907982
2673d003-770b-5f1b-b738-748a9c1028c9,Low,47.066017,45.8209396,3.540830218195278,41.995425,49.079669,5,7.7275373423273885
2673d003-770b-5f1b-b738-748a9c1028c9,Medium,37.032992,36.7317662,1.2523298989656044,34.546322,37.691516,5,3.4093920018624213
2691afbd-411c-5c58-8821-16c9bf02fc55,High,34.129504,34.126194,0.12964546251412026,33.940914,34.29386,5,0.37990015093426555
2691afbd-411c-5c58-8821-16c9bf02fc55,Low,56.472968,56.407320600000006,3.1710773921902766,51.852983,60.75794,5,5.621747954804072
2691afbd-411c-5c58-8821-16c9bf02fc55,Medium,45.905061,45.1763602,2.139107925020782,41.458039,46.96217,5,4.735016091492874
26f4c5cf-a165-5c19-967e-4b8a0efe3f25,High,34.343927,34.4509384,0.35508412222148383,34.091364,34.989983,5,1.0306950658315996
26f4c5cf-a165-5c19-967e-4b8a0efe3f25,Low,56.318463,55.828157999999995,1.265998951429264,53.704421,56.940219,5,2.267671004709244
26f4c5cf-a165-5c19-967e-4b8a0efe3f25,Medium,46.081623,45.7853,2.241071321773587,42.226237,48.191059,5,4.8947398439533805
26ffec8b-241c-5f3f-aeb7-3df362d2eb95,High,32.703303,32.35591,0.6621318017271945,31.541466,32.971501,5,2.046401420102833
26ffec8b-241c-5f3f-aeb7-3df362d2eb95,Low,51.727176,51.737048,2.2545751800679645,49.748858,55.382318,5,4.357757675057078
26ffec8b-241c-5f3f-aeb7-3df362d2eb95,Medium,40.827736,40.8217334,2.9838414623916116,36.472559,44.82813,5,7.309443313329786
273dc82e-7675-5d7d-bedf-e22a53bae41d,High,21.998932,22.2027884,0.6366000429463545,21.765904,23.328342,5,2.8672076294090814
273dc82e-7675-5d7d-bedf-e22a53bae41d,Low,36.568598,35.153265399999995,2.531196333645871,31.40123,37.482405,5,7.200458634053016
273dc82e-7675-5d7d-bedf-e22a53bae41d,Medium,25.847059,27.366722399999997,2.870061664645779,24.73351,31.80337,5,10.487414688160754
2786b6db-7b5f-5b0e-9b70-0fe46d5a4fe8,High,20.788412,20.792331400000002,0.10633865452788031,20.650855,20.926758,5,0.5114320875430078
2786b6db-7b5f-5b0e-9b70-0fe46d5a4fe8,Low,32.319883,34.0636046,3.335564692537727,30.467485,37.665782,5,9.79216595456174
2786b6db-7b5f-5b0e-9b70-0fe46d5a4fe8,Medium,27.777327,26.915973,2.4398102935003996,23.135451,29.535108,5,9.064544289371963
27b99791-804b-500a-9037-8264f5165329,High,36.683039,36.5366626,0.7047221180286627,35.359293,37.221217,5,1.9288081282734966
27b99791-804b-500a-9037-8264f5165329,Low,57.741359,56.454603199999994,2.029077109571788,53.718688,58.098843,5,3.594174778597661
27b99791-804b-500a-9037-8264f5165329,Medium,46.09745,45.1633686,2.404014300963765,42.073887,48.102887,5,5.322929567666849
27ed83b2-be03-55c4-bb3e-2747d6f11d3e,High,24.014697,23.9429578,0.12620581914951454,23.739465,24.040265,5,0.5271103938107201
27ed83b2-be03-55c4-bb3e-2747d6f11d3e,Low,39.584365,40.440403200000006,2.1057413936842253,39.266271,44.196653,5,5.20702373631187
27ed83b2-be03-55c4-bb3e-2747d6f11d3e,Medium,33.211057,32.902212,1.0493658207884415,31.075315,33.760915,5,3.189347332600135
282ccca9-f3f2-5b5e-bf6a-99c77d7e91f4,High,30.760125,30.7933246,0.15477352609635725,30.649329,31.043546,5,0.5026203831734274
282ccca9-f3f2-5b5e-bf6a-99c77d7e91f4,Low,51.195669,51.5984604,1.819527322712083,49.091722,53.809633,5,3.5263209572665524
282ccca9-f3f2-5b5e-bf6a-99c77d7e91f4,Medium,40.315437,40.3198448,0.04577163320988284,40.265658,40.387649,5,0.11352135266622565
283b5935-a00a-53db-aced-f81226d164f4,High,24.311395,24.301923600000002,0.17542703322549705,24.126778,24.522334,5,0.7218648042556476
283b5935-a00a-53db-aced-f81226d164f4,Low,41.037719,40.226338600000005,2.696309753843817,35.541928,42.501333,5,6.7028465619384425
283b5935-a00a-53db-aced-f81226d164f4,Medium,31.091321,32.449998199999996,3.2639417529008843,29.163303,37.600465,5,10.058372677816928
283d3ac1-0eea-511e-a299-dec6962743ba,High,28.467388,28.853439400000003,0.6309952274596059,28.356604,29.610162,5,2.1868977861253027
283d3ac1-0eea-511e-a299-dec6962743ba,Low,46.734639,46.1914254,3.7851251472558074,42.261906,50.486345,5,8.194432439523306
283d3ac1-0eea-511e-a299-dec6962743ba,Medium,35.825024,36.3534636,3.8205600196102534,32.354405,42.27081,5,10.509480091493273
2848dc04-e834-524b-8a6c-571f17bd47b3,High,20.784263,20.7939704,0.05700121395461628,20.731232,20.884748,5,0.2741237621200821
2848dc04-e834-524b-8a6c-571f17bd47b3,Low,37.71068,35.4714498,3.5391479761969133,30.446436,38.101297,5,9.977455097414465
2848dc04-e834-524b-8a6c-571f17bd47b3,Medium,29.791058,28.5536968,3.305502062148079,22.974223,31.398545,5,11.576441696152209
28ce8a1a-6e37-5249-9545-b0b74bf3d634,High,31.091351,30.3816158,1.0714917549798024,29.136973,31.213416,5,3.5267767258771094
28ce8a1a-6e37-5249-9545-b0b74bf3d634,Low,47.415066,46.2135206,2.67160173904117,43.207064,48.760254,5,5.780995917115153
28ce8a1a-6e37-5249-9545-b0b74bf3d634,Medium,35.669382,36.5807032,2.7439317020049336,33.113842,39.573083,5,7.501035961509165
29282cd1-fa1d-509b-9bca-ac0eca48c93b,High,27.694682,27.784953,0.3007831583134266,27.466456,28.182438,5,1.0825397412528521
29282cd1-fa1d-509b-9bca-ac0eca48c93b,Low,44.554533,45.180184600000004,4.88447043517609,40.292128,50.207659,5,10.811090035201161
29282cd1-fa1d-509b-9bca-ac0eca48c93b,Medium,37.00016,38.0006416,3.064091160101771,34.259431,41.575505,5,8.06326164793431
2a028d4f-843b-5236-9bcf-9db0987f73f5,High,23.847443,23.8401884,0.07751694657492508,23.728014,23.923083,5,0.32515240766690034
2a028d4f-843b-5236-9bcf-9db0987f73f5,Low,39.579373,40.5145038,2.144343905218728,39.214085,44.291814,5,5.292780866339348
2a028d4f-843b-5236-9bcf-9db0987f73f5,Medium,33.291569,32.3947856,2.3348138516090104,29.071966,34.987884,5,7.207375533947076
2aa6e3b6-b17b-53cc-ba0a-e5aa3bc90cd9,High,24.158038,24.2820974,0.35765098521995003,23.993124,24.870594,5,1.4728998872228805
2aa6e3b6-b17b-53cc-ba0a-e5aa3bc90cd9,Low,40.965778,39.466053,2.908481900175416,35.601252,42.382991,5,7.369578863575275
2aa6e3b6-b17b-53cc-ba0a-e5aa3bc90cd9,Medium,31.382666,31.807814200000003,1.933213761296511,29.184582,34.231951,5,6.077795063630971
2ac27ae0-f91b-5a9c-ac42-ae4a2d80de4f,High,20.467113,20.5451598,0.14429604267512042,20.428395,20.77954,5,0.7023359471515058
2ac27ae0-f91b-5a9c-ac42-ae4a2d80de4f,Low,35.587511,35.4064922,3.7322515976593427,31.431189,40.988742,5,10.541150409865631
2ac27ae0-f91b-5a9c-ac42-ae4a2d80de4f,Medium,28.208499,27.7512588,4.726847386648229,23.160245,34.381463,5,17.03291162651054
2ae9c647-f4f5-5426-9120-a9fd75d8b8a0,High,28.683752,29.0914388,0.7735134661521411,28.370543,29.981399,5,2.6589041245775067
2ae9c647-f4f5-5426-9120-a9fd75d8b8a0,Low,46.235248,45.5831764,2.2779339936606635,43.232803,48.444093,5,4.997312985982837
2ae9c647-f4f5-5426-9120-a9fd75d8b8a0,Medium,36.491875,35.964163400000004,2.7239013655215736,32.3428,39.488147,5,7.573932237004499
2b34d23f-3619-53e1-bf41-f0c5d3399e9c,High,34.674871,35.061102,0.8687347066265375,34.387114,36.4571,5,2.477773535545282
2b34d23f-3619-53e1-bf41-f0c5d3399e9c,Low,59.794116,57.7362524,3.2717198764752604,52.829585,60.183296,5,5.666664773821137
2b34d23f-3619-53e1-bf41-f0c5d3399e9c,Medium,43.630946,44.9302618,2.0903984519311614,43.408146,48.125406,5,4.652540110351998
2b3c67ff-af4e-5b90-8c00-4979d4bb4836,High,21.562539,21.8268014,0.575367535028959,21.500791,22.847458,5,2.6360597894520588
2b3c67ff-af4e-5b90-8c00-4979d4bb4836,Low,37.794418,35.9148434,4.554328280014112,29.99259,39.982043,5,12.68090808385402
2b3c67ff-af4e-5b90-8c00-4979d4bb4836,Medium,26.242879,27.8521156,2.976025451518736,25.151308,31.189144,5,10.68509658030694
2b3fe9c4-03c6-5ba5-b1be-3f68d7db2414,High,24.599792,24.900978600000002,0.6854448434008378,24.508424,26.120423,5,2.7526823520134176
2b3fe9c4-03c6-5ba5-b1be-3f68d7db2414,Low,38.826975,40.439496,2.6668413240939177,38.318871,44.163804,5,6.594645304417043
2b3fe9c4-03c6-5ba5-b1be-3f68d7db2414,Medium,31.498319,32.501542,3.123804650743626,29.587512,37.625008,5,9.611250600798035
2b4b96b0-3ff5-5b8b-9eaa-f42d6f3eb8dd,High,32.992191,32.8297368,0.7918711622913814,31.567331,33.73407,5,2.412054556256392
2b4b96b0-3ff5-5b8b-9eaa-f42d6f3eb8dd,Low,51.913521,52.593028600000004,2.9277959275194196,49.808006,55.891765,5,5.56688976743853
2b4b96b0-3ff5-5b8b-9eaa-f42d6f3eb8dd,Medium,40.997634,41.051947999999996,2.8154397236068642,36.990631,44.940674,5,6.858236602089783
2b7495fe-5b41-54ab-a779-3ac6d858464a,High,27.582147,27.7213802,0.26448171239369334,27.47955,28.087357,5,0.9540712276428911
2b7495fe-5b41-54ab-a779-3ac6d858464a,Low,45.999007,46.1551292,1.6858009568558812,44.358349,48.108967,5,3.652467203701125
2b7495fe-5b41-54ab-a779-3ac6d858464a,Medium,36.921741,40.340977599999995,6.8259343900552425,36.637833,52.418953,5,16.920597358194026
2b85986c-be56-5f86-9581-6b2a5cf37809,High,24.1302,24.228584,0.22791094815848478,23.96396,24.526116,5,0.9406696988915438
2b85986c-be56-5f86-9581-6b2a5cf37809,Low,41.387673,41.2318046,2.6755177173073075,37.255675,44.778513,5,6.488965843875065
2b85986c-be56-5f86-9581-6b2a5cf37809,Medium,33.025781,32.845838,3.1079953953949153,29.092057,37.474063,5,9.462372052723742
2b951803-a57d-5612-a681-262ebe76eb44,High,27.382882,27.3582494,0.22816376346124545,27.126286,27.694484,5,0.8339852456394576
2b951803-a57d-5612-a681-262ebe76eb44,Low,45.005049,45.1316892,2.8463892334683782,42.257464,49.099901,5,6.306852865299752
2b951803-a57d-5612-a681-262ebe76eb44,Medium,37.214133,36.7985926,1.1428819363918545,34.785311,37.525223,5,3.1057762149084325
2bc16360-50db-5aee-a61b-29068ec46191,High,27.395116,27.3453704,0.09905296456845702,27.205397,27.425723,5,0.3622293760133416
2bc16360-50db-5aee-a61b-29068ec46191,Low,45.795282,46.274061599999996,3.2020583485616396,42.938047,50.543744,5,6.919769386661404
2bc16360-50db-5aee-a61b-29068ec46191,Medium,36.427834,35.9946898,1.1405529038015683,34.392974,37.006326,5,3.168669906974912
2c6356fa-0c31-5ba2-b738-dc93b35bebc9,High,32.067271,32.494147399999996,1.0186840790177785,31.594796,34.009423,5,3.134977097499652
2c6356fa-0c31-5ba2-b738-dc93b35bebc9,Low,51.29936,50.635564,1.1481757676020254,49.257169,51.690058,5,2.2675283474714045
2c6356fa-0c31-5ba2-b738-dc93b35bebc9,Medium,40.687932,40.7881604,0.32295472381945434,40.496664,41.343147,5,0.7917854609090298
2cc24e2a-123e-5036-ba5a-2c8a926f4da1,High,30.918482,30.948958600000005,0.26808122011211516,30.601551,31.27984,5,0.8662043320324035
2cc24e2a-123e-5036-ba5a-2c8a926f4da1,Low,50.630223,51.0928886,1.9721485545554887,48.382879,53.638883,5,3.859927689732321
2cc24e2a-123e-5036-ba5a-2c8a926f4da1,Medium,41.746609,41.308675199999996,2.8983563933183243,38.180046,45.629725,5,7.016338285567494
2ccf2e7a-abf4-57de-bead-3519274ffb90,High,31.233146,31.417100599999998,0.6892872086026967,30.936073,32.603193,5,2.193987336319306
2ccf2e7a-abf4-57de-bead-3519274ffb90,Low,51.54388,51.545319400000004,1.51243443453222,49.224508,53.200256,5,2.9341838446969053
2ccf2e7a-abf4-57de-bead-3519274ffb90,Medium,40.416218,40.3882944,0.21291132405839866,40.101512,40.648729,5,0.5271609688434842
2ce5b65f-6387-5d6a-98d4-69635ffe9bfd,High,24.147546,24.1986702,0.14791222542677074,24.094279,24.458118,5,0.611241131038559
2ce5b65f-6387-5d6a-98d4-69635ffe9bfd,Low,41.180525,39.576673400000004,2.458177916389149,36.766731,41.584314,5,6.211178720213379
2ce5b65f-6387-5d6a-98d4-69635ffe9bfd,Medium,31.021218,31.8420166,1.1445224757243961,30.997917,33.106261,5,3.5943781139929314
2ce89939-9ca1-5a33-89a0-b5bca7ee1f9c,High,29.867501,29.340937000000004,0.8183371377705521,28.392458,30.059544,5,2.789062727514639
2ce89939-9ca1-5a33-89a0-b5bca7ee1f9c,Low,46.24803,45.830132400000004,2.631847403995016,43.069246,48.383313,5,5.742613573586394
2ce89939-9ca1-5a33-89a0-b5bca7ee1f9c,Medium,39.578571,37.4631704,3.4606064239694745,32.314163,40.360414,5,9.237356013973324
2d42d02e-3a21-54b5-b25a-93c0846c7df2,High,34.535503,34.6596034,0.5438689618509234,34.070908,35.553946,5,1.5691724904472606
2d42d02e-3a21-54b5-b25a-93c0846c7df2,Low,59.681445,57.52439879999999,3.481871535499295,52.137139,59.989514,5,6.052860365572905
2d42d02e-3a21-54b5-b25a-93c0846c7df2,Medium,45.75719,45.4894282,1.827583323788879,43.664414,48.12839,5,4.0176001240413015
2d874521-efe3-5204-a755-3101661d0f7b,High,21.231071,21.3478244,0.2630127294814851,21.117908,21.73656,5,1.232035286375529
2d874521-efe3-5204-a755-3101661d0f7b,Low,33.401403,33.4667958,3.535133166202326,29.931717,39.18825,5,10.563106152523648
2d874521-efe3-5204-a755-3101661d0f7b,Medium,27.138976,27.50152,2.7054371710931484,25.350127,32.089085,5,9.837409608971244
2dadc7ba-2a83-5b55-b0d1-1b4c2b782f74,High,27.848442,27.9456518,0.21435357609379854,27.709211,28.183154,5,0.7670373109486698
2dadc7ba-2a83-5b55-b0d1-1b4c2b782f74,Low,49.047609,48.553262000000004,6.311871727339324,40.32575,56.18138,5,12.999892215973716
2dadc7ba-2a83-5b55-b0d1-1b4c2b782f74,Medium,36.790449,36.243367,3.131917073249785,32.298619,40.732191,5,8.64135242525835
2e172956-2389-5562-84e0-93782593d673,High,29.863333,30.4892016,1.6203552085951083,29.183507,33.002196,5,5.31452161277686
2e172956-2389-5562-84e0-93782593d673,Low,43.46684,44.9058724,2.223002836129163,43.183454,48.143173,5,4.9503610938180165
2e172956-2389-5562-84e0-93782593d673,Medium,35.230792,36.3967724,2.7961783030445884,32.983336,39.352065,5,7.68248973374515
2e1b4eba-37ce-5d1a-9a3c-40677efa55ce,High,28.008974,27.956015,0.31502819287327155,27.519435,28.363702,5,1.126870882252966
2e1b4eba-37ce-5d1a-9a3c-40677efa55ce,Low,48.003698,47.1467558,3.6906816467771493,40.742913,49.876933,5,7.828071272673122
2e1b4eba-37ce-5d1a-9a3c-40677efa55ce,Medium,36.647029,37.640620999999996,2.785293286176699,34.28734,40.789774,5,7.399700674908363
2ea70c4f-d6e3-5ace-8f02-cc824333032c,High,34.44184,33.9353946,0.9458057643445096,32.678837,34.823495,5,2.7870775498349722
2ea70c4f-d6e3-5ace-8f02-cc824333032c,Low,52.39573,52.411159,2.723435071351803,49.645911,55.181846,5,5.196288583032104
2ea70c4f-d6e3-5ace-8f02-cc824333032c,Medium,38.656033,40.2608784,3.4508514639723775,36.420268,44.864061,5,8.571227457303507
2edc9143-e848-5790-a928-f3b25a763c8b,High,28.133558,28.3229714,0.49902280376231334,27.813234,28.882502,5,1.7619013087105446
2edc9143-e848-5790-a928-f3b25a763c8b,Low,45.796533,45.713145399999995,1.6562749333662283,43.090652,47.645751,5,3.6231917949934562
2edc9143-e848-5790-a928-f3b25a763c8b,Medium,38.033426,38.1127568,3.3629896036609592,32.97182,41.197787,5,8.823789948621505
2f066c91-12ff-522e-8288-1aed3b49b1cb,High,30.848756,30.924409000000004,0.3213487894344711,30.530945,31.30116,5,1.0391428642483387
2f066c91-12ff-522e-8288-1aed3b49b1cb,Low,50.376475,52.0161652,3.767649790852211,48.351631,58.068688,5,7.243228670098523
2f066c91-12ff-522e-8288-1aed3b49b1cb,Medium,40.716778,41.3121756,1.5413629600236285,40.485918,44.05993,5,3.731013769276359
2f2d1543-4a6d-56ff-a637-f74f4688b0a3,High,24.201001,24.2963754,0.24239622984134893,24.166888,24.728373,5,0.9976641612203149
2f2d1543-4a6d-56ff-a637-f74f4688b0a3,Low,41.453947,40.6266286,2.088417289272501,36.915772,41.88184,5,5.140513405221375
2f2d1543-4a6d-56ff-a637-f74f4688b0a3,Medium,30.952205,31.529006400000004,1.2497898710364481,30.39635,33.022184,5,3.96393674821433
304d6b71-cb7d-517e-a03e-61cf8005c452,High,25.984489,26.0246996,0.630826097632937,25.2315,26.688897,5,2.423951505026928
304d6b71-cb7d-517e-a03e-61cf8005c452,Low,39.899204,39.9557068,0.10693583996818347,39.847431,40.081845,5,0.26763596124942896
304d6b71-cb7d-517e-a03e-61cf8005c452,Medium,31.166002,32.6088778,3.500980784390027,29.345605,36.746214,5,10.73628110069469
3056b961-e4e3-5b45-8b11-9ba18bda6832,High,27.376588,27.5171108,0.38438098125128506,27.228858,28.191953,5,1.3968798688388646
3056b961-e4e3-5b45-8b11-9ba18bda6832,Low,46.356719,46.0896504,2.5206443300343477,42.633156,49.518894,5,5.469002928332795
3056b961-e4e3-5b45-8b11-9ba18bda6832,Medium,38.39379,37.1573532,2.252584314724025,34.405893,39.214277,5,6.062284099191503
30842c92-9a8c-5787-a0eb-aab7844acb01,High,23.964516,24.1318196,0.41907357295384184,23.889887,24.876578,5,1.736601631788437
30842c92-9a8c-5787-a0eb-aab7844acb01,Low,38.966213,39.770595400000005,1.9784612891549838,38.684037,43.296861,5,4.9746836054533485
30842c92-9a8c-5787-a0eb-aab7844acb01,Medium,32.005811,32.613072,1.4785519799411868,31.264982,34.836163,5,4.533617624065549
30d84ab5-d210-5429-97f4-80d820d5b7a0,High,36.070427,35.7925726,0.5645543470046082,34.97858,36.315212,5,1.5772946899173381
30d84ab5-d210-5429-97f4-80d820d5b7a0,Low,59.172996,58.53796620000001,1.599866674873314,55.69859,59.577711,5,2.733041099185495
30d84ab5-d210-5429-97f4-80d820d5b7a0,Medium,45.620695,46.140215,2.2141588770249756,43.72251,49.026167,5,4.798761507775756
314a3933-a222-5e37-b782-eef32559529c,High,31.161507,31.057039000000003,0.20540926484581956,30.829619,31.266031,5,0.6613935888924232
314a3933-a222-5e37-b782-eef32559529c,Low,51.026492,50.657835399999996,1.1978996564411393,49.116348,51.773589,5,2.364687805908776
314a3933-a222-5e37-b782-eef32559529c,Medium,40.224561,41.5633126,1.977185078107584,40.085617,44.144068,5,4.757044023742188
31e6944c-29b7-55d1-8487-5d2d17ef3627,High,32.769711,32.5233632,0.6149531116473046,31.560895,33.041042,5,1.8908041824140274
31e6944c-29b7-55d1-8487-5d2d17ef3627,Low,52.096379,51.9312962,2.625307129557073,49.551565,56.022523,5,5.055346817160848
31e6944c-29b7-55d1-8487-5d2d17ef3627,Medium,41.438373,41.609430399999994,1.60537760164293,40.377207,44.323858,5,3.8582061475249856
3202960b-2340-5c6b-beb1-f97e53d3a33c,High,31.079964,30.459480000000003,1.2379481512706818,28.99726,31.668487,5,4.064245848158543
3202960b-2340-5c6b-beb1-f97e53d3a33c,Low,47.411077,46.9553508,2.047575861209715,43.481106,48.70971,5,4.360686963943873
3202960b-2340-5c6b-beb1-f97e53d3a33c,Medium,39.350934,37.2843392,2.961913803270565,33.139944,39.41814,5,7.9441231005391275
321239b3-1a43-5628-9452-8cf98a400013,High,29.278433,29.1320966,0.7748893222901577,28.27264,30.195158,5,2.65991608132371
321239b3-1a43-5628-9452-8cf98a400013,Low,46.782098,46.658032000000006,2.953889669344219,43.264933,50.623542,5,6.330934981021528
321239b3-1a43-5628-9452-8cf98a400013,Medium,36.757806,36.246310199999996,3.597854215889825,32.164978,41.519835,5,9.92612543466514
322d8ba1-bcc4-5621-9019-97052c2ff222,High,34.858527,34.8443718,0.4495435252739146,34.305446,35.498248,5,1.290146735473402
322d8ba1-bcc4-5621-9019-97052c2ff222,Low,59.607259,56.6849336,4.64194036915634,50.782254,60.742528,5,8.189019681865412
322d8ba1-bcc4-5621-9019-97052c2ff222,Medium,45.646443,46.121017,2.941358427682013,43.365275,50.454445,5,6.37747955055287
3262cd0a-62d0-55e8-be0b-098c5f71f690,High,36.247779,36.0975848,0.7050838239891768,35.146699,36.924861,5,1.9532714664865245
3262cd0a-62d0-55e8-be0b-098c5f71f690,Low,57.812768,57.173334999999994,5.125858452489204,50.66561,64.602371,5,8.965470446125288
3262cd0a-62d0-55e8-be0b-098c5f71f690,Medium,44.139441,45.432160999999994,3.5853701434579235,40.941231,49.834368,5,7.891700646724517
328112ef-2473-5750-921e-45a755320dd9,High,25.03955,25.2650746,0.6329210898898068,24.852659,26.385572,5,2.5051225848737717
328112ef-2473-5750-921e-45a755320dd9,Low,39.587696,38.565478,1.7657055131323554,36.616901,40.197219,5,4.578461371935687
328112ef-2473-5750-921e-45a755320dd9,Medium,31.446071,31.799675999999998,1.6458921227597207,29.455748,33.385714,5,5.17581412703614
34da903f-7e56-5c94-841c-fec284510882,High,33.250813,33.0433986,0.5868305050492003,32.00226,33.416501,5,1.7759387045895463
34da903f-7e56-5c94-841c-fec284510882,Low,50.75524,51.519338600000005,2.2841503655977413,49.503924,55.307361,5,4.4335785894536714
34da903f-7e56-5c94-841c-fec284510882,Medium,39.739866,40.078556400000004,4.757041782239338,35.788404,47.848914,5,11.86929422996717
34e3c383-4ecc-533f-8dbc-5e473272df2a,High,36.72191,36.5414852,0.39662542287868585,35.851995,36.821869,5,1.0854113364792461
34e3c383-4ecc-533f-8dbc-5e473272df2a,Low,57.980578,57.2061738,2.382800780701713,53.036453,59.095551,5,4.165286056418116
34e3c383-4ecc-533f-8dbc-5e473272df2a,Medium,47.396759,45.678361800000005,2.7762722365538477,42.266986,48.151885,5,6.077871725587689
34f66708-03e7-54ce-96bd-68fb55af9d91,High,30.573995,30.602685,0.20000082599204486,30.407029,30.932217,5,0.653540125619843
34f66708-03e7-54ce-96bd-68fb55af9d91,Low,52.482758,52.3348082,3.3643710306511534,48.432534,57.470285,5,6.428553282920321
34f66708-03e7-54ce-96bd-68fb55af9d91,Medium,40.450687,40.489195,0.17296781647896334,40.277028,40.753661,5,0.4271949997498427
3538eb3d-c151-5982-83dd-d4b0f95ca975,High,36.68988,36.94054,0.5026470625816865,36.50835,37.682418,5,1.360692243756281
3538eb3d-c151-5982-83dd-d4b0f95ca975,Low,60.375685,61.41740180000001,5.679618063883056,53.796449,69.556796,5,9.247571368092382
3538eb3d-c151-5982-83dd-d4b0f95ca975,Medium,46.282121,45.1405098,2.5122491793147614,42.228314,47.928793,5,5.565398331666076
35d1cc07-98f9-5f64-9129-0e64179d3650,High,27.589055,27.701989000000005,0.47078097200078095,27.20022,28.467116,5,1.699448267056856
35d1cc07-98f9-5f64-9129-0e64179d3650,Low,47.518069,46.5752046,4.51131599212456,42.04812,52.713486,5,9.686089478015004
35d1cc07-98f9-5f64-9129-0e64179d3650,Medium,39.306733,37.8105044,2.7316430834477297,34.791619,40.468895,5,7.22456134028122
3688d699-da7c-50c3-a693-c6cced2b247a,High,36.23439,36.3148544,0.2740503812828931,36.086879,36.783573,5,0.7546509157500383
3688d699-da7c-50c3-a693-c6cced2b247a,Low,57.303896,56.4893848,3.275653349844227,53.026129,59.969886,5,5.79870600722886
3688d699-da7c-50c3-a693-c6cced2b247a,Medium,48.503538,46.205064199999995,3.854506608177589,40.457187,49.066062,5,8.342173471490575
368cb8d6-9688-527d-9f98-6d3cf54bb7b0,High,21.977626,22.8578852,2.1885693043165664,21.570119,26.744092,5,9.574679744723568
368cb8d6-9688-527d-9f98-6d3cf54bb7b0,Low,36.975983,35.7519168,4.437402687677521,30.255134,39.84263,5,12.411649737553432
368cb8d6-9688-527d-9f98-6d3cf54bb7b0,Medium,29.020442,27.682534800000003,3.424554831276059,21.679905,30.217421,5,12.370813785723332
369cb39b-4ef4-554b-b64e-18c3f9b6e25d,High,31.587178,31.577553799999997,0.06758978542427838,31.473972,31.662817,5,0.2140437661902689
369cb39b-4ef4-554b-b64e-18c3f9b6e25d,Low,51.388589,51.196343999999996,3.7588746723874693,47.394841,56.330879,5,7.342076364647189
369cb39b-4ef4-554b-b64e-18c3f9b6e25d,Medium,40.688441,42.336119599999996,3.082344388741759,39.908497,47.061726,5,7.280649284498335
36b14bfe-c463-57ea-8c02-05e3b988b536,High,24.860814,25.1161876,0.5899841267617283,24.840532,26.171362,5,2.349019429850605
36b14bfe-c463-57ea-8c02-05e3b988b536,Low,39.327108,40.5019822,3.308560867917451,37.484844,44.709157,5,8.168886282107573
36b14bfe-c463-57ea-8c02-05e3b988b536,Medium,33.793884,31.907478400000002,2.6970579111449013,28.89119,34.006915,5,8.452745395088636
36bd460a-f525-5113-82db-051a9777db22,High,20.882616,20.9523432,0.2628522376444608,20.767564,21.405066,5,1.2545243037278082
36bd460a-f525-5113-82db-051a9777db22,Low,37.764866,35.4094994,3.876089930666314,30.255294,38.646414,5,10.946469157556953
36bd460a-f525-5113-82db-051a9777db22,Medium,27.59716,26.8264266,3.679720755837092,22.857395,31.090268,5,13.716775665668015
36f983d2-c3e7-5500-8814-615af9459f66,High,22.763057,23.5165492,1.600320100148622,22.358979,26.211554,5,6.805080484124014
36f983d2-c3e7-5500-8814-615af9459f66,Low,37.884845,36.4243738,2.742140058331668,32.564947,39.015391,5,7.528310777251216
36f983d2-c3e7-5500-8814-615af9459f66,Medium,29.069507,27.892328400000004,3.450173024231219,22.660543,31.670412,5,12.369612800884772
3781aa85-9c1e-52ee-a4ae-58b0fcbf8fd8,High,27.2281,27.4042856,0.38232117404650895,27.070967,28.041222,5,1.395114543859917
3781aa85-9c1e-52ee-a4ae-58b0fcbf8fd8,Low,46.80273,45.440887999999994,3.0392789790275088,42.216448,49.025934,5,6.688423384304262
3781aa85-9c1e-52ee-a4ae-58b0fcbf8fd8,Medium,38.294571,36.6745116,2.6198020483954125,32.982893,38.833743,5,7.143386330454671
378b4515-f4c3-5f34-b14e-3fa204c98ac8,High,20.855283,20.8904488,0.07993449042935097,20.832723,21.027351,5,0.38263653976333417
378b4515-f4c3-5f34-b14e-3fa204c98ac8,Low,32.496999,34.26286,3.3655950721181536,30.722287,38.017414,5,9.822866719585443
378b4515-f4c3-5f34-b14e-3fa204c98ac8,Medium,27.75672,27.559623199999997,2.6045720457180113,23.398462,29.77793,5,9.450680899432658
379db4d7-1d43-5d02-bf0d-a48c030b0571,High,25.402787,25.8276586,0.8203356437683307,25.090042,26.743324,5,3.176190519137227
379db4d7-1d43-5d02-bf0d-a48c030b0571,Low,41.058305,41.5150574,1.4723446044857478,40.345668,44.079417,5,3.546531539869068
379db4d7-1d43-5d02-bf0d-a48c030b0571,Medium,33.280807,32.3773104,1.9903248670045808,29.487281,33.999051,5,6.147282904032019
37ee98da-5ed6-55a0-8228-034d423f3702,High,32.686246,32.518152799999996,0.4268939164964767,32.005058,32.928999,5,1.3127864892020458
37ee98da-5ed6-55a0-8228-034d423f3702,Low,51.366174,51.844602599999995,2.777699850599288,49.294713,56.083879,5,5.357741618795412
37ee98da-5ed6-55a0-8228-034d423f3702,Medium,40.704203,41.0877062,2.537751043776501,38.140668,45.167468,5,6.176424236056529
38876450-a360-584e-a401-49ede2d5a5ae,High,27.326101,27.3788388,0.12325203147088372,27.259488,27.578079,5,0.4501726036346133
38876450-a360-584e-a401-49ede2d5a5ae,Low,42.617416,45.019201599999995,3.6476197733845996,42.211473,49.023516,5,8.102364421728439
38876450-a360-584e-a401-49ede2d5a5ae,Medium,34.897944,35.8598604,2.4959483883618887,32.692763,38.452968,5,6.9602847320674135
388d84a3-fdc8-54a3-8840-ed96b05f5e95,High,24.079258,24.0548544,0.12593482345761225,23.846843,24.188189,5,0.5235318466846021
388d84a3-fdc8-54a3-8840-ed96b05f5e95,Low,38.958083,39.7226784,1.7376157829918275,38.828154,42.823275,5,4.3743671196950995
388d84a3-fdc8-54a3-8840-ed96b05f5e95,Medium,33.505953,33.36785999999999,2.1886270772025087,30.127406,35.499413,5,6.559087328952199
388fef44-d9ef-56b6-9503-bb028ffb7041,High,20.943183,21.1871758,0.5326675611370564,20.584993,21.841348,5,2.514103654801677
388fef44-d9ef-56b6-9503-bb028ffb7041,Low,30.402625,32.2156414,3.1492821868089735,30.201927,37.597295,5,9.77563087354509
388fef44-d9ef-56b6-9503-bb028ffb7041,Medium,27.713084,27.6289464,2.4342710428946277,23.656139,29.640133,5,8.81058223376418
38afc6be-6778-54ae-9b18-4020b0941ce1,High,29.569437,29.306086600000004,0.5925464150683047,28.346032,29.750971,5,2.0219226918830735
38afc6be-6778-54ae-9b18-4020b0941ce1,Low,44.19282,44.9924426,2.278399040084022,43.310262,48.818214,5,5.063959430564506
38afc6be-6778-54ae-9b18-4020b0941ce1,Medium,37.421046,36.8105136,2.1117741566261983,33.102955,38.338694,5,5.736877728938284
390a9fa5-8097-5880-8bba-3516ba408373,High,23.874303,23.9167766,0.21835805841278205,23.744308,24.29185,5,0.912991169607622
390a9fa5-8097-5880-8bba-3516ba408373,Low,39.600996,39.7157304,0.39683837999278715,39.415513,40.40817,5,0.9991969831499994
390a9fa5-8097-5880-8bba-3516ba408373,Medium,31.070911,31.077326199999998,2.8272511294277867,26.49211,33.553293,5,9.097472257532203
392c7d8e-86a8-5c33-b71e-d1f21cbbda82,High,30.722298,30.718562400000003,0.07095815340607406,30.616097,30.800835,5,0.23099438210062218
392c7d8e-86a8-5c33-b71e-d1f21cbbda82,Low,51.393097,50.418544,2.9145543646912793,46.070576,53.783823,5,5.78071902411795
392c7d8e-86a8-5c33-b71e-d1f21cbbda82,Medium,40.127322,41.320334,2.1369587251937077,40.057938,45.024275,5,5.171687927773545
396b9b39-d198-5079-8348-b849508008d6,High,21.792215,21.8961936,0.21800868313509839,21.760362,22.280134,5,0.9956464905164994
396b9b39-d198-5079-8348-b849508008d6,Low,36.303035,34.778506199999995,2.9569637302306733,29.544373,36.35383,5,8.502273539944834
396b9b39-d198-5079-8348-b849508008d6,Medium,27.249154,27.608420799999998,2.140088053525766,25.400441,30.678352,5,7.751577205479881
39b5d89b-0edb-5f74-88ff-2d1c2d0687c5,High,28.661567,28.820569999999996,0.6000873895117286,28.353837,29.867875,5,2.082149622688686
39b5d89b-0edb-5f74-88ff-2d1c2d0687c5,Low,46.402255,46.8004118,3.9799517386277095,42.937358,51.905197,5,8.504095552910732
39b5d89b-0edb-5f74-88ff-2d1c2d0687c5,Medium,37.053828,36.5256372,1.4283291725928218,34.728872,38.060607,5,3.910483928786386
39b5f649-fc3c-5de6-bbab-1a12422f73da,High,21.665201,21.691665,0.19188120589703397,21.533263,22.018159,5,0.8845849587711868
39b5f649-fc3c-5de6-bbab-1a12422f73da,Low,35.918033,35.3741462,2.446947433191345,31.799148,38.071882,5,6.917332843474664
39b5f649-fc3c-5de6-bbab-1a12422f73da,Medium,29.011469,27.9301238,5.143611595356049,21.723383,34.174575,5,18.415999986924685
39fe0d9d-682c-57de-bbd3-72a0ec3a6353,High,21.246324,21.1955686,0.2470423488064343,20.796278,21.456987,5,1.1655377285157345
39fe0d9d-682c-57de-bbd3-72a0ec3a6353,Low,33.261438,34.5807146,3.4363668551380386,30.355051,38.388025,5,9.937234944063414
39fe0d9d-682c-57de-bbd3-72a0ec3a6353,Medium,28.225931,28.764423,1.870132702429563,26.799153,31.1576,5,6.5015477711114285
3a26f065-7e73-59a4-9eef-d3025b75f0b1,High,42.911684,44.4894366,6.171814208292225,38.079746,51.273642,5,13.872538471957691
3a26f065-7e73-59a4-9eef-d3025b75f0b1,Low,57.922645,57.250862,2.4177662011989507,53.006944,58.983107,5,4.223108817468898
3a26f065-7e73-59a4-9eef-d3025b75f0b1,Medium,46.336047,46.2414144,2.579424770603375,42.125376,49.052246,5,5.578170140495043
3a4cdd1a-cad2-55a7-bded-41db175f6115,High,21.998298,21.971798,0.16828538221574693,21.763344,22.209955,5,0.7659153894266957
3a4cdd1a-cad2-55a7-bded-41db175f6115,Low,37.239955,35.9237132,3.77995903583474,31.38203,40.724995,5,10.5221835359568
3a4cdd1a-cad2-55a7-bded-41db175f6115,Medium,29.333273,27.841920199999997,3.6311905709787795,21.968905,31.105223,5,13.042170025969616
3aaf66d3-ec08-5c98-b89b-9b13173ec4d3,High,36.729046,36.6497138,0.9550157988518826,35.196691,37.874417,5,2.6057933332398426
3aaf66d3-ec08-5c98-b89b-9b13173ec4d3,Low,57.95436,56.57604,2.3562728246086038,52.877197,58.322905,5,4.164789236943066
3aaf66d3-ec08-5c98-b89b-9b13173ec4d3,Medium,46.27495,46.1806466,2.9755574307240003,42.203354,50.220503,5,6.443299628299272
3aed643d-5062-5100-bf7e-5299ecd1fef5,High,22.773965,22.6341986,2.210433735985157,20.671834,26.129003,5,9.765902363272348
3aed643d-5062-5100-bf7e-5299ecd1fef5,Low,34.784997,34.3363228,1.3067008156635171,32.703548,35.599643,5,3.805593345783426
3aed643d-5062-5100-bf7e-5299ecd1fef5,Medium,27.670773,27.153282,2.6916410810037434,23.327945,30.136851,5,9.912765171457886
3af062ad-5815-5a8c-9f8b-3f09e9865e2e,High,34.557882,34.1614034,0.9445375882294477,32.476842,34.661051,5,2.764926186344697
3af062ad-5815-5a8c-9f8b-3f09e9865e2e,Low,51.599218,51.5538112,2.134076220573366,49.607242,54.853085,5,4.139512037809081
3af062ad-5815-5a8c-9f8b-3f09e9865e2e,Medium,42.772498,41.2718766,3.4859063141235294,36.602355,44.908487,5,8.446202599189613
3b85d143-e148-5999-95e1-6af03148a3ce,High,33.896982,33.631491800000006,1.0587654576265721,31.966634,34.561925,5,3.1481370613080326
3b85d143-e148-5999-95e1-6af03148a3ce,Low,53.431971,51.333092799999996,3.5892541614522364,47.287237,54.503228,5,6.992086324189367
3b85d143-e148-5999-95e1-6af03148a3ce,Medium,39.367326,40.649788,2.100980674396006,38.839071,42.988266,5,5.168491098639938
3bb364bf-9182-5063-b60d-50802b3e35ff,High,28.535996,28.951534400000003,0.6891459584828892,28.38394,29.775157,5,2.3803434697502217
3bb364bf-9182-5063-b60d-50802b3e35ff,Low,46.171762,45.78023399999999,2.3959594526044246,42.888702,48.132175,5,5.23361119692928
3bb364bf-9182-5063-b60d-50802b3e35ff,Medium,37.308156,36.051334399999995,2.2118492885342094,32.759028,37.745637,5,6.135277168920021
3cd00f57-7925-54dc-a73c-d5e44ee8f752,High,29.402485,29.046011,0.6209749509750778,28.358874,29.664068,5,2.1379009702057807
3cd00f57-7925-54dc-a73c-d5e44ee8f752,Low,48.007481,47.3329626,2.3668189161913715,43.754177,50.140996,5,5.000360818723338
3cd00f57-7925-54dc-a73c-d5e44ee8f752,Medium,37.223353,36.6214322,1.2593496766941674,34.697432,37.77837,5,3.4388324023388885
3d478182-b4f9-5855-b5e7-42c7dbe33b0d,High,21.747251,21.8394874,0.1640690227139163,21.700244,22.069595,5,0.7512494213298995
3d478182-b4f9-5855-b5e7-42c7dbe33b0d,Low,36.903864,35.383568600000004,2.907168563387117,32.101797,37.978069,5,8.216154216245776
3d478182-b4f9-5855-b5e7-42c7dbe33b0d,Medium,26.77885,28.007692400000003,4.7258086663266745,24.566073,36.122501,5,16.873252529461062
3d656471-8cc9-5f93-9d79-428b797d3231,High,34.486217,34.530692599999995,1.3119048553707309,32.543394,36.144009,5,3.799242808615808
3d656471-8cc9-5f93-9d79-428b797d3231,Low,50.366083,50.7965398,3.344963798638963,46.397807,55.706397,5,6.5850229401628715
3d656471-8cc9-5f93-9d79-428b797d3231,Medium,42.904165,42.9748516,4.56126859559282,39.102172,50.465632,5,10.61380883417133
3d7eab65-5ab0-5a83-932e-4ce7eb1ce406,High,20.79992,21.4349896,1.5073384264722367,20.360257,24.042539,5,7.03213976120724
3d7eab65-5ab0-5a83-932e-4ce7eb1ce406,Low,36.025907,34.7780678,2.5619371646288855,31.019248,37.160124,5,7.366531054462104
3d7eab65-5ab0-5a83-932e-4ce7eb1ce406,Medium,27.533343,26.769903,2.4873569553557253,23.12154,29.772497,5,9.291617363558341
3dd4141a-5e24-50dd-8cc7-29c9dae5058c,High,30.702964,31.0411032,0.5650623057599055,30.551728,31.857077,5,1.8203679879518764
3dd4141a-5e24-50dd-8cc7-29c9dae5058c,Low,53.143522,52.4065982,4.297498498560553,47.055255,57.80998,5,8.200300431941704
3dd4141a-5e24-50dd-8cc7-29c9dae5058c,Medium,40.490247,40.569007799999994,0.4734468009673291,40.173882,41.356322,5,1.1670159726394127
3e583b27-81f9-5b73-8b17-c22732c22818,High,21.930145,22.1902184,0.6113503343315511,21.86374,23.279566,5,2.755044242068168
3e583b27-81f9-5b73-8b17-c22732c22818,Low,33.481429,34.356134,4.185209521459351,29.853143,40.358264,5,12.181840720086116
3e583b27-81f9-5b73-8b17-c22732c22818,Medium,27.565065,27.4323908,2.3756195435482086,24.558411,29.960891,5,8.65990704517161
3e7aeb55-e259-5eeb-886b-b1f178e00465,High,34.524178,34.4923036,0.26543624445579933,34.091924,34.790054,5,0.7695520935163036
3e7aeb55-e259-5eeb-886b-b1f178e00465,Low,55.765381,57.200691600000006,4.499557972161411,52.33238,63.512882,5,7.866264980896509
3e7aeb55-e259-5eeb-886b-b1f178e00465,Medium,43.58568,45.030775600000005,3.3136659819058862,43.318643,50.945047,5,7.358669571540504
3e98491e-a94a-57a8-bcae-987000fddd52,High,36.221541,35.830164,0.6208603716746627,35.069281,36.388149,5,1.732786854323811
3e98491e-a94a-57a8-bcae-987000fddd52,Low,58.724627,56.165373,3.702079350744726,51.158298,58.861961,5,6.591391017281636
3e98491e-a94a-57a8-bcae-987000fddd52,Medium,44.456505,46.1827822,3.0086666899214167,43.576682,49.793366,5,6.514693456301593
3ebb052d-8ccf-5e8c-aaa2-20876c39c1cf,High,20.589361,20.608738199999998,0.14204408185207854,20.451584,20.83991,5,0.6892420121678219
3ebb052d-8ccf-5e8c-aaa2-20876c39c1cf,Low,35.634061,35.5994068,3.919387596854731,30.891512,41.091409,5,11.00969917525348
3ebb052d-8ccf-5e8c-aaa2-20876c39c1cf,Medium,28.297114,28.050930800000003,2.7032700072937947,23.593959,30.225189,5,9.63700643863766
3ed8e8db-be14-5580-89f7-47a39a199b50,High,23.938977,23.9250392,0.0355166840822734,23.877163,23.962283,5,0.14844984697986785
3ed8e8db-be14-5580-89f7-47a39a199b50,Low,39.884573,40.975830200000004,4.179079514133131,35.972419,47.069957,5,10.198889183539059
3ed8e8db-be14-5580-89f7-47a39a199b50,Medium,33.488319,32.785715599999996,2.3561923476640865,29.507153,35.057669,5,7.186643038116534
3ee89359-b9b5-5aa0-811c-bde4275cce10,High,31.135792,30.866187000000004,1.6761532871023466,29.209744,33.163142,5,5.4303866140069275
3ee89359-b9b5-5aa0-811c-bde4275cce10,Low,44.067709,45.2593002,4.4731404752775985,39.214531,50.522069,5,9.883361995238271
3ee89359-b9b5-5aa0-811c-bde4275cce10,Medium,35.451432,37.0184476,2.4469529400538748,35.076108,39.836445,5,6.610090640467253
3f5d0ef4-7d0c-5784-9114-5669e1a94ef1,High,21.86146,21.89163,0.0914229317294084,21.780247,22.023927,5,0.41761591863834896
3f5d0ef4-7d0c-5784-9114-5669e1a94ef1,Low,31.546211,32.8561752,2.1883469350546765,31.336869,36.451955,5,6.660382475239164
3f5d0ef4-7d0c-5784-9114-5669e1a94ef1,Medium,27.784455,27.5326928,4.127500516365104,21.664821,31.989061,5,14.99127072803102
3f75da4c-2fac-5a28-bd1f-7b4733dd02bc,High,34.3621,33.63366,1.0779295180476758,32.376951,34.483425,5,3.2049129296296504
3f75da4c-2fac-5a28-bd1f-7b4733dd02bc,Low,51.98984,51.747271,1.9679752131082595,49.780581,54.744997,5,3.8030512045905946
3f75da4c-2fac-5a28-bd1f-7b4733dd02bc,Medium,42.523071,41.0351644,2.2177627141239205,38.58505,42.785196,5,5.404542047171427
3fd8cab6-c6e6-57c3-9a43-2158a9502e61,High,32.783666,32.6337666,0.7902849693893961,31.679507,33.623388,5,2.421678683543064
3fd8cab6-c6e6-57c3-9a43-2158a9502e61,Low,52.787528,51.597710400000004,2.676403717933416,47.698325,54.184965,5,5.187059071391307
3fd8cab6-c6e6-57c3-9a43-2158a9502e61,Medium,40.923647,41.6387422,1.6858315888011142,40.565242,44.617909,5,4.048709206209197
3ff26729-2676-560d-8735-1e3285f5add1,High,20.535879,20.571757400000003,0.10443596424268622,20.449755,20.725399,5,0.5076667112683635
3ff26729-2676-560d-8735-1e3285f5add1,Low,35.55695,34.9397302,3.400800471143991,30.927549,39.709492,5,9.733333519398474
3ff26729-2676-560d-8735-1e3285f5add1,Medium,27.952537,27.7939436,2.6355764709366336,23.44156,29.957757,5,9.482556735621475
401aae90-ce77-5922-bc4e-cbefcfea7e97,High,27.737849,27.7092806,0.19932839717486353,27.451666,27.941581,5,0.719356088858054
401aae90-ce77-5922-bc4e-cbefcfea7e97,Low,45.981089,45.9559144,3.800364122928393,40.390698,50.653386,5,8.269586564745609
401aae90-ce77-5922-bc4e-cbefcfea7e97,Medium,36.833936,36.7507034,0.18273656392140145,36.4434,36.877297,5,0.4972328337024468
4052d61f-3f94-5d1d-935f-d8ec1112f3ad,High,37.901325,37.435526,0.9637578993209343,35.73084,37.998344,5,2.574447329312093
4052d61f-3f94-5d1d-935f-d8ec1112f3ad,Low,59.83947,59.834641,0.19343424232539594,59.641875,60.121828,5,0.32328136192109175
4052d61f-3f94-5d1d-935f-d8ec1112f3ad,Medium,45.976966,45.3084702,3.067045874646353,42.01786,48.22798,5,6.7692549783911105
40c420b7-24b5-5a35-9917-7b8e9caa078f,High,27.485749,27.3912956,0.2385171602407257,27.038506,27.632264,5,0.8707772123080068
40c420b7-24b5-5a35-9917-7b8e9caa078f,Low,47.059912,45.8004096,3.0485078022256746,42.364748,49.467356,5,6.65607104576129
40c420b7-24b5-5a35-9917-7b8e9caa078f,Medium,37.212307,36.8256198,1.2684989631117969,34.61806,37.881807,5,3.444609948185575
41aab73d-40c3-52e4-9e7b-3dcfd34021ff,High,24.531835,24.6767918,0.40892965762915745,24.377102,25.385302,5,1.6571427150799944
41aab73d-40c3-52e4-9e7b-3dcfd34021ff,Low,39.265311,40.3673922,4.37552558798434,34.858905,46.242796,5,10.839257503446904
41aab73d-40c3-52e4-9e7b-3dcfd34021ff,Medium,32.825702,31.4720102,2.9046348042203514,26.492975,33.599502,5,9.229263671947944
41b46779-6411-5f87-b815-259a5c5fc857,High,27.652288,27.617970800000002,0.27543084864753187,27.275665,27.904669,5,0.9972885069729013
41b46779-6411-5f87-b815-259a5c5fc857,Low,47.612912,45.596371399999995,4.933745916679922,40.260404,49.924666,5,10.820479273225507
41b46779-6411-5f87-b815-259a5c5fc857,Medium,36.435647,36.1225764,1.0753957109061298,34.238565,36.838436,5,2.977073669933825
41da1495-acb3-5a1f-ab61-51b1f1ce286d,High,20.782754,20.75105,0.05202263768303232,20.690039,20.798078,5,0.25069882094174667
41da1495-acb3-5a1f-ab61-51b1f1ce286d,Low,33.278243,34.328812000000006,3.325881819303568,30.210123,37.752051,5,9.688310272151472
41da1495-acb3-5a1f-ab61-51b1f1ce286d,Medium,27.562721,27.4944224,2.7199953875432037,23.151576,29.83876,5,9.892898814063479
421c2e02-35ea-511b-99cf-f2bd69cfd59b,High,21.640268,21.950988799999998,0.6517791789775887,21.576155,23.100654,5,2.9692474672375067
421c2e02-35ea-511b-99cf-f2bd69cfd59b,Low,35.304598,34.543062,2.871872104936518,29.489177,36.373179,5,8.313889790478093
421c2e02-35ea-511b-99cf-f2bd69cfd59b,Medium,27.847714,26.7032562,2.851853657418401,23.375255,30.099571,5,10.679797385228252
4229e081-2dc3-54a8-a11a-2bef1a3e29df,High,34.586673,34.6186224,0.21556411864640465,34.374187,34.9549,5,0.6226825439662922
4229e081-2dc3-54a8-a11a-2bef1a3e29df,Low,60.229103,58.853807800000006,2.2490590673097492,56.151712,60.905388,5,3.8214333980778536
4229e081-2dc3-54a8-a11a-2bef1a3e29df,Medium,44.111978,45.328074400000006,2.68743588260498,43.495228,49.97355,5,5.928855170174579
429eb853-c7c6-5415-bfd1-c914b810c526,High,38.111964,38.0989312,0.2005873271512894,37.810844,38.366825,5,0.5264906936583287
429eb853-c7c6-5415-bfd1-c914b810c526,Low,58.122175,56.691186800000004,2.6443564263376436,52.71376,58.909969,5,4.664492976071624
429eb853-c7c6-5415-bfd1-c914b810c526,Medium,46.21272,45.951684,2.4425444017080817,41.88871,48.358264,5,5.315462218333678
42a3b91c-40c4-568c-90da-8d64749f198c,High,30.846539,30.882281,0.2738404354884411,30.618703,31.33657,5,0.8867234757964968
42a3b91c-40c4-568c-90da-8d64749f198c,Low,51.270724,53.401160000000004,6.0859563475631715,48.81271,64.035557,5,11.396674430973356
42a3b91c-40c4-568c-90da-8d64749f198c,Medium,40.744597,40.728495599999995,0.26573985855117915,40.493063,41.143625,5,0.6524666689411901
4319ed02-cd4d-50a2-89b4-760dbb6d1c80,High,34.151596,34.1505442,0.11525089055057115,34.033528,34.313275,5,0.33747892822911785
4319ed02-cd4d-50a2-89b4-760dbb6d1c80,Low,56.918358,57.9886386,4.350276778365464,54.089954,64.195921,5,7.501946731968051
4319ed02-cd4d-50a2-89b4-760dbb6d1c80,Medium,46.651188,45.115802200000005,3.4113713486031827,41.498347,48.911501,5,7.561366931879984
4411648a-cb96-5dac-b7a9-c5682ebaba47,High,21.306189,21.3541484,0.31768284884346476,21.003332,21.735834,5,1.487686808636512
4411648a-cb96-5dac-b7a9-c5682ebaba47,Low,34.37736,34.8134276,3.931623060747406,30.090887,40.201213,5,11.29340984726079
4411648a-cb96-5dac-b7a9-c5682ebaba47,Medium,28.138681,27.746929799999997,2.767963536040296,23.285187,30.3806,5,9.975747068204628
442336dc-4c7d-5168-a98a-0e5cd4740dcd,High,30.791623,30.8979822,0.3485056918971338,30.636769,31.477634,5,1.1279237901079955
442336dc-4c7d-5168-a98a-0e5cd4740dcd,Low,50.308272,50.9804536,5.144828765509235,45.960409,57.942758,5,10.091767338667296
442336dc-4c7d-5168-a98a-0e5cd4740dcd,Medium,40.36009,40.4766504,0.3078934842624972,40.187982,40.98102,5,0.7606693765907497
44aa37e4-dee0-5fab-801c-ad05c8679e55,High,21.58097,21.8058254,0.5260540824433358,21.512955,22.743601,5,2.412447466645018
44aa37e4-dee0-5fab-801c-ad05c8679e55,Low,37.227346,35.7321786,4.530651054177621,29.802938,39.864922,5,12.679470526819827
44aa37e4-dee0-5fab-801c-ad05c8679e55,Medium,30.289252,28.7599248,2.5116366568245296,25.636164,31.013877,5,8.733112740352261
44c727c8-fda9-51d4-925d-38a407143a53,High,20.765608,20.7738652,0.056535214717907935,20.711607,20.833319,5,0.27214586295624915
44c727c8-fda9-51d4-925d-38a407143a53,Low,33.845659,34.4428672,2.0313268707715895,32.464628,37.844724,5,5.897670652609285
44c727c8-fda9-51d4-925d-38a407143a53,Medium,28.008293,27.690375999999997,2.720496477561679,23.137397,29.858626,5,9.824700385295163
44e31cfb-159e-583d-b08c-4765363b5223,High,21.432299,21.5064682,0.24009302254272236,21.26162,21.900894,5,1.116375874969198
44e31cfb-159e-583d-b08c-4765363b5223,Low,35.224004,34.1754024,3.8723052967582894,29.217638,39.290663,5,11.330679450195118
44e31cfb-159e-583d-b08c-4765363b5223,Medium,29.765632,28.9928406,1.3411273128606396,27.199544,30.148754,5,4.625718919244634
44f656d8-f789-50ff-8192-036516dc5a30,High,29.213336,29.9699812,1.1222193539300593,29.064676,31.216544,5,3.744478004310724
44f656d8-f789-50ff-8192-036516dc5a30,Low,48.200855,47.875554799999996,3.721899291967165,43.527172,53.25619,5,7.774112086043472
44f656d8-f789-50ff-8192-036516dc5a30,Medium,35.571612,35.9446546,2.36875038149998,33.124377,39.671984,5,6.589993443698246
450f03da-a2a1-5458-b553-207ac44a4375,High,27.575682,27.4894638,0.3007699206415105,27.085427,27.861675,5,1.0941280005669316
450f03da-a2a1-5458-b553-207ac44a4375,Low,46.937373,45.7837338,3.474734041976121,42.062771,49.013263,5,7.589450998372092
450f03da-a2a1-5458-b553-207ac44a4375,Medium,36.950326,35.9851008,1.3546201772248567,34.46516,36.995448,5,3.7643917819034063
45119a3f-834f-5cef-9ecf-012b3023a199,High,23.870089,23.9668426,0.2597079769477613,23.772417,24.402979,5,1.0836136460785257
45119a3f-834f-5cef-9ecf-012b3023a199,Low,39.8923,39.982039199999996,0.4323940854003448,39.467932,40.47991,5,1.0814708155264499
45119a3f-834f-5cef-9ecf-012b3023a199,Medium,31.453237,32.5073784,3.3384914666454963,29.107903,37.955451,5,10.269949872812557
451e25a7-5df0-5f51-84ce-104e5ebd748e,High,28.268275,28.2309366,0.42995631924859556,27.774548,28.863232,5,1.5229970062296678
451e25a7-5df0-5f51-84ce-104e5ebd748e,Low,44.321165,44.496758,2.709212628442259,40.398757,47.793722,5,6.0885618418363405
451e25a7-5df0-5f51-84ce-104e5ebd748e,Medium,36.647065,36.305125399999994,1.2461387047091896,34.234033,37.520074,5,3.432404353323594
4536a69a-918c-5d76-9dba-623107918f91,High,38.780951,38.9608832,1.1158847516205255,37.982921,40.864945,5,2.8641156461784867
4536a69a-918c-5d76-9dba-623107918f91,Low,57.899501,56.490107,4.357004865238216,50.822578,61.947271,5,7.712863537748682
4536a69a-918c-5d76-9dba-623107918f91,Medium,46.153795,45.506351,3.451494290357222,41.824806,48.935317,5,7.58464305423483
4545a431-48d9-5d30-9133-a18bb53f106b,High,27.7599,27.7331122,0.23937590613551732,27.409946,28.073336,5,0.8631411592367817
4545a431-48d9-5d30-9133-a18bb53f106b,Low,47.717221,46.0356132,3.6975489666381276,40.454616,49.873805,5,8.031931606024806
4545a431-48d9-5d30-9133-a18bb53f106b,Medium,34.843981,35.03338,1.8351446730402476,32.469381,36.831421,5,5.238274677008749
454c7f5f-f609-5519-b553-2efa79e6672c,High,34.157823,34.2074008,0.14325255343343907,34.038511,34.396222,5,0.4187764930489517
454c7f5f-f609-5519-b553-2efa79e6672c,Low,56.512504,57.0054526,4.3531728957804185,53.595466,64.354599,5,7.636414934420534
454c7f5f-f609-5519-b553-2efa79e6672c,Medium,47.057003,45.864297799999996,3.9131355761496045,41.65878,49.658203,5,8.531986237342121
459553f7-a663-56ab-a69e-2038ea7ec774,High,34.630278,34.6497072,0.485424412179384,34.136107,35.144994,5,1.4009480928005762
459553f7-a663-56ab-a69e-2038ea7ec774,Low,55.780333,57.1397372,2.6020062253840206,54.469039,60.182609,5,4.553759525138349
459553f7-a663-56ab-a69e-2038ea7ec774,Medium,44.187008,45.095479,1.6161802373836602,43.755651,47.523173,5,3.583907463060012
45adfa5c-351c-55d2-a06f-3455cba9c7cf,High,24.935474,25.1363854,0.548699255738788,24.816642,26.108173,5,2.1828884583333448
45adfa5c-351c-55d2-a06f-3455cba9c7cf,Low,39.93048,39.2403694,3.6717815907417215,33.300922,43.283154,5,9.357153479655372
45adfa5c-351c-55d2-a06f-3455cba9c7cf,Medium,30.786524,33.294636000000004,4.533152272569389,28.664835,38.381703,5,13.615263048886877
45e3c8a3-d110-5da0-b421-392b0c2e5a4f,High,23.980321,24.0513254,0.15611487254999154,23.87247,24.244659,5,0.6490905176892727
45e3c8a3-d110-5da0-b421-392b0c2e5a4f,Low,40.312624,40.0645598,0.5622773057991023,39.358119,40.58564,5,1.4034281384993585
45e3c8a3-d110-5da0-b421-392b0c2e5a4f,Medium,31.17688,31.533633200000004,1.8111781678768382,28.90014,33.433449,5,5.7436393592503565
45ee67e0-eb16-5ac6-9671-12732fd17f5a,High,23.88221,23.9032486,0.07397905334484824,23.841408,24.030554,5,0.30949372021695926
45ee67e0-eb16-5ac6-9671-12732fd17f5a,Low,39.860556,39.7712308,0.37328819687836584,39.200337,40.166648,5,0.9385884956780515
45ee67e0-eb16-5ac6-9671-12732fd17f5a,Medium,31.221031,31.8217848,1.860281907804623,29.370078,33.833353,5,5.84593830766093
464f9282-542b-511e-8c76-bf3cabfe4fcd,High,20.815649,20.9738634,0.39995394602166384,20.681237,21.662734,5,1.9069159476916582
464f9282-542b-511e-8c76-bf3cabfe4fcd,Low,37.632931,35.2518962,3.41747112938408,30.470256,37.72869,5,9.694432066846039
464f9282-542b-511e-8c76-bf3cabfe4fcd,Medium,29.994662,29.977871400000005,2.839831113475466,27.222388,33.811385,5,9.473091253155037
4657cfb6-f0e3-5e55-826a-0ed9c60011ed,High,27.733548,27.759522399999998,0.271742456813984,27.450181,28.194602,5,0.9789161819800763
4657cfb6-f0e3-5e55-826a-0ed9c60011ed,Low,48.251661,47.3847012,3.847305727356705,40.695831,50.061478,5,8.11929933063861
4657cfb6-f0e3-5e55-826a-0ed9c60011ed,Medium,36.992168,37.197204799999994,2.3096692929622407,34.287434,40.760901,5,6.209254984025684
465943f9-b405-5f0f-bab1-3dd89a9e3adb,High,32.758157,32.3523598,0.7567141680282584,31.508508,33.04652,5,2.338976732164862
465943f9-b405-5f0f-bab1-3dd89a9e3adb,Low,54.010164,51.9603118,3.853799711981761,47.418657,55.908789,5,7.416814061500227
465943f9-b405-5f0f-bab1-3dd89a9e3adb,Medium,41.745217,41.4421898,3.180208903163077,37.210352,46.054178,5,7.673843777345659
46a1d0ac-b37c-5c1a-bdf4-cbdfa55a5393,High,27.589517,27.8167306,0.4452218144063707,27.487913,28.534338,5,1.6005540723264247
46a1d0ac-b37c-5c1a-bdf4-cbdfa55a5393,Low,46.003699,46.464923799999994,1.4324520771450595,44.651199,47.960713,5,3.0828675912841152
46a1d0ac-b37c-5c1a-bdf4-cbdfa55a5393,Medium,40.309165,38.9016364,3.4821646493084333,34.259322,42.575243,5,8.951203526513947
475a5a50-0621-58d2-818a-c08da3d9e3bd,High,21.566,21.8367434,0.621234174189814,21.533574,22.947713,5,2.8449030279387446
475a5a50-0621-58d2-818a-c08da3d9e3bd,Low,33.831258,34.4152844,3.5647632846670616,30.468365,39.632613,5,10.358081726812816
475a5a50-0621-58d2-818a-c08da3d9e3bd,Medium,25.991691,27.084837600000004,3.903024674116511,21.693332,31.424448,5,14.410367644650416
47cee5b5-0f9a-5559-853d-91b51f88e7c1,High,25.984899,26.7208312,1.2030322034645213,25.769522,28.320518,5,4.502225976654953
47cee5b5-0f9a-5559-853d-91b51f88e7c1,Low,39.832286,39.9703946,0.3274998075622314,39.703088,40.515623,5,0.8193559529237958
47cee5b5-0f9a-5559-853d-91b51f88e7c1,Medium,32.206592,32.239838,2.8439775545987502,29.675927,36.675188,5,8.821314656105748
47cf7f6e-9324-5d89-b9c2-572cd784ab70,High,22.887002,23.8446524,2.049014408041169,22.580091,27.409096,5,8.59318212598968
47cf7f6e-9324-5d89-b9c2-572cd784ab70,Low,33.67213,34.314727,2.2424366258926893,31.39235,36.72924,5,6.534910290537033
47cf7f6e-9324-5d89-b9c2-572cd784ab70,Medium,28.375982,27.483164800000004,2.511181475776531,23.674827,30.362915,5,9.137162674134714
47d1d229-1706-5b29-a434-27dd76dea888,High,28.030762,27.995129,0.543567233863945,27.441656,28.844951,5,1.9416493271523954
47d1d229-1706-5b29-a434-27dd76dea888,Low,44.155798,43.8243972,3.770307977715177,40.437675,49.663823,5,8.6032169718359
47d1d229-1706-5b29-a434-27dd76dea888,Medium,36.657937,37.422005,1.7282101981493763,36.310404,40.480211,5,4.61816569729328
47db0cd4-c767-54e2-abfa-82abfef09f8c,High,21.601116,21.620567599999998,0.04480101169951381,21.576651,21.674352,5,0.20721478051997955
47db0cd4-c767-54e2-abfa-82abfef09f8c,Low,34.251453,35.7472228,5.118078897702947,30.046117,42.12483,5,14.31741684196778
47db0cd4-c767-54e2-abfa-82abfef09f8c,Medium,26.146769,27.570500199999998,2.6861040568858634,24.916149,31.418166,5,9.742674370796738
47e9e27b-4a99-5ecb-af0f-eabb7d128a52,High,29.853109,29.346866799999997,0.8483590010766082,28.393776,30.082968,5,2.8907992354284593
47e9e27b-4a99-5ecb-af0f-eabb7d128a52,Low,46.072568,45.8249464,2.5861008360811835,43.154097,48.429939,5,5.643434502917789
47e9e27b-4a99-5ecb-af0f-eabb7d128a52,Medium,35.539029,35.9192002,4.08487176691089,31.470152,40.640977,5,11.372390655042732
4803e211-29c2-5222-b550-2af225cff654,High,31.131463,30.647961,1.3841007399577177,29.166186,32.434443,5,4.5161266681255485
4803e211-29c2-5222-b550-2af225cff654,Low,46.551437,45.919623,2.622531229674779,43.151027,48.559747,5,5.711134060649363
4803e211-29c2-5222-b550-2af225cff654,Medium,37.187373,37.658612,2.2454466712182257,35.260177,40.027965,5,5.962637898651777
482789ca-6ae9-5dfd-8ab2-57b07e87dd11,High,26.006824,25.760953,0.6461005673492329,24.886401,26.447764,5,2.5080615897604135
482789ca-6ae9-5dfd-8ab2-57b07e87dd11,Low,39.979053,41.2214118,3.0902477134556237,39.496215,46.724226,5,7.496705179456333
482789ca-6ae9-5dfd-8ab2-57b07e87dd11,Medium,31.193053,31.1300424,1.814013037395073,29.473031,34.001844,5,5.827210300860601
48b6e754-652e-540d-b04e-77eafe782cf8,High,37.8692,37.9894878,0.2876228893146401,37.646563,38.317819,5,0.7571117853150947
48b6e754-652e-540d-b04e-77eafe782cf8,Low,58.109015,56.5850942,3.206405092734336,50.956285,58.559892,5,5.666518962398999
48b6e754-652e-540d-b04e-77eafe782cf8,Medium,46.161472,45.2111556,1.87560990171845,42.085475,46.61596,5,4.14855554304489
48fd5036-9096-5791-9306-d6470463627b,High,30.594544,30.6246532,0.049102019507347786,30.5939,30.707158,5,0.1603349405679075
48fd5036-9096-5791-9306-d6470463627b,Low,52.855434,52.4973672,1.4712329955155652,50.790802,54.057453,5,2.8024891037117863
48fd5036-9096-5791-9306-d6470463627b,Medium,40.506636,40.648918200000004,0.470779964853219,40.284382,41.459212,5,1.1581611164579995
4917b270-f264-5b3c-bc94-805958881348,High,34.675673,34.5326344,0.2951560958252438,34.206609,34.799545,5,0.8547164181173615
4917b270-f264-5b3c-bc94-805958881348,Low,59.884133,57.983865,4.17814375216848,50.511315,59.91096,5,7.205700675814694
4917b270-f264-5b3c-bc94-805958881348,Medium,47.438851,46.391554199999995,2.698481074012602,43.282928,49.62292,5,5.816750743851134
49410abc-a6ad-5655-abb7-bfae8ae98437,High,25.167318,25.4574232,0.7113702464727489,25.07886,26.725172,5,2.7943529118561727
49410abc-a6ad-5655-abb7-bfae8ae98437,Low,39.865899,39.8784024,0.1328176640804974,39.686547,40.025456,5,0.3330566323802816
49410abc-a6ad-5655-abb7-bfae8ae98437,Medium,32.336189,32.4073292,2.0567696299102627,30.075385,35.529776,5,6.346618745460403
49449617-6ceb-5927-9d23-7ee69e1b3a73,High,21.507951,21.9193438,0.6098989594454972,21.47949,22.815883,5,2.7824690602530593
49449617-6ceb-5927-9d23-7ee69e1b3a73,Low,33.887512,34.101921000000004,2.07130583200526,31.980702,36.460469,5,6.073868483846584
49449617-6ceb-5927-9d23-7ee69e1b3a73,Medium,26.838734,26.719158800000002,3.3661030959507467,21.66536,30.40249,5,12.598087840814609
4995cb17-1b47-523f-aa97-a0708884aaaf,High,30.799052,30.8775956,0.31560675251854153,30.580325,31.402322,5,1.0221221775394373
4995cb17-1b47-523f-aa97-a0708884aaaf,Low,50.643207,50.821621,2.692832577379442,48.024187,54.632015,5,5.298596393411856
4995cb17-1b47-523f-aa97-a0708884aaaf,Medium,40.523863,40.6548918,0.40084030837067797,40.310963,41.312548,5,0.98595836964121
4a02d157-c724-58b7-9a46-40e7dba46771,High,24.188179,24.4257424,0.3407685312375536,24.167077,24.872568,5,1.3951204661748728
4a02d157-c724-58b7-9a46-40e7dba46771,Low,40.807399,40.3483884,4.048992263803586,35.731109,46.46075,5,10.035078039953602
4a02d157-c724-58b7-9a46-40e7dba46771,Medium,32.820636,32.063968,1.2647333935994172,30.483566,33.200377,5,3.944406985434295
4a3f37ff-9d88-5c0b-904c-3bdc10e342e7,High,27.345924,27.7245242,0.9109488818244423,27.274155,29.352864,5,3.285715113640949
4a3f37ff-9d88-5c0b-904c-3bdc10e342e7,Low,47.526878,46.0399596,3.5360514971162833,42.198446,49.250373,5,7.68039661163448
4a3f37ff-9d88-5c0b-904c-3bdc10e342e7,Medium,38.379779,37.0958082,1.8097557963743898,34.885493,38.452109,5,4.87859918462267
4a499576-8c25-560c-8d4f-8c3d4ad38cd4,High,23.973822,24.021921,0.27656078155443664,23.731084,24.448796,5,1.1512850348414543
4a499576-8c25-560c-8d4f-8c3d4ad38cd4,Low,39.117433,40.3745032,2.980976856767543,38.633278,45.663347,5,7.383315262112113
4a499576-8c25-560c-8d4f-8c3d4ad38cd4,Medium,31.184642,31.803482600000002,1.9698327886966203,29.198009,34.135526,5,6.193764417160465
4a4dcb91-10af-5c4a-9af7-6655ec54a4c0,High,27.717677,27.8089246,0.3276128794527163,27.484216,28.292287,5,1.178085395839853
4a4dcb91-10af-5c4a-9af7-6655ec54a4c0,Low,47.530373,47.2153238,2.2051797639806354,44.332482,49.730041,5,4.670474724099288
4a4dcb91-10af-5c4a-9af7-6655ec54a4c0,Medium,37.099669,37.460709200000004,3.545414473460996,31.96408,40.793148,5,9.464354917928237
4b1199a1-d187-571b-b870-739a707d2ec7,High,20.439519,20.4297182,0.0899095069428149,20.296747,20.547881,5,0.4400917627087724
4b1199a1-d187-571b-b870-739a707d2ec7,Low,33.44476,33.5639232,2.3356836815765942,31.221586,36.069322,5,6.958911411096884
4b1199a1-d187-571b-b870-739a707d2ec7,Medium,27.754606,27.9755726,3.0238332678346875,23.23012,30.845439,5,10.808834232171131
4b238cf0-8b0d-5c34-a7f5-69ed6e692610,High,22.36787,22.894414,0.9894223580369992,22.253722,24.603927,5,4.321675837769855
4b238cf0-8b0d-5c34-a7f5-69ed6e692610,Low,29.753403,31.9482422,3.693632007337317,28.446977,36.389259,5,11.561299630241683
4b238cf0-8b0d-5c34-a7f5-69ed6e692610,Medium,26.655264,27.325381399999998,3.7400370232306246,22.359384,32.709706,5,13.687044175092922
4b353f08-e1df-59e5-b887-ac5043fe116e,High,24.031188,24.1410294,0.31594098308671564,23.876698,24.688151,5,1.308730368750206
4b353f08-e1df-59e5-b887-ac5043fe116e,Low,39.172899,40.5859304,2.2605606140000543,38.741858,43.135283,5,5.569813459296856
4b353f08-e1df-59e5-b887-ac5043fe116e,Medium,31.351865,32.386313799999996,1.7480279156697416,31.075413,34.977576,5,5.397427834685347
4b3a1c16-ef2b-5432-8e61-6e344b009dc8,High,34.676486,34.52706379999999,0.4646288582801357,33.995217,35.098297,5,1.3456946729427246
4b3a1c16-ef2b-5432-8e61-6e344b009dc8,Low,56.919157,57.5128094,3.0551986811967384,53.688392,60.830839,5,5.312205599187332
4b3a1c16-ef2b-5432-8e61-6e344b009dc8,Medium,44.490202,45.324487399999995,1.3933607408213797,44.077521,47.306557,5,3.0741897388151815
4be9789c-fe30-5118-8299-2dd2d4c3f664,High,21.604069,21.678074799999997,0.22338151783260843,21.438363,22.036461,5,1.0304490592153897
4be9789c-fe30-5118-8299-2dd2d4c3f664,Low,33.657452,34.9539848,3.4344776861130124,31.344723,40.225373,5,9.825711448249564
4be9789c-fe30-5118-8299-2dd2d4c3f664,Medium,28.253747,28.3819072,3.3085375688627447,23.360415,32.214243,5,11.65720663360757
4c02fc4b-1df2-5028-a276-bea4a22a1630,High,34.203255,34.653609,1.134211000329081,33.912479,36.664612,5,3.272995318695611
4c02fc4b-1df2-5028-a276-bea4a22a1630,Low,56.754749,57.0962536,2.255350099028929,54.51586,60.743477,5,3.9500842118806356
4c02fc4b-1df2-5028-a276-bea4a22a1630,Medium,46.044377,46.047527,0.8569696966206002,45.324146,47.445798,5,1.8610547676547324
4c046df8-09f8-510d-92d1-414ed259c5b4,High,34.665781,34.6799444,0.1617664397358126,34.497724,34.936163,5,0.4664553030131519
4c046df8-09f8-510d-92d1-414ed259c5b4,Low,55.912696,56.1487422,2.714781770809343,52.7529,60.262427,5,4.8349823423281295
4c046df8-09f8-510d-92d1-414ed259c5b4,Medium,46.112796,45.537286,1.9031891819674636,43.591526,48.13869,5,4.179408456550228
4c1b68a2-df2c-5e23-899f-135ec5d4047d,High,31.157977,31.243014600000002,0.5371121873475798,30.686126,32.11496,5,1.7191432844242238
4c1b68a2-df2c-5e23-899f-135ec5d4047d,Low,51.075007,50.4400568,4.584631485728401,43.637405,56.333271,5,9.089267095608031
4c1b68a2-df2c-5e23-899f-135ec5d4047d,Medium,40.446393,41.5023348,1.761100853033607,40.122783,44.09266,5,4.243377779877596
4c1df3f4-29a3-547d-a408-8222c6d90501,High,23.906336,24.1335242,0.4145677160557728,23.867013,24.848131,5,1.7178084419836734
4c1df3f4-29a3-547d-a408-8222c6d90501,Low,38.929795,39.672336200000004,3.4601527976228432,36.118859,45.467285,5,8.721827674022492
4c1df3f4-29a3-547d-a408-8222c6d90501,Medium,31.980066,32.584779600000005,1.5552061586642771,31.032855,34.996742,5,4.772799379819273
4e076bd8-c0dc-57f1-93c4-269e95a4cb8d,High,27.439293,27.8194498,0.6146380870493625,27.367718,28.753453,5,2.2093826134885046
4e076bd8-c0dc-57f1-93c4-269e95a4cb8d,Low,43.195942,46.9336658,6.65109821427148,42.611947,58.191442,5,14.171273649524899
4e076bd8-c0dc-57f1-93c4-269e95a4cb8d,Medium,36.803888,35.546538600000005,1.9604269965194594,32.649723,36.962071,5,5.515099567302059
4e1f5d0d-dfac-5477-800d-f585f8e4cd51,High,22.8474,23.1160736,0.6734575891244371,22.53478,24.166355,5,2.913373615164632
4e1f5d0d-dfac-5477-800d-f585f8e4cd51,Low,40.666392,37.7154816,5.457982614283167,31.595089,42.225132,5,14.471464721487653
4e1f5d0d-dfac-5477-800d-f585f8e4cd51,Medium,28.708233,27.8385964,3.264900836789274,22.868807,30.769102,5,11.727964980264858
4e27569a-1e09-5735-8c47-ce3ec1034469,High,24.592912,24.8338648,0.39457371400246766,24.497348,25.284479,5,1.588853435339906
4e27569a-1e09-5735-8c47-ce3ec1034469,Low,38.48541,38.9331522,5.083714766461253,34.760885,47.203992,5,13.05754730658889
4e27569a-1e09-5735-8c47-ce3ec1034469,Medium,31.088111,33.2532812,3.84299253028531,29.607344,37.784455,5,11.556731821957197
4e8e41d1-4f65-5bb1-9515-03c1e5039c28,High,32.737266,32.4449124,0.6614531740174809,31.689985,33.092737,5,2.0386961316544685
4e8e41d1-4f65-5bb1-9515-03c1e5039c28,Low,51.740518,51.652552400000005,3.3619776707785123,46.220552,54.519548,5,6.508831634772248
4e8e41d1-4f65-5bb1-9515-03c1e5039c28,Medium,41.052356,42.0636566,4.938700194131172,37.118411,50.373791,5,11.741014912458116
4efbfd4d-5a0c-5c62-bf37-db1c5e67d403,High,30.915548,30.938696800000002,0.19795793230557834,30.733946,31.205719,5,0.6398392717872278
4efbfd4d-5a0c-5c62-bf37-db1c5e67d403,Low,53.363428,52.294396600000006,1.6852652523660174,50.349433,53.754056,5,3.2226497711726485
4efbfd4d-5a0c-5c62-bf37-db1c5e67d403,Medium,42.311894,40.847365,2.3237420954671357,38.246472,42.854319,5,5.688842096588447
4efe1b98-da81-5c6d-9aa3-5f2ad1fe4529,High,35.422785,35.4146966,0.45881681584952677,34.701448,35.931543,5,1.295554839934805
4efe1b98-da81-5c6d-9aa3-5f2ad1fe4529,Low,57.746407,57.4817766,0.7669830325312298,56.155871,58.116591,5,1.3343064148285733
4efe1b98-da81-5c6d-9aa3-5f2ad1fe4529,Medium,47.263235,46.4121552,2.6339935284161595,43.688109,49.918441,5,5.675223477698272
4f4461c6-d62b-5328-8f3b-800dd35e5de1,High,31.895033,31.7281296,0.3294894136133965,31.267582,31.993286,5,1.038477268491101
4f4461c6-d62b-5328-8f3b-800dd35e5de1,Low,54.404939,52.179477999999996,4.227648060074535,45.091357,55.230956,5,8.102127928674442
4f4461c6-d62b-5328-8f3b-800dd35e5de1,Medium,40.461676,41.591752199999995,2.8533279405464778,39.833832,46.669667,5,6.860321553239293
4f4a5a2d-0b51-5ed2-91da-723ac6bdfcaf,High,30.769309,30.7572944,0.1956879906338153,30.537933,30.97228,5,0.6362327846165017
4f4a5a2d-0b51-5ed2-91da-723ac6bdfcaf,Low,50.703071,52.017775199999996,3.7428077456337103,48.712149,58.315906,5,7.195247646104078
4f4a5a2d-0b51-5ed2-91da-723ac6bdfcaf,Medium,40.973594,41.8740704,1.645170680012048,40.500722,44.463465,5,3.9288530212053328
4f9b0a41-1336-5d08-a8e6-7905d85457a1,High,31.149117,30.422119,1.171650236917357,28.887993,31.363086,5,3.851310413049653
4f9b0a41-1336-5d08-a8e6-7905d85457a1,Low,47.122097,47.068280800000004,1.8112300060960496,44.831913,49.831214,5,3.8480904237659117
4f9b0a41-1336-5d08-a8e6-7905d85457a1,Medium,35.315928,36.5490028,3.6323368734796215,33.276298,40.795495,5,9.938265329306391
4fb86755-81f3-587b-b377-695d2c54a26d,High,29.920651,29.4951766,0.7768234947935724,28.61423,30.287473,5,2.6337306106977922
4fb86755-81f3-587b-b377-695d2c54a26d,Low,46.095153,45.7486596,2.5596630673700584,43.005608,48.316454,5,5.595055876500605
4fb86755-81f3-587b-b377-695d2c54a26d,Medium,36.663319,37.0532856,2.2565280778141896,34.798816,40.624361,5,6.089954079036353
4ff403bc-a62d-5ac2-9296-150e258211d7,High,20.551806,20.565392,0.06883950576522173,20.491647,20.666341,5,0.3347347124004334
4ff403bc-a62d-5ac2-9296-150e258211d7,Low,35.50749,34.9410964,3.0731295097222633,30.998331,39.303297,5,8.795171950363478
4ff403bc-a62d-5ac2-9296-150e258211d7,Medium,27.951869,27.690167600000002,3.410027506219239,22.025937,30.867594,5,12.314939929143796
503a27d6-c901-58ff-97c4-ed11d64603e0,High,34.175231,34.328645,0.3449045918924567,34.139463,34.942677,5,1.0047136783070134
503a27d6-c901-58ff-97c4-ed11d64603e0,Low,56.823625,56.62565120000001,4.298680966845027,52.001784,63.181098,5,7.591402263370398
503a27d6-c901-58ff-97c4-ed11d64603e0,Medium,47.306267,47.0725784,3.4530731318817733,41.417271,50.146671,5,7.335636264789297
5086e784-7196-5863-9b8a-c925cce0b513,High,29.470672,29.150720999999997,0.5966850498244437,28.415458,29.740432,5,2.0468963694738247
5086e784-7196-5863-9b8a-c925cce0b513,Low,48.784901,48.7314992,3.623679408151636,43.135539,53.129764,5,7.436010522228374
5086e784-7196-5863-9b8a-c925cce0b513,Medium,37.223158,36.7145852,1.1822453639590607,34.641716,37.494602,5,3.2200972924489437
50c10c8f-9457-5769-a637-fa5755c80432,High,31.189623,31.286318799999997,0.3762313016658768,30.856033,31.783528,5,1.202542568433704
50c10c8f-9457-5769-a637-fa5755c80432,Low,51.141157,52.4572434,3.7797095125173703,48.921041,56.704431,5,7.205314781213551
50c10c8f-9457-5769-a637-fa5755c80432,Medium,40.011192,41.7841368,2.9440665581703813,39.46267,45.826006,5,7.045895365176914
51268208-64ea-5774-ab37-a5eada5c0b5d,High,36.42955,36.3415336,0.8327850375554897,34.989714,37.273914,5,2.2915517179921374
51268208-64ea-5774-ab37-a5eada5c0b5d,Low,57.877424,56.389373,3.371976911688896,52.778994,60.041838,5,5.979809195056834
51268208-64ea-5774-ab37-a5eada5c0b5d,Medium,46.062059,45.568257599999995,1.5075079353952985,43.959288,47.175499,5,3.308241339022141
51bf61fc-4bef-5a0b-ba3a-db560b7c15ae,High,29.876167,29.5322622,0.7128053975670358,28.464813,30.123807,5,2.413649834000985
51bf61fc-4bef-5a0b-ba3a-db560b7c15ae,Low,44.631071,46.516004800000005,3.6354922285549858,43.087724,50.829825,5,7.815572820980932
51bf61fc-4bef-5a0b-ba3a-db560b7c15ae,Medium,35.677408,37.3159116,2.5175321291626633,35.358288,40.491808,5,6.7465379277044475
51f25864-70bb-5a54-8692-45f1235084d4,High,34.985833,35.180127,0.5285011489140797,34.644978,35.958025,5,1.5022718619352333
51f25864-70bb-5a54-8692-45f1235084d4,Low,58.194563,57.23333720000001,3.328665696663412,52.161398,60.266201,5,5.815955978648422
51f25864-70bb-5a54-8692-45f1235084d4,Medium,47.412535,46.1996726,2.8390716945318246,43.081632,49.468172,5,6.145220376587311
521d4d2a-f633-59a7-884a-f3bbc4929ee4,High,31.29446,31.1278886,0.2775605049188375,30.815561,31.356522,5,0.8916779049345399
521d4d2a-f633-59a7-884a-f3bbc4929ee4,Low,52.843838,51.9760728,1.5588474008249482,49.386325,53.086194,5,2.999163493600748
521d4d2a-f633-59a7-884a-f3bbc4929ee4,Medium,39.974469,41.8858302,2.822753358871034,39.632626,45.319596,5,6.739160583406638
52ae4d57-4a9b-5ed4-ac7a-40f98ad53cf8,High,21.632735,21.7758962,0.5257369845166868,21.421937,22.692212,5,2.414306991951435
52ae4d57-4a9b-5ed4-ac7a-40f98ad53cf8,Low,36.845909,35.9703074,2.8433318342191956,31.974684,39.511523,5,7.9046637066526575
52ae4d57-4a9b-5ed4-ac7a-40f98ad53cf8,Medium,27.211112,27.5582784,2.1251922869717697,25.116004,30.220599,5,7.7116293555252335
52bb35c2-0cf8-5d76-95d2-18cee5bf6593,High,36.340498,36.2681404,0.6753476776711362,35.162545,36.965243,5,1.8620962371457463
52bb35c2-0cf8-5d76-95d2-18cee5bf6593,Low,58.137745,57.3110178,2.7282100487055065,52.637324,59.781658,5,4.760358746770514
52bb35c2-0cf8-5d76-95d2-18cee5bf6593,Medium,44.791783,45.9009198,2.224786283330082,44.075208,49.471579,5,4.8469318110049775
532cb3d3-5f9c-59aa-ba03-f6e2230b8058,High,32.486935,33.622381000000004,1.646866865782267,32.415467,35.944678,5,4.898126833380024
532cb3d3-5f9c-59aa-ba03-f6e2230b8058,Low,51.908179,51.7248638,3.4512785710893725,46.570893,54.851035,5,6.672378267508115
532cb3d3-5f9c-59aa-ba03-f6e2230b8058,Medium,39.120942,40.593115999999995,2.3659033594870285,38.643207,43.289549,5,5.828336409274491
537539b2-1eca-55bc-ae30-d94747c11b06,High,34.538066,34.2975852,1.0652685381244014,32.442194,35.073291,5,3.105957844881748
537539b2-1eca-55bc-ae30-d94747c11b06,Low,52.081356,52.90677000000001,2.402976155400943,49.807597,55.671221,5,4.541906745395613
537539b2-1eca-55bc-ae30-d94747c11b06,Medium,42.523681,41.0220298,2.313685788870585,38.404496,42.814569,5,5.640105572909961
5411e666-5a63-5f28-a5a2-7bc1f5150776,High,24.588833,25.0205554,0.7153318328533269,24.471257,26.100542,5,2.8589766350803183
5411e666-5a63-5f28-a5a2-7bc1f5150776,Low,42.338867,40.1070728,4.6439051872621935,32.734624,44.298078,5,11.578768688554588
5411e666-5a63-5f28-a5a2-7bc1f5150776,Medium,30.566886,32.071058,3.716751085230148,28.745138,37.052035,5,11.589112792069873
54298a4f-f346-5f67-b4ee-f227d2229aae,High,31.019067,31.1282766,0.2523330557136739,30.899414,31.524076,5,0.8106232765667276
54298a4f-f346-5f67-b4ee-f227d2229aae,Low,50.888733,51.6137356,2.767493123040472,49.137328,56.11226,5,5.361931452681894
54298a4f-f346-5f67-b4ee-f227d2229aae,Medium,40.212374,41.0538702,1.8319526188034176,40.133937,44.325995,5,4.462314051948792
54c0ed51-46da-5da8-9f73-58b52d6e42c3,High,34.52461,33.7853604,1.1947011274491617,32.404425,34.894133,5,3.536150312752507
54c0ed51-46da-5da8-9f73-58b52d6e42c3,Low,49.76426,51.6090776,5.2427125824991405,46.588136,58.86687,5,10.158508592486722
54c0ed51-46da-5da8-9f73-58b52d6e42c3,Medium,42.70425,41.2397388,2.349371046494297,38.484303,43.081296,5,5.6968620918964135
54d025f6-1c5c-5346-9eb1-7e7aa9bcda0c,High,20.96369,21.063246,0.450692329047212,20.685872,21.842122,5,2.139709753412233
54d025f6-1c5c-5346-9eb1-7e7aa9bcda0c,Low,34.422701,33.9214048,2.2969032539793006,30.254966,36.517342,5,6.77125038754085
54d025f6-1c5c-5346-9eb1-7e7aa9bcda0c,Medium,27.668438,27.4141386,2.5515135245977634,23.15228,29.577811,5,9.307290525618644
54df7f5f-495d-5d7c-9e6b-3be8a0dfe2bf,High,26.665852,27.452929,1.881905430915963,25.834024,30.393389,5,6.855026037170616
54df7f5f-495d-5d7c-9e6b-3be8a0dfe2bf,Low,39.975668,39.9449058,0.10388854196541414,39.833083,40.073767,5,0.26007957681906496
54df7f5f-495d-5d7c-9e6b-3be8a0dfe2bf,Medium,30.239218,31.1130492,1.7317240870677688,29.838162,33.878793,5,5.5659092618532835
553317d2-cdb9-54a5-9289-aabfce273dab,High,36.21816,36.0074922,0.4873956112407045,35.135748,36.237383,5,1.3535949922130497
553317d2-cdb9-54a5-9289-aabfce273dab,Low,58.925954,56.853094399999996,3.2777239714760626,53.207373,59.467841,5,5.765251664957858
553317d2-cdb9-54a5-9289-aabfce273dab,Medium,44.573528,45.6560446,3.77549567059377,40.539577,49.787028,5,8.269432237662064
55545e5d-dbb4-5fa8-981c-8ced94adfd83,High,24.019584,24.0935484,0.15366853485115325,23.947148,24.322357,5,0.6377995150401061
55545e5d-dbb4-5fa8-981c-8ced94adfd83,Low,38.951494,39.9005316,1.7625667867656247,38.868727,42.977633,5,4.4174017640547545
55545e5d-dbb4-5fa8-981c-8ced94adfd83,Medium,31.675033,32.1448608,1.9943820083762032,29.684818,34.87902,5,6.204357271244439
55665210-a7dc-5c7a-89e2-9d37a0f10f3f,High,20.540391,20.662629000000003,0.30126976970150854,20.49992,21.199974,5,1.4580418092078626
55665210-a7dc-5c7a-89e2-9d37a0f10f3f,Low,35.133092,34.7539182,3.2657958291386953,30.760857,39.411591,5,9.396914069788814
55665210-a7dc-5c7a-89e2-9d37a0f10f3f,Medium,28.235926,27.8407866,3.3508684969453513,22.22654,30.807499,5,12.035825514158969
55b7806d-cf0f-583f-a2a6-d3aaf3b7acdc,High,27.192324,27.232939199999997,0.14111332301983381,27.074623,27.457625,5,0.5181714760330896
55b7806d-cf0f-583f-a2a6-d3aaf3b7acdc,Low,46.284869,45.280186400000005,2.6308193347810485,42.214027,48.2019,5,5.810089454006859
55b7806d-cf0f-583f-a2a6-d3aaf3b7acdc,Medium,37.961531,39.0867518,2.509075868068003,36.871877,42.473989,5,6.41924885676482
560a78dd-0bf6-5783-a15c-e3d10bcf3ba7,High,28.011539,27.922366,0.4263407239761416,27.418465,28.51973,5,1.5268789327385135
560a78dd-0bf6-5783-a15c-e3d10bcf3ba7,Low,47.54436,47.0445162,2.0734795443787717,44.336863,49.677734,5,4.40748404248394
560a78dd-0bf6-5783-a15c-e3d10bcf3ba7,Medium,36.36583,35.8649728,1.4171041228020977,33.993926,37.264345,5,3.9512204029946956
56d6c8a3-df88-5325-99cc-d0913a7e1e04,High,21.880104,22.2405224,0.6190765183059366,21.800129,23.255249,5,2.783552054991013
56d6c8a3-df88-5325-99cc-d0913a7e1e04,Low,34.090371,34.4307264,2.2454805590177775,31.372223,36.643418,5,6.5217344906721975
56d6c8a3-df88-5325-99cc-d0913a7e1e04,Medium,26.042562,27.300219200000004,2.3384660430935713,25.385432,30.728491,5,8.565740904723471
56fa52e5-ac62-5ea5-bc4a-4d171532443b,High,30.963893,31.1060334,0.3293543466462833,30.797086,31.625502,5,1.0588117823029255
56fa52e5-ac62-5ea5-bc4a-4d171532443b,Low,51.193688,52.481430599999996,3.6266716355675617,49.1486,56.553139,5,6.910390197266388
56fa52e5-ac62-5ea5-bc4a-4d171532443b,Medium,40.224037,40.1971322,0.10646102576389302,40.020969,40.286284,5,0.2648473160577685
570e915c-091d-50d7-b86c-d80031c489d4,High,38.037267,38.060878,0.2508129268757896,37.726997,38.417356,5,0.6589783001742355
570e915c-091d-50d7-b86c-d80031c489d4,Low,57.982414,58.2857794,0.7814076712163772,57.43825,59.267477,5,1.340648918587468
570e915c-091d-50d7-b86c-d80031c489d4,Medium,48.271747,48.105237599999995,1.0441179505248936,46.350995,49.05459,5,2.170487045936332
5767e7e9-cedc-5f35-a529-4f4c45b8df2e,High,25.431381,25.280767,0.6119718852974367,24.626423,25.954458,5,2.420701418186548
5767e7e9-cedc-5f35-a529-4f4c45b8df2e,Low,39.009929,39.5234974,3.2963922810261526,34.723377,42.748531,5,8.340335491226423
5767e7e9-cedc-5f35-a529-4f4c45b8df2e,Medium,36.600993,34.9299046,4.988725467065539,28.722554,40.792277,5,14.282104472353865
578a0cb7-eb86-557c-a856-370b35f15697,High,27.979078,27.850383800000003,0.29101770790915626,27.494357,28.192189,5,1.0449324863851832
578a0cb7-eb86-557c-a856-370b35f15697,Low,46.313735,46.6897482,1.751992308091335,44.50064,48.773588,5,3.752413271938218
578a0cb7-eb86-557c-a856-370b35f15697,Medium,36.455234,37.2442894,3.7505776035233267,33.910445,43.6416,5,10.070208517720644
57a6b1c4-caa0-54f5-9bf9-1c29ffd0f9f9,High,36.227668,36.1765542,0.3204596897141682,35.655995,36.538369,5,0.8858214852153283
57a6b1c4-caa0-54f5-9bf9-1c29ffd0f9f9,Low,59.098776,57.965702,2.7349432250465466,53.107092,59.471158,5,4.718209442277688
57a6b1c4-caa0-54f5-9bf9-1c29ffd0f9f9,Medium,47.683669,47.1518368,2.338009870232309,44.420754,49.481152,5,4.958470398829318
57d08e8c-e7b9-57e0-a988-5ff06945e061,High,30.742756,30.695516400000002,0.16520503309009685,30.502566,30.907014,5,0.5382057461984802
57d08e8c-e7b9-57e0-a988-5ff06945e061,Low,50.871881,51.877266199999994,3.2269525102025756,48.662825,57.179929,5,6.220359603688168
57d08e8c-e7b9-57e0-a988-5ff06945e061,Medium,42.457715,41.6885056,3.2732819434525964,38.241302,46.301091,5,7.8517612860956
57ddcdd0-5c2b-520a-9a5d-7bb6deba6165,High,25.051887,25.139489,0.2342244094314256,24.981196,25.554267,5,0.9316991663252407
57ddcdd0-5c2b-520a-9a5d-7bb6deba6165,Low,39.722202,39.9399562,0.4160867047427726,39.568404,40.522511,5,1.0417805734668597
57ddcdd0-5c2b-520a-9a5d-7bb6deba6165,Medium,33.385094,31.932477799999997,2.7443360849091905,27.285911,33.960989,5,8.59418458566717
58332f6a-b247-5419-ae5c-b44aad21a282,High,25.05561,25.2741026,0.5003729739222523,25.028538,26.16848,5,1.9797853235044331
58332f6a-b247-5419-ae5c-b44aad21a282,Low,39.383545,40.597414199999996,2.5862259442948314,39.080309,45.182351,5,6.370420370997007
58332f6a-b247-5419-ae5c-b44aad21a282,Medium,30.670648,32.094565599999996,5.628660974258559,25.11709,37.987765,5,17.537738458309466
5861d70e-e9f4-592a-8df1-745c47b242a2,High,24.041541,24.0165098,0.1917544865725432,23.781656,24.244352,5,0.7984277822606147
5861d70e-e9f4-592a-8df1-745c47b242a2,Low,39.403159,40.312662599999996,1.9580411791306402,39.328589,43.807284,5,4.857136822142431
5861d70e-e9f4-592a-8df1-745c47b242a2,Medium,31.259487,31.6024906,1.6455991108647323,29.297945,33.282395,5,5.207181711383003
58a736f7-eba2-56c5-be71-ab106e2e30da,High,33.292569,32.8880496,0.6405234595686565,31.959225,33.382585,5,1.9475872463068058
58a736f7-eba2-56c5-be71-ab106e2e30da,Low,51.487929,51.5487874,2.2346474775795837,49.542769,54.951549,5,4.335014634271657
58a736f7-eba2-56c5-be71-ab106e2e30da,Medium,38.972853,40.3549954,3.1875831383895386,36.605627,44.276275,5,7.898856403758972
58f9101f-671f-5af0-a55e-863a70bfd383,High,32.226389,31.8474042,0.5520807928543602,31.216489,32.275636,5,1.733518968727631
58f9101f-671f-5af0-a55e-863a70bfd383,Low,50.927256,51.627595799999995,2.1516132783267987,48.921736,54.564968,5,4.167564351944506
58f9101f-671f-5af0-a55e-863a70bfd383,Medium,39.98496,40.7315676,1.814130636362993,39.533643,43.945873,5,4.453868935707235
59119887-97cf-583b-87a0-4cb04a93d968,High,31.856549,32.1227506,0.6383724850013499,31.515519,32.903049,5,1.9872908548539732
59119887-97cf-583b-87a0-4cb04a93d968,Low,52.064743,52.8429292,3.2103965401891856,49.582243,56.61067,5,6.075356890301201
59119887-97cf-583b-87a0-4cb04a93d968,Medium,40.948615,41.889694,4.428311442176011,35.800955,46.271257,5,10.571362593806514
591f7192-0db6-5355-bab8-13723fdf9764,High,20.605643,20.7158878,0.30875359035353817,20.479794,21.238472,5,1.4904193020080856
591f7192-0db6-5355-bab8-13723fdf9764,Low,35.219895,34.616164000000005,1.8185364570016171,32.610722,36.337459,5,5.253431480742976
591f7192-0db6-5355-bab8-13723fdf9764,Medium,28.318657,27.0664596,3.505802642084378,23.239931,30.262647,5,12.952571905948046
597ce5ee-2a19-5d81-b0a7-8564ae063242,High,21.578801,21.5595462,0.04684514618613216,21.477975,21.592091,5,0.21728261695105697
597ce5ee-2a19-5d81-b0a7-8564ae063242,Low,32.149098,34.0927042,4.134572900064734,30.039805,40.500951,5,12.12744191780696
597ce5ee-2a19-5d81-b0a7-8564ae063242,Medium,26.563198,27.802995599999996,2.609244102760471,25.403869,31.044005,5,9.384758895406478
598498b9-413c-579a-8486-83a4a29329ce,High,30.967917,30.956334,0.1696916753423689,30.714576,31.173723,5,0.5481646351999203
598498b9-413c-579a-8486-83a4a29329ce,Low,52.277254,52.018998999999994,1.5033602038759712,50.43649,53.753793,5,2.8900214013652423
598498b9-413c-579a-8486-83a4a29329ce,Medium,41.867408,40.506400400000004,2.9110759442225653,36.549764,43.474119,5,7.186706089595078
5991f28b-9414-552e-94c6-4f311aa07941,High,29.460158,29.433020799999998,0.7244477523463666,28.36753,30.108809,5,2.461343527288802
5991f28b-9414-552e-94c6-4f311aa07941,Low,44.093562,45.657059200000006,3.1575952895678694,43.005163,49.918255,5,6.91589722355107
5991f28b-9414-552e-94c6-4f311aa07941,Medium,37.409818,36.8377206,2.103033935976853,33.154511,38.324189,5,5.708914400031725
59c4591e-3989-5ee5-b771-5d4c6527a315,High,25.001721,25.248472200000002,0.6354151438710753,24.874499,26.380232,5,2.5166478939310846
59c4591e-3989-5ee5-b771-5d4c6527a315,Low,41.548305,40.7297618,5.120457240638741,35.621455,47.41357,5,12.571782928125893
59c4591e-3989-5ee5-b771-5d4c6527a315,Medium,33.680773,32.0654644,3.2403208878445673,28.232953,35.31087,5,10.105329670025197
59c5ec8a-0492-5718-a4d7-f227cccc32fe,High,29.462302,29.199717600000003,0.827491364417056,28.280051,30.309577,5,2.8339019430004893
59c5ec8a-0492-5718-a4d7-f227cccc32fe,Low,44.325603,46.0638706,4.150201048414558,42.286233,50.817768,5,9.00966634882514
59c5ec8a-0492-5718-a4d7-f227cccc32fe,Medium,37.51784,37.595038,3.098630087610652,32.852137,41.165685,5,8.242125164524776
5a3737c3-fbb2-5b5a-8d7e-25bec66df710,High,27.700394,27.834339399999998,0.5488383012256888,27.412597,28.781555,5,1.9718028631413784
5a3737c3-fbb2-5b5a-8d7e-25bec66df710,Low,46.138911,46.6332946,1.7739025742636763,44.261274,48.805904,5,3.803940059306203
5a3737c3-fbb2-5b5a-8d7e-25bec66df710,Medium,36.810117,36.4822664,1.1796415527109478,34.409776,37.285768,5,3.2334656508920943
5ac22bab-2751-55b4-b246-f654a24149e3,High,24.044565,24.1204308,0.23768515342191632,23.820901,24.449676,5,0.9854100674765572
5ac22bab-2751-55b4-b246-f654a24149e3,Low,39.72561,41.0384344,2.262015220467866,38.831639,43.807079,5,5.511943263770964
5ac22bab-2751-55b4-b246-f654a24149e3,Medium,33.366514,31.7843974,3.1405558633165245,26.537536,33.938742,5,9.880809831922516
5ad3d190-aa6d-5af9-95d0-186aa170d032,High,21.169746,21.2709412,0.3006094168679678,21.059671,21.798414,5,1.4132398469888479
5ad3d190-aa6d-5af9-95d0-186aa170d032,Low,33.369653,33.8407276,3.285160081775437,31.276052,39.445203,5,9.707711136138327
5ad3d190-aa6d-5af9-95d0-186aa170d032,Medium,28.691564,28.763639599999998,1.2025413496654904,27.425917,30.196832,5,4.180769076474906
5b3f2cd2-94c2-5aef-bef2-55f45dcd80b9,High,34.855172,34.8811728,0.14698174623129254,34.697218,35.086768,5,0.42137845270871316
5b3f2cd2-94c2-5aef-bef2-55f45dcd80b9,Low,56.210377,57.348830199999995,2.4975238659840087,54.438174,60.200727,5,4.354969155036067
5b3f2cd2-94c2-5aef-bef2-55f45dcd80b9,Medium,47.922595,46.805995,2.4555977020343773,42.895982,49.183708,5,5.24633159071691
5b5f5348-d20d-59cf-b3bc-1300c909f57a,High,20.576584,20.607830999999997,0.11101074547538174,20.473762,20.771584,5,0.5386823362215157
5b5f5348-d20d-59cf-b3bc-1300c909f57a,Low,35.567978,35.9319882,3.4028344741569794,32.561588,39.52101,5,9.47020926094198
5b5f5348-d20d-59cf-b3bc-1300c909f57a,Medium,26.489764,28.044984999999997,2.9392547507361484,26.294945,33.150902,5,10.480500348765203
5b6c363e-f668-5b56-9d9d-ceae6a68243e,High,35.464481,35.395915200000005,0.41370142995124165,34.69594,35.772263,5,1.1687829728760386
5b6c363e-f668-5b56-9d9d-ceae6a68243e,Low,57.840259,57.6438778,0.9496808447756021,56.037163,58.574173,5,1.6474964575953668
5b6c363e-f668-5b56-9d9d-ceae6a68243e,Medium,43.807626,45.0531388,2.0595669040780633,43.427735,48.004749,5,4.571417128606505
5b836fd8-e7e6-5c35-8826-28cb27241912,High,30.752301,30.692600399999996,0.10517895180975957,30.553823,30.790998,5,0.3426850460339606
5b836fd8-e7e6-5c35-8826-28cb27241912,Low,52.296527,51.9622528,2.4693603993168356,48.527164,54.678083,5,4.752219671501301
5b836fd8-e7e6-5c35-8826-28cb27241912,Medium,40.5334,40.625676399999996,0.28969326792367817,40.343431,41.026115,5,0.7130792483831191
5baa184a-7598-5583-9a53-53c4490596ee,High,27.275568,27.39602,0.39948563753782174,27.141977,28.101785,5,1.4581885892104829
5baa184a-7598-5583-9a53-53c4490596ee,Low,46.822547,45.9481046,3.355791270763246,42.295069,49.120035,5,7.303437867518143
5baa184a-7598-5583-9a53-53c4490596ee,Medium,34.52683,35.2251964,1.9215576424217151,32.747548,37.348172,5,5.455065801767155
5bbbe317-cdc2-5cd6-83c1-e78ef21185ca,High,31.354521,31.2258264,0.27524127136986404,30.765902,31.433346,5,0.8814539216482163
5bbbe317-cdc2-5cd6-83c1-e78ef21185ca,Low,50.980496,53.419048399999994,4.9707415828153145,49.273408,60.527282,5,9.305185569002601
5bbbe317-cdc2-5cd6-83c1-e78ef21185ca,Medium,39.980591,42.4368654,3.4845123659636084,39.936706,47.317016,5,8.211050305246175
5bd88827-283b-5e00-a82b-34d3c9cf8c35,High,36.731272,36.571002799999995,0.7359814162475159,35.295747,37.17722,5,2.01247261463532
5bd88827-283b-5e00-a82b-34d3c9cf8c35,Low,58.676615,57.5638772,3.2883493161072774,51.798857,59.901147,5,5.712522290119953
5bd88827-283b-5e00-a82b-34d3c9cf8c35,Medium,44.249478,45.0201776,2.9482223339013607,42.167557,49.491665,5,6.548668821558272
5cab488c-fc87-590e-b92b-f6a390a28e7b,High,27.822294,27.780967800000003,0.3003506017302119,27.431305,28.183399,5,1.0811380074750738
5cab488c-fc87-590e-b92b-f6a390a28e7b,Low,47.87644,45.745032,5.007058469397074,40.325389,50.426853,5,10.94557867922592
5cab488c-fc87-590e-b92b-f6a390a28e7b,Medium,36.831036,36.6851136,0.915117087888376,35.139471,37.536197,5,2.4945188881420717
5cd063e2-d56b-5df1-8b02-fad4bbef6579,High,27.9661,28.2556738,0.49272383910178164,27.832403,28.899292,5,1.7438049525535706
5cd063e2-d56b-5df1-8b02-fad4bbef6579,Low,41.908818,44.918048,4.270467959523817,41.620929,49.838516,5,9.507242967289711
5cd063e2-d56b-5df1-8b02-fad4bbef6579,Medium,36.514553,37.170387999999996,3.907254386799827,34.114584,43.824811,5,10.511739578289651
5d31e1d6-dd8c-5884-b327-db2187b33764,High,37.826677,37.0803278,1.1686815105244441,35.654636,38.117175,5,3.1517561463532804
5d31e1d6-dd8c-5884-b327-db2187b33764,Low,58.138724,57.5388612,1.3976037175639944,55.042174,58.243207,5,2.428973546601917
5d31e1d6-dd8c-5884-b327-db2187b33764,Medium,48.48206,47.416489,3.049056538164798,43.013995,51.079976,5,6.430371802021861
5dc38dc4-d7f7-5eb5-9ea1-a87aed08aeff,High,27.77,27.787851,0.2499985510118014,27.560885,28.192604,5,0.899668531444916
5dc38dc4-d7f7-5eb5-9ea1-a87aed08aeff,Low,44.415316,44.536746,2.6868666172552196,40.39232,47.577541,5,6.0329208093811335
5dc38dc4-d7f7-5eb5-9ea1-a87aed08aeff,Medium,36.682868,37.808136000000005,3.8757899449079427,34.324956,44.474161,5,10.251206102591098
5e5af274-2b10-5877-930c-747dbafbff36,High,20.585728,20.5730428,0.09371489186463429,20.443443,20.693505,5,0.455522757502037
5e5af274-2b10-5877-930c-747dbafbff36,Low,35.477999,34.9952856,3.5115028209349757,30.55604,39.883204,5,10.034216783002838
5e5af274-2b10-5877-930c-747dbafbff36,Medium,28.826892,28.5776852,1.5982940111533588,26.102986,30.433471,5,5.592804315562125
5e7d4fa9-89b5-52fa-b436-237eabba8acb,High,33.467265,33.2961868,0.7998993163718778,31.942423,34.043853,5,2.4023751463692467
5e7d4fa9-89b5-52fa-b436-237eabba8acb,Low,51.453683,51.399208,2.0899876515905564,49.517216,54.741593,5,4.066186489859058
5e7d4fa9-89b5-52fa-b436-237eabba8acb,Medium,40.517555,40.817216,1.9694728900796015,38.854444,42.972289,5,4.825103432041032
5e7e1664-67bf-5efc-a286-7f1b9bdc20a0,High,28.603772,29.097163000000002,0.8305618326045926,28.381197,30.021395,5,2.8544426568479975
5e7e1664-67bf-5efc-a286-7f1b9bdc20a0,Low,46.437289,46.4394664,1.9817494133300002,43.336965,48.24418,5,4.2673819639968995
5e7e1664-67bf-5efc-a286-7f1b9bdc20a0,Medium,34.656123,35.677227800000004,2.2954499780815745,33.941426,39.664357,5,6.433935929521896
5e9ee4ae-31d4-50b7-8fb7-03920323038f,High,32.914387,32.810723,0.7334300657032677,31.625789,33.63132,5,2.2353364956428043
5e9ee4ae-31d4-50b7-8fb7-03920323038f,Low,52.312736,53.6573084,2.8218373296716273,50.766859,57.397878,5,5.258999032593344
5e9ee4ae-31d4-50b7-8fb7-03920323038f,Medium,40.422493,40.9084156,3.9365943214667563,37.020868,45.214612,5,9.622944970439667
5ecc8159-9db9-5f02-ab6d-9d0586f40caf,High,31.271179,30.910515800000002,1.861328221590082,29.0353,33.488955,5,6.021666651030397
5ecc8159-9db9-5f02-ab6d-9d0586f40caf,Low,46.111291,45.4999838,2.131313493208168,43.210043,48.270615,5,4.684207147362035
5ecc8159-9db9-5f02-ab6d-9d0586f40caf,Medium,35.406399,35.5779136,2.5426677002842486,33.202615,39.740158,5,7.146758882129188
5ef8135f-a72b-55cd-82ca-30d2be11c3a6,High,31.559786,31.814318800000002,0.5770889132644106,31.242988,32.560945,5,1.8139282405896133
5ef8135f-a72b-55cd-82ca-30d2be11c3a6,Low,50.739452,50.716927,2.4327728705232614,48.556458,54.666373,5,4.796767104054355
5ef8135f-a72b-55cd-82ca-30d2be11c3a6,Medium,40.436061,42.1057772,2.844607536108574,39.910159,46.217542,5,6.755860419335933
5f21abad-e8a7-5390-8c54-664bcbe8c078,High,32.103541,31.967580199999997,0.4372076048974907,31.244084,32.401068,5,1.3676593666526276
5f21abad-e8a7-5390-8c54-664bcbe8c078,Low,50.782307,50.2190612,1.1459056360031135,48.777464,51.213181,5,2.2818141331624764
5f21abad-e8a7-5390-8c54-664bcbe8c078,Medium,40.444004,41.0740362,1.6972112288696433,39.956,44.042276,5,4.132078037340881
5f6bc0de-3f05-5189-b5d0-1ea18e4e9175,High,36.245973,36.1878122,0.7658823163017259,35.030216,37.181385,5,2.1164095581929816
5f6bc0de-3f05-5189-b5d0-1ea18e4e9175,Low,58.389972,57.870152600000004,2.764233492935937,54.894556,60.618678,5,4.776613450533629
5f6bc0de-3f05-5189-b5d0-1ea18e4e9175,Medium,44.386225,45.686023399999996,3.774842176038926,41.059999,49.690534,5,8.262575499269492
5fe3a987-a36a-529e-a260-389df65ce7d7,High,31.070982,31.080687599999997,0.25742006583073396,30.787462,31.423665,5,0.8282315666360418
5fe3a987-a36a-529e-a260-389df65ce7d7,Low,51.060597,51.46782940000001,5.420580191603874,43.812282,56.867682,5,10.531977460086695
5fe3a987-a36a-529e-a260-389df65ce7d7,Medium,40.205441,40.2211834,0.20485096121277654,40.034304,40.560748,5,0.5093111238809959
601e45bb-5c41-5b8c-a3be-ebceef7a904a,High,27.201091,27.319122600000004,0.1976630396528391,27.175686,27.641374,5,0.723533630808623
601e45bb-5c41-5b8c-a3be-ebceef7a904a,Low,49.018669,48.934995400000005,4.813152875881288,42.221837,55.193816,5,9.835809396809072
601e45bb-5c41-5b8c-a3be-ebceef7a904a,Medium,37.080804,37.073629,1.5555609742044798,34.638995,38.443124,5,4.195869182929138
60b21c7f-6e2c-5538-9dbc-4cfcd985e703,High,30.784161,30.810234400000002,0.19955834816238555,30.62573,31.089366,5,0.6477014928597412
60b21c7f-6e2c-5538-9dbc-4cfcd985e703,Low,50.932037,50.896394199999996,3.425816597409834,46.221407,55.30029,5,6.7309613013996845
60b21c7f-6e2c-5538-9dbc-4cfcd985e703,Medium,40.261367,40.2882348,0.1898275138769403,40.073932,40.527646,5,0.4711735692052219
60b5f9a2-1c72-5658-a11c-82fb41d84efb,High,35.257556,35.2651406,0.49949490745682246,34.521645,35.913122,5,1.4163984573956936
60b5f9a2-1c72-5658-a11c-82fb41d84efb,Low,57.951298,57.335729,1.3352704404458686,54.951855,58.013823,5,2.3288627592855207
60b5f9a2-1c72-5658-a11c-82fb41d84efb,Medium,46.457944,45.797736199999996,2.0921713811546843,43.113901,47.758639,5,4.5682855851610515
60c708fb-7463-52e9-96b5-b50c816fcb7e,High,21.564871,21.5793474,0.09500733982329931,21.46299,21.683517,5,0.4402697545121282
60c708fb-7463-52e9-96b5-b50c816fcb7e,Low,36.23252,35.975932,4.629409294553843,30.549707,40.822318,5,12.868073284533235
60c708fb-7463-52e9-96b5-b50c816fcb7e,Medium,26.931071,26.983946600000003,5.83196751082641,21.646405,35.688291,5,21.612729958583632
60f4fcd1-7ce9-5cfa-a3f0-10f5b0c6b9c2,High,35.339913,35.3669632,0.3644578064395115,34.837693,35.796746,5,1.0305035362479509
60f4fcd1-7ce9-5cfa-a3f0-10f5b0c6b9c2,Low,58.908548,59.385707000000004,1.1891616479026286,58.24429,61.202477,5,2.002437468501686
60f4fcd1-7ce9-5cfa-a3f0-10f5b0c6b9c2,Medium,44.383615,45.6851102,2.6336120785921024,44.190428,50.339308,5,5.7647055398634075
60f6c6a6-3f90-5c95-b133-fb89f511778b,High,29.824425,29.4234122,0.7363031669242639,28.610935,30.13297,5,2.5024397643597025
60f6c6a6-3f90-5c95-b133-fb89f511778b,Low,46.300912,46.0248,2.7009709760711047,43.175774,49.931853,5,5.868512141434846
60f6c6a6-3f90-5c95-b133-fb89f511778b,Medium,36.029616,36.1614592,3.705063592641118,32.354858,40.293616,5,10.245890720696131
619109fa-03e4-5569-b261-fb3c7168a802,High,32.90889,32.9009108,0.5487516272519851,32.171485,33.697955,5,1.667891903016816
619109fa-03e4-5569-b261-fb3c7168a802,Low,51.407874,51.39332520000001,1.8592213866623546,49.835399,54.41789,5,3.617632016272717
619109fa-03e4-5569-b261-fb3c7168a802,Medium,41.082874,41.3611446,0.9925543091920974,40.497688,43.016506,5,2.3997264069720576
61dc44e2-e46d-5e6b-95ac-e043762ab645,High,21.249509,21.413363,0.4221461896624209,21.089635,22.15154,5,1.9714147173539296
61dc44e2-e46d-5e6b-95ac-e043762ab645,Low,34.924744,33.7606904,4.911204125699807,25.706252,38.918646,5,14.547108093795991
61dc44e2-e46d-5e6b-95ac-e043762ab645,Medium,27.341617,26.935336799999998,0.9991624951158853,25.215287,27.670448,5,3.709485804966379
620d9268-5068-56e4-a5d7-ff1182c62f4e,High,30.906483,31.109999199999997,0.5042259382332487,30.677178,31.967503,5,1.6207841568612085
620d9268-5068-56e4-a5d7-ff1182c62f4e,Low,49.37344,49.8735712,3.710056953418533,46.246256,54.30946,5,7.4389237910008195
620d9268-5068-56e4-a5d7-ff1182c62f4e,Medium,40.357876,41.242609,1.9257244316590298,40.220943,44.673722,5,4.6692594827330876
624d2838-e9b9-5cf2-a4e3-98b8223b1ec6,High,24.406896,24.3088346,0.1769610977864903,24.067776,24.472698,5,0.7279703066739789
624d2838-e9b9-5cf2-a4e3-98b8223b1ec6,Low,40.860833,39.4121016,2.823096777024708,35.562663,42.254846,5,7.163020144616465
624d2838-e9b9-5cf2-a4e3-98b8223b1ec6,Medium,31.551642,31.141801199999996,3.394935433322512,26.584842,35.079036,5,10.901538454758718
6288f687-272a-5bcd-96e5-7949c796f2de,High,21.822183,21.8392116,0.20986477310949542,21.521388,22.048572,5,0.9609539801770839
6288f687-272a-5bcd-96e5-7949c796f2de,Low,33.386101,33.904281600000004,2.7218594866636305,31.323311,37.108021,5,8.02807007910066
6288f687-272a-5bcd-96e5-7949c796f2de,Medium,27.909598,27.2925228,2.916557053695624,23.347777,31.27169,5,10.686286039103809
63047105-0340-5762-845b-da1a3ade3c5e,High,35.076845,34.0885816,1.601747739037831,32.237807,35.411417,5,4.69878083468815
63047105-0340-5762-845b-da1a3ade3c5e,Low,51.59403,51.581765,2.122843501480738,49.533388,54.812942,5,4.11549217340806
63047105-0340-5762-845b-da1a3ade3c5e,Medium,38.826384,39.769822,1.6966141428545267,38.65568,42.65983,5,4.266084326086566
631c1806-67e4-55a9-afef-711bfc187b87,High,20.722205,20.7149844,0.14487295551033705,20.52227,20.908728,5,0.6993630924980907
631c1806-67e4-55a9-afef-711bfc187b87,Low,35.47072,34.8037238,3.2140123490169894,30.971803,39.394275,5,9.234679505809058
631c1806-67e4-55a9-afef-711bfc187b87,Medium,27.598055,27.476389599999997,1.5642757953592443,25.762583,29.781587,5,5.6931635419787625
631dca55-1dac-5020-b137-a5a23fb07420,High,34.434474,34.4787118,0.34342518086651763,34.09705,35.01747,5,0.9960499187400546
631dca55-1dac-5020-b137-a5a23fb07420,Low,57.413006,57.11696500000001,1.5864171568611767,54.390679,58.338635,5,2.777488539282815
631dca55-1dac-5020-b137-a5a23fb07420,Medium,44.310283,45.469091,2.0828841517536434,43.722658,48.431172,5,4.580879243338389
6385615f-741a-568d-a792-0342106dcf0c,High,27.944411,27.865153599999996,0.2991419328191897,27.471977,28.150235,5,1.0735341247829684
6385615f-741a-568d-a792-0342106dcf0c,Low,45.737339,46.2381794,1.4134820796604761,44.593754,47.743623,5,3.0569587687106816
6385615f-741a-568d-a792-0342106dcf0c,Medium,37.335467,36.957797,2.1765754058275792,34.825076,40.201493,5,5.889353756198128
6481aaa7-95d7-5dac-8434-ec29926f1b47,High,23.920872,23.982002599999998,0.15248010713630852,23.843921,24.15834,5,0.6358105687817269
6481aaa7-95d7-5dac-8434-ec29926f1b47,Low,38.844457,39.6760862,2.284867607921891,37.981857,43.698357,5,5.758802913181217
6481aaa7-95d7-5dac-8434-ec29926f1b47,Medium,31.539257,31.3971704,2.2713102552966644,29.284723,34.993632,5,7.234124051180944
64c8f28c-fa7c-5428-8efe-24dc9698967a,High,20.849844,21.0758994,0.398556939609387,20.754172,21.599727,5,1.89105542802784
64c8f28c-fa7c-5428-8efe-24dc9698967a,Low,37.60851,35.2387704,3.49626748654137,30.235418,37.759893,5,9.921650065694035
64c8f28c-fa7c-5428-8efe-24dc9698967a,Medium,29.270868,28.6662126,3.975711223059253,23.064435,34.053326,5,13.868979758627942
64f027b7-b623-57ad-9445-e5cb9f8da8bc,High,28.746032,28.558351599999998,0.5494111944375549,27.836411,29.073454,5,1.9238197012657936
64f027b7-b623-57ad-9445-e5cb9f8da8bc,Low,41.877403,43.343526000000004,3.4776878056588116,41.621087,49.559783,5,8.023546136183777
64f027b7-b623-57ad-9445-e5cb9f8da8bc,Medium,36.578239,37.4811304,4.613831505652574,34.152714,45.480742,5,12.309744814026672
65658372-5e35-5d71-8708-cb4c79f96e6b,High,24.053469,24.088914,0.10771817214611423,23.99755,24.257906,5,0.44716906767201814
65658372-5e35-5d71-8708-cb4c79f96e6b,Low,39.530664,40.2171152,1.6820044100072082,38.841873,43.050911,5,4.182309948494785
65658372-5e35-5d71-8708-cb4c79f96e6b,Medium,33.526982,33.7519426,3.8477601790115257,29.557606,39.534668,5,11.400114727060261
657640f5-99d0-5f4d-afc4-025951956292,High,24.258925,25.754242799999997,2.8559090311637543,24.180689,30.798042,5,11.08908172273562
657640f5-99d0-5f4d-afc4-025951956292,Low,41.061567,40.2723746,2.5959187102853023,35.711203,42.232692,5,6.4459042608461
657640f5-99d0-5f4d-afc4-025951956292,Medium,33.150607,32.9382362,1.4112859140623157,30.710987,34.639386,5,4.284643250151675
65b8795f-696f-5bac-ae7e-21df35d8c30f,High,23.921488,23.9592546,0.10788699494749186,23.857514,24.11169,5,0.45029362035116005
65b8795f-696f-5bac-ae7e-21df35d8c30f,Low,39.502712,40.9068188,2.536231712218482,38.733051,43.807966,5,6.200021870726554
65b8795f-696f-5bac-ae7e-21df35d8c30f,Medium,31.918707,32.4494916,1.2581734472344421,31.339269,34.078866,5,3.8773286889784186
66720c96-2862-5e79-8724-34e3b6043b33,High,20.673599,20.7855706,0.22872227178895407,20.576758,21.148541,5,1.1003896702694036
66720c96-2862-5e79-8724-34e3b6043b33,Low,35.407579,35.017059,1.4356493705055546,32.73136,36.542454,5,4.099857073963734
66720c96-2862-5e79-8724-34e3b6043b33,Medium,26.269792,27.1089242,1.671339831119393,25.749714,29.73776,5,6.165275386027281
66cdd846-d032-5ee7-a8be-c925a5a1231f,High,36.402087,36.6089528,0.8549708701120783,35.518009,37.757347,5,2.3354147133978613
66cdd846-d032-5ee7-a8be-c925a5a1231f,Low,58.710553,57.9320558,2.288975184284814,53.86726,59.363279,5,3.9511375052649416
66cdd846-d032-5ee7-a8be-c925a5a1231f,Medium,44.176563,45.4573418,4.109081660647205,40.165788,49.908442,5,9.03942355170272
674301c5-8409-5134-974c-68ed11ad47d9,High,35.026846,36.5723096,2.710315176668442,34.228602,40.103052,5,7.410839529446733
674301c5-8409-5134-974c-68ed11ad47d9,Low,56.876485,57.238741000000005,3.7340035370763927,51.4519,60.698864,5,6.52355986844014
674301c5-8409-5134-974c-68ed11ad47d9,Medium,43.980286,45.374113799999996,2.168899276445821,43.611562,48.388866,5,4.780036665852902
675d95b5-f435-5ea5-b6e3-359508b8a62e,High,24.068165,24.0736244,0.27713613395640097,23.829636,24.524125,5,1.151202367169943
675d95b5-f435-5ea5-b6e3-359508b8a62e,Low,38.848144,38.4614174,1.4680368252616476,35.907189,39.558987,5,3.8169077597791476
675d95b5-f435-5ea5-b6e3-359508b8a62e,Medium,31.558738,32.1537074,2.236781018273646,29.336259,35.043641,5,6.95652600941951
677266ff-99bd-5c4b-8b49-03ad2562fffe,High,35.688166,35.5027314,0.4846302755031935,34.675639,35.86657,5,1.3650506774901083
677266ff-99bd-5c4b-8b49-03ad2562fffe,Low,57.927948,56.680094,2.3547430924853576,54.023594,59.032127,5,4.154444578876947
677266ff-99bd-5c4b-8b49-03ad2562fffe,Medium,44.100403,45.1058378,1.9969806980491065,43.479073,48.183365,5,4.427322039563372
677e7211-e09f-56e2-895e-705f23364165,High,27.450733,27.4082584,0.16053670935894995,27.243595,27.625635,5,0.5857238610934504
677e7211-e09f-56e2-895e-705f23364165,Low,44.788843,45.1837436,3.570909650102241,41.993528,50.925285,5,7.903084971698187
677e7211-e09f-56e2-895e-705f23364165,Medium,37.776377,37.5831432,0.3770764935668893,36.965492,37.874622,5,1.003312819154757
67a7eec4-0a8c-5a97-bf5f-a2730e26dd04,High,27.315359,27.428068200000002,0.43249452114587494,27.12112,28.17269,5,1.5768318716149137
67a7eec4-0a8c-5a97-bf5f-a2730e26dd04,Low,44.041242,44.773741,2.3023765764494337,42.700758,48.016494,5,5.142247498258932
67a7eec4-0a8c-5a97-bf5f-a2730e26dd04,Medium,36.85431,38.516734,4.7298227656793355,35.060669,46.856751,5,12.27991647910577
67a912ca-3622-597c-9bd8-2bb369faec63,High,31.27036,31.227534000000002,0.3112752402223801,30.807933,31.624074,5,0.9967973783084508
67a912ca-3622-597c-9bd8-2bb369faec63,Low,51.326565,52.8869336,3.2985649288322008,49.143377,56.586476,5,6.237013009262841
67a912ca-3622-597c-9bd8-2bb369faec63,Medium,40.299723,41.3155708,2.0180563930524102,40.096109,44.860258,5,4.88449355527822
683bb639-b383-5d87-9873-1dee61306dec,High,37.850081,38.347178400000004,0.8416371044635568,37.678713,39.63752,5,2.194782353174534
683bb639-b383-5d87-9873-1dee61306dec,Low,57.224228,56.703117199999994,1.4453234399495851,55.086088,58.132951,5,2.548931189888067
683bb639-b383-5d87-9873-1dee61306dec,Medium,46.740756,46.4097796,2.2135604900049155,42.680537,48.082649,5,4.769599229048947
683df9da-9d3e-59f4-9a2c-4bc82fda6708,High,26.305146,26.71057,1.080149437905932,25.675241,27.979322,5,4.043902611984438
683df9da-9d3e-59f4-9a2c-4bc82fda6708,Low,40.725458,40.592578,5.246951290323316,35.087516,45.874837,5,12.92588829988407
683df9da-9d3e-59f4-9a2c-4bc82fda6708,Medium,31.945194,32.0855314,2.55967765878573,29.866244,36.163056,5,7.97766951986879
68494fb0-9e88-5576-af76-a17a16452965,High,27.851644,28.0404598,0.6458682289458894,27.506483,29.158186,5,2.3033439307079027
68494fb0-9e88-5576-af76-a17a16452965,Low,47.581132,45.6771746,4.599295561247373,40.585346,50.246525,5,10.06913321921486
68494fb0-9e88-5576-af76-a17a16452965,Medium,37.879933,37.5216568,2.0319046453891962,34.476467,39.632591,5,5.4152849812036985
686e5271-7ac9-524d-81c8-51ae52e6170e,High,27.995328,27.950727999999998,0.25552882053106946,27.53654,28.222882,5,0.9142116818247793
686e5271-7ac9-524d-81c8-51ae52e6170e,Low,44.497264,44.9739868,2.9144163524134115,40.667109,47.759758,5,6.480226815056146
686e5271-7ac9-524d-81c8-51ae52e6170e,Medium,36.711957,36.2030604,1.0805293048544777,34.286652,36.822362,5,2.984635257118975
689465b2-1b0c-5319-8652-72985a272575,High,36.116066,35.985729400000004,0.5139769239336535,35.084939,36.353959,5,1.4282798556631546
689465b2-1b0c-5319-8652-72985a272575,Low,59.14543,57.94227539999999,2.982633260745663,52.656566,59.862399,5,5.14759429131025
689465b2-1b0c-5319-8652-72985a272575,Medium,44.060048,45.1255104,3.6398345009774564,40.261027,49.134697,5,8.06602400441205
68a1258c-983d-5e7f-b865-ad70be4d3746,High,34.752911,34.380847599999996,1.067283584644819,32.521734,35.251968,5,3.1042968953587375
68a1258c-983d-5e7f-b865-ad70be4d3746,Low,52.010208,51.755627600000004,2.0204480508046485,49.589831,54.704688,5,3.903822916456429
68a1258c-983d-5e7f-b865-ad70be4d3746,Medium,42.621333,42.4486988,2.3806838207228824,39.186743,44.710718,5,5.608378791396269
68f2d978-0084-5a4b-8625-09fca67b4a57,High,34.621219,36.2606716,3.557561407261552,34.166383,42.581485,5,9.81107423079707
68f2d978-0084-5a4b-8625-09fca67b4a57,Low,57.820364,57.588059599999994,2.76768073855481,53.673304,60.25065,5,4.8059975588321615
68f2d978-0084-5a4b-8625-09fca67b4a57,Medium,43.733505,45.324252,2.794026853205513,43.37355,49.929442,5,6.164529429422273
69226660-7396-59ab-8cd0-5020b038f2f7,High,34.640627,34.880996800000005,0.4154991293771883,34.475377,35.355419,5,1.1911905263475389
69226660-7396-59ab-8cd0-5020b038f2f7,Low,59.805201,57.949960399999995,4.286191622033867,50.286566,60.089654,5,7.396366783425562
69226660-7396-59ab-8cd0-5020b038f2f7,Medium,45.740765,45.522003600000005,2.0940347346944383,43.436649,48.372204,5,4.600049578429448
69255752-01f2-5929-980b-b973df07ec40,High,27.557061,27.617068,0.4428364926544556,27.150004,28.162338,5,1.6034884393030266
69255752-01f2-5929-980b-b973df07ec40,Low,47.881887,46.472688399999996,3.5649682627927155,42.636205,50.619144,5,7.671104008677741
69255752-01f2-5929-980b-b973df07ec40,Medium,36.964241,36.5564258,1.290180319860641,34.305296,37.606385,5,3.529284637724733
6941b8d3-e95e-522a-97bc-db1b0fc3c553,High,22.200205,22.213816,0.1740804428260099,22.010435,22.466312,5,0.7836584350298477
6941b8d3-e95e-522a-97bc-db1b0fc3c553,Low,37.558685,35.135830399999996,3.860926673655213,29.619684,38.0495,5,10.988573856661187
6941b8d3-e95e-522a-97bc-db1b0fc3c553,Medium,27.09854,26.963854400000002,3.938615910576874,21.46721,31.709137,5,14.60702113336168
6948067b-4202-5003-b359-6ad4a0a977de,High,34.583775,34.3292184,0.8659245128394865,32.841612,35.112102,5,2.522412548837658
6948067b-4202-5003-b359-6ad4a0a977de,Low,51.598582,51.668154400000006,2.5125911290075233,48.614656,54.726934,5,4.862939576969916
6948067b-4202-5003-b359-6ad4a0a977de,Medium,42.929216,42.2002334,2.3348834818779065,38.759459,44.296299,5,5.532868644934808
69b503d4-bddf-5825-80d2-b5947af68399,High,21.62701,22.0269316,0.9288555730767843,21.357631,23.638375,5,4.216908600545998
69b503d4-bddf-5825-80d2-b5947af68399,Low,33.37508,34.0815578,4.283748662502995,29.192849,40.24283,5,12.569110507334248
69b503d4-bddf-5825-80d2-b5947af68399,Medium,27.868304,27.225406399999997,2.690921158507864,23.505601,30.704878,5,9.883860387508722
69fbceb4-cd5e-5845-bad0-e13a158899cd,High,25.030742,25.190191,0.4333637601288314,24.905798,25.959183,5,1.7203671068982025
69fbceb4-cd5e-5845-bad0-e13a158899cd,Low,39.939798,41.3198936,2.6304310211494464,38.952664,44.988179,5,6.366015959802583
69fbceb4-cd5e-5845-bad0-e13a158899cd,Medium,33.691781,32.153767,2.939524101013038,28.854684,34.763678,5,9.14208310650829
6a633e34-5842-59fb-b213-cb6b0d47df26,High,20.890752,20.879994,0.10500948666430118,20.76575,21.00431,5,0.5029191419513874
6a633e34-5842-59fb-b213-cb6b0d47df26,Low,32.545319,34.3350752,3.2984251818289274,30.998413,38.065329,5,9.606576256541672
6a633e34-5842-59fb-b213-cb6b0d47df26,Medium,27.653628,27.7071202,2.8881138737854846,23.093096,30.336078,5,10.423724490087876
6ab70133-03a2-51bc-9e44-b26b06288ffc,High,25.175732,25.461989199999998,0.6925515973966848,25.092994,26.696645,5,2.719943017636206
6ab70133-03a2-51bc-9e44-b26b06288ffc,Low,39.831592,39.8354056,0.04278334948668868,39.792696,39.88074,5,0.10740031096027972
6ab70133-03a2-51bc-9e44-b26b06288ffc,Medium,31.008275,31.5877154,2.971034796077674,28.960974,35.993693,5,9.405665330509068
6aceddcb-d675-5605-9954-99745367e611,High,33.304363,32.8518236,0.7526519651461083,31.961404,33.468836,5,2.2910507931319475
6aceddcb-d675-5605-9954-99745367e611,Low,51.891927,52.4723068,2.368489359291951,49.627304,54.913991,5,4.513789279971109
6aceddcb-d675-5605-9954-99745367e611,Medium,39.812574,40.7870024,3.960288682665861,35.757923,46.116278,5,9.70968310891575
6ae68cff-24ce-54f4-aebe-c2b1e34af9a9,High,34.022158,34.122597,0.2072829752343434,33.926016,34.451814,5,0.6074654142952349
6ae68cff-24ce-54f4-aebe-c2b1e34af9a9,Low,57.503376,57.723891,2.3845523150279204,54.716452,61.404308,5,4.130962542057188
6ae68cff-24ce-54f4-aebe-c2b1e34af9a9,Medium,44.514089,45.375489,2.0340021380012145,43.484624,48.377273,5,4.48260103158605
6af0b569-6c94-5aed-b3cb-2cc12b2a7e55,High,30.898181,30.8395176,0.11781444041075882,30.701472,30.960716,5,0.38202426490211644
6af0b569-6c94-5aed-b3cb-2cc12b2a7e55,Low,50.590413,50.5539092,2.7711673923176665,46.226156,53.571617,5,5.4816085168694855
6af0b569-6c94-5aed-b3cb-2cc12b2a7e55,Medium,41.718877,41.2515706,3.062265947902029,38.23243,45.815513,5,7.423392378427475
6b4cafd7-39dd-5461-b14b-a063ccb40f22,High,32.22529,33.0471502,2.595356689639538,31.136461,37.617202,5,7.8534962135389765
6b4cafd7-39dd-5461-b14b-a063ccb40f22,Low,51.712915,51.0854228,3.6295635346164845,45.142848,54.69783,5,7.104890858643308
6b4cafd7-39dd-5461-b14b-a063ccb40f22,Medium,40.306522,40.9825654,1.977549231197241,39.556398,44.473134,5,4.825342708285511
6b77f955-763e-543c-bdbb-ef19c5c88f8f,High,21.980356,21.9976504,0.12055739327722789,21.881447,22.172125,5,0.5480466826458333
6b77f955-763e-543c-bdbb-ef19c5c88f8f,Low,35.223357,34.1312054,2.8957816385709734,29.94345,36.697714,5,8.484264193525885
6b77f955-763e-543c-bdbb-ef19c5c88f8f,Medium,27.686787,28.0357152,2.7942395685184556,24.584079,31.811701,5,9.966714059495281
6b80f56f-40da-5f35-bdcf-37280fefba87,High,34.411944,33.8489724,1.173910762781951,32.510434,35.153697,5,3.4680839019560636
6b80f56f-40da-5f35-bdcf-37280fefba87,Low,53.830099,52.4484416,3.6017451672926977,46.473538,55.313756,5,6.867211031285814
6b80f56f-40da-5f35-bdcf-37280fefba87,Medium,42.524148,41.365295200000006,1.8456174477032612,38.767942,42.769016,5,4.461753358170791
6b993cba-0acc-52b7-9be5-688a72ec1f7f,High,35.637311,35.531491,0.6200554273188026,34.661279,36.380298,5,1.745086991476948
6b993cba-0acc-52b7-9be5-688a72ec1f7f,Low,58.022975,57.2621472,1.8159970180687801,54.030563,58.3669,5,3.17137429675145
6b993cba-0acc-52b7-9be5-688a72ec1f7f,Medium,46.214078,45.599859,2.100060621680596,43.244007,47.517629,5,4.605410340590298
6cb27940-cab3-59ca-aa3b-a2b74503dc24,High,21.816139,22.1202642,0.7089929178544035,21.681922,23.378233,5,3.2051738236218874
6cb27940-cab3-59ca-aa3b-a2b74503dc24,Low,33.579281,33.331406400000006,1.945333433869577,31.477627,36.313049,5,5.836337688617833
6cb27940-cab3-59ca-aa3b-a2b74503dc24,Medium,25.733437,26.451979599999998,3.8615154376782312,21.424983,31.578632,5,14.598209646578706
6d1dec28-aa4a-5b38-bd40-8eac146c9493,High,20.538449,20.5231044,0.05652831896757834,20.452847,20.586316,5,0.27543746728481455
6d1dec28-aa4a-5b38-bd40-8eac146c9493,Low,33.182494,33.7640726,2.012265054834053,31.077807,36.132645,5,5.959781803200047
6d1dec28-aa4a-5b38-bd40-8eac146c9493,Medium,27.356882,27.7005246,2.629440810494943,25.586779,32.053111,5,9.492386330094783
6d40c5db-4e5e-5c87-9626-a381b6f54e7c,High,34.060246,34.194479799999996,0.4110452513564659,33.806594,34.698843,5,1.2020807269495761
6d40c5db-4e5e-5c87-9626-a381b6f54e7c,Low,57.430164,56.7987456,3.870292337945196,53.020162,62.228081,5,6.814045446005758
6d40c5db-4e5e-5c87-9626-a381b6f54e7c,Medium,43.928624,44.6506404,1.2581552565765879,43.53812,46.098926,5,2.817776509598702
6d629a4c-fd39-5eac-a4e5-4fbfb5e7d899,High,33.005789,32.3532854,1.1086476068721296,30.614508,33.186314,5,3.426692507933459
6d629a4c-fd39-5eac-a4e5-4fbfb5e7d899,Low,51.820983,51.8388662,2.2733923062330645,49.657994,55.382915,5,4.385497741138993
6d629a4c-fd39-5eac-a4e5-4fbfb5e7d899,Medium,41.447694,41.5897558,2.286319938735214,38.708138,44.919574,5,5.497315131470943
6d77ce42-ee3d-52e7-a730-0c5a13f9d36c,High,28.918618,29.027574199999997,0.6526485070255663,28.259799,29.718398,5,2.2483742614137094
6d77ce42-ee3d-52e7-a730-0c5a13f9d36c,Low,45.952651,45.877394200000005,3.038536995397571,42.893165,49.921722,5,6.623168225621609
6d77ce42-ee3d-52e7-a730-0c5a13f9d36c,Medium,37.934703,37.888736,4.357506569645076,32.791782,43.606675,5,11.50079688497678
6daa6f16-2a66-547a-a6f4-dd9139c65937,High,28.732637,28.5381028,0.615663605074802,27.904344,29.326242,5,2.1573389422186886
6daa6f16-2a66-547a-a6f4-dd9139c65937,Low,45.287366,45.502587999999996,3.739593345415582,41.728142,49.429924,5,8.218419016992137
6daa6f16-2a66-547a-a6f4-dd9139c65937,Medium,36.604575,36.9643412,2.213526982503419,34.380003,40.501566,5,5.988276567751785
6ddc0cde-0784-59f7-aec5-19ced2c9e071,High,33.201299,33.110141,0.779277147513964,31.911835,34.090583,5,2.353590543495312
6ddc0cde-0784-59f7-aec5-19ced2c9e071,Low,56.865132,54.5399148,3.7340967112486125,49.497916,57.417469,5,6.846539318848757
6ddc0cde-0784-59f7-aec5-19ced2c9e071,Medium,40.888882,42.390586,2.526573661013765,40.330769,46.041764,5,5.960223482199008
6e52bc67-6908-56a5-8818-929f64a1f7b5,High,21.155438,21.202761000000002,0.11177252069941107,21.138227,21.401693,5,0.5271602160653089
6e52bc67-6908-56a5-8818-929f64a1f7b5,Low,31.829757,34.3205536,4.593290462590931,29.575014,39.493839,5,13.383497586096432
6e52bc67-6908-56a5-8818-929f64a1f7b5,Medium,27.262783,28.167893400000004,1.2800388757501868,27.204412,29.793192,5,4.544318801455655
6e62127f-2bc6-5588-a288-ff8c9a7400a5,High,20.600769,20.749903999999997,0.23975863244312984,20.537809,21.065201,5,1.1554686346651526
6e62127f-2bc6-5588-a288-ff8c9a7400a5,Low,35.958175,34.960625199999996,3.3599529338930787,30.768122,39.39764,5,9.610677482658632
6e62127f-2bc6-5588-a288-ff8c9a7400a5,Medium,27.792274,28.171678800000002,1.9704734307840088,25.266398,30.196338,5,6.99451901597007
6f27fce9-3d10-5e13-91f3-f1100f73e5c1,High,20.45339,20.4903544,0.08069095772947524,20.419606,20.602151,5,0.39379971743912456
6f27fce9-3d10-5e13-91f3-f1100f73e5c1,Low,32.654976,33.6487568,3.4001129898207334,30.537559,39.4732,5,10.104720985771259
6f27fce9-3d10-5e13-91f3-f1100f73e5c1,Medium,25.904525,26.1476316,3.03321484116841,23.285378,30.294954,5,11.60034257622174
6f36a8e1-2b1c-5d10-94a5-ee642d681fe6,High,28.497675,28.4300612,0.5437288366922424,27.833452,29.166426,5,1.912513775004615
6f36a8e1-2b1c-5d10-94a5-ee642d681fe6,Low,43.864361,44.584914000000005,3.2471932348618426,41.643938,49.57889,5,7.283165859334936
6f36a8e1-2b1c-5d10-94a5-ee642d681fe6,Medium,36.51733,36.1425178,1.173925835601083,34.105455,37.131636,5,3.2480466416235205
6f7bbe79-2418-5930-ad1d-e75c580ce46e,High,26.522523,26.914532400000002,1.2036101282559473,25.709948,28.546872,5,4.471971165495512
6f7bbe79-2418-5930-ad1d-e75c580ce46e,Low,39.906031,39.948949600000006,0.1937261420531544,39.758341,40.266906,5,0.4849342573281435
6f7bbe79-2418-5930-ad1d-e75c580ce46e,Medium,32.144064,32.369749999999996,2.611313680133431,29.866982,36.261324,5,8.06714194621037
6fd04887-a1bf-547d-b43c-81df396c7bfc,High,21.915021,22.1392612,0.7097215985907424,21.729906,23.398221,5,3.205714916045809
6fd04887-a1bf-547d-b43c-81df396c7bfc,Low,37.218285,37.4014048,2.5279332898888347,33.876879,40.722656,5,6.758926044106328
6fd04887-a1bf-547d-b43c-81df396c7bfc,Medium,28.268519,27.4479152,3.9460640363521335,21.533085,31.744044,5,14.376552855104032
6fd53182-dcf7-5ffb-b45e-e9e9e65d5328,High,30.958627,30.850964799999996,0.24655517692435555,30.566788,31.101595,5,0.7991814146582397
6fd53182-dcf7-5ffb-b45e-e9e9e65d5328,Low,50.38617,51.42022899999999,3.939785091103386,48.625845,58.281795,5,7.661936105153064
6fd53182-dcf7-5ffb-b45e-e9e9e65d5328,Medium,41.922699,41.51204,2.979309245676001,36.518397,43.994568,5,7.176976235511436
6fd9dc91-1fd5-5e8e-b0ae-2c39363a657e,High,25.350251,25.5895582,0.5876917912806852,25.091872,26.593764,5,2.2966078065415183
6fd9dc91-1fd5-5e8e-b0ae-2c39363a657e,Low,39.966014,41.5349384,3.502880709392315,39.764778,47.790854,5,8.433576271759476
6fd9dc91-1fd5-5e8e-b0ae-2c39363a657e,Medium,32.939153,32.3956788,3.53572679425061,27.829574,36.218295,5,10.914192649207925
7038f227-74de-5ad0-b559-1c834728ea5b,High,23.861223,23.939118200000003,0.12797881844547615,23.836624,24.126652,5,0.5346012220511788
7038f227-74de-5ad0-b559-1c834728ea5b,Low,39.13807,40.1192128,2.2589444623455677,38.81049,44.13736,5,5.630580225007724
7038f227-74de-5ad0-b559-1c834728ea5b,Medium,31.420727,31.7238974,1.9450864770388223,29.530196,34.866766,5,6.131297338765263
705b0bd9-1f66-501b-81a5-e14f5aa389d0,High,28.146163,28.247570000000003,0.4865643597968309,27.665728,28.999805,5,1.722499881571515
705b0bd9-1f66-501b-81a5-e14f5aa389d0,Low,45.588208,46.4209142,1.8600469992471165,44.342718,48.735932,5,4.006915915600638
705b0bd9-1f66-501b-81a5-e14f5aa389d0,Medium,36.32926,36.3881206,0.5007899366793417,35.753475,37.145075,5,1.3762456769458482
7100cb75-ad10-5b3a-99f7-53ee368eb8b4,High,21.048362,21.048633000000002,0.17937856234790203,20.798994,21.227895,5,0.8522100335347289
7100cb75-ad10-5b3a-99f7-53ee368eb8b4,Low,32.567932,33.72819439999999,3.7838253575184058,30.265994,37.847587,5,11.218582627472067
7100cb75-ad10-5b3a-99f7-53ee368eb8b4,Medium,27.390605,27.383589999999998,2.8137860513283512,22.847507,30.059188,5,10.275446175349366
7130681e-b799-51ea-a94a-1f42b0146e41,High,34.225163,35.7833154,3.018583681914962,33.976642,41.090461,5,8.435729468250898
7130681e-b799-51ea-a94a-1f42b0146e41,Low,59.499073,59.382169999999995,1.2242970660517811,57.792897,61.110677,5,2.0617250364070245
7130681e-b799-51ea-a94a-1f42b0146e41,Medium,46.096454,45.6779678,1.8667801351830926,43.789583,48.209986,5,4.0868283443710745
719e71e2-3fa4-5e27-a987-f131148b8eb9,High,33.648757,33.0323984,1.029696828086695,31.886529,33.9599,5,3.1172330135334496
719e71e2-3fa4-5e27-a987-f131148b8eb9,Low,52.082505,50.976700199999996,2.919547272436033,46.753115,54.34867,5,5.727219025518708
719e71e2-3fa4-5e27-a987-f131148b8eb9,Medium,39.1819,40.7850066,2.4696780006075265,38.839288,44.065372,5,6.055357609302254
71bff752-376e-5f70-8018-677978c9e7af,High,29.530365,29.3271988,0.557996318058371,28.340658,29.701169,5,1.9026580815429635
71bff752-376e-5f70-8018-677978c9e7af,Low,47.286554,45.9921526,2.753961718784286,43.027347,48.735237,5,5.987894810525321
71bff752-376e-5f70-8018-677978c9e7af,Medium,37.173402,35.950682799999996,2.0499818054030894,32.864149,37.572755,5,5.702205481902807
71d2a63d-3b9d-53ae-ad85-31c6a9a7a391,High,27.374236,27.3944976,0.20470281048217298,27.197286,27.702177,5,0.7472406082094857
71d2a63d-3b9d-53ae-ad85-31c6a9a7a391,Low,45.735427,45.555059,2.3321096109298765,42.940264,47.950396,5,5.11932080019889
71d2a63d-3b9d-53ae-ad85-31c6a9a7a391,Medium,37.568847,37.051746200000004,2.689606840641993,32.552168,39.361472,5,7.2590555546933775
71df24e8-b7a4-5eec-aef5-54d8273946b4,High,33.935134,33.9646386,0.05922787732394193,33.922274,34.062439,5,0.17438100261117434
71df24e8-b7a4-5eec-aef5-54d8273946b4,Low,57.246984,57.1313622,3.3896255728014686,52.721617,61.071718,5,5.933038251276755
71df24e8-b7a4-5eec-aef5-54d8273946b4,Medium,43.792968,44.225428199999996,0.9999373088075094,43.56113,45.959031,5,2.261000852915449
7256d5e6-02a0-5bf8-973e-fa1b4029359e,High,25.122452,25.874911399999995,1.2998797353775846,24.813281,27.78767,5,5.023707000510096
7256d5e6-02a0-5bf8-973e-fa1b4029359e,Low,39.992455,40.09834,0.533120851199804,39.698834,41.022705,5,1.3295334699636043
7256d5e6-02a0-5bf8-973e-fa1b4029359e,Medium,33.500116,32.885141,1.5576297074667658,30.307716,34.050216,5,4.736576034345621
72f8e765-4c3b-5a57-aaa4-4d1d1b86d5b2,High,25.003435,25.5070442,0.758734477649262,24.951285,26.609768,5,2.974607609176692
72f8e765-4c3b-5a57-aaa4-4d1d1b86d5b2,Low,41.547447,41.0898568,4.130029819651091,35.137449,46.070762,5,10.051214925750463
72f8e765-4c3b-5a57-aaa4-4d1d1b86d5b2,Medium,33.458138,31.9478634,2.479365616032516,29.082631,34.019991,5,7.760661753776361
73271237-c3b4-5004-81a6-22e6f0b50d6c,High,34.533289,35.5355386,2.9517325474965195,33.289002,40.680881,5,8.30642411452438
73271237-c3b4-5004-81a6-22e6f0b50d6c,Low,51.435195,51.375443,2.1062877590261726,49.443086,54.564834,5,4.0997948358833085
73271237-c3b4-5004-81a6-22e6f0b50d6c,Medium,42.884191,41.4978078,2.035904039127018,38.778462,43.014503,5,4.906052023131251
7343a7ce-f112-5db8-adbf-1e931f58d9b4,High,25.860488,26.9197764,1.4842269270200232,25.802467,28.738026,5,5.513518778781622
7343a7ce-f112-5db8-adbf-1e931f58d9b4,Low,39.969314,40.035897,0.3544064767516255,39.734955,40.615591,5,0.8852217717305685
7343a7ce-f112-5db8-adbf-1e931f58d9b4,Medium,31.847545,32.7092812,3.0073000684309337,29.740244,35.972625,5,9.194026765806562
7361e073-9c82-5f2d-8548-1501f2f612e4,High,34.916014,35.2677658,2.5561926540417854,32.584552,39.506159,5,7.2479574366510775
7361e073-9c82-5f2d-8548-1501f2f612e4,Low,51.959402,51.9472404,1.761952904877227,50.261885,54.705578,5,3.391812329798422
7361e073-9c82-5f2d-8548-1501f2f612e4,Medium,38.803648,40.4952926,3.619113884005835,36.548667,45.568424,5,8.93712244471061
73921950-ac42-59c7-a327-5da1182275c1,High,32.818899,32.6094702,0.5702643143672049,31.606341,33.018938,5,1.74876902589851
73921950-ac42-59c7-a327-5da1182275c1,Low,51.461285,51.378462999999996,2.2212945626270493,49.414908,54.840543,5,4.3233962888828525
73921950-ac42-59c7-a327-5da1182275c1,Medium,41.466148,40.98208939999999,1.5563522877643432,38.475334,42.680533,5,3.7976401656191388
73f48629-0301-51f3-8375-85d1dfb12f0a,High,31.994536,31.8803432,0.6394899468034659,31.188406,32.816873,5,2.0059067206135532
73f48629-0301-51f3-8375-85d1dfb12f0a,Low,54.398444,52.682264999999994,3.9893459003447544,48.024407,56.117211,5,7.572464662149121
73f48629-0301-51f3-8375-85d1dfb12f0a,Medium,40.104231,41.370143999999996,2.894495548412969,40.01129,46.547473,5,6.996580791241551
73f4bb7b-ab56-5c72-8a5a-4c6da6a3e372,High,30.62805,30.617237799999998,0.09286696048487922,30.478216,30.736839,5,0.30331593297707354
73f4bb7b-ab56-5c72-8a5a-4c6da6a3e372,Low,52.462289,50.7898286,3.1930596638670568,45.473751,53.276239,5,6.286809292101168
73f4bb7b-ab56-5c72-8a5a-4c6da6a3e372,Medium,40.659679,41.93527,3.054131431235239,40.324939,47.389695,5,7.282965940687252
7411d029-0801-58fc-a08c-87f86b585815,High,21.109655,21.1972326,0.45919230596483107,20.749706,21.952633,5,2.1662842250682814
7411d029-0801-58fc-a08c-87f86b585815,Low,32.171342,32.5673118,2.996955518954393,30.073404,37.669958,5,9.202342328280203
7411d029-0801-58fc-a08c-87f86b585815,Medium,27.563709,27.550371000000002,1.4080006033285268,25.624655,29.592859,5,5.110641171868527
743829b9-3a0f-5607-b42b-5e604862cfbc,High,27.845909,28.234266,0.8001945235238119,27.794518,29.655741,5,2.8341254684071187
743829b9-3a0f-5607-b42b-5e604862cfbc,Low,42.044984,44.5307156,3.734437363686837,41.69995,49.362673,5,8.386205596226343
743829b9-3a0f-5607-b42b-5e604862cfbc,Medium,36.451351,37.3974576,3.4654051382239994,34.289996,43.366633,5,9.266419057920128
7469ad2a-c63f-530a-88ec-23e11bcf4556,High,37.970103,37.9763468,0.22857363198693953,37.757153,38.341154,5,0.6018842022659734
7469ad2a-c63f-530a-88ec-23e11bcf4556,Low,58.432663,57.4237428,2.57600427557345,52.838375,58.973874,5,4.485956766254968
7469ad2a-c63f-530a-88ec-23e11bcf4556,Medium,46.346395,44.9550706,3.0268398111873704,41.699028,48.192702,5,6.733033161307883
75737d86-c843-5f30-9599-59bf503ce377,High,29.503827,29.0311144,0.7208462634392301,28.135486,29.595383,5,2.483012720445999
75737d86-c843-5f30-9599-59bf503ce377,Low,43.272134,46.1005528,4.593489940945903,42.770795,53.300833,5,9.964066940528973
75737d86-c843-5f30-9599-59bf503ce377,Medium,37.854503,37.881663,0.16661276721037974,37.681899,38.119356,5,0.43982432136197325
758f425d-d4d9-536f-b0f5-ac7b29393cda,High,30.773661,30.9751552,0.5989093474172036,30.371278,31.95448,5,1.9335152432656852
758f425d-d4d9-536f-b0f5-ac7b29393cda,Low,50.961121,50.3914048,1.0851560601520407,48.958897,51.431276,5,2.1534546704124446
758f425d-d4d9-536f-b0f5-ac7b29393cda,Medium,40.342275,40.354006600000005,0.17926318570554245,40.212855,40.652316,5,0.44422648656042596
75a84d1d-8c52-56f4-b56d-a6377e16035d,High,36.516512,36.4224196,0.6947836180720582,35.304837,37.080779,5,1.907571286318546
75a84d1d-8c52-56f4-b56d-a6377e16035d,Low,57.863794,57.406732399999996,2.965608268958546,52.632391,60.822354,5,5.165959017306037
75a84d1d-8c52-56f4-b56d-a6377e16035d,Medium,44.716766,45.7934484,1.523960267782036,44.629142,47.639405,5,3.3279002150491817
75e1d75b-c0c8-5c75-952c-4909fe007730,High,30.797365,30.760821399999998,0.13668045160994985,30.585678,30.942085,5,0.4443329059150217
75e1d75b-c0c8-5c75-952c-4909fe007730,Low,52.559235,52.553040599999996,3.2796807122924023,48.934243,57.558847,5,6.240705913203437
75e1d75b-c0c8-5c75-952c-4909fe007730,Medium,42.199435,42.3970184,2.9166715223949726,38.052044,46.014673,5,6.879426036230352
766ef6aa-0402-5248-b676-cd360c16e726,High,24.151061,24.176816199999998,0.17951172611475796,23.966811,24.46413,5,0.7424953088519487
766ef6aa-0402-5248-b676-cd360c16e726,Low,38.921109,39.670638000000004,3.589868846727482,36.032107,45.701174,5,9.04918354660059
766ef6aa-0402-5248-b676-cd360c16e726,Medium,31.180012,31.4896708,2.2313685615432717,29.347335,35.1855,5,7.086033308240465
768f5240-c66e-5183-a439-3b428b9576a6,High,32.171253,32.4282246,1.3187500361843785,31.281506,34.524401,5,4.066673561229678
768f5240-c66e-5183-a439-3b428b9576a6,Low,50.789485,51.50483380000001,2.166879508113154,48.773619,54.440018,5,4.207138142659445
768f5240-c66e-5183-a439-3b428b9576a6,Medium,44.37177,44.899141,3.2791401496348076,40.08841,47.99278,5,7.3033471834902315
76a437f9-4ee2-5a3f-8de3-d4ec021f174c,High,24.169559,24.2487716,0.26759310021803606,24.055252,24.719463,5,1.1035326021134864
76a437f9-4ee2-5a3f-8de3-d4ec021f174c,Low,40.922539,40.131211,1.7077050425083657,37.08368,41.012621,5,4.25530403881499
76a437f9-4ee2-5a3f-8de3-d4ec021f174c,Medium,32.911818,32.911421000000004,2.6958545875541042,30.581132,37.287807,5,8.19124336063795
7730198b-eea8-5f08-bd4c-6d46bf87c819,High,28.317395,28.583216,0.5530906987041088,28.262935,29.564511,5,1.9350191339704699
7730198b-eea8-5f08-bd4c-6d46bf87c819,Low,44.705827,45.9090352,4.63630495399787,40.874211,51.027354,5,10.098894332673474
7730198b-eea8-5f08-bd4c-6d46bf87c819,Medium,36.928247,36.0948906,2.157899181727288,32.263326,37.493841,5,5.97840621167387
77441821-25ab-5f4e-b499-11bc6a0209da,High,32.858754,32.498805,0.757962130832074,31.622965,33.333631,5,2.332276927819574
77441821-25ab-5f4e-b499-11bc6a0209da,Low,49.311797,49.961180999999996,3.303384303178558,46.4776,54.742573,5,6.6119019547967826
77441821-25ab-5f4e-b499-11bc6a0209da,Medium,40.798573,40.973368199999996,0.6396364177770819,40.496032,42.090732,5,1.5611028477201978
774638a3-4cdd-59dc-8f1c-3f2319b4e805,High,34.074936,34.0103754,0.14444060811558543,33.81607,34.164478,5,0.4246957183412489
774638a3-4cdd-59dc-8f1c-3f2319b4e805,Low,57.616016,56.793248600000005,3.450507814611466,52.577806,61.483342,5,6.075559859084141
774638a3-4cdd-59dc-8f1c-3f2319b4e805,Medium,46.067237,45.522420999999994,1.8485549741200529,43.626497,48.001605,5,4.06075716869288
78f1c353-b2b5-5692-81c9-215196b4c09a,High,20.581674,20.782670200000002,0.46446725256922083,20.521074,21.606,5,2.2348776557558074
78f1c353-b2b5-5692-81c9-215196b4c09a,Low,36.241741,35.6159248,3.344211048154735,31.426832,40.391199,5,9.389651025304092
78f1c353-b2b5-5692-81c9-215196b4c09a,Medium,27.965777,27.783564000000002,2.6603781821746697,23.375325,29.950596,5,9.575366868608612
78f9e6cf-ce66-5d28-b12a-8d7adbcbf43d,High,34.544132,34.6106494,0.22059066527461949,34.345893,34.936477,5,0.6373491081465218
78f9e6cf-ce66-5d28-b12a-8d7adbcbf43d,Low,59.886998,56.647127,4.616649302462716,50.663781,60.043361,5,8.149838388913732
78f9e6cf-ce66-5d28-b12a-8d7adbcbf43d,Medium,45.984303,46.0332084,2.204740803393861,43.52565,48.483047,5,4.789457176732137
793ce8e7-d57e-5caf-86f5-967b65cfc5b4,High,22.328557,22.406599,0.14384213519515238,22.28541,22.619973,5,0.6419632680316739
793ce8e7-d57e-5caf-86f5-967b65cfc5b4,Low,36.923162,35.2583412,3.225178266877153,29.612159,37.141652,5,9.147277373551406
793ce8e7-d57e-5caf-86f5-967b65cfc5b4,Medium,28.481577,28.3452998,1.9290537746713297,26.324275,30.938776,5,6.805550790721676
79b57c13-be72-5662-94d4-7f5874f9087a,High,34.106785,34.0764638,0.08810923595004193,33.932966,34.146676,5,0.258563319442911
79b57c13-be72-5662-94d4-7f5874f9087a,Low,56.497064,57.5983758,4.584550964037776,53.687442,65.522419,5,7.959514309842356
79b57c13-be72-5662-94d4-7f5874f9087a,Medium,47.195716,45.3666766,3.6132115308029378,41.434451,49.030659,5,7.9644615863330355
79c82d0a-670a-529f-bfb1-a99c6b1ca4f1,High,30.601295,30.655836799999996,0.14531085826324314,30.556774,30.908185,5,0.47400714980072944
79c82d0a-670a-529f-bfb1-a99c6b1ca4f1,Low,50.302725,51.1724424,1.26533111042458,50.205762,52.643838,5,2.472680706802808
79c82d0a-670a-529f-bfb1-a99c6b1ca4f1,Medium,40.554467,40.7711062,0.6093681619687714,40.306559,41.785529,5,1.4946078700429557
79cb008e-6631-5857-b372-c531d1843b11,High,21.860494,22.1515362,0.5287985522348752,21.630305,22.865448,5,2.3871868183791025
79cb008e-6631-5857-b372-c531d1843b11,Low,37.052514,35.326527399999996,4.3302765582085865,29.516119,40.236868,5,12.257860811443887
79cb008e-6631-5857-b372-c531d1843b11,Medium,27.999511,27.9820822,2.661845646130744,24.343269,31.588893,5,9.512678960433988
7a08800c-3c7c-584d-b694-3987195a7242,High,21.277295,21.2711716,0.07704850277455104,21.147281,21.358231,5,0.3622203056015544
7a08800c-3c7c-584d-b694-3987195a7242,Low,33.651929,35.512609399999995,3.7758730472778472,31.532866,39.98106,5,10.632485506057597
7a08800c-3c7c-584d-b694-3987195a7242,Medium,28.196101,27.739569999999997,2.641504207926897,23.188353,29.667212,5,9.522513174958721
7a21bf49-5033-5f13-8ed7-db901b048058,High,34.325077,34.436044200000005,0.3121147194729844,34.153342,34.789412,5,0.9063605496039651
7a21bf49-5033-5f13-8ed7-db901b048058,Low,56.629017,57.1964884,2.7491588845594754,53.596978,61.110076,5,4.806516905956547
7a21bf49-5033-5f13-8ed7-db901b048058,Medium,48.632508,47.761888,2.6802438831166997,43.845395,50.323218,5,5.611679092578375
7acff86c-eb87-5396-9b3e-6df95305251f,High,25.931765,25.804262,0.43385751309675324,25.329456,26.355071,5,1.6813405207897563
7acff86c-eb87-5396-9b3e-6df95305251f,Low,34.680435,36.7478858,2.9034310506861822,34.560782,40.075493,5,7.900947190507984
7acff86c-eb87-5396-9b3e-6df95305251f,Medium,31.786313,32.3293156,1.4539354447645851,30.730845,34.354668,5,4.497266390521998
7aefde7b-09fd-5fe0-8e11-cc80dc966248,High,23.817774,23.8257354,0.10034299966764013,23.707537,23.934447,5,0.4211538405133137
7aefde7b-09fd-5fe0-8e11-cc80dc966248,Low,39.822862,42.4679814,4.3193029127668625,38.857777,48.17087,5,10.170728088260072
7aefde7b-09fd-5fe0-8e11-cc80dc966248,Medium,31.514307,31.4948708,1.383226146827841,29.508514,33.261903,5,4.391909259166864
7b48d681-a761-536e-b275-ffeda8a0236f,High,32.051694,31.9758106,0.40081838484131493,31.291274,32.328646,5,1.253505000562253
7b48d681-a761-536e-b275-ffeda8a0236f,Low,50.87415,51.336399400000005,1.9064665416986177,48.704089,53.583909,5,3.713674048006214
7b48d681-a761-536e-b275-ffeda8a0236f,Medium,39.886214,41.0792688,2.755079145797937,39.775003,46.00622,5,6.706738523539486
7b5d4486-88aa-5d87-aa95-f5448181cd39,High,22.54901,22.277223799999998,0.46380728260905946,21.768852,22.654614,5,2.081979724103052
7b5d4486-88aa-5d87-aa95-f5448181cd39,Low,33.46361,34.148865799999996,4.40390050394008,29.726559,41.130929,5,12.896183813929424
7b5d4486-88aa-5d87-aa95-f5448181cd39,Medium,27.970296,27.733976000000002,2.8311188823489024,23.048577,30.333804,5,10.208124800962192
7c0a0d00-fbae-5b99-a78d-b2bc37775dde,High,31.215957,31.1760566,0.25395429919830037,30.923461,31.55597,5,0.8145812103712321
7c0a0d00-fbae-5b99-a78d-b2bc37775dde,Low,53.336442,52.52314320000001,5.293305762587089,43.987067,57.18971,5,10.07804453444646
7c0a0d00-fbae-5b99-a78d-b2bc37775dde,Medium,40.153148,40.333667000000005,0.4254760262905539,40.109382,41.093918,5,1.0548905119154028
7ce4384f-20f6-57a9-b354-f8b408c29ffc,High,36.13495,36.2386214,0.9598616400397528,34.96619,37.665466,5,2.648725594290275
7ce4384f-20f6-57a9-b354-f8b408c29ffc,Low,56.141699,56.9091646,1.9447225844004825,55.123899,59.036598,5,3.4172397329488873
7ce4384f-20f6-57a9-b354-f8b408c29ffc,Medium,45.518878,46.6503554,2.6959181023776115,44.229501,49.8707,5,5.778987275148629
7ced6272-7cf5-5c0c-913a-684cad85367e,High,34.091002,34.0599968,0.059000821699364346,33.96316,34.1039,5,0.17322615162243454
7ced6272-7cf5-5c0c-913a-684cad85367e,Low,56.38603,55.862314000000005,3.364670740834308,51.854928,60.810623,5,6.023149597480526
7ced6272-7cf5-5c0c-913a-684cad85367e,Medium,44.184051,45.6719526,2.3485319714675597,43.948851,49.223479,5,5.142175531745406
7d0790c3-9c22-58d5-8fce-fe8cc41dcc5c,High,24.153739,24.2099476,0.1510138976909086,24.078587,24.463077,5,0.6237679659038526
7d0790c3-9c22-58d5-8fce-fe8cc41dcc5c,Low,41.880805,41.289619200000004,2.3625536390840307,37.374453,43.757043,5,5.721907067343528
7d0790c3-9c22-58d5-8fce-fe8cc41dcc5c,Medium,31.16892,31.5513276,1.7115594767354116,29.183952,33.435954,5,5.424682911711809
7d07b607-ba2d-5e4b-aa87-4b1946a4896b,High,36.227021,36.18616,0.6094979580576938,35.252842,36.963542,5,1.684339974337409
7d07b607-ba2d-5e4b-aa87-4b1946a4896b,Low,58.871688,58.0959602,2.6088487986968873,53.891892,60.736758,5,4.490585558299951
7d07b607-ba2d-5e4b-aa87-4b1946a4896b,Medium,43.91997,45.3652868,4.092624987461191,40.408441,50.514583,5,9.021490386480243
7d5aa29c-2e7d-52dc-9566-af5f9e77c2e8,High,32.784723,32.4509588,0.5896803650065015,31.643094,32.955663,5,1.8171431193783445
7d5aa29c-2e7d-52dc-9566-af5f9e77c2e8,Low,51.711658,51.7099518,2.4028100798512346,49.639971,55.596375,5,4.646707251139295
7d5aa29c-2e7d-52dc-9566-af5f9e77c2e8,Medium,40.935602,42.1440608,4.193124222234026,36.932272,47.909423,5,9.949502118775479
7dd50fbe-328e-5a97-bcd0-9e08abe13a16,High,24.035642,24.081122399999998,0.21778209015504338,23.875588,24.446475,5,0.9043685196128706
7dd50fbe-328e-5a97-bcd0-9e08abe13a16,Low,39.341585,40.559365400000004,3.3120108269265685,38.565342,46.455736,5,8.165834929277684
7dd50fbe-328e-5a97-bcd0-9e08abe13a16,Medium,31.617936,32.1629524,2.1560358129883395,29.339464,34.433833,5,6.703476055849709
7e42cb6c-320d-5db5-98cd-17bed5640698,High,37.895611,37.9499806,0.20541742157202783,37.757343,38.207454,5,0.541284655023059
7e42cb6c-320d-5db5-98cd-17bed5640698,Low,57.94792,56.708116399999994,3.3172916891957644,50.802701,58.71525,5,5.849765253701435
7e42cb6c-320d-5db5-98cd-17bed5640698,Medium,46.115461,45.7402826,2.2785830679206756,41.955667,48.105557,5,4.981567533910854
7e588935-d1b3-590c-96c3-6a2749e6d8b1,High,20.607561,20.6094392,0.14653125542422712,20.407895,20.810699,5,0.7109909881692809
7e588935-d1b3-590c-96c3-6a2749e6d8b1,Low,32.882751,33.988375000000005,3.7380136133772304,30.757682,39.392323,5,10.99791800395644
7e588935-d1b3-590c-96c3-6a2749e6d8b1,Medium,27.858231,27.7546538,1.3519836682022819,26.394223,29.75583,5,4.871196297185598
7e7a209f-b2dd-58a7-8df0-ff03e223de42,High,34.256959,34.9476202,3.607136953229211,31.607674,40.992431,5,10.321552462187999
7e7a209f-b2dd-58a7-8df0-ff03e223de42,Low,53.669671,51.897853,3.9108091809406886,47.597419,55.691385,5,7.535589537664861
7e7a209f-b2dd-58a7-8df0-ff03e223de42,Medium,40.915948,42.205162,3.604010157952942,38.004412,47.025028,5,8.539263888983395
7e870eb2-dde9-5ba9-9533-178a4a3aff50,High,34.974874,35.077513599999996,0.46224009191468857,34.713173,35.858231,5,1.3177675509893854
7e870eb2-dde9-5ba9-9533-178a4a3aff50,Low,59.940392,57.4141536,5.409285236108492,50.765135,63.562245,5,9.421518731765284
7e870eb2-dde9-5ba9-9533-178a4a3aff50,Medium,47.198096,46.6874288,2.376259787998925,43.318742,49.261084,5,5.089720828658966
7eb964d8-e0d7-58b0-a92a-4f9f86c93fef,High,20.561874,21.951591,2.1866767267326015,20.483585,25.476004,5,9.961358731276478
7eb964d8-e0d7-58b0-a92a-4f9f86c93fef,Low,35.84524,35.2873602,1.148328005910202,33.329874,36.164849,5,3.254219072783466
7eb964d8-e0d7-58b0-a92a-4f9f86c93fef,Medium,27.366947,27.137618600000003,0.7913491203408904,25.793383,27.871334,5,2.9160595555753384
7ef86083-8792-51f1-8994-045b3a8d200c,High,31.072607,31.249974199999997,0.7324479040393918,30.63152,32.47875,5,2.343835227996418
7ef86083-8792-51f1-8994-045b3a8d200c,Low,50.464555,50.5275044,1.3787678268478682,48.599347,52.413991,5,2.728747131330453
7ef86083-8792-51f1-8994-045b3a8d200c,Medium,41.691254,40.8919644,2.7974251869217692,37.888878,44.558371,5,6.841014433930617
7f09813e-5503-5372-b7f6-6cd052c134c2,High,27.744663,27.8336672,0.6103708756331678,27.229193,28.560366,5,2.19292294920149
7f09813e-5503-5372-b7f6-6cd052c134c2,Low,47.430719,46.020693800000004,3.4781517576374785,42.233612,49.177408,5,7.557799482017975
7f09813e-5503-5372-b7f6-6cd052c134c2,Medium,38.297467,37.1981384,2.373460470833315,33.295111,39.089564,5,6.3805893867885475
7f113616-76c1-5702-950b-4b2d17a8e09e,High,20.563887,20.639018200000002,0.21959930591352084,20.373822,20.900688,5,1.06400073775564
7f113616-76c1-5702-950b-4b2d17a8e09e,Low,35.03881,34.430052,1.9452620351150616,31.614771,36.122473,5,5.649895722245965
7f113616-76c1-5702-950b-4b2d17a8e09e,Medium,27.772035,27.6583682,2.5943412422311942,23.396775,29.805426,5,9.379950485405693
7f1539cd-b44f-5fe3-bc13-55e0463664f4,High,20.566582,20.5717562,0.02901482733362344,20.542954,20.603768,5,0.14104205324785757
7f1539cd-b44f-5fe3-bc13-55e0463664f4,Low,34.625644,34.3845812,1.2474975274543434,32.885348,35.671487,5,3.6280724787607515
7f1539cd-b44f-5fe3-bc13-55e0463664f4,Medium,26.598926,27.40412,1.5251120243478833,26.081362,29.671272,5,5.5652654577044744
7fbc8248-50ee-594a-8bf6-e09f2c882422,High,33.395077,33.3665756,0.6038023543849441,32.477819,34.155119,5,1.8096024045840178
7fbc8248-50ee-594a-8bf6-e09f2c882422,Low,49.907999,49.9716898,1.4108346387423305,48.028098,51.990394,5,2.8232678230191257
7fbc8248-50ee-594a-8bf6-e09f2c882422,Medium,39.904009,40.88384,3.6489447294279467,36.616503,46.065635,5,8.925151672220483
7fca8acd-b172-5432-8cc7-44c591b27c3e,High,25.803408,26.558560399999998,1.0899704011069744,25.695697,27.795495,5,4.104026666697546
7fca8acd-b172-5432-8cc7-44c591b27c3e,Low,39.864515,39.921947599999996,0.3866684007056959,39.57214,40.577228,5,0.9685609644598
7fca8acd-b172-5432-8cc7-44c591b27c3e,Medium,32.15691,31.8975482,1.3208172000686544,29.788183,33.415336,5,4.140811048507655
807d6627-34fa-53b9-953d-a55efc3e672a,High,25.244489,25.6230388,0.6066447876028433,25.17512,26.558472,5,2.3675754946085608
807d6627-34fa-53b9-953d-a55efc3e672a,Low,39.956332,40.0105628,0.330475633993191,39.732924,40.575744,5,0.8259709708287108
807d6627-34fa-53b9-953d-a55efc3e672a,Medium,30.065844,31.710631799999998,3.481340005222229,28.8281,36.363303,5,10.97846308196934
80893ac3-16b4-5f60-89f3-c4288f3bed11,High,34.602912,34.959331199999994,1.7130411514640276,32.50476,36.772918,5,4.900097034648157
80893ac3-16b4-5f60-89f3-c4288f3bed11,Low,51.95335,51.580586600000004,2.8501471323072587,47.519433,54.720548,5,5.525619850758461
80893ac3-16b4-5f60-89f3-c4288f3bed11,Medium,39.013856,40.580749399999995,3.7533768318723744,36.470209,45.902235,5,9.249156034246067
808e7265-2594-54dc-915c-45d07d357596,High,27.573531,27.5279224,0.11615277522211782,27.374305,27.657459,5,0.42194530169889544
808e7265-2594-54dc-915c-45d07d357596,Low,47.870535,47.13735,2.694382101073177,42.51604,49.184562,5,5.716023707470142
808e7265-2594-54dc-915c-45d07d357596,Medium,34.86636,35.5468592,1.9688963733360112,33.18547,38.312529,5,5.538875775939189
80aa0ebc-f043-59e9-9d90-a694802e4d7c,High,34.867928,35.662562,2.119180645539212,34.465564,39.426714,5,5.942311843829986
80aa0ebc-f043-59e9-9d90-a694802e4d7c,Low,59.85751,57.7015232,3.665233506068434,52.272196,60.428144,5,6.352056761767486
80aa0ebc-f043-59e9-9d90-a694802e4d7c,Medium,46.589075,46.4391338,2.6677859869983367,43.670281,49.90177,5,5.74469368547597
81262be0-c054-51a4-aacf-4b2ebb53fa4d,High,21.747016,22.1131654,0.9459190761351103,21.416085,23.76906,5,4.277628548534758
81262be0-c054-51a4-aacf-4b2ebb53fa4d,Low,35.283586,34.6597562,4.028783621160388,29.849434,40.158368,5,11.623808309304808
81262be0-c054-51a4-aacf-4b2ebb53fa4d,Medium,25.947139,27.819138,3.4958574787777734,24.934773,32.251878,5,12.56637599187212
819df10f-978a-5635-8121-5e8d3bbc0eef,High,27.173775,27.158248800000003,0.12466856015531676,26.967533,27.285643,5,0.4590449151320712
819df10f-978a-5635-8121-5e8d3bbc0eef,Low,45.994209,45.575010400000004,2.231346963552237,41.984757,47.702924,5,4.895987831858481
819df10f-978a-5635-8121-5e8d3bbc0eef,Medium,37.647794,37.211267199999995,0.9600043286166456,35.583101,37.930616,5,2.5798754002568494
81c33694-313a-571e-afdd-a42b7e3922b2,High,20.85068,20.8958542,0.08816632027140614,20.807855,21.006416,5,0.42193211834051825
81c33694-313a-571e-afdd-a42b7e3922b2,Low,32.729877,33.7918478,3.699760939280902,30.386317,37.823546,5,10.948678986654592
81c33694-313a-571e-afdd-a42b7e3922b2,Medium,26.805111,27.550930800000003,2.932888850500851,25.341049,32.655503,5,10.645334895548613
81dff892-7a7f-5818-9e3b-9d45a424ebda,High,25.400762,25.5975912,0.7532223590518937,24.858117,26.657311,5,2.942551715771966
81dff892-7a7f-5818-9e3b-9d45a424ebda,Low,40.109417,40.1393194,0.6011463623696817,39.519628,41.104159,5,1.4976496147806673
81dff892-7a7f-5818-9e3b-9d45a424ebda,Medium,31.737532,32.38096,1.2533344114555003,31.351468,34.041676,5,3.870590654061832
81e36e4a-f760-5774-8bfd-52861f05f6ba,High,20.545841,20.6384708,0.22729968919292595,20.427711,20.918959,5,1.1013397813995307
81e36e4a-f760-5774-8bfd-52861f05f6ba,Low,35.442038,34.401951,2.2995032924978633,31.033163,36.375151,5,6.684223497957611
81e36e4a-f760-5774-8bfd-52861f05f6ba,Medium,27.850691,26.9061286,2.5295395955215443,23.17474,29.625033,5,9.401351019787903
8263245f-0479-50e7-8d50-1b6d6c85852f,High,22.71738,22.652391,0.20645970598036817,22.295577,22.810071,5,0.9114256679587075
8263245f-0479-50e7-8d50-1b6d6c85852f,Low,35.496762,34.1523476,2.823254786607701,30.583034,36.686371,5,8.266649249633724
8263245f-0479-50e7-8d50-1b6d6c85852f,Medium,28.2919,28.0414714,3.9456163924237866,22.352779,32.568059,5,14.070646779340498
82acc271-3a90-5bf6-a0ff-0f1342b75b64,High,31.21275,31.168935599999998,0.20437753096243105,30.947234,31.428561,5,0.6557090482179669
82acc271-3a90-5bf6-a0ff-0f1342b75b64,Low,52.517633,52.5305824,2.2214140646513405,49.79367,55.313755,5,4.228801515536483
82acc271-3a90-5bf6-a0ff-0f1342b75b64,Medium,40.386019,42.097374200000004,2.4783041429544532,40.212333,45.308477,5,5.887075358145385
831b7063-e910-5751-be91-2619d14b88e8,High,25.780112,26.5289492,2.242101900663684,23.788092,29.649918,5,8.451529247391692
831b7063-e910-5751-be91-2619d14b88e8,Low,40.025252,39.4027832,3.0421378424997765,36.269378,43.754024,5,7.720616655576189
831b7063-e910-5751-be91-2619d14b88e8,Medium,31.762992,31.077243199999998,1.185753150736147,29.757552,32.038459,5,3.8155030132664627
83ff4915-1ee7-55b4-9295-1e3f5f51aec2,High,24.423709,24.611075,0.3959362533388425,24.408124,25.316204,5,1.608772690095181
83ff4915-1ee7-55b4-9295-1e3f5f51aec2,Low,38.353982,38.5300628,4.786327407588119,34.587476,46.367114,5,12.422319248304257
83ff4915-1ee7-55b4-9295-1e3f5f51aec2,Medium,31.21667,33.408186,4.057923175221964,29.520513,37.948894,5,12.14649360256185
8402b0af-245b-53c1-a8e8-c325353749c8,High,28.318913,28.943338599999997,0.9378345013200889,28.250921,30.260216,5,3.2402429943589475
8402b0af-245b-53c1-a8e8-c325353749c8,Low,46.571963,45.8955792,3.2277357977856855,42.368958,49.285841,5,7.032781487995004
8402b0af-245b-53c1-a8e8-c325353749c8,Medium,36.904506,36.516160400000004,3.2915326835192262,32.38817,40.897043,5,9.013906849634788
8406192d-7c6b-5fbe-a824-eea1d2853761,High,25.605051,25.963357000000002,0.8516700339943878,25.091063,26.970271,5,3.2802770227069935
8406192d-7c6b-5fbe-a824-eea1d2853761,Low,39.823192,39.4329878,3.156473276608199,36.187239,43.972034,5,8.004651568928791
8406192d-7c6b-5fbe-a824-eea1d2853761,Medium,31.022541,31.616430400000002,2.994064832837509,29.021812,36.438845,5,9.469964809302155
847c026f-45d7-5324-99a0-b14aaa299181,High,34.528368,36.559904,3.7950516310350118,34.363499,43.183531,5,10.38036541626316
847c026f-45d7-5324-99a0-b14aaa299181,Low,55.514295,56.6568716,3.4828342522204983,52.380556,60.272774,5,6.1472406680154545
847c026f-45d7-5324-99a0-b14aaa299181,Medium,43.857836,44.624295599999996,1.7027785390171264,43.709995,47.66256,5,3.815810459576479
849b5edf-3a75-54bb-ac29-5f705290377d,High,34.37914,33.5879256,1.114673338318587,32.320609,34.420242,5,3.3186727623291716
849b5edf-3a75-54bb-ac29-5f705290377d,Low,51.727291,51.8444492,1.8885975302195022,50.12786,54.939765,5,3.6428153049401133
849b5edf-3a75-54bb-ac29-5f705290377d,Medium,42.832822,41.3184792,2.4395661369311545,38.459207,43.512895,5,5.904297990065314
851e2411-3c77-50e3-96d1-f67811f66824,High,21.102868,21.1597114,0.10718394415116393,21.059992,21.318596,5,0.5065472875549897
851e2411-3c77-50e3-96d1-f67811f66824,Low,35.156694,34.8881808,4.360314839444591,29.574159,39.165328,5,12.497971345770459
851e2411-3c77-50e3-96d1-f67811f66824,Medium,27.600812,26.8234304,3.1696312779289166,23.327055,30.163348,5,11.816651452339656
85571f4c-f855-5abd-9844-759e6e74bb65,High,28.581448,29.001144399999998,0.762093425631857,28.330635,30.16337,5,2.62780466563884
85571f4c-f855-5abd-9844-759e6e74bb65,Low,47.283735,46.9301894,2.776613717043353,42.425146,49.779993,5,5.9164766913200495
85571f4c-f855-5abd-9844-759e6e74bb65,Medium,36.912839,36.1478408,2.099239658405324,32.611756,37.999222,5,5.807372202450676
857f69c9-7e9b-522b-aecb-262a4fea3e57,High,21.779481,22.1011632,0.6788263757936924,21.747775,23.310318,5,3.0714508989902054
857f69c9-7e9b-522b-aecb-262a4fea3e57,Low,36.601942,35.026730199999996,2.342862957707449,31.573611,36.717281,5,6.688785805383139
857f69c9-7e9b-522b-aecb-262a4fea3e57,Medium,28.648151,27.801599799999998,2.6594046553313766,24.51831,30.732644,5,9.56565332377519
85d2935c-a6c5-5357-bcec-5e11ad658e82,High,36.860284,37.0350156,0.29818308619839573,36.79207,37.371366,5,0.8051382762166184
85d2935c-a6c5-5357-bcec-5e11ad658e82,Low,57.947706,57.365253599999996,1.3159420537342432,55.012299,58.008176,5,2.2939706026754902
85d2935c-a6c5-5357-bcec-5e11ad658e82,Medium,46.211977,45.7276196,2.7241949874614897,42.811845,49.471348,5,5.957438876747238
85e5f56d-c455-54f5-9d31-3b14fe4da9b5,High,30.839667,30.7841044,0.2075005412229085,30.517963,31.057245,5,0.6740509274744679
85e5f56d-c455-54f5-9d31-3b14fe4da9b5,Low,52.656836,52.1342408,1.35058926829151,50.677187,53.796729,5,2.590599282864228
85e5f56d-c455-54f5-9d31-3b14fe4da9b5,Medium,41.730584,41.3627118,2.125283040059419,37.949566,43.826515,5,5.1381617586770965
85ed433b-de68-58fe-b6d0-867a265ced6b,High,30.914647,31.2720718,0.8007062720890225,30.610058,32.614869,5,2.560451629843797
85ed433b-de68-58fe-b6d0-867a265ced6b,Low,50.667476,52.886846000000006,4.406574331109655,48.237074,58.123709,5,8.332080024416005
85ed433b-de68-58fe-b6d0-867a265ced6b,Medium,41.840151,41.3473854,1.8336442400223931,38.1374,42.705357,5,4.434728392819713
85fa5f36-4722-51ec-9989-a99b3438c289,High,36.825193,37.0449644,0.5243483852094898,36.72409,37.977745,5,1.4154376814828031
85fa5f36-4722-51ec-9989-a99b3438c289,Low,57.73948,57.455339,1.577659873694897,54.727375,58.56083,5,2.7458890699346443
85fa5f36-4722-51ec-9989-a99b3438c289,Medium,43.170418,44.809362199999995,3.2884686035571633,42.070785,49.387102,5,7.338798059386714
867a92c7-c270-55bd-a604-7dad2089dd8d,High,20.802921,20.811371,0.08454694455448963,20.722723,20.933652,5,0.40625360315997266
867a92c7-c270-55bd-a604-7dad2089dd8d,Low,34.22845,35.2064642,4.380447443467471,30.284859,41.222093,5,12.442168059203944
867a92c7-c270-55bd-a604-7dad2089dd8d,Medium,27.848231,27.916243200000004,2.5192651216084236,23.878284,30.09502,5,9.024370161700064
868d64bb-2baa-51d3-be5c-e5adb802c138,High,34.084964,34.139295,0.1149231683408547,34.023384,34.315133,5,0.33663017452719723
868d64bb-2baa-51d3-be5c-e5adb802c138,Low,56.852396,57.8528906,2.8565836429043694,54.176979,60.96317,5,4.937667959679044
868d64bb-2baa-51d3-be5c-e5adb802c138,Medium,44.137063,45.850628799999996,2.806507731741211,44.032943,50.505558,5,6.120979810294797
874a9d07-73b8-56f3-a325-35dc2f6fd992,High,20.633338,20.607405,0.08501922419958832,20.485601,20.689673,5,0.4125663769872448
874a9d07-73b8-56f3-a325-35dc2f6fd992,Low,35.497456,34.9516504,3.3126948999594403,30.66657,39.152733,5,9.477935553965832
874a9d07-73b8-56f3-a325-35dc2f6fd992,Medium,28.585174,28.164952,2.555413400267852,23.782991,30.029149,5,9.073025937583177
87d05d23-1d2c-5b62-bbf6-a454a7e2b378,High,34.105052,34.0465572,0.11823777976264506,33.873235,34.168119,5,0.3472826314510445
87d05d23-1d2c-5b62-bbf6-a454a7e2b378,Low,56.550938,57.7311228,4.416294740212173,53.698163,64.00091,5,7.6497641584275105
87d05d23-1d2c-5b62-bbf6-a454a7e2b378,Medium,47.301752,47.069746800000004,1.8377447007162606,44.010492,48.526391,5,3.904301224573956
88306d08-04f2-54f4-89d3-c64b6b2958e5,High,23.918677,23.9442314,0.11924271299454788,23.797359,24.097778,5,0.49800184020334803
88306d08-04f2-54f4-89d3-c64b6b2958e5,Low,39.219188,41.0682544,3.0269343978687897,38.702261,45.643364,5,7.370496852354138
88306d08-04f2-54f4-89d3-c64b6b2958e5,Medium,31.228768,31.829176199999996,1.9417046226584507,29.347358,34.245186,5,6.100392327019922
8851bb03-eec8-5001-9273-ed61ed002352,High,24.996299,25.3754584,0.6834721193405037,24.878567,26.507975,5,2.6934375275778413
8851bb03-eec8-5001-9273-ed61ed002352,Low,39.914093,39.8748578,0.12820227558315797,39.70461,40.028053,5,0.3215115555425453
8851bb03-eec8-5001-9273-ed61ed002352,Medium,31.415524,31.965088200000004,1.9350381310601363,29.330717,34.275727,5,6.053598597798132
885d8f13-c8e7-58aa-bc82-7f145ed7653b,High,21.569642,21.791711799999998,0.5815795094195643,21.470625,22.828215,5,2.668810576962404
885d8f13-c8e7-58aa-bc82-7f145ed7653b,Low,32.390091,33.186530399999995,1.6056294713976818,31.777115,35.678858,5,4.838196256266916
885d8f13-c8e7-58aa-bc82-7f145ed7653b,Medium,25.930396,27.3015716,4.530081560961712,21.607398,32.916737,5,16.59275014395769
88952438-1173-51a9-9b76-d3e1f775b007,High,35.676369,35.7323478,0.9704813306476828,34.722838,37.309132,5,2.7159741533907344
88952438-1173-51a9-9b76-d3e1f775b007,Low,57.927291,58.314296,0.8153170166183806,57.826008,59.753412,5,1.3981426040338043
88952438-1173-51a9-9b76-d3e1f775b007,Medium,47.791435,47.2539666,1.9703657927456768,44.786228,49.555452,5,4.169736287801238
88a4e892-e86c-5ff3-8d1d-5fc3884bb8cd,High,33.097787,32.7923478,0.6836439355671187,31.958644,33.466867,5,2.0847666648836856
88a4e892-e86c-5ff3-8d1d-5fc3884bb8cd,Low,51.461873,51.518894,1.8944533674668542,49.613964,54.518838,5,3.6772011593782543
88a4e892-e86c-5ff3-8d1d-5fc3884bb8cd,Medium,40.044609,40.741637600000004,1.6106174114682852,39.158649,43.301431,5,3.9532466202789185
88fdb1b8-da96-54ed-ba92-6f0916f69f8f,High,21.628823,21.7539588,0.2924104775836546,21.518468,22.25851,5,1.3441713311677994
88fdb1b8-da96-54ed-ba92-6f0916f69f8f,Low,36.291547,34.808749999999996,3.12982387234282,29.271697,36.704937,5,8.991485969311796
88fdb1b8-da96-54ed-ba92-6f0916f69f8f,Medium,28.079311,26.6286402,2.9815198508485055,23.471615,30.009757,5,11.196665802140755
890564f9-86ac-53c4-87b3-afea517c14ae,High,30.885206,30.8019852,0.1638625744997908,30.590966,30.963613,5,0.5319870567946081
890564f9-86ac-53c4-87b3-afea517c14ae,Low,52.225281,51.9896366,2.453606642824049,48.670296,54.322032,5,4.719414874356034
890564f9-86ac-53c4-87b3-afea517c14ae,Medium,42.190848,41.2796928,2.541553257959922,38.497511,43.899594,5,6.156909331359952
89065001-bdd3-5126-af54-c65fc6922d45,High,30.850177,30.8395894,0.3213259116540386,30.492038,31.32097,5,1.0419266854896536
89065001-bdd3-5126-af54-c65fc6922d45,Low,50.392554,50.951523800000004,3.635586024872976,48.303491,57.199048,5,7.135382327609554
89065001-bdd3-5126-af54-c65fc6922d45,Medium,41.979357,40.4420138,2.208507174578499,37.850564,42.185591,5,5.4609228548814235
893cb5b5-8d2c-5f58-bce8-c0834e7b6ac2,High,24.022205,24.025782200000002,0.16931907816073238,23.86275,24.261026,5,0.7047390871658379
893cb5b5-8d2c-5f58-bce8-c0834e7b6ac2,Low,39.480511,41.5063676,3.2754255065841145,38.88135,45.743893,5,7.891380759091322
893cb5b5-8d2c-5f58-bce8-c0834e7b6ac2,Medium,31.404461,32.1318936,2.1393295052617085,29.601726,35.211274,5,6.657962745344421
893fedc6-5aea-563d-b0a4-15d5db55cbcb,High,28.025238,28.2744444,0.5698893656520536,27.734887,28.990392,5,2.0155634451726083
893fedc6-5aea-563d-b0a4-15d5db55cbcb,Low,47.553024,46.1266206,3.380003683723038,41.917007,49.419897,5,7.327663808354168
893fedc6-5aea-563d-b0a4-15d5db55cbcb,Medium,36.800002,37.180218,2.3223402444444874,34.310223,40.78337,5,6.246171672378272
89586149-3663-5a53-931e-ece960805445,High,32.797031,32.6345518,0.5652850848365807,31.636014,32.989467,5,1.7321674533816662
89586149-3663-5a53-931e-ece960805445,Low,54.051018,52.029306999999996,3.495749642760408,47.643111,55.328633,5,6.718808772064576
89586149-3663-5a53-931e-ece960805445,Medium,40.438413,41.781145200000005,3.0291300721407937,40.064706,47.164116,5,7.249992927768751
89613256-1951-574c-89ae-ead387fb6c88,High,28.021944,28.2662842,0.4909046616219895,27.861901,28.925422,5,1.7367145187834399
89613256-1951-574c-89ae-ead387fb6c88,Low,45.747858,46.3742932,2.3851235735512124,43.338825,49.544136,5,5.143201996124898
89613256-1951-574c-89ae-ead387fb6c88,Medium,36.866398,37.3877606,3.60790332385276,32.077088,41.078843,5,9.649958344530429
89d99087-9dec-5b07-b1d8-89468d66d679,High,37.858235,37.1587146,1.1909854419281538,35.723139,38.222139,5,3.205130895265558
89d99087-9dec-5b07-b1d8-89468d66d679,Low,58.187199,57.626492,4.095626381589085,51.069074,62.427202,5,7.107193652511564
89d99087-9dec-5b07-b1d8-89468d66d679,Medium,46.466735,46.0600192,0.8217134790906115,44.661019,46.65739,5,1.7840059412971576
89dfa62d-d9c8-5a51-b401-d4f9136c9dad,High,22.606918,23.1575654,1.4181486299268131,22.334963,25.685239,5,6.12391071959064
89dfa62d-d9c8-5a51-b401-d4f9136c9dad,Low,36.519003,35.1632938,3.1697621635508706,29.519259,37.048203,5,9.014406277124332
89dfa62d-d9c8-5a51-b401-d4f9136c9dad,Medium,26.513895,26.887622,0.8758096487707819,26.327576,28.430423,5,3.2572967917013336
8a5c2c53-a497-5446-85c7-cc2a3bb6edce,High,34.247744,34.3365186,0.35870746710627416,33.921292,34.884946,5,1.0446821102774064
8a5c2c53-a497-5446-85c7-cc2a3bb6edce,Low,56.656958,57.16986060000001,2.736969342945093,53.613235,61.229073,5,4.7874339979501235
8a5c2c53-a497-5446-85c7-cc2a3bb6edce,Medium,46.724339,45.1019782,3.3768147468585967,41.496013,48.86362,5,7.487065715575635
8a877668-9d59-5f4c-8d6d-0e044a8cc54d,High,27.968844,28.042447,0.5342729159460542,27.466983,28.922745,5,1.9052292973792702
8a877668-9d59-5f4c-8d6d-0e044a8cc54d,Low,45.994226,46.3200426,1.9470143663063455,44.188421,48.692884,5,4.203395025172851
8a877668-9d59-5f4c-8d6d-0e044a8cc54d,Medium,36.798962,36.2470618,1.0555019128706982,34.379008,36.805435,5,2.911965440660071
8a92100c-2cb9-53cd-8b22-1eac741f8880,High,34.410628,34.985234000000005,1.6609743359237974,33.902876,37.913985,5,4.747643922929877
8a92100c-2cb9-53cd-8b22-1eac741f8880,Low,56.305155,56.467752399999995,2.5171261327152044,54.164173,60.352345,5,4.457634713145063
8a92100c-2cb9-53cd-8b22-1eac741f8880,Medium,44.395449,45.1420756,1.2665204430976646,43.955861,46.847428,5,2.80563183297151
8b205bd2-fb07-5ee7-8aa7-63179e4b45ea,High,29.314634,29.056473800000003,0.5597314055001729,28.352015,29.651268,5,1.9263569604243334
8b205bd2-fb07-5ee7-8aa7-63179e4b45ea,Low,47.285433,46.5778076,2.1400417728431838,43.059859,48.240847,5,4.594552391176058
8b205bd2-fb07-5ee7-8aa7-63179e4b45ea,Medium,37.196642,35.8311656,2.0942524436042325,32.684777,37.345729,5,5.844779003237987
8b504459-331b-511b-b2e9-104b013bde57,High,20.69165,21.145995,0.7649005896699915,20.668037,22.436851,5,3.617236217401884
8b504459-331b-511b-b2e9-104b013bde57,Low,34.444054,34.7523612,3.7061474845038442,30.133233,39.254749,5,10.66444798721718
8b504459-331b-511b-b2e9-104b013bde57,Medium,27.200477,26.763168,1.0975179502876025,25.50385,27.748586,5,4.100852149818745
8b58774c-d397-5e6b-9b1e-3e8a41d74fb8,High,21.316925,21.3758174,0.35339717859980035,21.027913,21.949509,5,1.6532569117090248
8b58774c-d397-5e6b-9b1e-3e8a41d74fb8,Low,33.442655,34.081751,3.124738305723377,31.286806,38.966678,5,9.168361994439127
8b58774c-d397-5e6b-9b1e-3e8a41d74fb8,Medium,27.487419,27.5924274,2.2419689677411454,24.026335,29.770912,5,8.125305306560834
8c1ab59f-906d-5c94-a21f-d4ccae4f61e5,High,27.359187,27.349026600000002,0.129945832494928,27.167333,27.532671,5,0.4751387842627203
8c1ab59f-906d-5c94-a21f-d4ccae4f61e5,Low,43.08862,45.208232599999995,3.2657209708217234,42.762666,49.848372,5,7.223730685772758
8c1ab59f-906d-5c94-a21f-d4ccae4f61e5,Medium,36.527358,36.196023000000004,0.986109600382482,34.452063,36.787169,5,2.7243589727591946
8c69583c-6393-5b94-8b61-28c049e525e7,High,20.590955,20.7205578,0.2950687587439569,20.467795,21.202952,5,1.4240386846340443
8c69583c-6393-5b94-8b61-28c049e525e7,Low,32.765988,34.6062092,4.472388457878374,30.638645,39.596003,5,12.923658965450551
8c69583c-6393-5b94-8b61-28c049e525e7,Medium,28.005372,27.950483600000002,2.71660164768729,23.521861,30.376632,5,9.719336833539758
8c8e4412-1f89-5c66-9733-6ec2e1bdac4a,High,24.880598,25.295188000000003,0.8506408001007251,24.869563,26.811209,5,3.3628562084643328
8c8e4412-1f89-5c66-9733-6ec2e1bdac4a,Low,39.394881,41.0000628,3.8099436668064013,39.003983,47.802069,5,9.292531295357922
8c8e4412-1f89-5c66-9733-6ec2e1bdac4a,Medium,30.136373,31.7654008,4.174510337321816,28.24812,37.88702,5,13.14168948663735
8caf59a6-2123-5793-8a99-6a869fa88adb,High,21.143527,21.177499,0.09150337415636689,21.066375,21.287045,5,0.43207828344776167
8caf59a6-2123-5793-8a99-6a869fa88adb,Low,33.524721,34.1910412,3.3170701884186435,31.324568,39.296895,5,9.70157699794952
8caf59a6-2123-5793-8a99-6a869fa88adb,Medium,28.125506,27.5546268,2.74794340951314,22.956277,29.929146,5,9.972711405088383
8d909b4f-7dfe-54ea-bfd7-0dcfa152de20,High,27.531167,27.648472400000003,0.32844849571934454,27.316463,28.149812,5,1.1879444584408376
8d909b4f-7dfe-54ea-bfd7-0dcfa152de20,Low,48.135807,45.839981,4.995622160635399,40.308652,50.396021,5,10.897958619649948
8d909b4f-7dfe-54ea-bfd7-0dcfa152de20,Medium,36.748369,36.784643,3.011104791158305,32.611464,41.123597,5,8.185765976193665
8de29408-2126-543d-8fc4-989002f3a20c,High,33.914254,33.988221800000005,0.12907692088905678,33.904614,34.205636,5,0.37976956149278973
8de29408-2126-543d-8fc4-989002f3a20c,Low,56.511131,56.5162796,0.8000768228234704,55.411754,57.301364,5,1.4156572734194457
8de29408-2126-543d-8fc4-989002f3a20c,Medium,44.222128,45.812046800000005,3.9030530421688754,43.632291,52.749709,5,8.519708929854833
8de8f28d-dabe-5e50-9a3f-f5b4e6975531,High,27.881719,28.3034268,0.702136327246853,27.769565,29.333478,5,2.4807467032467354
8de8f28d-dabe-5e50-9a3f-f5b4e6975531,Low,47.582608,45.6273384,3.576438628631533,41.781431,49.353865,5,7.838367860246552
8de8f28d-dabe-5e50-9a3f-f5b4e6975531,Medium,38.676714,38.4966802,2.6084645126006984,34.270572,40.841566,5,6.775816769261829
8e0a498f-4f2b-5a94-bb2e-a92d031e37e9,High,20.820477,20.865911399999998,0.13763046816130586,20.735167,21.022604,5,0.6595948076406856
8e0a498f-4f2b-5a94-bb2e-a92d031e37e9,Low,37.590087,36.0437548,2.9065000465629085,32.72619,38.766551,5,8.063810395699697
8e0a498f-4f2b-5a94-bb2e-a92d031e37e9,Medium,27.687186,27.5511124,2.660837142221279,23.150641,29.682012,5,9.65782108391848
8e2c4436-9ef0-5d5d-8835-ad8bb6ac5f29,High,24.356886,24.5255276,0.38462545286070277,24.132637,24.989906,5,1.5682657642835083
8e2c4436-9ef0-5d5d-8835-ad8bb6ac5f29,Low,41.171951,39.655869,3.8883112958063824,34.205882,44.034103,5,9.805134508101139
8e2c4436-9ef0-5d5d-8835-ad8bb6ac5f29,Medium,30.8252,32.002920800000005,3.9035796403862704,28.326501,36.967467,5,12.197573042727617
8e361a09-2657-57d1-ae2b-bd310b9bc17a,High,27.573221,27.5407442,0.1897817551549672,27.224311,27.720996,5,0.6890945058593123
8e361a09-2657-57d1-ae2b-bd310b9bc17a,Low,47.49139,46.7770134,2.5558635599026602,42.887259,49.469171,5,5.463930623460154
8e361a09-2657-57d1-ae2b-bd310b9bc17a,Medium,36.911977,36.8510842,0.17751694061891649,36.56473,37.021845,5,0.4817142954478297
8f49f6d7-184a-5101-a185-c5561a2d4d86,High,29.981487,29.5094562,0.8598027020181424,28.5196,30.358058,5,2.913651462063006
8f49f6d7-184a-5101-a185-c5561a2d4d86,Low,46.147806,45.8335204,2.550896342832415,43.201375,48.314141,5,5.5655693051071315
8f49f6d7-184a-5101-a185-c5561a2d4d86,Medium,34.415387,36.0497566,4.309549529037844,31.537058,41.645691,5,11.95444833887684
8f88d670-1ccc-51ea-8811-46425039d711,High,31.464955,31.3960416,0.3181177995252695,31.040171,31.790522,5,1.013241744224436
8f88d670-1ccc-51ea-8811-46425039d711,Low,51.26123,52.20079499999999,3.0585738261108726,48.838355,56.962711,5,5.859247595962615
8f88d670-1ccc-51ea-8811-46425039d711,Medium,40.624803,41.846496200000004,2.2881370203042257,39.824351,44.596746,5,5.467929762550169
8f8b6290-b0b8-513d-a947-f50e7ab53fd1,High,21.684766,21.6838898,0.16847522842898974,21.498354,21.92352,5,0.7769603608158429
8f8b6290-b0b8-513d-a947-f50e7ab53fd1,Low,36.138142,36.305419,4.471768897560282,31.547985,43.249649,5,12.317083842388051
8f8b6290-b0b8-513d-a947-f50e7ab53fd1,Medium,27.943969,27.171243800000003,2.4106307429241833,23.698729,30.141337,5,8.87199261347095
90318212-6c5b-5876-b480-dbe208cd742e,High,24.012219,24.022176,0.09609682041566099,23.936929,24.18281,5,0.4000337871792338
90318212-6c5b-5876-b480-dbe208cd742e,Low,39.025418,39.9662874,1.8986987037770908,38.954063,43.34058,5,4.750750763447422
90318212-6c5b-5876-b480-dbe208cd742e,Medium,33.278499,32.9631106,2.736887989605859,29.285132,36.053236,5,8.302881432572867
90be1388-6262-5f10-ae7d-d8a71ff87155,High,34.975672,36.371984600000005,3.300974872918879,34.610196,42.269302,5,9.075597356650366
90be1388-6262-5f10-ae7d-d8a71ff87155,Low,57.130196,56.6510454,3.5682807753995225,52.384579,61.741072,5,6.298702433829266
90be1388-6262-5f10-ae7d-d8a71ff87155,Medium,46.145118,45.9198936,2.0179544970519787,43.573152,47.981668,5,4.39451039375226
90f688f3-b2eb-5fe8-81f2-4766ecca585a,High,24.056203,24.0144952,0.09682883942917052,23.856685,24.091414,5,0.40320997223864413
90f688f3-b2eb-5fe8-81f2-4766ecca585a,Low,39.093044,39.8066906,3.8401125098950284,34.119236,43.658235,5,9.646902196624776
90f688f3-b2eb-5fe8-81f2-4766ecca585a,Medium,31.448898,32.834653,2.882982089192284,29.614566,36.491157,5,8.780303203424394
91728ed0-836a-50f3-a85c-d4c184b6f50d,High,27.780329,28.2559802,1.1639742127584696,27.297031,30.14766,5,4.11939067241585
91728ed0-836a-50f3-a85c-d4c184b6f50d,Low,47.850284,47.1212804,2.6094079411880577,43.037539,49.728888,5,5.537642269135067
91728ed0-836a-50f3-a85c-d4c184b6f50d,Medium,37.120506,36.1126514,3.5755938952617763,32.420612,40.955147,5,9.901222304773158
91a0fba3-5737-52a4-a0f3-38b230f084f1,High,28.361979,28.803904999999997,0.6653005549415232,28.289244,29.622033,5,2.309758190570075
91a0fba3-5737-52a4-a0f3-38b230f084f1,Low,44.435284,45.7031926,3.6632515961614383,42.466418,50.522789,5,8.015307876241097
91a0fba3-5737-52a4-a0f3-38b230f084f1,Medium,36.960158,36.816476,3.1205498916730137,33.289917,41.680308,5,8.475960305578985
92a5a593-df9b-5057-a246-c80b23e8e349,High,21.072132,21.0191698,0.20416981020390979,20.789641,21.279875,5,0.9713504964592359
92a5a593-df9b-5057-a246-c80b23e8e349,Low,32.588385,34.4250066,3.7955651687410525,30.151464,39.009129,5,11.025604767033078
92a5a593-df9b-5057-a246-c80b23e8e349,Medium,27.136708,28.067982999999998,3.979095465942983,22.813402,33.660429,5,14.176634872348979
92b6cc78-32ce-567d-a1af-b731430c349c,High,23.910513,24.3910378,0.6942092582238434,23.858007,25.288911,5,2.8461653166059353
92b6cc78-32ce-567d-a1af-b731430c349c,Low,39.476274,41.6835872,3.877614246614496,38.871478,47.749468,5,9.302496515018015
92b6cc78-32ce-567d-a1af-b731430c349c,Medium,31.348556,31.9457044,1.6116122200831386,30.116629,34.165778,5,5.044847970493143
92f6d485-0ba0-58e3-b3d7-ddf1e60ce849,High,34.148773,34.1951732,0.21218541410450628,33.971217,34.54713,5,0.6205127632004691
92f6d485-0ba0-58e3-b3d7-ddf1e60ce849,Low,55.03425,56.1487534,3.350438690857928,52.444515,61.28138,5,5.967075826224715
92f6d485-0ba0-58e3-b3d7-ddf1e60ce849,Medium,46.023646,45.5619872,1.922251635210828,43.620602,48.151055,5,4.218981114174994
9303d632-4d64-5b4e-a423-8a4de696f38e,High,24.993558,24.944244,0.09680461591525476,24.826387,25.028846,5,0.38808398408568623
9303d632-4d64-5b4e-a423-8a4de696f38e,Low,39.454519,41.0917518,3.6028897117592553,39.154843,47.503865,5,8.767914615310355
9303d632-4d64-5b4e-a423-8a4de696f38e,Medium,33.676642,31.832635,2.5781970524120132,28.981756,33.782125,5,8.099226006304578
930e2f50-cd9e-55e8-a544-4ff4da83b0c3,High,20.821151,20.9854388,0.4825239091658568,20.396591,21.609582,5,2.299327232394382
930e2f50-cd9e-55e8-a544-4ff4da83b0c3,Low,32.533767,33.5544854,3.9272366272328565,30.845229,40.411273,5,11.704058579401897
930e2f50-cd9e-55e8-a544-4ff4da83b0c3,Medium,27.952742,27.4609372,2.3499056007205263,23.54179,29.911989,5,8.557266576905198
93498620-c1d1-5b70-bea2-8e72b07aa1a8,High,21.880304,22.1203732,0.5568831499450307,21.6048,22.947484,5,2.517512452931991
93498620-c1d1-5b70-bea2-8e72b07aa1a8,Low,32.29168,34.3340384,4.056952030737089,30.220099,40.135257,5,11.816122483095636
93498620-c1d1-5b70-bea2-8e72b07aa1a8,Medium,27.648533,26.6950886,2.117460412893072,23.292493,28.497711,5,7.932022420382872
936d0d2b-408f-5586-8f6d-16aa87452b75,High,31.617479,31.228510800000002,1.877948760759914,29.196912,33.035505,5,6.013571293191201
936d0d2b-408f-5586-8f6d-16aa87452b75,Low,46.138481,45.5607536,2.3692298070866387,43.197636,48.754361,5,5.200155001577144
936d0d2b-408f-5586-8f6d-16aa87452b75,Medium,35.202268,35.7623952,2.193215186712811,33.591452,39.46752,5,6.132741317932785
9371da9e-e454-5717-8021-b6ce908e0468,High,29.43345,29.0283168,0.6412563097773004,28.320631,29.558679,5,2.2090716254595253
9371da9e-e454-5717-8021-b6ce908e0468,Low,46.310065,45.7498536,3.3900153983765016,42.453959,50.82366,5,7.409893434886317
9371da9e-e454-5717-8021-b6ce908e0468,Medium,37.205122,35.7125784,2.369016500559947,32.451583,37.522844,5,6.633563317735544
93781cd4-9f05-5c6b-95a1-8753282bb816,High,20.518184,20.537141400000003,0.06657373569809708,20.456677,20.635818,5,0.3241626203055556
93781cd4-9f05-5c6b-95a1-8753282bb816,Low,35.84367,35.3275848,1.2577088152786806,33.131927,36.128794,5,3.56013246418895
93781cd4-9f05-5c6b-95a1-8753282bb816,Medium,27.720048,26.8767174,2.4999247998698477,23.154441,29.664771,5,9.301451373930982
93cac94e-b732-558b-8601-20de990057e6,High,36.160512,35.9786624,0.4579967802663046,35.173195,36.28639,5,1.2729677806651996
93cac94e-b732-558b-8601-20de990057e6,Low,58.8143,57.991298400000005,2.7215641417859886,53.229116,60.154224,5,4.693056056468618
93cac94e-b732-558b-8601-20de990057e6,Medium,45.137961,45.8678362,2.3291415750923554,43.959919,49.679234,5,5.077940814422712
94285ec9-f102-559d-b55d-381c87b954ee,High,34.423992,34.532168,0.35312259831891046,34.20039,35.055972,5,1.022590294124917
94285ec9-f102-559d-b55d-381c87b954ee,Low,55.637756,56.438740800000005,3.3566525883132,52.474929,60.08371,5,5.947426432152433
94285ec9-f102-559d-b55d-381c87b954ee,Medium,43.879191,45.1461348,3.146911834731663,43.504221,50.768419,5,6.970501126337095
942e1e4a-32af-5630-a079-cd60ee7843df,High,29.65934,29.185786,0.9022833431741376,28.147201,30.028173,5,3.0915163400915007
942e1e4a-32af-5630-a079-cd60ee7843df,Low,44.889925,45.672635400000004,3.547002908701978,42.430245,50.463851,5,7.766144601986287
942e1e4a-32af-5630-a079-cd60ee7843df,Medium,37.061141,37.3779422,2.624763946998413,33.8277,41.164607,5,7.022226994075702
942f23af-3b37-5c0b-8711-05554a82aaef,High,21.192114,21.1881086,0.06769491665036607,21.082942,21.254497,5,0.3194948540634065
942f23af-3b37-5c0b-8711-05554a82aaef,Low,33.333587,33.0805838,1.7784244524316173,31.219129,35.719812,5,5.376037083213801
942f23af-3b37-5c0b-8711-05554a82aaef,Medium,29.644366,28.2852988,3.107650779937346,23.323014,31.230486,5,10.986805555461714
943acf73-4ed5-5fa1-b0ae-574caf96b0f9,High,27.162584,27.3731516,0.4289245744921823,27.123046,28.132175,5,1.566953563696269
943acf73-4ed5-5fa1-b0ae-574caf96b0f9,Low,46.894833,46.8597166,1.3406357576912162,45.033772,48.529968,5,2.860955752539093
943acf73-4ed5-5fa1-b0ae-574caf96b0f9,Medium,37.272485,36.8561812,0.998724903395926,35.118603,37.613421,5,2.709789432541443
94df8a72-c548-580f-b8b0-72677d8da97c,High,36.245874,36.272475199999995,0.14546788750682932,36.079712,36.443127,5,0.4010420758570932
94df8a72-c548-580f-b8b0-72677d8da97c,Low,57.818789,57.288224400000004,1.3882829046712004,54.822728,58.156109,5,2.423330307774734
94df8a72-c548-580f-b8b0-72677d8da97c,Medium,44.527747,45.2380422,1.6162377981871066,43.815554,47.161267,5,3.5727403742222656
94edacdc-ddab-584d-8c85-98a588508111,High,32.877469,32.5333616,0.723314283722367,31.542599,33.204022,5,2.2233001698858166
94edacdc-ddab-584d-8c85-98a588508111,Low,51.570443,51.648639200000005,1.9174851361365763,50.069166,54.796496,5,3.7125569343878784
94edacdc-ddab-584d-8c85-98a588508111,Medium,40.847527,41.2543424,1.2318996135583846,40.48005,43.432381,5,2.986108957001299
950d1f4a-eb7f-59b9-9e3e-61997d84c79a,High,20.52632,20.5288264,0.09895371829446253,20.373795,20.629295,5,0.4820232602018717
950d1f4a-eb7f-59b9-9e3e-61997d84c79a,Low,36.168802,36.5473924,2.8689000126874067,33.026409,41.038175,5,7.84980767242756
950d1f4a-eb7f-59b9-9e3e-61997d84c79a,Medium,27.722904,27.042619000000002,2.454249089054022,23.104151,29.70795,5,9.075485954426314
957130a1-78ed-51c5-b882-17640165e8fa,High,24.185986,24.396427199999998,0.36416297140936865,24.085896,24.939181,5,1.4926897632345473
957130a1-78ed-51c5-b882-17640165e8fa,Low,41.392289,41.6001498,3.802692622511408,36.910142,47.442978,5,9.141055118295291
957130a1-78ed-51c5-b882-17640165e8fa,Medium,30.600397,30.701792,1.610333203869001,28.364063,32.874217,5,5.245078866630981
9575bee5-73b3-555f-be33-278d972e6803,High,23.909068,24.0114372,0.32697822172004093,23.815132,24.58961,5,1.3617603102909681
9575bee5-73b3-555f-be33-278d972e6803,Low,40.098041,41.344774,3.1205680801283595,39.307981,46.877959,5,7.547672361513838
9575bee5-73b3-555f-be33-278d972e6803,Medium,33.323599,32.4951122,2.039582788087724,29.579613,34.309248,5,6.276583307466543
95e746a5-ce76-50a6-85bd-8acced922f5b,High,31.887572,32.416902199999996,0.773050361787124,31.792284,33.319856,5,2.3847138662963427
95e746a5-ce76-50a6-85bd-8acced922f5b,Low,51.413059,51.3823046,1.8868987261129837,49.643841,54.360853,5,3.6722734427777763
95e746a5-ce76-50a6-85bd-8acced922f5b,Medium,41.233262,41.435276,1.7197992014800778,39.330949,43.461696,5,4.150567746863995
95fc3f3b-8a75-5026-9c4a-a0dbabdb89db,High,22.578295,23.0445442,1.1811138479065846,22.32444,25.133024,5,5.125351309428739
95fc3f3b-8a75-5026-9c4a-a0dbabdb89db,Low,31.677077,33.521261800000005,4.626025352779339,29.465929,41.389155,5,13.800272138858864
95fc3f3b-8a75-5026-9c4a-a0dbabdb89db,Medium,29.675695,29.139601,1.6970939679220773,26.507377,30.591104,5,5.824012373821033
961986dc-0142-57fc-9074-b29af5bc49ee,High,28.592574,29.006817,0.7737073209088822,28.236055,29.85398,5,2.6673292726633266
961986dc-0142-57fc-9074-b29af5bc49ee,Low,42.700058,44.5076568,2.638897072152815,42.559875,48.142322,5,5.92908560432868
961986dc-0142-57fc-9074-b29af5bc49ee,Medium,35.791117,36.7433144,4.27314472907779,31.934536,42.953882,5,11.629720396366285
963c60ed-7a43-5f99-8fd6-b6ed50ab0783,High,31.66443,31.954870800000002,0.622365132431279,31.461129,32.982435,5,1.9476377680465506
963c60ed-7a43-5f99-8fd6-b6ed50ab0783,Low,50.754646,51.260104999999996,1.786641710850419,48.797715,53.065769,5,3.485442940178174
963c60ed-7a43-5f99-8fd6-b6ed50ab0783,Medium,40.475112,42.085157,2.5306767180148686,40.054099,45.033146,5,6.013228649746676
9689c7c7-318b-5d54-9773-0803a2012cad,High,28.058967,30.125584600000003,3.92873570604346,27.589375,36.930647,5,13.041193252208155
9689c7c7-318b-5d54-9773-0803a2012cad,Low,42.328889,44.932379600000004,3.75215732788043,42.003059,49.220149,5,8.350675751614164
9689c7c7-318b-5d54-9773-0803a2012cad,Medium,35.048318,35.9397738,1.6415239541141944,34.661769,38.456794,5,4.567429843184474
96c5172e-5e26-54da-80a5-73b831281be6,High,30.759687,30.7268762,0.1805882573568947,30.472473,30.937415,5,0.5877208479685765
96c5172e-5e26-54da-80a5-73b831281be6,Low,50.590822,52.061171200000004,3.467586143122215,48.83406,57.695282,5,6.660599566231454
96c5172e-5e26-54da-80a5-73b831281be6,Medium,40.696075,41.1983098,1.1910840448695053,40.424972,43.301527,5,2.8910992966743145
96e430e4-52de-5da4-9f1c-f5c0916d2a2a,High,25.179696,25.539031599999998,0.6676524524468564,24.952533,26.272372,5,2.6142434173066156
96e430e4-52de-5da4-9f1c-f5c0916d2a2a,Low,39.782674,39.783168,0.07834162288655871,39.691532,39.89099,5,0.19692152944320246
96e430e4-52de-5da4-9f1c-f5c0916d2a2a,Medium,31.515985,32.365979800000005,1.6884972668545255,30.808701,34.866221,5,5.216889083192609
96f3544a-a587-55e2-9e96-879383d8a2d7,High,30.738442,31.0009746,0.53001938061386,30.702099,31.938122,5,1.7096861871363878
96f3544a-a587-55e2-9e96-879383d8a2d7,Low,51.008348,51.629046800000005,3.6765643435187148,48.94451,57.94631,5,7.1211160604241766
96f3544a-a587-55e2-9e96-879383d8a2d7,Medium,40.39723,41.3293942,1.9804566050477321,40.276929,44.859424,5,4.791883944545531
973a8aa5-1bb3-5884-b1ef-0a1da51c5eee,High,20.78869,20.790705600000003,0.0721561055164425,20.70477,20.890647,5,0.34705943561839714
973a8aa5-1bb3-5884-b1ef-0a1da51c5eee,Low,34.37555,34.364916,2.253898407991696,32.211063,38.003796,5,6.558719386922686
973a8aa5-1bb3-5884-b1ef-0a1da51c5eee,Medium,27.765177,28.299353000000004,1.1297507849191784,27.264396,29.652377,5,3.992143512677403
97d1a53d-59e5-5aec-925a-4f4be13c660e,High,26.530867,26.4722686,1.2637917786943003,25.346809,28.459862,5,4.774021440286762
97d1a53d-59e5-5aec-925a-4f4be13c660e,Low,39.877205,39.8837128,0.0830727125336604,39.789366,40.000559,5,0.20828731003614187
97d1a53d-59e5-5aec-925a-4f4be13c660e,Medium,33.163208,32.3735058,3.0880860918933575,27.880486,36.293452,5,9.538930108376949
986e8860-7011-57c8-b78e-df72d99e1aa3,High,23.863745,23.8619654,0.10330738173189605,23.701913,23.978942,5,0.4329374383046254
986e8860-7011-57c8-b78e-df72d99e1aa3,Low,39.412878,38.8716664,1.422934210464523,36.352693,39.828904,5,3.6605948297202997
986e8860-7011-57c8-b78e-df72d99e1aa3,Medium,31.196568,31.629037999999998,1.756506768371959,29.212466,33.645844,5,5.553462512429114
98ae62d6-743c-530b-bdb7-63abb831af83,High,20.519875,20.5746834,0.12710997170482008,20.441706,20.732238,5,0.6177979472812694
98ae62d6-743c-530b-bdb7-63abb831af83,Low,34.706882,33.97905,2.0512448236374667,31.087193,35.77939,5,6.0367927403428485
98ae62d6-743c-530b-bdb7-63abb831af83,Medium,27.929918,27.7190928,1.3297667983474397,26.251178,29.704676,5,4.7972955245758975
98b085c9-ccac-583a-b0e4-f3fc21d67d35,High,36.366101,36.2225282,0.6517331851330723,35.214107,37.009659,5,1.7992481958591513
98b085c9-ccac-583a-b0e4-f3fc21d67d35,Low,57.585685,56.2841524,2.295217613574646,52.69433,58.100442,5,4.077910949538694
98b085c9-ccac-583a-b0e4-f3fc21d67d35,Medium,46.338178,45.587831,1.2847700239083624,43.974147,46.766743,5,2.8182302068908744
98bf119f-43d3-576d-90c0-67c904b000bb,High,36.594434,36.35065,0.6568474763523872,35.180725,36.721203,5,1.806975876228863
98bf119f-43d3-576d-90c0-67c904b000bb,Low,58.137626,57.5693718,1.545123311548046,54.817854,58.493326,5,2.6839329025786696
98bf119f-43d3-576d-90c0-67c904b000bb,Medium,44.030354,45.444156,2.984732971733987,42.597482,50.140838,5,6.567913752725405
992571fc-b242-505e-8014-6eeccd6e0196,High,28.454087,28.6785236,0.6038424348361076,28.22528,29.712905,5,2.105556210836835
992571fc-b242-505e-8014-6eeccd6e0196,Low,45.904635,45.3429418,2.166477891474937,43.02047,47.956575,5,4.777982648393001
992571fc-b242-505e-8014-6eeccd6e0196,Medium,37.289354,37.2839198,0.485546534367923,36.781239,37.81605,5,1.3022947613140263
99312557-e50c-5d9e-b8c3-35d7c5df2655,High,24.430164,24.4435444,0.3390510796919842,24.067864,24.897624,5,1.3870782164144093
99312557-e50c-5d9e-b8c3-35d7c5df2655,Low,41.062657,39.621231,4.438164679002744,33.667666,45.228838,5,11.201481041825136
99312557-e50c-5d9e-b8c3-35d7c5df2655,Medium,31.398824,32.2738214,3.790526582972318,28.699502,37.482622,5,11.744895455647274
9953087b-5c35-531c-acf5-184a2a3edc98,High,23.956774,23.9848742,0.09448783192400725,23.863233,24.105945,5,0.39394758186393675
9953087b-5c35-531c-acf5-184a2a3edc98,Low,38.700867,39.0806498,3.8919908001054178,36.056766,45.65786,5,9.95886921026942
9953087b-5c35-531c-acf5-184a2a3edc98,Medium,31.40546,32.438271,2.474045135303921,29.565943,35.081538,5,7.6269328143411865
99898907-2bf0-5f7b-82e7-387a666b403b,High,31.106957,31.075912,0.22712584991475537,30.82703,31.358944,5,0.7308742858930588
99898907-2bf0-5f7b-82e7-387a666b403b,Low,51.877592,51.6025278,1.6444166459610237,48.922805,53.394459,5,3.186697853900529
99898907-2bf0-5f7b-82e7-387a666b403b,Medium,40.27499,41.9414228,2.8218624963540844,39.783957,46.10458,5,6.72810388386272
99a44ebe-dc46-55c4-b0ae-e0bdc9cdada1,High,26.503184,27.225529599999998,1.8190442310478043,25.622675,29.83481,5,6.681391538652767
99a44ebe-dc46-55c4-b0ae-e0bdc9cdada1,Low,40.002312,40.0735892,0.2669309301293141,39.727895,40.434652,5,0.6661018777157952
99a44ebe-dc46-55c4-b0ae-e0bdc9cdada1,Medium,31.999801,32.073961399999995,1.2503944728631824,30.494495,33.997099,5,3.898472213236444
99ced5de-e468-52de-b028-64d5c178c99f,High,24.913515,24.9988462,0.1597590796048842,24.861586,25.248426,5,0.6390658125849192
99ced5de-e468-52de-b028-64d5c178c99f,Low,39.075948,40.7011346,3.7648329892870156,38.933306,47.434129,5,9.249946042749912
99ced5de-e468-52de-b028-64d5c178c99f,Medium,30.199934,31.867390399999998,4.3104234886735675,28.244534,38.125038,5,13.526126345988995
9a4e80b6-dded-5af7-8407-7ad7f9ade523,High,35.940486,36.8797526,3.890083610657077,34.006368,43.45151,5,10.548019811437339
9a4e80b6-dded-5af7-8407-7ad7f9ade523,Low,60.325222,57.099679,4.722897669038892,51.753847,60.658152,5,8.271320875619795
9a4e80b6-dded-5af7-8407-7ad7f9ade523,Medium,45.571122,46.7318714,2.1419921580967074,44.975034,49.156721,5,4.583578816611884
9a53bea1-f08c-5cc1-b479-ce63dff5b81a,High,20.886248,20.9634602,0.3027817406131026,20.726701,21.479503,5,1.444330934513867
9a53bea1-f08c-5cc1-b479-ce63dff5b81a,Low,38.548572,37.848744999999994,2.171015497912787,34.281939,39.755505,5,5.736030343708325
9a53bea1-f08c-5cc1-b479-ce63dff5b81a,Medium,25.45022,27.3882106,3.950179752009496,22.936605,31.650436,5,14.422920174308487
9a897146-68ff-57f5-808d-c32118a9fded,High,25.180854,25.7204996,0.7548216517401976,25.158177,26.597171,5,2.9347083590094707
9a897146-68ff-57f5-808d-c32118a9fded,Low,39.884167,40.0454334,0.27867479577421633,39.854104,40.499262,5,0.6958965657597711
9a897146-68ff-57f5-808d-c32118a9fded,Medium,29.048641,30.456948999999998,2.248403805954681,28.831509,33.915682,5,7.382235843631879
9ab8b517-c0d6-5ae8-a2e4-6f9b3aa832ea,High,25.10986,25.5661264,0.6978741815429915,25.016284,26.427513,5,2.7296829039497807
9ab8b517-c0d6-5ae8-a2e4-6f9b3aa832ea,Low,39.64143,39.720911799999996,0.18558666633732138,39.574404,40.042428,5,0.4672266016242895
9ab8b517-c0d6-5ae8-a2e4-6f9b3aa832ea,Medium,31.476501,32.0671464,2.081274910797897,29.270929,34.305254,5,6.490365200683704
9af94d4a-e836-5454-94f2-56ad69ebd2f4,High,28.298305,28.745453599999998,0.6763079065549955,28.205965,29.539357,5,2.352747380389209
9af94d4a-e836-5454-94f2-56ad69ebd2f4,Low,46.798707,45.9529274,3.0745837776889884,42.636587,48.815512,5,6.69072451233866
9af94d4a-e836-5454-94f2-56ad69ebd2f4,Medium,37.097387,37.616269599999995,3.5498600509584604,32.534657,42.254546,5,9.437033732229686
9afd9b6b-4e8d-516f-8dc2-b6e0ccd98066,High,27.359081,27.4762668,0.37318010208637786,27.204248,28.130671,5,1.3581907061929455
9afd9b6b-4e8d-516f-8dc2-b6e0ccd98066,Low,47.822333,47.308226000000005,3.039589468367234,42.349321,50.248569,5,6.425075986504406
9afd9b6b-4e8d-516f-8dc2-b6e0ccd98066,Medium,38.261199,37.0132166,2.243342596159648,34.321122,39.197598,5,6.060923103234557
9b23934a-4e1a-542c-805e-97ebece1bb7d,High,21.612077,21.7098082,0.20589326859006452,21.507345,22.016235,5,0.9483882431999768
9b23934a-4e1a-542c-805e-97ebece1bb7d,Low,36.452508,36.125233200000004,3.5155175962619203,31.559445,39.496321,5,9.731473778450017
9b23934a-4e1a-542c-805e-97ebece1bb7d,Medium,28.477695,27.1449678,3.307601612962434,23.441681,30.047126,5,12.184953164550942
9b25f824-b287-5c77-87d3-48fe5318e3c6,High,21.477637,21.446476999999998,0.10545910477289283,21.295832,21.557052,5,0.4917316012923374
9b25f824-b287-5c77-87d3-48fe5318e3c6,Low,33.42908,33.651375200000004,1.5727410666636152,31.288123,35.150425,5,4.673630891208318
9b25f824-b287-5c77-87d3-48fe5318e3c6,Medium,27.113426,27.379846800000003,3.3619951101433356,23.052984,31.521751,5,12.279086638802287
9c33b426-29d0-51bf-aedd-3fa924d4cc2c,High,27.257653,27.269977599999997,0.10570309343770182,27.145696,27.435544,5,0.38761708934334377
9c33b426-29d0-51bf-aedd-3fa924d4cc2c,Low,47.437657,49.0910272,5.23003361981629,43.608249,57.654058,5,10.653746556389617
9c33b426-29d0-51bf-aedd-3fa924d4cc2c,Medium,38.322862,37.3978306,2.616864806206426,32.76245,39.186605,5,6.997370607391399
9c6b692f-47aa-5698-904a-cde86fc6919e,High,31.129244,30.536548600000003,1.0974076923585874,29.057551,31.51858,5,3.5937515622135083
9c6b692f-47aa-5698-904a-cde86fc6919e,Low,46.770838,46.2425614,2.5517849397263674,43.308534,48.744435,5,5.518260369821053
9c6b692f-47aa-5698-904a-cde86fc6919e,Medium,35.406018,36.7095942,2.7889125311173166,33.577244,39.974081,5,7.597230620210225
9c998e85-8254-57ec-a3c5-af61494efeaf,High,21.686686,21.948151000000003,0.6239943895577093,21.585419,23.053042,5,2.8430385300233683
9c998e85-8254-57ec-a3c5-af61494efeaf,Low,36.394561,34.821131,2.3761839858040252,31.392359,36.670142,5,6.8239713000821975
9c998e85-8254-57ec-a3c5-af61494efeaf,Medium,28.105702,27.2529544,2.5629930628180215,23.491964,30.281467,5,9.404459513637251
9cc95fe4-6736-5efd-b4b3-328c059ae7dd,High,31.211128,31.390530000000002,0.5307571978541619,30.915428,32.235086,5,1.6908194855396255
9cc95fe4-6736-5efd-b4b3-328c059ae7dd,Low,50.945961,51.384905200000006,2.9570169673630016,49.033633,56.408314,5,5.754641282014083
9cc95fe4-6736-5efd-b4b3-328c059ae7dd,Medium,40.347496,41.6912528,2.2438822283052646,39.637459,44.500977,5,5.382141522754299
9d46934f-5130-5bf7-9bfa-e55d9e84e58b,High,27.560802,27.562735600000003,0.20593349764377905,27.322819,27.862435,5,0.747144625382464
9d46934f-5130-5bf7-9bfa-e55d9e84e58b,Low,46.100532,46.3486874,3.0707591112932975,42.2833,50.822202,5,6.625342126287048
9d46934f-5130-5bf7-9bfa-e55d9e84e58b,Medium,38.386549,36.4871358,2.760800061773344,32.496097,38.471207,5,7.566502552862326
9d49596c-458f-5b31-82e0-8dd45c5e8dec,High,20.861623,20.9476784,0.39306999807069853,20.429849,21.478208,5,1.876437047413801
9d49596c-458f-5b31-82e0-8dd45c5e8dec,Low,35.954036,35.2957724,2.193219220049444,32.137821,37.260814,5,6.213829790134992
9d49596c-458f-5b31-82e0-8dd45c5e8dec,Medium,27.598706,27.430089199999998,1.67440647362243,24.996081,29.706496,5,6.104269152804761
9de5e2db-f95b-5a56-b7c7-d330a5bee6db,High,25.930964,26.333311200000004,1.0747879149940223,25.733322,28.243706,5,4.081476525420859
9de5e2db-f95b-5a56-b7c7-d330a5bee6db,Low,39.969971,39.5052478,1.500158464346418,36.880674,40.575194,5,3.7973650284163467
9de5e2db-f95b-5a56-b7c7-d330a5bee6db,Medium,32.124858,32.671033800000004,2.877541972698608,29.700101,37.476674,5,8.80762448569536
9e10df8d-ae2f-55aa-a68b-5601d04eedf3,High,30.702471,30.7160874,0.1058015520434379,30.614611,30.854173,5,0.34444996416906243
9e10df8d-ae2f-55aa-a68b-5601d04eedf3,Low,49.50197,49.4139686,2.02724844355935,46.127696,51.226038,5,4.102581721313818
9e10df8d-ae2f-55aa-a68b-5601d04eedf3,Medium,40.34742,40.3828594,0.24597303000999843,40.112851,40.762344,5,0.6091025590178947
9e69c44d-e989-50b1-8769-3f5f308dd1a8,High,30.739872,30.7468432,0.21934962504686556,30.433767,31.023209,5,0.7134053522830128
9e69c44d-e989-50b1-8769-3f5f308dd1a8,Low,50.977532,51.817344000000006,3.236506970040618,48.369078,57.021527,5,6.245991631760627
9e69c44d-e989-50b1-8769-3f5f308dd1a8,Medium,40.938981,40.9094192,0.35424776563191207,40.465015,41.394103,5,0.8659320336474297
9eb1930e-a7d2-5dd0-a9fe-ba63d7c99908,High,20.829649,20.7689032,0.21730069713578945,20.439276,21.001422,5,1.0462791175982247
9eb1930e-a7d2-5dd0-a9fe-ba63d7c99908,Low,33.924786,34.5929504,1.5940737037956563,33.197675,36.681249,5,4.608088310951517
9eb1930e-a7d2-5dd0-a9fe-ba63d7c99908,Medium,28.094044,28.7648008,3.0164911797110734,25.72283,33.803947,5,10.486744548257304
9ec399a2-bf8b-5761-8e30-65604ed25109,High,29.805353,29.635862200000002,0.6116443282183691,28.725217,30.358498,5,2.0638654751821903
9ec399a2-bf8b-5761-8e30-65604ed25109,Low,44.312888,45.2740484,2.061709834005333,43.125211,48.343642,5,4.553844656854969
9ec399a2-bf8b-5761-8e30-65604ed25109,Medium,35.694852,36.3515334,3.1445972222060172,32.494606,39.655512,5,8.650521527122201
9f090ca6-1669-5a48-9a49-d020ca914aa8,High,30.948529,31.0450804,0.46031969822211577,30.581331,31.77612,5,1.4827460334814135
9f090ca6-1669-5a48-9a49-d020ca914aa8,Low,52.585292,52.3832164,3.2488776182811656,48.386495,57.171772,5,6.202134656017734
9f090ca6-1669-5a48-9a49-d020ca914aa8,Medium,41.777292,41.040503799999996,2.841260361693945,37.729225,44.622556,5,6.923064043122067
9f4084e1-871c-51fd-94e3-c62aaea5a7b8,High,32.892296,32.603884199999996,0.80789275943265,31.654241,33.600675,5,2.4779034132155644
9f4084e1-871c-51fd-94e3-c62aaea5a7b8,Low,51.408389,50.674057399999995,1.0762803984632916,49.471008,51.553033,5,2.123927811754998
9f4084e1-871c-51fd-94e3-c62aaea5a7b8,Medium,41.897392,42.1814914,1.34875023627868,40.58554,43.75973,5,3.1974930034803846
9fbbb13e-bccf-5655-9d4d-7629127a02a3,High,31.894884,32.081773600000005,1.000935178625371,31.297121,33.763677,5,3.119949635905949
9fbbb13e-bccf-5655-9d4d-7629127a02a3,Low,48.966125,49.772736200000004,2.287341205256598,47.043219,52.945694,5,4.595570547026904
9fbbb13e-bccf-5655-9d4d-7629127a02a3,Medium,39.966907,41.893759,2.8195506407563427,39.812199,45.60189,5,6.730240274586824
a0b8c4d4-1c80-5815-a35e-2ee19c04c355,High,27.925957,27.869773,0.28955134331151067,27.553817,28.243131,5,1.0389440319858747
a0b8c4d4-1c80-5815-a35e-2ee19c04c355,Low,45.952362,46.033538199999995,1.5220416555614367,44.415754,47.652243,5,3.3063755580739542
a0b8c4d4-1c80-5815-a35e-2ee19c04c355,Medium,36.826677,37.2193736,3.4695253689930396,32.167858,40.503129,5,9.321826332383628
a0ce8ab0-322b-518e-a6c0-530311cf09ca,High,28.691412,29.111823800000003,0.7676234392709748,28.427366,30.044679,5,2.6368098561759457
a0ce8ab0-322b-518e-a6c0-530311cf09ca,Low,43.474675,45.4293238,2.802502296330851,43.279646,48.841065,5,6.168928044513071
a0ce8ab0-322b-518e-a6c0-530311cf09ca,Medium,35.743801,35.912168799999996,3.6167561227242304,32.337422,39.625445,5,10.07111584618145
a0e9eec9-5339-5869-8bd0-4a3b69db0200,High,34.631589,34.1121044,1.6157389102714879,32.347492,35.662955,5,4.736555948953674
a0e9eec9-5339-5869-8bd0-4a3b69db0200,Low,51.900248,51.012163799999996,3.6992372982321258,46.51739,54.971119,5,7.251676899524356
a0e9eec9-5339-5869-8bd0-4a3b69db0200,Medium,42.75745,41.581043799999996,2.8307274447780544,38.479,45.030505,5,6.807735415189492
a10364c4-735f-5754-bfa3-b876437375f9,High,38.206194,38.279004199999996,0.4810516129171578,37.871582,39.064578,5,1.2566983467066206
a10364c4-735f-5754-bfa3-b876437375f9,Low,59.640307,58.704639199999995,3.403373085426604,52.70436,60.890897,5,5.79745166958901
a10364c4-735f-5754-bfa3-b876437375f9,Medium,46.12159,45.8384388,2.201673955346411,42.162665,48.037266,5,4.803117237375045
a1094f9a-ec4e-5b9b-8e0e-4a0934307a00,High,27.349272,27.4786512,0.3231955573065625,27.21151,27.973467,5,1.1761696560512493
a1094f9a-ec4e-5b9b-8e0e-4a0934307a00,Low,46.963839,45.619203799999994,3.0320648274885564,42.251031,49.238425,5,6.646465906729738
a1094f9a-ec4e-5b9b-8e0e-4a0934307a00,Medium,42.087077,40.374633,2.951149984581349,35.483087,42.461999,5,7.30941624802224
a12c1404-d4de-5a2b-8f14-e1c3a9b8fbdd,High,35.044068,34.9400806,0.25943194154209215,34.493045,35.151689,5,0.7425052749938194
a12c1404-d4de-5a2b-8f14-e1c3a9b8fbdd,Low,56.119848,57.3892338,2.0910364810318827,55.722577,59.683362,5,3.6436041092987774
a12c1404-d4de-5a2b-8f14-e1c3a9b8fbdd,Medium,45.818917,45.754393,1.8630478153551249,42.786112,47.713159,5,4.07184467588746
a248042b-225f-5d15-a467-084a761b6bdb,High,30.799003,30.8647008,0.27281375266507474,30.640354,31.334181,5,0.883902145797165
a248042b-225f-5d15-a467-084a761b6bdb,Low,52.5898,51.521102799999994,3.1555199484077434,45.930377,53.638577,5,6.124713519151891
a248042b-225f-5d15-a467-084a761b6bdb,Medium,41.776615,40.728836799999996,2.120657537279346,38.306888,42.944716,5,5.206771673084821
a26e9b89-e488-5c3a-a341-aee81bafa8d7,High,24.573846,24.703621,0.3485065388669209,24.498489,25.32151,5,1.4107508323047901
a26e9b89-e488-5c3a-a341-aee81bafa8d7,Low,38.853798,39.580929000000005,1.7450724659050703,38.301144,42.545672,5,4.408871923913332
a26e9b89-e488-5c3a-a341-aee81bafa8d7,Medium,32.671061,32.194281000000004,1.1430696564230014,30.96667,33.467568,5,3.5505363714226177
a27d184d-5d28-5052-8dad-eb24df6a1c6b,High,22.365875,22.7681932,0.8526443563896977,22.359645,24.291387,5,3.7448924861973576
a27d184d-5d28-5052-8dad-eb24df6a1c6b,Low,35.534375,35.0362966,4.143723089945115,30.377216,40.822277,5,11.826943747088597
a27d184d-5d28-5052-8dad-eb24df6a1c6b,Medium,26.791794,27.1901884,1.168418118503731,26.302695,29.234361,5,4.2972049377330945
a2a14fc3-92d2-597a-8bd5-f070e4a7bb34,High,33.284465,33.208457599999996,0.7758100386504414,31.949603,34.062973,5,2.33618208950012
a2a14fc3-92d2-597a-8bd5-f070e4a7bb34,Low,51.429621,51.5809246,2.4097828101854533,48.112549,54.715096,5,4.671848806264813
a2a14fc3-92d2-597a-8bd5-f070e4a7bb34,Medium,40.774187,40.1412304,2.3568977607899724,36.631421,43.026942,5,5.871513496980333
a2e41c81-bc64-5321-b13c-eea35966680b,High,29.293173,30.274121199999996,1.710233947133169,29.004146,32.891313,5,5.6491613277057535
a2e41c81-bc64-5321-b13c-eea35966680b,Low,43.253112,45.1917454,3.684978039539352,43.17285,51.695231,5,8.154095414821821
a2e41c81-bc64-5321-b13c-eea35966680b,Medium,35.951386,36.7856484,3.018415612406497,33.139625,40.359958,5,8.205416361252714
a3087b99-5aca-5b3f-9315-211b2a543add,High,34.289757,35.1829764,2.1357713466561195,34.042291,38.998484,5,6.070468064936426
a3087b99-5aca-5b3f-9315-211b2a543add,Low,56.731201,56.4345332,4.25321384649111,52.093948,60.639596,5,7.536544745427451
a3087b99-5aca-5b3f-9315-211b2a543add,Medium,46.873388,46.586607199999996,2.6067243950823977,42.460889,49.414736,5,5.59543729787302
a30d3012-04a6-5447-8cc3-56e90dc2d50d,High,32.029733,31.8338322,0.5196527191776263,31.245315,32.383632,5,1.6323913373446328
a30d3012-04a6-5447-8cc3-56e90dc2d50d,Low,53.185905,50.937773,4.566388088146747,45.252868,55.000658,5,8.964640225136554
a30d3012-04a6-5447-8cc3-56e90dc2d50d,Medium,40.109139,40.2173322,0.3928271842747151,39.839613,40.643923,5,0.9767609206925841
a3d5d1e6-d3c1-5bd3-8769-fdeda06e4717,High,35.014925,35.058903,0.40157897315036384,34.655286,35.7225,5,1.1454407833307387
a3d5d1e6-d3c1-5bd3-8769-fdeda06e4717,Low,55.557717,56.4306122,3.3340273980722954,52.540633,59.94462,5,5.908189310893734
a3d5d1e6-d3c1-5bd3-8769-fdeda06e4717,Medium,45.232367,45.6609674,2.346757238234134,43.017214,48.111335,5,5.139525883619658
a401f657-d73b-500a-ab61-073cb118549c,High,34.035782,34.155055600000004,0.2018024635189073,34.005027,34.473256,5,0.5908421461299196
a401f657-d73b-500a-ab61-073cb118549c,Low,57.410348,56.777730999999996,1.3183441976122916,54.431914,57.49194,5,2.3219388559438765
a401f657-d73b-500a-ab61-073cb118549c,Medium,43.976308,45.056998199999995,1.9828947612333578,43.552079,48.137377,5,4.400858557935087
a425e4b3-b992-5be5-8e50-a375a50881a7,High,22.434336,23.0479008,1.3659689000484956,22.388758,25.489899,5,5.926652114228535
a425e4b3-b992-5be5-8e50-a375a50881a7,Low,36.488229,36.0047392,1.2426362575903696,33.785953,36.641537,5,3.451313036008242
a425e4b3-b992-5be5-8e50-a375a50881a7,Medium,28.419379,28.225795999999995,3.3677150277422534,22.645379,31.233227,5,11.931337659147873
a4a8fc5c-bcd8-5701-9b29-a99d0088e6b3,High,31.80727,32.2085216,0.6161767361616326,31.680536,32.881528,5,1.9130860578264872
a4a8fc5c-bcd8-5701-9b29-a99d0088e6b3,Low,54.25159,53.8489324,3.801240592144794,47.523587,57.422101,5,7.059082553222158
a4a8fc5c-bcd8-5701-9b29-a99d0088e6b3,Medium,40.584371,40.8943374,3.3484105329859584,35.915479,45.026102,5,8.187956440604802
a4f812ce-f00c-54e2-bbec-cf29ba788286,High,27.598325,27.749113799999996,0.45820161164568146,27.333235,28.4834,5,1.6512297111473215
a4f812ce-f00c-54e2-bbec-cf29ba788286,Low,45.681265,45.8564996,1.71090023335386,44.385386,48.649176,5,3.7309874244170613
a4f812ce-f00c-54e2-bbec-cf29ba788286,Medium,37.107095,36.7914692,1.511626933118651,34.381472,38.552341,5,4.108634327434391
a5466260-34e2-58de-82fa-a963b6ebf429,High,24.237278,24.387808200000002,0.4690681373619413,24.049176,25.213688,5,1.923371438364606
a5466260-34e2-58de-82fa-a963b6ebf429,Low,41.030945,40.317736000000004,4.159980601330851,35.967787,46.406779,5,10.31799156909716
a5466260-34e2-58de-82fa-a963b6ebf429,Medium,30.851037,32.105136800000004,3.9067615919635004,28.567402,37.354513,5,12.168649572499252
a5d6c967-1dba-529c-9911-5b5407fbea54,High,37.254928,37.146107,0.37103476346698516,36.724743,37.5367,5,0.9988523520566641
a5d6c967-1dba-529c-9911-5b5407fbea54,Low,57.809119,56.17713160000001,2.5995084263485886,53.026112,58.461238,5,4.6273427501745
a5d6c967-1dba-529c-9911-5b5407fbea54,Medium,47.160684,45.2784228,2.8298872515739406,42.133623,47.50247,5,6.249968697173658
a5f9296d-3efa-5bf3-b9a6-a6c444ccee82,High,34.349933,33.998967,0.955113696714953,32.499956,34.96423,5,2.809243282935488
a5f9296d-3efa-5bf3-b9a6-a6c444ccee82,Low,54.189385,53.18221200000001,3.051248114555253,47.872343,55.474213,5,5.737347131321377
a5f9296d-3efa-5bf3-b9a6-a6c444ccee82,Medium,42.737945,41.7904898,2.4718561640480226,38.8095,44.058282,5,5.914877226559863
a601a052-a58b-534f-8102-ac88eae0de8a,High,34.484839,33.9856812,0.8934214446643881,32.559042,34.686945,5,2.6288172345487313
a601a052-a58b-534f-8102-ac88eae0de8a,Low,50.364723,49.9297736,2.10250299170829,46.515572,51.687251,5,4.210920338938388
a601a052-a58b-534f-8102-ac88eae0de8a,Medium,43.096628,42.648104000000004,2.488469433596381,38.511484,45.200142,5,5.834888776289752
a629be25-3c8f-5249-b1dd-c72b4ce9ae79,High,34.364025,34.394491800000004,0.31951718024731945,33.982275,34.829657,5,0.928977762210516
a629be25-3c8f-5249-b1dd-c72b4ce9ae79,Low,56.458455,56.617780800000006,2.711351474827118,53.338535,60.826238,5,4.788869214787588
a629be25-3c8f-5249-b1dd-c72b4ce9ae79,Medium,47.029849,45.7420256,3.785617125106196,41.695656,49.182182,5,8.276015492208977
a7381948-3d93-5a26-be1e-7d8238eff981,High,24.139608,24.1820412,0.17750084688586765,23.953954,24.424102,5,0.7340192890162954
a7381948-3d93-5a26-be1e-7d8238eff981,Low,39.527096,40.313180800000005,1.7344885738354427,39.184043,43.375117,5,4.302534653468581
a7381948-3d93-5a26-be1e-7d8238eff981,Medium,31.024253,31.7548252,1.9414463576279144,29.366666,34.314322,5,6.1138625245145874
a765c3e3-972a-5cf6-9f73-4d61cf853b31,High,23.907224,23.9301316,0.1771236572011201,23.733065,24.212162,5,0.740170008931836
a765c3e3-972a-5cf6-9f73-4d61cf853b31,Low,39.123997,40.804373399999996,2.5554555246081487,38.794726,44.298837,5,6.262700077654296
a765c3e3-972a-5cf6-9f73-4d61cf853b31,Medium,31.475054,32.05302880000001,2.2944301165898904,29.041007,35.124048,5,7.158231850432461
a83cae23-fcf2-5583-b279-a1a5af4768e1,High,23.869873,23.8955032,0.12141321533383398,23.795048,24.097843,5,0.5081006845414914
a83cae23-fcf2-5583-b279-a1a5af4768e1,Low,39.659942,39.655142999999995,0.29531980653352674,39.234328,40.013826,5,0.7447200645160371
a83cae23-fcf2-5583-b279-a1a5af4768e1,Medium,31.558717,31.3781996,2.964143304782648,26.70533,34.521631,5,9.446505352660987
a8ac9d20-e459-5e0a-9ed6-151190c12dc9,High,20.91105,20.903742599999998,0.17959330928322464,20.687975,21.167536,5,0.8591442820541842
a8ac9d20-e459-5e0a-9ed6-151190c12dc9,Low,34.223043,35.1478726,2.380473254517742,32.559634,37.714113,5,6.7727378029637615
a8ac9d20-e459-5e0a-9ed6-151190c12dc9,Medium,27.716314,27.627112399999998,2.4155869654138518,23.658112,29.610881,5,8.743537617828826
a8ef0461-63b8-5632-9146-f0a078f55786,High,20.414966,20.4496184,0.08900666085355591,20.346634,20.573189,5,0.4352485171730927
a8ef0461-63b8-5632-9146-f0a078f55786,Low,33.103049,33.7936712,2.4519875277436056,31.257771,36.449136,5,7.2557595569658195
a8ef0461-63b8-5632-9146-f0a078f55786,Medium,27.765938,27.351387199999998,2.6826032828073365,23.331729,30.499789,5,9.807924048573803
a93a60d2-a584-57cd-8c36-756daf48014a,High,34.221022,34.1654104,0.10394936355889935,34.019456,34.251544,5,0.30425322670468885
a93a60d2-a584-57cd-8c36-756daf48014a,Low,56.410563,56.694310599999994,2.5118133562692915,53.61971,60.547472,5,4.430450480280276
a93a60d2-a584-57cd-8c36-756daf48014a,Medium,45.16885,44.6415508,1.7177630859672397,41.647661,46.039514,5,3.8479019101801453
a9784df1-59d1-5ed3-9e02-e62067d49246,High,21.297381,21.8529482,1.082425954072471,20.826724,23.215379,5,4.953226192484504
a9784df1-59d1-5ed3-9e02-e62067d49246,Low,34.336202,35.1360642,2.4204062870873955,32.330148,37.864596,5,6.888666508889734
a9784df1-59d1-5ed3-9e02-e62067d49246,Medium,27.574853,27.227661,3.6612214173016766,23.140853,31.749696,5,13.446698257708132
a9cabca0-9609-5821-86ae-8489089b4448,High,25.228029,25.635295000000003,0.7001530770677935,25.094347,26.716711,5,2.731207411764887
a9cabca0-9609-5821-86ae-8489089b4448,Low,39.799692,39.9303346,0.3588458323734575,39.681122,40.565306,5,0.8986797530453389
a9cabca0-9609-5821-86ae-8489089b4448,Medium,33.232981,33.2643222,3.3761639397782064,28.853948,36.841703,5,10.149504683964992
aa1a8a90-0a13-53f1-8979-4d94d5c9c16a,High,28.59423,28.373815200000003,0.5640691959491316,27.784718,29.072961,5,1.9879920693539006
aa1a8a90-0a13-53f1-8979-4d94d5c9c16a,Low,48.135129,46.3409734,4.1866439491172756,41.830067,50.208896,5,9.034432472920983
aa1a8a90-0a13-53f1-8979-4d94d5c9c16a,Medium,36.558801,36.4259486,3.392249300597507,32.426864,41.596132,5,9.312727412670613
aa1f248c-b42f-5ff7-b73b-ae6aa84570ce,High,24.065557,24.271109799999998,0.5095531930610399,23.976224,25.179867,5,2.099422718037557
aa1f248c-b42f-5ff7-b73b-ae6aa84570ce,Low,40.850387,40.4429282,2.749960256725759,35.732273,42.436399,5,6.799607197398133
aa1f248c-b42f-5ff7-b73b-ae6aa84570ce,Medium,30.89817,31.515381,3.5110190796638387,29.043667,37.562147,5,11.140652494932041
aa45cc6f-e1d2-587b-99ae-11e9214099db,High,22.404724,22.843861800000003,0.9025268030624914,22.264069,24.420076,5,3.9508503902019374
aa45cc6f-e1d2-587b-99ae-11e9214099db,Low,36.325502,34.9080996,2.354857368009006,31.488165,36.710692,5,6.745876730594082
aa45cc6f-e1d2-587b-99ae-11e9214099db,Medium,26.586225,27.5677634,1.4820725534747952,26.457791,29.56277,5,5.376107346723656
aa47648b-4ea8-5ea9-9628-93867083b7c3,High,36.310009,36.2923454,0.8558329484182674,35.123726,37.536658,5,2.3581637918013074
aa47648b-4ea8-5ea9-9628-93867083b7c3,Low,58.68428,57.307552199999996,3.4846979472435966,51.089825,59.179578,5,6.080695848048448
aa47648b-4ea8-5ea9-9628-93867083b7c3,Medium,46.531038,46.4808592,2.341870863076721,44.130375,49.709861,5,5.038355364731986
aa5b385a-4129-5a0c-8d6f-f6ea9da0b373,High,27.483139,27.415472,0.16953671447801452,27.143415,27.572958,5,0.6183979414179501
aa5b385a-4129-5a0c-8d6f-f6ea9da0b373,Low,46.932202,45.862428,3.2704143322243575,42.28791,49.716395,5,7.130922794197371
aa5b385a-4129-5a0c-8d6f-f6ea9da0b373,Medium,35.144864,35.9516014,1.5294819495660288,34.615297,38.262251,5,4.25428044928766
aa8dcc99-bbaf-547e-97c7-cca992af11df,High,27.490536,27.4420526,0.1361625784652298,27.219549,27.572053,5,0.4961821932563084
aa8dcc99-bbaf-547e-97c7-cca992af11df,Low,43.058853,43.971219399999995,1.9939332622418198,42.796369,47.505359,5,4.5346326289095815
aa8dcc99-bbaf-547e-97c7-cca992af11df,Medium,36.876131,36.575269000000006,1.2348968488503413,34.530627,37.556886,5,3.3763165182745234
aafc0ba2-a05b-567f-a8c9-8bf3090984c6,High,30.919009,31.139524,0.4684441738179695,30.721217,31.814671,5,1.504339545517682
aafc0ba2-a05b-567f-a8c9-8bf3090984c6,Low,50.77846,51.127848,1.8332031503777741,48.585653,53.446247,5,3.5855276959393523
aafc0ba2-a05b-567f-a8c9-8bf3090984c6,Medium,41.701874,41.927145,2.425589364165954,38.905726,45.69533,5,5.785248111136481
ab2c9bcc-09ac-5df8-8df1-5a1897d29c86,High,28.575374,28.991610200000004,0.8502691672168878,28.274917,30.177612,5,2.9328111179450382
ab2c9bcc-09ac-5df8-8df1-5a1897d29c86,Low,43.744083,45.626132999999996,3.4012142405112464,42.846844,50.125723,5,7.454531026136374
ab2c9bcc-09ac-5df8-8df1-5a1897d29c86,Medium,37.394302,36.3370332,2.9495458646260633,31.110891,38.32434,5,8.1171895580789
ab365da7-0c4a-528d-9d5d-52d7ce958e01,High,25.272312,25.5298574,0.6340155498359651,25.175524,26.660872,5,2.483427697625781
ab365da7-0c4a-528d-9d5d-52d7ce958e01,Low,39.854066,40.0081346,0.3241358778696063,39.725851,40.41095,5,0.810174933448675
ab365da7-0c4a-528d-9d5d-52d7ce958e01,Medium,29.086327,31.5028686,3.7675070840586105,28.179564,36.20716,5,11.959250860280738
ab7375e1-7ede-51f3-b908-a74ef1e5da46,High,36.267752,36.169057200000005,0.4924007985398673,35.31853,36.570801,5,1.361386877786428
ab7375e1-7ede-51f3-b908-a74ef1e5da46,Low,59.019885,57.62143160000001,3.6514435099151967,51.167583,60.093971,5,6.336953818265072
ab7375e1-7ede-51f3-b908-a74ef1e5da46,Medium,47.864597,46.155972000000006,3.88076133808361,40.7685,49.98606,5,8.407928963306437
abaf765c-2cf2-5dfe-9beb-63146577c92c,High,21.603645,21.682948,0.23070708792644393,21.45184,21.967025,5,1.0640024037619051
abaf765c-2cf2-5dfe-9beb-63146577c92c,Low,34.311856,34.355315000000004,1.7587866392270275,31.684365,36.005125,5,5.119401871957883
abaf765c-2cf2-5dfe-9beb-63146577c92c,Medium,25.832868,26.5149554,2.6115232432170297,22.925246,29.112723,5,9.84924622282046
abb95b18-738b-5cc5-a585-da8b56717cbd,High,34.058306,34.018064800000005,0.1337325273174033,33.872933,34.186089,5,0.39312208999438225
abb95b18-738b-5cc5-a585-da8b56717cbd,Low,55.699275,55.2062282,1.3854822734971015,53.712397,56.605725,5,2.5096484919741386
abb95b18-738b-5cc5-a585-da8b56717cbd,Medium,44.626197,45.1266788,1.1948386181504598,44.056152,46.610934,5,2.6477433082233826
abc8dc84-3018-5c05-830e-7abb495ab95b,High,31.17183,31.158786600000003,0.4225346057695156,30.666283,31.72935,5,1.3560688713388975
abc8dc84-3018-5c05-830e-7abb495ab95b,Low,51.365339,51.9122354,1.9755745357492331,49.296272,54.497132,5,3.8056048261586386
abc8dc84-3018-5c05-830e-7abb495ab95b,Medium,40.3676,40.3383108,0.1762200292097935,40.117166,40.588243,5,0.4368552517816226
abe82e31-48fb-5a3b-9995-30360cca662f,High,28.636236,28.415197999999997,0.4115672535108936,27.927882,28.788484,5,1.4484053692354832
abe82e31-48fb-5a3b-9995-30360cca662f,Low,47.34287,45.561198000000005,3.4782050542044645,41.848278,49.373645,5,7.634138712077905
abe82e31-48fb-5a3b-9995-30360cca662f,Medium,37.127035,36.798726599999995,2.481949712118438,34.502943,40.561607,5,6.744661952836266
ac20d6fa-455a-59c6-a2f8-a98c9c6b098c,High,34.962613,35.124263,0.5812507786768998,34.421957,35.904535,5,1.654841209556197
ac20d6fa-455a-59c6-a2f8-a98c9c6b098c,Low,60.569287,62.58692940000001,5.475712550566896,56.04947,69.277522,5,8.748971395562497
ac20d6fa-455a-59c6-a2f8-a98c9c6b098c,Medium,47.552952,46.6462596,2.157228783458607,43.096068,48.315285,5,4.624655442809838
acc8b2c9-0cae-544a-ba27-bd8b6d53f56c,High,32.830744,33.0613532,1.0541183157713883,32.013935,34.83919,5,3.188370147448739
acc8b2c9-0cae-544a-ba27-bd8b6d53f56c,Low,49.274973,49.909376,2.965016403945601,46.663386,54.12572,5,5.940800389781673
acc8b2c9-0cae-544a-ba27-bd8b6d53f56c,Medium,40.758988,40.8110658,1.8074462880672848,38.29127,43.345157,5,4.42881422632997
ace1785c-7976-5906-94cd-7566a757c4d5,High,27.411389,27.4913232,0.2428327623441683,27.231106,27.837424,5,0.883306927707897
ace1785c-7976-5906-94cd-7566a757c4d5,Low,48.042768,46.183228199999995,3.5562649699894697,42.313784,49.276602,5,7.700338648023462
ace1785c-7976-5906-94cd-7566a757c4d5,Medium,37.01093,35.7081378,2.1221367775927424,32.494572,37.271013,5,5.943006015824052
ace314b2-306e-5b2d-9675-1b730376ae7d,High,31.374404,31.34485,0.3065347692946107,30.914086,31.751308,5,0.9779430091214687
ace314b2-306e-5b2d-9675-1b730376ae7d,Low,51.750657,51.63295960000001,1.73602444683184,48.991365,53.781785,5,3.362240825009457
ace314b2-306e-5b2d-9675-1b730376ae7d,Medium,43.133947,43.571603800000005,4.6757744395826775,39.622818,51.126657,5,10.731242441855391
ad5abe7b-2ddd-590e-8680-03f70cf81445,High,29.461495,29.972383200000003,1.0524299226849745,29.070715,31.254452,5,3.5113321341927004
ad5abe7b-2ddd-590e-8680-03f70cf81445,Low,47.292382,46.9662754,2.4949705021139628,43.060284,49.727986,5,5.312259660500911
ad5abe7b-2ddd-590e-8680-03f70cf81445,Medium,35.284672,35.7206706,2.1626111230823026,33.277377,39.230461,5,6.054228788981086
ad5ed959-d618-5db8-8417-b87147c32586,High,24.937499,25.1789436,0.5730931643941501,24.891308,26.203244,5,2.276081052082543
ad5ed959-d618-5db8-8417-b87147c32586,Low,39.26349,41.225988799999996,2.8669044710449825,39.08267,44.877591,5,6.954119366192092
ad5ed959-d618-5db8-8417-b87147c32586,Medium,34.092211,32.123624,5.150566243349705,25.363952,38.066458,5,16.03357779106649
ad6a1228-69d2-5ea4-af4b-ee71e31d1ea8,High,32.038881,31.7620688,0.42285386705835043,31.233436,32.111299,5,1.3313171434801199
ad6a1228-69d2-5ea4-af4b-ee71e31d1ea8,Low,53.045631,52.9337024,1.770036258724183,50.83365,54.831915,5,3.3438738997485706
ad6a1228-69d2-5ea4-af4b-ee71e31d1ea8,Medium,40.455923,42.0592262,2.695104745531275,39.901129,45.727745,5,6.407880004057885
ad9ab5cc-c83e-5d71-8c04-043a1e42515b,High,32.799488,32.5660252,0.7831660853648468,31.645055,33.61062,5,2.4048562284010235
ad9ab5cc-c83e-5d71-8c04-043a1e42515b,Low,51.739774,52.122454600000005,1.8281113258194366,49.558159,54.271664,5,3.507339283709475
ad9ab5cc-c83e-5d71-8c04-043a1e42515b,Medium,40.84136,40.8377604,1.7025337253362387,38.34237,43.073268,5,4.16901835130077
adbd0375-a8fd-560e-b4eb-4ea4343b0227,High,34.70181,34.6817786,0.22014064052168889,34.382907,34.930791,5,0.6347443799254542
adbd0375-a8fd-560e-b4eb-4ea4343b0227,Low,56.006624,57.286174800000005,2.6253849513614553,54.421437,60.499433,5,4.582929407535612
adbd0375-a8fd-560e-b4eb-4ea4343b0227,Medium,46.411534,45.6645284,2.136140969546555,43.300572,47.731276,5,4.677899990195793
adf3a561-c865-5b93-a5d6-c43145897914,High,35.34026,35.2502676,0.35407537365976316,34.637788,35.544021,5,1.0044615197751383
adf3a561-c865-5b93-a5d6-c43145897914,Low,57.912049,57.2306,1.7311886016276514,54.146834,58.276433,5,3.0249352647493675
adf3a561-c865-5b93-a5d6-c43145897914,Medium,46.56044,45.939999799999995,2.2446530844010613,43.420116,48.225704,5,4.886053753097886
aec0ed2f-99e9-595e-952d-c532d30e990a,High,27.222481,27.25641,0.10728142195879065,27.135198,27.414537,5,0.3936007051507907
aec0ed2f-99e9-595e-952d-c532d30e990a,Low,47.098262,45.614057,3.083933478766768,42.102907,49.009081,5,6.760927840219886
aec0ed2f-99e9-595e-952d-c532d30e990a,Medium,34.690248,34.986447,2.3227731349796112,32.653054,37.513699,5,6.639065507222301
aed53e97-d692-5d8c-bf0f-90e597964acc,High,32.781635,32.7070876,0.2500418807995963,32.39539,32.983897,5,0.76448836979174
aed53e97-d692-5d8c-bf0f-90e597964acc,Low,53.716922,53.4223272,2.6445202897007967,49.749223,56.060961,5,4.950215440447523
aed53e97-d692-5d8c-bf0f-90e597964acc,Medium,40.659765,40.6819978,2.5646032523924034,37.243161,44.473472,5,6.3040248539426536
af29f04f-e7df-516c-afb9-2ffb4a95c393,High,20.59429,20.5909196,0.09683091637901661,20.433748,20.674142,5,0.4702602810367761
af29f04f-e7df-516c-afb9-2ffb4a95c393,Low,35.275859,34.3263604,1.5025953241356431,32.549676,35.677216,5,4.377380260027927
af29f04f-e7df-516c-afb9-2ffb4a95c393,Medium,27.729212,27.1217698,2.627135699877759,23.301382,30.106341,5,9.686446420165984
af42b1a7-fe0a-52c3-83ff-ff5adc797381,High,28.435418,27.5628988,1.4193363324919492,25.975639,28.689973,5,5.149445066684892
af42b1a7-fe0a-52c3-83ff-ff5adc797381,Low,40.288545,40.1660222,0.4030960845911284,39.69745,40.597317,5,1.0035748189949674
af42b1a7-fe0a-52c3-83ff-ff5adc797381,Medium,31.856277,32.505278999999994,2.0392810497686416,30.871817,36.069877,5,6.27369188176678
af5666b6-99dc-5289-bed2-1f8a27dec4c2,High,36.584109,36.4411696,0.25833463390784417,36.070546,36.648098,5,0.7089087335655773
af5666b6-99dc-5289-bed2-1f8a27dec4c2,Low,57.701575,57.1649624,1.3660225113759286,54.730971,57.916844,5,2.3896149914653466
af5666b6-99dc-5289-bed2-1f8a27dec4c2,Medium,44.58892,45.6377618,1.9728533865659397,44.034248,48.631269,5,4.322853068938056
aff4c9d7-c8c2-5ae0-94d5-38756afd7e0a,High,30.646635,30.6995116,0.10380623649762113,30.602014,30.830703,5,0.33813644285344635
aff4c9d7-c8c2-5ae0-94d5-38756afd7e0a,Low,52.94168,53.050173199999996,2.7488025422265623,50.333073,57.467157,5,5.181514736744653
aff4c9d7-c8c2-5ae0-94d5-38756afd7e0a,Medium,40.549166,40.535072400000004,0.16678603705286532,40.280149,40.747275,5,0.41146105626017165
b0a25a1f-7473-5910-a471-6bff8afca458,High,32.105273,32.3061798,0.5980473779941712,31.705807,32.983476,5,1.8511856917052478
b0a25a1f-7473-5910-a471-6bff8afca458,Low,49.922749,51.1149908,4.477783262983225,46.205008,58.326125,5,8.760215335856472
b0a25a1f-7473-5910-a471-6bff8afca458,Medium,41.475925,41.5149114,0.7668940783128411,40.670314,42.500335,5,1.847273792598871
b0d0ad6c-00a0-5956-ad1b-27704bd648da,High,34.262718,34.2910444,0.21796916192502938,34.048945,34.643409,5,0.6356445705836519
b0d0ad6c-00a0-5956-ad1b-27704bd648da,Low,57.175974,57.943585399999996,3.8116726440329063,53.816486,63.218737,5,6.5782478210830675
b0d0ad6c-00a0-5956-ad1b-27704bd648da,Medium,45.452032,44.838423999999996,2.0787954930638337,41.397962,46.968542,5,4.636192148644283
b0f5b3c1-fc51-5326-b57a-ae70edbb8f5b,High,24.501078,24.579427,0.36505936390469423,24.143285,24.966345,5,1.4852232474935003
b0f5b3c1-fc51-5326-b57a-ae70edbb8f5b,Low,41.320969,41.0584978,2.619430195966039,37.138047,44.507957,5,6.379751662434272
b0f5b3c1-fc51-5326-b57a-ae70edbb8f5b,Medium,33.026552,32.5440216,1.1544675027047326,30.493085,33.268408,5,3.547402705462599
b1eb8a6c-70b8-57a1-8625-24378b2341ef,High,27.281601,27.2966444,0.0973834552827125,27.152359,27.396681,5,0.3567598048158348
b1eb8a6c-70b8-57a1-8625-24378b2341ef,Low,43.741866,45.1230302,2.962208166943912,42.818821,49.64139,5,6.564736795854441
b1eb8a6c-70b8-57a1-8625-24378b2341ef,Medium,37.100054,37.0808516,0.18949134363025735,36.807674,37.329836,5,0.5110220921416415
b26c32e9-b2ce-5796-8cf4-dc97739d6255,High,30.803024,30.872054400000003,0.33919187557826364,30.58437,31.450479,5,1.098701988482709
b26c32e9-b2ce-5796-8cf4-dc97739d6255,Low,50.513983,49.525203399999995,2.5646774925052056,45.666559,52.425397,5,5.178529953306978
b26c32e9-b2ce-5796-8cf4-dc97739d6255,Medium,41.792892,41.3029808,2.8904124522395938,38.351849,45.57725,5,6.998072284990128
b2729870-e175-5fa3-99e6-b0231930830b,High,23.821661,24.0232482,0.3633205278837128,23.724045,24.434984,5,1.512370537318566
b2729870-e175-5fa3-99e6-b0231930830b,Low,36.53831,40.1973074,5.24725555352751,36.256008,46.027645,5,13.053748852659494
b2729870-e175-5fa3-99e6-b0231930830b,Medium,31.348821,31.772463400000003,1.7259263875754678,29.51042,33.802251,5,5.432145332412178
b294501f-7594-580c-8d25-7ffd71aeeec7,High,27.404661,27.385326600000003,0.18543532556473644,27.161301,27.56537,5,0.6771338836789204
b294501f-7594-580c-8d25-7ffd71aeeec7,Low,47.328967,47.057518800000004,2.7375016946567716,42.52729,49.369924,5,5.817352390149332
b294501f-7594-580c-8d25-7ffd71aeeec7,Medium,34.845068,36.169388600000005,2.0930755127978067,34.41727,38.595736,5,5.786870040700125
b2bc1141-6862-5f98-bbf0-215dfcffa8f1,High,20.863453,20.8579406,0.07824454432610714,20.7458,20.9373,5,0.3751307275566177
b2bc1141-6862-5f98-bbf0-215dfcffa8f1,Low,32.33441,33.7023628,3.939872295893956,30.115631,38.064292,5,11.690196082910708
b2bc1141-6862-5f98-bbf0-215dfcffa8f1,Medium,28.078007,28.8242932,1.870195192668054,26.885736,31.325814,5,6.488260370138249
b2e8b000-e7b9-5e46-b821-a1e00588d172,High,20.570135,20.5671304,0.15788878393761974,20.385458,20.744813,5,0.7676753191471949
b2e8b000-e7b9-5e46-b821-a1e00588d172,Low,35.898906,35.79182419999999,3.069613525608183,32.082881,40.097194,5,8.576298063087222
b2e8b000-e7b9-5e46-b821-a1e00588d172,Medium,28.943995,28.8001102,1.0313606167527922,27.47882,30.244785,5,3.581099549934334
b3c2fb87-24fb-563d-98d6-64887ac19170,High,34.479018,34.4166442,0.19508730734904378,34.112294,34.591567,5,0.5668400039683235
b3c2fb87-24fb-563d-98d6-64887ac19170,Low,55.715214,57.43070660000001,4.838388254833506,52.318948,64.49814,5,8.424740946567956
b3c2fb87-24fb-563d-98d6-64887ac19170,Medium,45.773268,45.554371,1.6827251283330569,43.689427,47.957961,5,3.693882917037877
b3c3cb8f-3143-5497-8810-f1aa1493f216,High,36.284354,36.0381498,0.5754266486939907,35.010754,36.335392,5,1.5967152916767962
b3c3cb8f-3143-5497-8810-f1aa1493f216,Low,59.524873,58.542501400000006,5.836045300750742,50.733587,65.780139,5,9.96890320909783
b3c3cb8f-3143-5497-8810-f1aa1493f216,Medium,44.305993,45.1081004,3.5021450548610638,40.296253,49.010547,5,7.76389389889064
b43ac9c8-e6eb-59e1-8bfd-ce4ddf80adea,High,36.355503,36.5666632,0.8786737781754964,35.418417,37.589233,5,2.4029367223627243
b43ac9c8-e6eb-59e1-8bfd-ce4ddf80adea,Low,54.764525,55.497721999999996,2.0955809144776567,52.892021,57.800687,5,3.7759764526508977
b43ac9c8-e6eb-59e1-8bfd-ce4ddf80adea,Medium,44.51288,44.941907,1.2677429649404495,43.893452,47.11791,5,2.8208481783838177
b4483670-2a6b-5666-a8ca-0dd5dbfd3b4d,High,24.108401,24.3100972,0.5381715770901506,23.915028,25.217368,5,2.213777973253643
b4483670-2a6b-5666-a8ca-0dd5dbfd3b4d,Low,38.815921,39.4050772,4.191731006703099,36.132925,46.536362,5,10.637540399751073
b4483670-2a6b-5666-a8ca-0dd5dbfd3b4d,Medium,33.271532,32.7842406,1.3465782887670512,31.265344,34.393301,5,4.107395090210055
b4aae99e-94f6-5629-b862-1981bce319d2,High,36.637501,36.1614356,0.7442418327451091,35.295422,36.775155,5,2.058109199473013
b4aae99e-94f6-5629-b862-1981bce319d2,Low,57.839033,57.550002199999994,1.2694730071347353,55.338304,58.459763,5,2.205860918515717
b4aae99e-94f6-5629-b862-1981bce319d2,Medium,43.417449,45.0143454,3.3648132164374744,42.117809,49.730074,5,7.474979779307141
b4ce37f8-440f-5250-87cb-8054c273581b,High,30.595002,30.6185004,0.0753499362328857,30.534378,30.737232,5,0.24609283684215214
b4ce37f8-440f-5250-87cb-8054c273581b,Low,50.246023,49.9114474,2.968529638709426,45.624188,52.802289,5,5.947592773495536
b4ce37f8-440f-5250-87cb-8054c273581b,Medium,40.690818,41.5161496,1.912073540839446,40.517503,44.932871,5,4.605613861742723
b55b4b10-7f8a-5484-9b25-5a0c4ba5c944,High,20.410282,20.424978399999997,0.07433254711632019,20.338644,20.522574,5,0.36392962411318974
b55b4b10-7f8a-5484-9b25-5a0c4ba5c944,Low,33.062296,34.009528,2.410783292246009,31.006425,36.607398,5,7.0885526322094465
b55b4b10-7f8a-5484-9b25-5a0c4ba5c944,Medium,27.729391,26.433930600000004,2.90251707996754,23.329385,29.674715,5,10.980270486022762
b5924591-7c03-5eaa-afc3-2859e1cbc161,High,27.26943,27.4543408,0.34515255957431284,27.215996,28.028605,5,1.257187568584101
b5924591-7c03-5eaa-afc3-2859e1cbc161,Low,47.167249,45.993927199999995,3.461460176821435,42.274196,49.126642,5,7.525906978479184
b5924591-7c03-5eaa-afc3-2859e1cbc161,Medium,38.483857,37.3970486,2.652795865357776,32.673154,38.954937,5,7.093596860362333
b63ace38-dd53-5051-997f-c0183fbad4e4,High,36.456724,37.288543600000004,1.8103739552221796,36.324716,40.51509,5,4.855040665149978
b63ace38-dd53-5051-997f-c0183fbad4e4,Low,57.331282,56.5489964,3.600905676984028,52.694623,61.532293,5,6.367762305652569
b63ace38-dd53-5051-997f-c0183fbad4e4,Medium,44.417964,44.7404686,1.0683605533960896,43.946522,46.604746,5,2.3879064900900246
b643acb2-8fbc-5569-96b2-38811522462c,High,24.002937,23.9735812,0.08670378046371667,23.854528,24.077093,5,0.36166386548755036
b643acb2-8fbc-5569-96b2-38811522462c,Low,39.243962,40.5748308,2.077924169878126,38.847444,42.983556,5,5.121214627167653
b643acb2-8fbc-5569-96b2-38811522462c,Medium,33.548131,33.3738842,0.6454654814098901,32.320125,34.062724,5,1.9340436298688006
b64c90b4-7f83-53eb-bea9-c9faf11f7e51,High,28.426616,28.619524000000002,0.5284541915786076,28.279991,29.554523,5,1.8464814145008408
b64c90b4-7f83-53eb-bea9-c9faf11f7e51,Low,42.666596,44.5227332,2.9166109281160013,42.257156,48.379038,5,6.55083531151228
b64c90b4-7f83-53eb-bea9-c9faf11f7e51,Medium,36.943497,36.4354128,3.3456472538804385,32.800799,41.079532,5,9.182405239224952
b6fea3ef-21c9-5bcc-bf0a-ce73223f3f9e,High,20.483476,20.593903599999997,0.2414094492989038,20.449543,21.019497,5,1.172237444575121
b6fea3ef-21c9-5bcc-bf0a-ce73223f3f9e,Low,35.942133,35.3461762,1.4375857942695773,33.040213,36.799386,5,4.067160719550697
b6fea3ef-21c9-5bcc-bf0a-ce73223f3f9e,Medium,29.042741,27.951542,2.595320256852707,23.541877,29.803623,5,9.28507005750419
b713b459-f13c-58c8-bb6f-b626dcb6509a,High,21.167365,21.191762599999997,0.07545652763876735,21.124978,21.306417,5,0.35606536871438604
b713b459-f13c-58c8-bb6f-b626dcb6509a,Low,33.334595,35.2312312,5.210837993451503,31.580768,44.118834,5,14.790394249552943
b713b459-f13c-58c8-bb6f-b626dcb6509a,Medium,27.300578,27.6084898,3.363880272410821,23.245863,31.452129,5,12.184224116491952
b71a0111-3a1f-5d14-aae0-70ba2db09993,High,34.191743,34.6030688,0.8016259745346956,33.972384,35.804872,5,2.316632606107744
b71a0111-3a1f-5d14-aae0-70ba2db09993,Low,56.63182,57.0870186,1.8180797040955896,55.616853,60.253007,5,3.1847515401611632
b71a0111-3a1f-5d14-aae0-70ba2db09993,Medium,46.462423,46.854798,2.149034858289413,43.791629,48.923017,5,4.58658440548482
b79464f7-0fef-58ff-8364-cb452e4e706a,High,22.397183,22.5624074,0.35520855113060007,22.264119,23.162628,5,1.5743379898840053
b79464f7-0fef-58ff-8364-cb452e4e706a,Low,36.544981,35.0182924,3.199306411213109,29.389476,37.015846,5,9.136100569007496
b79464f7-0fef-58ff-8364-cb452e4e706a,Medium,26.711219,27.360098799999996,1.13566012906952,26.327019,28.608575,5,4.150789576350214
b7a3f1a2-8fb2-5c79-ad53-4818cb2a9193,High,36.384749,36.1441358,0.5749165501528873,35.132876,36.556003,5,1.5906219291951844
b7a3f1a2-8fb2-5c79-ad53-4818cb2a9193,Low,57.877779,57.7260088,0.9448909566194362,56.562807,58.835879,5,1.6368548185847143
b7a3f1a2-8fb2-5c79-ad53-4818cb2a9193,Medium,46.648438,45.2554214,3.3383858373745987,40.098573,48.758745,5,7.376764449650221
b7e586fd-8a89-5464-b0a7-b1e3b6a12f47,High,27.281708,27.3202856,0.08604244857220138,27.23793,27.442473,5,0.3149397844223173
b7e586fd-8a89-5464-b0a7-b1e3b6a12f47,Low,45.835908,45.5610564,1.6494231929655863,42.895433,47.244811,5,3.620247911910985
b7e586fd-8a89-5464-b0a7-b1e3b6a12f47,Medium,37.1089,36.670237199999995,1.1289034961170057,34.660994,37.300228,5,3.078527935229734
b80ec609-6429-5f05-8cd8-753acb4bbbb1,High,27.494112,27.666411800000002,0.31043948569842017,27.446791,28.174768,5,1.1220807668973545
b80ec609-6429-5f05-8cd8-753acb4bbbb1,Low,44.54753,45.630881,3.764911454656668,40.575833,50.331514,5,8.25079720607776
b80ec609-6429-5f05-8cd8-753acb4bbbb1,Medium,36.659382,36.230172800000005,3.1429259602687436,32.40671,40.779004,5,8.674885371423741
b83a3fd8-f604-5f95-84b6-2eb1d07e25ca,High,20.86841,20.8538218,0.0933608943278705,20.755189,20.958468,5,0.44769201167658634
b83a3fd8-f604-5f95-84b6-2eb1d07e25ca,Low,37.652163,35.241075,3.565017331710677,30.56842,37.908909,5,10.116085652071273
b83a3fd8-f604-5f95-84b6-2eb1d07e25ca,Medium,29.451814,28.1112208,3.724421865824372,23.044362,31.353093,5,13.24887984169073
b886af5b-8fbb-59ed-a6d3-843e87323e56,High,35.489756,35.3006182,0.4221826099233573,34.574209,35.620683,5,1.1959637860488157
b886af5b-8fbb-59ed-a6d3-843e87323e56,Low,57.62818,56.116341399999996,2.5940232749184813,52.30992,58.4416,5,4.622580892129367
b886af5b-8fbb-59ed-a6d3-843e87323e56,Medium,45.560101,46.222222800000004,3.0363316200478176,43.47199,50.799199,5,6.568986595875733
b88be909-d098-5111-93d1-2e174bee5a4c,High,34.46718,34.4207552,0.3795708701167682,33.910616,34.934722,5,1.102738356294891
b88be909-d098-5111-93d1-2e174bee5a4c,Low,56.442515,56.267147,4.165126902962921,51.686155,60.444949,5,7.402413530870724
b88be909-d098-5111-93d1-2e174bee5a4c,Medium,45.755803,46.0264324,2.809513466510758,41.915981,49.353356,5,6.10413043117102
b8ba72d8-1867-545d-a9b7-d50d5a2465b1,High,27.581025,27.555424,0.3396944860702031,27.19057,27.961258,5,1.2327681333090832
b8ba72d8-1867-545d-a9b7-d50d5a2465b1,Low,47.942774,47.272182799999996,3.1852131053330948,41.882863,49.904897,5,6.73802840628103
b8ba72d8-1867-545d-a9b7-d50d5a2465b1,Medium,37.118272,36.0811816,2.286765513109464,32.6728,38.46993,5,6.337834327214672
b8c86a0e-5220-569b-8a67-75ef35ae7b12,High,21.263222,21.312434200000002,0.2148503984699595,21.102985,21.64683,5,1.0080988236902546
b8c86a0e-5220-569b-8a67-75ef35ae7b12,Low,33.28977,34.4880558,4.361462566671897,29.58511,39.131318,5,12.646298741699141
b8c86a0e-5220-569b-8a67-75ef35ae7b12,Medium,27.380046,27.779679599999998,3.211021798590489,23.753817,31.914082,5,11.558887088785895
ba1a161d-bcda-5fb8-93e9-1da22f5a65b2,High,31.285393,31.208083,0.3558491859151852,30.769643,31.633082,5,1.140246858210372
ba1a161d-bcda-5fb8-93e9-1da22f5a65b2,Low,51.110755,51.58489099999999,1.4844883339418649,49.701672,53.434303,5,2.8777580124030213
ba1a161d-bcda-5fb8-93e9-1da22f5a65b2,Medium,40.109945,41.142283,1.843729789719333,39.966442,44.271555,5,4.481350219965511
ba1ce7e7-eaed-5afe-b3a2-32983ea382f1,High,28.564517,29.047470599999997,0.7944850357752506,28.384285,30.199013,5,2.7351263960836945
ba1ce7e7-eaed-5afe-b3a2-32983ea382f1,Low,43.197897,44.2711932,2.164791908079092,42.88881,48.026065,5,4.889843149922356
ba1ce7e7-eaed-5afe-b3a2-32983ea382f1,Medium,37.327589,37.294672000000006,0.27505797293479645,36.839923,37.528031,5,0.7375261885526072
ba3a3dac-c98f-59ea-9e5c-faeac0ba8521,High,20.531382,20.6490956,0.36446126354703345,20.391788,21.291503,5,1.7650228882035564
ba3a3dac-c98f-59ea-9e5c-faeac0ba8521,Low,35.303255,34.9120138,1.0941538997568878,33.026695,35.681965,5,3.13403261703823
ba3a3dac-c98f-59ea-9e5c-faeac0ba8521,Medium,25.994373,27.1336274,1.749086562110722,25.876488,29.820468,5,6.446195108106783
ba45010d-13f0-5186-ab4b-f4b6c594994d,High,27.31213,27.321763599999997,0.042006381590183654,27.274223,27.365767,5,0.15374696233073204
ba45010d-13f0-5186-ab4b-f4b6c594994d,Low,46.779542,46.350746,3.8044695282031094,42.062458,50.855174,5,8.208000639737511
ba45010d-13f0-5186-ab4b-f4b6c594994d,Medium,35.541412,35.564757199999995,1.8643312569027812,32.970783,37.415824,5,5.242075030678914
ba7ee21f-3cf6-5903-9de1-422be391f817,High,23.905167,23.9993224,0.17141496473266224,23.882175,24.287346,5,0.7142491853547592
ba7ee21f-3cf6-5903-9de1-422be391f817,Low,38.973297,39.937618199999996,3.7548879571357645,36.569057,46.402899,5,9.401882551763602
ba7ee21f-3cf6-5903-9de1-422be391f817,Medium,31.362713,31.735921,1.8447388956951347,29.088214,33.635229,5,5.812778824648368
baec240f-3623-5910-b9d9-04d4d312b497,High,27.32816,27.410795999999998,0.20782800023697326,27.168092,27.677068,5,0.758197610302792
baec240f-3623-5910-b9d9-04d4d312b497,Low,47.117775,45.7580804,3.1542177056957077,42.167926,49.113642,5,6.893247439846073
baec240f-3623-5910-b9d9-04d4d312b497,Medium,38.57435,38.725544400000004,2.895282647623337,34.880656,43.04152,5,7.476415612696556
baf3eff7-682e-5316-bad4-8f057269cbe9,High,32.319044,33.054816,2.271579264079621,31.582788,37.053189,5,6.872158247922544
baf3eff7-682e-5316-bad4-8f057269cbe9,Low,50.808915,51.157157,1.0311049255509843,50.250159,52.934038,5,2.0155633854926385
baf3eff7-682e-5316-bad4-8f057269cbe9,Medium,40.034172,41.267438399999996,2.803365554757584,39.705636,46.264649,5,6.793165903793012
bb58e0f7-4ead-5563-a6d7-4ecc594f711f,High,23.935491,23.9419424,0.09940712084302616,23.836,24.052142,5,0.41520073510420846
bb58e0f7-4ead-5563-a6d7-4ecc594f711f,Low,40.004816,41.3955172,2.5074292196452324,39.343519,44.43616,5,6.057248197989014
bb58e0f7-4ead-5563-a6d7-4ecc594f711f,Medium,33.16736,32.3871272,1.2523315367564232,30.929957,33.464857,5,3.866757088465763
bb6156d8-9a70-5cbf-b7ab-b3d4dfdf2cd6,High,36.341671,36.5213938,0.4061127883669738,36.104263,37.131627,5,1.111986006314397
bb6156d8-9a70-5cbf-b7ab-b3d4dfdf2cd6,Low,58.782859,58.660773000000006,0.8808176662564733,57.659582,59.774427,5,1.5015445948120616
bb6156d8-9a70-5cbf-b7ab-b3d4dfdf2cd6,Medium,44.47127,45.6534784,2.139193312746491,43.903304,48.523645,5,4.685718126456036
bba0420d-76a5-59fb-b735-61731503a972,High,31.269725,32.081556,1.5503320352690566,31.033773,34.719556,5,4.832471452659767
bba0420d-76a5-59fb-b735-61731503a972,Low,51.220126,50.936373,1.7287754376063427,49.012464,53.172769,5,3.393990062084598
bba0420d-76a5-59fb-b735-61731503a972,Medium,39.999819,40.061132,0.4176234298001019,39.599683,40.742374,5,1.0424653746681496
bc1f45da-9317-520b-a008-2498be4ec9d2,High,24.870611,25.2963744,0.6862918347166902,24.78769,26.325175,5,2.713004732870692
bc1f45da-9317-520b-a008-2498be4ec9d2,Low,39.970601,41.4304534,3.2280938584699355,39.295638,47.034896,5,7.791596744799166
bc1f45da-9317-520b-a008-2498be4ec9d2,Medium,33.956602,33.160256399999994,3.6849496067402736,28.446592,37.947596,5,11.112548595192028
bc366411-3ab0-5a06-9027-494465143238,High,24.199848,24.2439274,0.1911513048485411,24.056485,24.444427,5,0.7884502444457125
bc366411-3ab0-5a06-9027-494465143238,Low,37.131684,39.5246614,4.847021046993584,35.913266,47.191474,5,12.263282910738823
bc366411-3ab0-5a06-9027-494465143238,Medium,31.320615,32.5620708,3.1215511583801097,29.640154,37.700557,5,9.58646388785602
bcbc45ea-d316-5e08-97a4-290b5edb5260,High,20.570153,20.7473168,0.5224138075670478,20.417578,21.67345,5,2.5179825063790795
bcbc45ea-d316-5e08-97a4-290b5edb5260,Low,33.603214,34.0417132,2.250595004413989,30.964418,36.344968,5,6.6112859572942675
bcbc45ea-d316-5e08-97a4-290b5edb5260,Medium,27.818714,27.6643668,2.697326373148733,23.228816,29.853432,5,9.750182943456103
bced725c-8756-5cbd-a84c-f37a7fb1deeb,High,36.713131,38.3142374,3.4691841389969165,34.92765,43.418836,5,9.054556150442696
bced725c-8756-5cbd-a84c-f37a7fb1deeb,Low,58.020534,59.4954386,3.816503779242895,56.590045,66.181151,5,6.4147838372989066
bced725c-8756-5cbd-a84c-f37a7fb1deeb,Medium,46.487133,46.537037,2.2756874199123867,44.095021,49.4476,5,4.890056536930761
bcfc6862-a78b-5dd6-baf3-5e48a3c8d56b,High,29.229709,30.0776608,1.2780710690568804,29.061945,31.679008,5,4.249236925555329
bcfc6862-a78b-5dd6-baf3-5e48a3c8d56b,Low,43.297986,44.7025988,3.274031545491382,43.086467,50.556326,5,7.324029549466333
bcfc6862-a78b-5dd6-baf3-5e48a3c8d56b,Medium,35.302513,36.649001399999996,2.8715249992016965,33.342568,39.67576,5,7.835206661870184
bcffd34b-1929-5db8-b88e-1998a3901c9b,High,20.832243,20.8786562,0.26607185882144657,20.592611,21.230768,5,1.2743725279668456
bcffd34b-1929-5db8-b88e-1998a3901c9b,Low,37.727656,35.2777418,3.784263243568184,30.184724,38.240184,5,10.727056354747127
bcffd34b-1929-5db8-b88e-1998a3901c9b,Medium,27.62723,27.2098846,2.460225803344136,23.159389,29.732374,5,9.041662026542134
bd7f27a7-3f8a-5e52-9b92-0bcf8cb79803,High,30.824145,30.920688000000002,0.31686554526486455,30.595065,31.352963,5,1.0247687414486526
bd7f27a7-3f8a-5e52-9b92-0bcf8cb79803,Low,51.151192,52.007518000000005,3.260930297307275,48.488642,57.222293,5,6.270113288827347
bd7f27a7-3f8a-5e52-9b92-0bcf8cb79803,Medium,41.946329,41.538065,2.2372002457452242,37.866908,43.963595,5,5.3859038588947845
bdb240c0-92a5-5ce1-a415-9cf58e659327,High,36.039599,35.724620800000004,0.6103019590651014,34.93613,36.283675,5,1.7083511186355305
bdb240c0-92a5-5ce1-a415-9cf58e659327,Low,59.177384,58.9443308,5.578882344273956,50.785086,66.539795,5,9.46466312969653
bdb240c0-92a5-5ce1-a415-9cf58e659327,Medium,44.517971,46.1484832,2.600046315572323,43.930514,49.059727,5,5.634088349782042
bdb27363-a79b-5224-a9f6-7a8046c2a4d8,High,32.015638,31.8020256,0.36866783496706235,31.305837,32.091456,5,1.1592589717526116
bdb27363-a79b-5224-a9f6-7a8046c2a4d8,Low,49.788115,49.1548924,3.8533865155923297,45.018011,54.418841,5,7.839273625573696
bdb27363-a79b-5224-a9f6-7a8046c2a4d8,Medium,40.192227,41.619755600000005,2.3020765447227864,39.735088,44.256725,5,5.531211107647124
bdcdccff-3478-5696-96bb-0343a0014570,High,23.949195,23.9647264,0.14152700950807884,23.821356,24.116522,5,0.5905638443177839
bdcdccff-3478-5696-96bb-0343a0014570,Low,39.370947,41.2617526,3.0228086836381647,38.716907,45.360333,5,7.325933808342801
bdcdccff-3478-5696-96bb-0343a0014570,Medium,33.206307,32.992938800000005,1.4618230738831568,31.170793,34.617369,5,4.430714956144363
be6ff22c-97d9-592b-834b-11da7317d4ee,High,36.412077,36.2051434,0.5180404756399815,35.301523,36.541215,5,1.4308477387220666
be6ff22c-97d9-592b-834b-11da7317d4ee,Low,54.796444,55.6291158,2.3360796220705313,52.690768,58.467554,5,4.19938298223056
be6ff22c-97d9-592b-834b-11da7317d4ee,Medium,45.04046,45.2222096,1.1640769020418278,43.989182,47.06171,5,2.5741265460894858
be800447-38be-5aad-8657-13289a272563,High,32.201556,32.5135894,0.7600556865136928,31.841382,33.465327,5,2.337655425130308
be800447-38be-5aad-8657-13289a272563,Low,51.5821,51.482883,1.983906385265949,49.5257,54.531446,5,3.853526200671297
be800447-38be-5aad-8657-13289a272563,Medium,39.054973,40.241243399999995,2.653029317447661,38.031257,44.671253,5,6.592811487151169
bf8123f7-902e-5f9c-b777-d8b0bc7d8c42,High,34.38767,34.3811106,0.1439114760844309,34.162678,34.558388,5,0.41857715929755596
bf8123f7-902e-5f9c-b777-d8b0bc7d8c42,Low,55.950953,57.261226799999996,2.368588441643294,54.896687,59.818007,5,4.136461221685341
bf8123f7-902e-5f9c-b777-d8b0bc7d8c42,Medium,44.057855,45.1068664,1.9721899043316788,43.486269,48.169111,5,4.372260947685071
bfdb815b-1570-5c79-9479-b0bfff1f6780,High,27.597139,27.182724200000003,1.3650259215035812,25.78204,28.908723,5,5.021667112759732
bfdb815b-1570-5c79-9479-b0bfff1f6780,Low,39.854961,39.8421854,2.7753858478289635,35.824992,43.669009,5,6.965947826318191
bfdb815b-1570-5c79-9479-b0bfff1f6780,Medium,31.999166,32.371076800000004,1.5374791697996117,30.317331,34.087284,5,4.749545958259911
c0465242-52ac-554e-9b56-eaad4ad49be8,High,27.316253,27.447720200000003,0.4936626218103817,27.084031,28.312552,5,1.7985560119866775
c0465242-52ac-554e-9b56-eaad4ad49be8,Low,46.016301,45.924656,2.5669196692227247,42.136595,49.215102,5,5.589415126425171
c0465242-52ac-554e-9b56-eaad4ad49be8,Medium,36.992556,36.6979258,1.1245819366314318,34.848361,37.790605,5,3.064429152645548
c0647620-66cd-55c3-b31c-266221b93229,High,28.066536,28.232844399999998,0.4116196916776445,27.828814,28.69356,5,1.4579462339885405
c0647620-66cd-55c3-b31c-266221b93229,Low,47.59697,47.1195192,3.2241730627692267,41.632148,49.610591,5,6.842542363567297
c0647620-66cd-55c3-b31c-266221b93229,Medium,36.859508,37.1599178,2.233962984424472,34.401921,40.579384,5,6.0117543759057295
c0900f14-85de-5f63-983e-bfc49e31234d,High,25.006137,25.398927800000003,0.6900993763605365,24.748392,26.156734,5,2.7170413719611286
c0900f14-85de-5f63-983e-bfc49e31234d,Low,39.339041,40.8063674,3.347022374510484,39.153174,46.79087,5,8.202206145187244
c0900f14-85de-5f63-983e-bfc49e31234d,Medium,32.170317,31.912354800000003,5.070688354200761,25.150101,38.565963,5,15.889420840234456
c09608a2-68d8-506e-a00e-17e223eb67c7,High,26.375376,27.388280199999997,1.8942863601398026,25.624955,29.530342,5,6.916412225619785
c09608a2-68d8-506e-a00e-17e223eb67c7,Low,39.956452,41.019827199999995,3.390916946465615,36.512355,44.884476,5,8.266531523725227
c09608a2-68d8-506e-a00e-17e223eb67c7,Medium,32.077489,32.180602,2.5170625887339404,30.102003,36.316076,5,7.82167651411226
c0e82d43-9bd3-57f1-9897-20144fb7d970,High,24.15925,24.269028600000002,0.27541931241980727,24.040596,24.742915,5,1.1348592354446656
c0e82d43-9bd3-57f1-9897-20144fb7d970,Low,40.875954,40.1059552,4.168392317475371,35.620441,46.204691,5,10.39344979240233
c0e82d43-9bd3-57f1-9897-20144fb7d970,Medium,32.865498,34.0739312,3.798841247347105,31.083963,40.699469,5,11.148819973396863
c184c70f-2229-553d-ab67-a9c677703367,High,24.105081,24.2267898,0.22014472445121225,24.05871,24.568072,5,0.9086830168940182
c184c70f-2229-553d-ab67-a9c677703367,Low,40.918262,39.729685599999996,2.1135818445426486,37.389683,41.448786,5,5.319905789897942
c184c70f-2229-553d-ab67-a9c677703367,Medium,31.29288,31.980595599999997,1.1553123927571705,31.046816,33.419008,5,3.612541827573626
c18b4623-a580-55f6-b2c5-ec58899e9bcf,High,36.279608,36.0800828,0.5871417627947251,35.038293,36.460543,5,1.6273293108815292
c18b4623-a580-55f6-b2c5-ec58899e9bcf,Low,57.683316,56.2694398,2.178550711975211,53.274431,57.98251,5,3.8716410181414513
c18b4623-a580-55f6-b2c5-ec58899e9bcf,Medium,44.594975,45.3034788,1.2046772167629396,44.146284,46.722281,5,2.6591273974371687
c18feb74-9a11-5eee-a0f1-8f1b86d994a6,High,27.904171,28.220160399999997,0.48364322224890083,27.812136,28.838377,5,1.713821662930381
c18feb74-9a11-5eee-a0f1-8f1b86d994a6,Low,45.49112,45.1445946,2.1053196882272514,41.665599,47.370267,5,4.663503364868518
c18feb74-9a11-5eee-a0f1-8f1b86d994a6,Medium,36.918239,36.644309799999995,2.791314929049516,33.91513,40.744673,5,7.61732160950543
c1950d2e-879e-5841-905a-a77f527e1436,High,33.175924,32.8032362,0.7214015088351993,31.932478,33.431811,5,2.199177862930485
c1950d2e-879e-5841-905a-a77f527e1436,Low,51.650311,52.3058098,2.8697731376125715,49.170041,56.73332,5,5.4865284536949686
c1950d2e-879e-5841-905a-a77f527e1436,Medium,40.192475,39.9166902,2.6462381010852383,35.736253,43.055405,5,6.629402607847577
c1e37210-ea5c-5f37-be32-98c6f8c5867d,High,25.120735,25.3150536,0.5972218407709158,24.909629,26.359949,5,2.3591569277614166
c1e37210-ea5c-5f37-be32-98c6f8c5867d,Low,39.733815,39.8178386,0.22904318085199574,39.669837,40.223195,5,0.5752275585646573
c1e37210-ea5c-5f37-be32-98c6f8c5867d,Medium,31.309009,31.6398298,2.09423204953539,29.309797,34.915855,5,6.618973814882499
c2b5a4ea-5cbb-5bea-9743-e1c8cde7d548,High,24.697726,24.7578498,0.32304119783272306,24.488756,25.305015,5,1.3048031248364835
c2b5a4ea-5cbb-5bea-9743-e1c8cde7d548,Low,39.408869,40.8920086,6.864117643754389,32.662763,48.917514,5,16.78596351404071
c2b5a4ea-5cbb-5bea-9743-e1c8cde7d548,Medium,32.722966,32.232546400000004,1.3132149173118235,30.689843,33.477883,5,4.074189178276723
c313f7b5-b8af-5d70-ac7b-f8c4c59afda1,High,32.952734,32.411101,0.7494391459608322,31.587147,32.966804,5,2.312291538509698
c313f7b5-b8af-5d70-ac7b-f8c4c59afda1,Low,51.811745,51.421530600000004,2.8439439473668946,47.918677,55.583097,5,5.530648182158339
c313f7b5-b8af-5d70-ac7b-f8c4c59afda1,Medium,40.635956,41.480598,2.6468868564981234,39.774097,46.143444,5,6.381023862042981
c342d7e4-ace2-5eea-a8a4-30b4ce3cc1e0,High,35.08887,34.8871418,0.7171074559699521,34.080809,35.773589,5,2.0555064673425094
c342d7e4-ace2-5eea-a8a4-30b4ce3cc1e0,Low,60.243901,58.0313038,3.896512154055688,51.89837,60.998621,5,6.71450044873141
c342d7e4-ace2-5eea-a8a4-30b4ce3cc1e0,Medium,46.883315,46.3731266,2.2265311252761086,43.854287,48.568082,5,4.801339242189697
c34989a7-9d1a-54ab-b443-198313e962ba,High,34.146863,34.4054252,0.6440390468742556,34.051618,35.553019,5,1.8719113137838959
c34989a7-9d1a-54ab-b443-198313e962ba,Low,56.65547,56.41984179999999,3.082015485387068,53.641228,61.191187,5,5.462644677935039
c34989a7-9d1a-54ab-b443-198313e962ba,Medium,45.470153,45.88509380000001,1.1551546882492403,44.745002,47.270926,5,2.5174944466371345
c39557a5-a4ae-5a0a-9383-2acf55e78b1a,High,24.090765,24.130057,0.15113798195192435,23.968688,24.374794,5,0.6263473888682665
c39557a5-a4ae-5a0a-9383-2acf55e78b1a,Low,37.072723,40.46743,5.40396192757809,35.564331,46.395802,5,13.353855007787965
c39557a5-a4ae-5a0a-9383-2acf55e78b1a,Medium,31.064832,31.6339556,3.352857303821221,29.043994,37.334076,5,10.598918915537773
c39b0979-23ef-58f5-ad02-2a26b0f38566,High,22.38695,22.4092172,0.14280775901084597,22.255475,22.623033,5,0.6372724122235112
c39b0979-23ef-58f5-ad02-2a26b0f38566,Low,35.456218,33.540592600000004,3.5152539672295813,29.665277,36.465985,5,10.480595883179419
c39b0979-23ef-58f5-ad02-2a26b0f38566,Medium,28.552583,28.821962000000003,4.298744338461756,22.372754,34.224981,5,14.91482203210786
c3ac405f-649f-5cf7-921a-bed0dbb413c2,High,31.21445,31.283426400000003,0.28671184617887785,31.042617,31.733007,5,0.9164975809007859
c3ac405f-649f-5cf7-921a-bed0dbb413c2,Low,51.012625,51.4476834,2.916980027072228,49.066611,56.43932,5,5.66979858819499
c3ac405f-649f-5cf7-921a-bed0dbb413c2,Medium,40.460843,41.2122342,1.9406497578899184,40.122516,44.661372,5,4.708916649536847
c52535e4-772c-5723-97f8-34f24a54e8ee,High,23.836549,23.8570376,0.059436588355154446,23.781854,23.935547,5,0.24913649947533484
c52535e4-772c-5723-97f8-34f24a54e8ee,Low,39.271011,39.0139282,1.5671495904481156,36.377191,40.560656,5,4.016897715129633
c52535e4-772c-5723-97f8-34f24a54e8ee,Medium,31.227403,31.523175200000004,1.732028337875625,29.011903,33.267761,5,5.494460272122666
c5420b50-a086-56ea-8c5e-8e0ce1d03536,High,35.447532,35.3112018,0.34496792301560397,34.701662,35.539159,5,0.9769362282526559
c5420b50-a086-56ea-8c5e-8e0ce1d03536,Low,58.104731,59.942854,5.518227621595225,56.121753,69.445966,5,9.205813960068076
c5420b50-a086-56ea-8c5e-8e0ce1d03536,Medium,43.618437,46.0503864,3.819518491107655,43.105502,50.87558,5,8.294215944098255
c544b2e1-d44d-5919-8c62-3ab23b57c598,High,32.026462,32.018768800000004,0.6214849631887333,31.163056,32.917785,5,1.9410020637293623
c544b2e1-d44d-5919-8c62-3ab23b57c598,Low,51.532573,51.8262586,1.9428026338104434,49.232759,54.459151,5,3.7486839418704307
c544b2e1-d44d-5919-8c62-3ab23b57c598,Medium,40.045701,41.6255242,3.8358688316237046,39.600574,48.47898,5,9.215184445950364
c6592fb4-94f0-5811-b980-bddb7e59508a,High,25.234717,25.716965,0.7794852434732168,25.10527,26.607963,5,3.031015687400192
c6592fb4-94f0-5811-b980-bddb7e59508a,Low,39.764617,39.8823066,0.336289583505496,39.60454,40.422183,5,0.8432049502008894
c6592fb4-94f0-5811-b980-bddb7e59508a,Medium,36.426292,34.9259678,3.939583140080649,28.849289,38.714357,5,11.27981094937804
c666776d-a6a6-59fb-87b5-a32d8449a6cb,High,20.881945,20.8531772,0.12919988457309003,20.714452,21.02178,5,0.6195693027204029
c666776d-a6a6-59fb-87b5-a32d8449a6cb,Low,33.062488,34.443372999999994,3.32028004794927,30.533799,37.998416,5,9.639822580527378
c666776d-a6a6-59fb-87b5-a32d8449a6cb,Medium,27.292986,27.278828800000003,2.7258718531819706,22.833809,29.691687,5,9.99262788430994
c6693a88-1a8e-5cd7-a59a-6f58053b6dfa,High,21.624564,21.9646626,0.5153901428256065,21.564854,22.660773,5,2.3464514443559286
c6693a88-1a8e-5cd7-a59a-6f58053b6dfa,Low,35.340515,34.733832,1.7368152683500937,32.121649,36.564265,5,5.000356045800227
c6693a88-1a8e-5cd7-a59a-6f58053b6dfa,Medium,25.915237,26.7117764,3.5693654247622635,21.661864,30.201226,5,13.362516110168784
c77d1342-d3a2-599e-b912-6b8efb41b078,High,24.248115,24.2486536,0.2025621339127825,24.014665,24.504076,5,0.8353541489527587
c77d1342-d3a2-599e-b912-6b8efb41b078,Low,41.35881,41.17785,2.634691185238505,36.975861,44.185182,5,6.398321391812602
c77d1342-d3a2-599e-b912-6b8efb41b078,Medium,33.108546,32.6333482,2.726540130572117,29.057505,36.154632,5,8.35507320260848
c79fb208-7d60-5e42-8c0e-40d347e79470,High,34.708267,34.3200142,1.0121260736764475,32.537481,34.971713,5,2.9490840760679156
c79fb208-7d60-5e42-8c0e-40d347e79470,Low,51.746426,51.724306,1.8561437317865503,49.887451,54.682741,5,3.5885328877811338
c79fb208-7d60-5e42-8c0e-40d347e79470,Medium,42.624393,41.3326066,2.0153794318381597,38.668668,43.006305,5,4.87600371140919
c7bf1853-e86b-543e-8096-7c53d4eb3adc,High,20.605664,20.7778664,0.3603483321361434,20.492822,21.365346,5,1.7342893885203892
c7bf1853-e86b-543e-8096-7c53d4eb3adc,Low,35.583922,35.8045796,4.209078373391593,30.670904,40.478148,5,11.75569835036296
c7bf1853-e86b-543e-8096-7c53d4eb3adc,Medium,28.045642,27.825272000000002,1.6918326125782963,26.286111,30.401126,5,6.080201525355426
c81a0acd-7db3-588b-9a44-72dfd46c70e2,High,26.429077,26.964274999999997,1.3116306845532022,25.779787,28.78245,5,4.864327650393724
c81a0acd-7db3-588b-9a44-72dfd46c70e2,Low,39.830097,38.8961216,2.227974408875537,34.91746,40.099938,5,5.7280117328601134
c81a0acd-7db3-588b-9a44-72dfd46c70e2,Medium,31.907301,31.964596,1.424768463603473,29.851165,33.822076,5,4.457332930481815
c8253ac1-f72e-5b85-8f5d-947d8731518a,High,31.254747,31.1601334,0.2881944535279956,30.744097,31.438004,5,0.9248819632074989
c8253ac1-f72e-5b85-8f5d-947d8731518a,Low,50.940014,51.7090562,3.440850337143308,48.955058,57.681448,5,6.65425089917481
c8253ac1-f72e-5b85-8f5d-947d8731518a,Medium,40.155062,40.3110026,0.34669905361538,40.0234,40.864105,5,0.8600606069157406
c82a869b-cc00-58ce-89ed-75f1512cc1fb,High,20.445904,20.444644,0.04521859483111011,20.386623,20.50719,5,0.22117575063234218
c82a869b-cc00-58ce-89ed-75f1512cc1fb,Low,33.341675,33.344705600000005,2.2797549159885158,31.056225,36.133797,5,6.836932205478867
c82a869b-cc00-58ce-89ed-75f1512cc1fb,Medium,27.4899,26.907239600000004,1.0414146864392206,25.636473,27.824954,5,3.870388423044408
c85084a5-9850-5458-b1ed-4fc22c80703e,High,29.405693,29.029942,0.7024733115528292,28.232949,29.633461,5,2.4198233380997776
c85084a5-9850-5458-b1ed-4fc22c80703e,Low,47.515672,46.931048600000004,4.176784826987116,42.296598,52.963344,5,8.899832736716467
c85084a5-9850-5458-b1ed-4fc22c80703e,Medium,37.050251,36.5028864,3.2831288844457953,32.560679,41.27327,5,8.99416240258139
c8705dd7-814b-575d-98a1-d2b07403b7ef,High,35.293339,35.1642046,0.5251017665879627,34.572902,35.839662,5,1.493284925853158
c8705dd7-814b-575d-98a1-d2b07403b7ef,Low,58.283359,58.21515420000001,4.111945038011598,52.300614,63.89115,5,7.063358492334968
c8705dd7-814b-575d-98a1-d2b07403b7ef,Medium,44.024529,45.1620268,2.1294295018484872,43.366808,48.130218,5,4.71508843320665
c881694b-769e-5295-8310-c54ae88fad8a,High,21.667428,21.7336496,0.29649274477346055,21.495744,22.230488,5,1.364210568543723
c881694b-769e-5295-8310-c54ae88fad8a,Low,32.370676,33.2742154,1.6102295523080845,31.954788,35.647369,5,4.839271288446622
c881694b-769e-5295-8310-c54ae88fad8a,Medium,28.851683,28.2894096,1.7904798299360432,25.876955,30.120805,5,6.329152340938367
c8c81448-b38b-5939-88f9-050690ea8d55,High,36.293676,36.081867,0.42894152918550665,35.334402,36.342928,5,1.188800815616073
c8c81448-b38b-5939-88f9-050690ea8d55,Low,58.928656,57.6227446,2.2889306708426758,55.042339,59.625661,5,3.972269434112786
c8c81448-b38b-5939-88f9-050690ea8d55,Medium,45.202596,46.292799,2.7420552126188142,43.769065,49.253998,5,5.923286713812258
c8e61896-9855-54a1-b853-6186ea5ab599,High,25.28455,25.5701168,0.6015071020085287,25.13155,26.556347,5,2.3523830833988555
c8e61896-9855-54a1-b853-6186ea5ab599,Low,39.980292,41.3482368,2.809357258040743,39.805069,46.322211,5,6.794382240842596
c8e61896-9855-54a1-b853-6186ea5ab599,Medium,29.816214,31.192927400000002,2.839463697762449,28.853456,35.25732,5,9.102908686160854
c8f5f6bf-9d0d-539d-b72f-5309df25cc9b,High,27.347484,27.510539599999998,0.4516389060989989,27.214427,28.309804,5,1.6416941022087368
c8f5f6bf-9d0d-539d-b72f-5309df25cc9b,Low,47.417364,47.404233999999995,2.0485397600475044,44.864078,50.416993,5,4.321427828677718
c8f5f6bf-9d0d-539d-b72f-5309df25cc9b,Medium,37.043807,35.8321172,2.1162743494698883,32.730973,37.564546,5,5.906082349691266
c90c8547-1ab4-54b2-b73e-faf82ba8cbb8,High,23.844535,23.8654296,0.1089944327720455,23.741938,24.040412,5,0.4567042563191299
c90c8547-1ab4-54b2-b73e-faf82ba8cbb8,Low,39.026253,39.869901399999996,5.478435602116659,31.841168,46.225557,5,13.7407804126565
c90c8547-1ab4-54b2-b73e-faf82ba8cbb8,Medium,31.376441,32.0617714,4.712967817522659,26.91069,39.224783,5,14.699648870687973
c9232b23-6107-5924-86d2-28a3c92733d7,High,33.302464,33.730485599999994,1.7625113504185725,31.482315,35.541564,5,5.225277131552986
c9232b23-6107-5924-86d2-28a3c92733d7,Low,54.073217,52.270149,3.7425285603667073,47.743726,55.487212,5,7.159973009387648
c9232b23-6107-5924-86d2-28a3c92733d7,Medium,40.75133,41.4051718,3.2143357112952873,36.972703,44.657084,5,7.763126130285221
c9a57af1-cf4e-566a-ac82-2c39cabaa8a6,High,21.589894,21.537577,0.39521677165449276,21.092706,22.073784,5,1.835010371196782
c9a57af1-cf4e-566a-ac82-2c39cabaa8a6,Low,34.995548,35.260168,2.799878820126148,32.046491,39.226921,5,7.940628133496551
c9a57af1-cf4e-566a-ac82-2c39cabaa8a6,Medium,27.44558,26.989257199999997,2.293204261855822,23.23915,29.530207,5,8.496729809428851
c9c2a1a7-9774-5cd2-a6b0-9d9ae5f27dd7,High,21.77873,22.3395726,1.0280590213216365,21.704468,24.105485,5,4.60196369791621
c9c2a1a7-9774-5cd2-a6b0-9d9ae5f27dd7,Low,36.425675,34.909801800000004,2.3205996805023688,31.266569,36.483754,5,6.647415799714934
c9c2a1a7-9774-5cd2-a6b0-9d9ae5f27dd7,Medium,28.020592,27.951841,2.746774718868022,23.426485,30.227783,5,9.82681147502242
c9c6b017-cbbd-5706-90d5-d53c308af760,High,32.930265,32.8279522,0.6557839674177764,31.719604,33.455946,5,1.997638973709047
c9c6b017-cbbd-5706-90d5-d53c308af760,Low,51.502292,51.40941840000001,2.6635005964096,48.063639,54.449735,5,5.180958430001612
c9c6b017-cbbd-5706-90d5-d53c308af760,Medium,40.665673,39.9298462,1.8855807537683715,36.570072,41.017094,5,4.722233950824412
c9c8e1e4-b99f-5429-ace9-f0d0e1cad1a3,High,36.813501,36.6333098,0.6479054325479927,35.561423,37.242601,5,1.768623790984872
c9c8e1e4-b99f-5429-ace9-f0d0e1cad1a3,Low,57.921464,57.05665259999999,2.2554371489367173,53.036298,58.367802,5,3.9529783928065867
c9c8e1e4-b99f-5429-ace9-f0d0e1cad1a3,Medium,46.261737,45.628023999999996,3.2557248736378956,42.261987,49.37499,5,7.135362411569468
ca4a33b6-2fb7-5bf4-ac8c-116bc042829b,High,27.989934,27.979420599999997,0.4581082091501967,27.415269,28.50079,5,1.6373041304157554
ca4a33b6-2fb7-5bf4-ac8c-116bc042829b,Low,44.290387,43.948625,3.9968449385599145,40.237199,49.913851,5,9.094357192198652
ca4a33b6-2fb7-5bf4-ac8c-116bc042829b,Medium,40.404691,39.1303158,2.0788953967986674,36.661627,40.789334,5,5.312748835005997
ca8775ef-acf3-53dc-b730-a1083776b799,High,24.676702,24.8767786,0.3811851941711533,24.495917,25.320484,5,1.532293229361913
ca8775ef-acf3-53dc-b730-a1083776b799,Low,38.750532,40.0580416,2.204368001951195,38.303093,42.646502,5,5.502935026037805
ca8775ef-acf3-53dc-b730-a1083776b799,Medium,30.931451,31.6834488,3.728016887225997,28.887047,38.123969,5,11.766449134874474
cae39dbd-1934-5239-b37c-edef8dcf93a4,High,31.170424,30.5366754,1.305251722447169,29.048837,31.890615,5,4.274374028441776
cae39dbd-1934-5239-b37c-edef8dcf93a4,Low,44.026002,45.1808026,3.55663246786209,43.08861,51.479471,5,7.871999307648621
cae39dbd-1934-5239-b37c-edef8dcf93a4,Medium,35.278493,37.1128048,2.6381484783085463,35.16356,40.612531,5,7.108458906637383
caee07b4-c444-5e42-bf2a-4365bbe9e36b,High,24.696427,24.7542676,0.43685180371986343,24.227212,25.411828,5,1.7647534993920138
caee07b4-c444-5e42-bf2a-4365bbe9e36b,Low,41.239439,40.026565600000005,4.904123576325775,33.798322,46.680103,5,12.252171783446178
caee07b4-c444-5e42-bf2a-4365bbe9e36b,Medium,33.17794,32.0710262,2.337632925860516,28.844758,34.593548,5,7.288924623997582
cb31f421-f95a-5945-96f5-c96c726a1a97,High,31.341698,31.5104076,0.7651821675041176,30.969781,32.828077,5,2.4283474121233444
cb31f421-f95a-5945-96f5-c96c726a1a97,Low,52.744803,52.3580056,4.277080234554503,46.890226,56.512487,5,8.168913589318427
cb31f421-f95a-5945-96f5-c96c726a1a97,Medium,40.102416,41.0217572,2.454677544942656,39.455832,45.381295,5,5.983842995742405
cb6a32a9-5410-5277-b564-4a02628641dd,High,34.187037,34.265815599999996,0.3435705368789662,34.00449,34.848228,5,1.0026626562449787
cb6a32a9-5410-5277-b564-4a02628641dd,Low,58.262699,57.8481048,2.9889327924773057,53.197243,61.465728,5,5.166863811374691
cb6a32a9-5410-5277-b564-4a02628641dd,Medium,46.533628,47.0495656,1.8319259823519856,44.586781,48.923548,5,3.8936087060323157
cb85f853-2679-5b47-8367-46751015e7bd,High,27.255672,27.321633,0.3165890862308764,27.057533,27.860682,5,1.1587487696320218
cb85f853-2679-5b47-8367-46751015e7bd,Low,47.685506,47.6172288,3.0252728456685856,42.786031,50.359966,5,6.353315642065642
cb85f853-2679-5b47-8367-46751015e7bd,Medium,36.879503,36.911483,0.254622676345803,36.533683,37.2049,5,0.6898196865885964
cbbc05e5-8fcb-54d7-8551-26175a54ca31,High,36.342472,36.337662,0.18080002002073683,36.111462,36.582999,5,0.4975554564317782
cbbc05e5-8fcb-54d7-8551-26175a54ca31,Low,57.420573,56.282534999999996,2.3391931128750345,53.040323,58.510273,5,4.156161610124765
cbbc05e5-8fcb-54d7-8551-26175a54ca31,Medium,45.800194,46.008843,1.7091218060615243,43.872526,48.521562,5,3.7147680633080133
cbc739e9-4bfb-511b-be27-f9b748bc2714,High,35.498733,35.5240298,0.4094835315134169,35.07398,36.185141,5,1.152694482632758
cbc739e9-4bfb-511b-be27-f9b748bc2714,Low,57.855307,55.817609000000004,3.5079281429732156,51.920327,59.084579,5,6.28462631384518
cbc739e9-4bfb-511b-be27-f9b748bc2714,Medium,43.456154,44.811537599999994,2.146559438284741,42.987632,47.301722,5,4.790193671651073
cbcd20d3-5f8d-5b26-81fe-a86ebaba2342,High,28.057187,28.2630946,0.44067376894115345,27.887412,28.802474,5,1.559184424699033
cbcd20d3-5f8d-5b26-81fe-a86ebaba2342,Low,47.349627,45.6605682,3.3548362746720133,41.818418,49.340976,5,7.347337991891247
cbcd20d3-5f8d-5b26-81fe-a86ebaba2342,Medium,36.711694,36.993023400000006,2.4176823942463574,34.079154,40.78009,5,6.535509055597648
cbd18f2b-6013-5885-9058-48de91b10811,High,34.205447,34.316119,0.3209565501941046,33.969621,34.790614,5,0.9352938489171942
cbd18f2b-6013-5885-9058-48de91b10811,Low,58.215155,59.878704600000006,3.8501800157960524,56.411689,64.205162,5,6.4299654468410985
cbd18f2b-6013-5885-9058-48de91b10811,Medium,45.283191,45.6178554,1.992946388030621,43.494401,48.916344,5,4.368785797919427
cbfddff2-613a-5628-9014-59095d82e161,High,30.862649,30.8364866,0.25968032249537143,30.537711,31.225456,5,0.8421203292834646
cbfddff2-613a-5628-9014-59095d82e161,Low,50.463464,51.7633124,3.5035553743378016,48.283017,57.462706,5,6.768414175785632
cbfddff2-613a-5628-9014-59095d82e161,Medium,41.823012,41.228565200000006,1.798641246222048,38.038365,42.370415,5,4.362609364397788
cc5750a9-8e1d-5dd6-a111-05f6764fdff7,High,33.93904,33.9363098,0.04449708999698851,33.88678,34.000864,5,0.1311194123911154
cc5750a9-8e1d-5dd6-a111-05f6764fdff7,Low,57.418683,56.979163400000004,1.3456057844787956,54.672327,57.971757,5,2.3615751867616845
cc5750a9-8e1d-5dd6-a111-05f6764fdff7,Medium,44.529213,44.9762316,1.2074511817580045,43.779967,46.303141,5,2.684642840904449
cc713f51-1ca5-5588-837a-8e5f216b9a08,High,24.619389,24.8161878,0.34595767860491344,24.514681,25.294336,5,1.3940806758599458
cc713f51-1ca5-5588-837a-8e5f216b9a08,Low,38.584257,40.2138244,2.3209425723137356,38.479898,43.088976,5,5.771504220110275
cc713f51-1ca5-5588-837a-8e5f216b9a08,Medium,30.66658,32.39453160000001,3.5959674488046063,28.77995,37.231253,5,11.100538489664736
ccd7cefa-fa25-5ec0-bf68-ecc6d5fe25b5,High,34.169204,34.2028378,0.2545519409525297,33.998185,34.620257,5,0.7442421662232066
ccd7cefa-fa25-5ec0-bf68-ecc6d5fe25b5,Low,56.682336,57.82641160000001,4.425637065233921,53.77411,63.516181,5,7.653314364113026
ccd7cefa-fa25-5ec0-bf68-ecc6d5fe25b5,Medium,44.63315,45.696679599999996,2.0533231326172956,44.001504,48.992456,5,4.493374902926854
ccf0bbb9-7374-5d59-93dd-c1f124da5a97,High,27.360608,27.337086399999997,0.1185786834523814,27.197442,27.501831,5,0.43376489256141576
ccf0bbb9-7374-5d59-93dd-c1f124da5a97,Low,47.835853,46.5586906,3.7046964061950867,42.810429,51.426443,5,7.9570459530816064
ccf0bbb9-7374-5d59-93dd-c1f124da5a97,Medium,36.994131,36.9742458,0.24176485341898027,36.676685,37.330592,5,0.6538736576987333
cd3612ce-0917-50d8-b86d-fba3445f438b,High,27.51544,27.5200642,0.16713725255370146,27.338332,27.719174,5,0.607328716019861
cd3612ce-0917-50d8-b86d-fba3445f438b,Low,42.965503,44.5121452,2.2785029470413694,42.875246,47.879193,5,5.11883427950664
cd3612ce-0917-50d8-b86d-fba3445f438b,Medium,36.786563,36.454436799999996,1.2564554535486738,34.3582,37.715045,5,3.4466461803866735
cd538cf9-b92b-586d-a372-060aff11f61a,High,20.819297,20.8356238,0.1616593863798205,20.606862,21.053742,5,0.7758797525410326
cd538cf9-b92b-586d-a372-060aff11f61a,Low,32.27146,33.6891118,3.794707995595737,30.236743,37.790154,5,11.26390039049868
cd538cf9-b92b-586d-a372-060aff11f61a,Medium,27.697808,27.553009600000003,2.5775880863806186,23.274635,29.61626,5,9.355014656477376
cd5cdf2b-8714-52d5-a9d6-2de05573c5c7,High,34.399152,34.5918118,0.5324930797674284,34.069984,35.464702,5,1.539361635193183
cd5cdf2b-8714-52d5-a9d6-2de05573c5c7,Low,60.019466,59.3442634,4.125577242368736,54.877652,65.4847,5,6.951939422621152
cd5cdf2b-8714-52d5-a9d6-2de05573c5c7,Medium,44.254046,45.7094704,2.8053152750652273,43.591039,50.093202,5,6.137273633923414
cdce8291-8282-516f-a7ad-4a52d8918d1d,High,20.933476,20.989639,0.3823833589396905,20.69248,21.633098,5,1.8217719653953575
cdce8291-8282-516f-a7ad-4a52d8918d1d,Low,38.712348,36.5948306,4.430317959944895,29.590587,40.833855,5,12.106403793395055
cdce8291-8282-516f-a7ad-4a52d8918d1d,Medium,28.777496,27.8097038,2.8857433502190046,23.230464,30.638812,5,10.37674968051621
cdd4439c-b4b3-5567-851e-8c29df559029,High,32.317836,32.1789942,0.6659406262792518,31.133301,32.931204,5,2.0694886301923376
cdd4439c-b4b3-5567-851e-8c29df559029,Low,52.781219,53.0552312,2.3283661795692057,50.457552,56.143942,5,4.388570414088037
cdd4439c-b4b3-5567-851e-8c29df559029,Medium,40.180963,40.3470524,0.6546339965654846,39.802374,41.479881,5,1.6225076123912452
ce10a15d-7230-5663-b432-73a4eab0c805,High,24.258611,24.3214756,0.2020464570731197,24.145198,24.669425,5,0.8307327252509288
ce10a15d-7230-5663-b432-73a4eab0c805,Low,41.008407,39.785222,4.614295467099501,33.932191,45.918073,5,11.598013621991354
ce10a15d-7230-5663-b432-73a4eab0c805,Medium,34.887531,33.7374382,4.846518552100126,28.60205,39.375838,5,14.365401793014994
ce406abb-77ab-5687-804d-ee31007c41e3,High,36.761449,37.407488,1.6514885039436382,35.497055,39.71149,5,4.414860746446375
ce406abb-77ab-5687-804d-ee31007c41e3,Low,57.882539,57.1569872,1.7756972601951906,54.998906,59.177436,5,3.106701992499686
ce406abb-77ab-5687-804d-ee31007c41e3,Medium,43.472927,44.0825714,2.021406780600408,42.244524,47.473266,5,4.585501064033683
ce45be9d-5c10-57ca-be6f-9285e51021f2,High,25.63287,25.5196406,0.5919694885792688,24.836458,26.136178,5,2.319662325414053
ce45be9d-5c10-57ca-be6f-9285e51021f2,Low,41.999832,41.823420399999996,2.5804656700284347,39.263187,45.324713,5,6.169905869364131
ce45be9d-5c10-57ca-be6f-9285e51021f2,Medium,33.579023,33.130710799999996,3.02184429563184,29.573616,37.575294,5,9.120976346912062
ce4d05dd-5da3-5c4a-990a-680e33731052,High,28.850958,28.925553,0.629815818596199,28.17807,29.568911,5,2.17736828954039
ce4d05dd-5da3-5c4a-990a-680e33731052,Low,46.560049,46.5517512,3.313288251124128,43.19339,51.257463,5,7.117429883334074
ce4d05dd-5da3-5c4a-990a-680e33731052,Medium,37.234333,36.0160062,2.0841341086545273,32.891908,37.574958,5,5.78668855475299
cf2b44e7-6e44-5fc4-a07c-a0d56394fdc7,High,28.065132,27.981992400000003,0.31332769408767575,27.61838,28.333911,5,1.1197476205721353
cf2b44e7-6e44-5fc4-a07c-a0d56394fdc7,Low,44.571472,45.3851906,2.3811502335598846,42.495467,48.120352,5,5.246535713700153
cf2b44e7-6e44-5fc4-a07c-a0d56394fdc7,Medium,36.991173,37.4591704,2.1147270036215775,36.010274,41.147676,5,5.64541868129994
cf5dd8b2-bf80-533c-9173-f1e0d7d5cfa2,High,20.534606,20.5378342,0.053681241143438904,20.467031,20.617789,5,0.2613773225583782
cf5dd8b2-bf80-533c-9173-f1e0d7d5cfa2,Low,32.713117,34.2437914,3.4191115480551093,30.821878,39.560916,5,9.984617381050596
cf5dd8b2-bf80-533c-9173-f1e0d7d5cfa2,Medium,27.856174,28.0691734,1.3191093375512128,26.213644,29.824441,5,4.699494775828392
cff5fe9f-6668-5d81-8d0a-d23fcf9761b1,High,30.031748,29.5585236,0.7802239879709538,28.613826,30.239641,5,2.6395905239697215
cff5fe9f-6668-5d81-8d0a-d23fcf9761b1,Low,46.111495,45.5836522,1.935966721271108,43.439909,48.251753,5,4.24706364636379
cff5fe9f-6668-5d81-8d0a-d23fcf9761b1,Medium,35.531772,35.9345214,2.9197700146191834,32.680245,40.531835,5,8.12525087538576
d14f521f-8060-57de-9916-b0c9cd122fad,High,23.963308,24.1925938,0.4075197436262436,23.882266,24.862015,5,1.6844814036692652
d14f521f-8060-57de-9916-b0c9cd122fad,Low,38.585032,38.923944399999996,3.03024426542223,34.802262,43.310619,5,7.785039034795843
d14f521f-8060-57de-9916-b0c9cd122fad,Medium,31.100818,31.288191,1.2454486457738814,29.76816,33.236964,5,3.980570962935765
d1590c6d-d040-5ea0-95c1-f108b14529d5,High,28.020099,27.9252562,0.2891038099432456,27.599379,28.239076,5,1.0352771980772215
d1590c6d-d040-5ea0-95c1-f108b14529d5,Low,47.877294,45.7819314,4.609147675831377,40.334904,49.84789,5,10.06761299684132
d1590c6d-d040-5ea0-95c1-f108b14529d5,Medium,36.826984,37.2479976,3.0961895988325407,33.911722,42.338496,5,8.312365223177906
d22b9a01-a2e8-50d3-947d-11d61a2be4a5,High,21.608294,21.5963452,0.07233826861834577,21.516036,21.685722,5,0.3349560675588098
d22b9a01-a2e8-50d3-947d-11d61a2be4a5,Low,36.396201,36.737211200000004,4.113017992839284,30.476552,40.521148,5,11.195781765925888
d22b9a01-a2e8-50d3-947d-11d61a2be4a5,Medium,29.210467,28.4594148,2.270692039910014,25.545406,30.70965,5,7.978702499216582
d2a32f65-adb8-5b69-869d-5ad6264a9a59,High,26.152542,26.417656,0.8302164708520308,25.780779,27.867701,5,3.14265758798597
d2a32f65-adb8-5b69-869d-5ad6264a9a59,Low,40.042756,40.027491,3.5614129636424523,34.813717,44.849406,5,8.897417436537435
d2a32f65-adb8-5b69-869d-5ad6264a9a59,Medium,31.882964,32.0697542,2.755939678331185,29.777024,36.628442,5,8.593579050042065
d2b27235-eee5-5f56-9154-a51928ddd757,High,20.68225,20.673109,0.01696535723172354,20.645928,20.687615,5,0.08206485648444817
d2b27235-eee5-5f56-9154-a51928ddd757,Low,37.841942,35.405483200000006,3.8206576344642196,30.285281,38.70228,5,10.791146707084678
d2b27235-eee5-5f56-9154-a51928ddd757,Medium,28.650853,28.131978200000002,3.166270816372584,23.200732,31.696121,5,11.255059256275777
d2dc57fb-4ae1-5a02-9515-f881d4c888b7,High,34.014579,34.025399199999995,0.041177859320271126,33.986483,34.095096,5,0.12102094402545946
d2dc57fb-4ae1-5a02-9515-f881d4c888b7,Low,58.888871,58.168720400000005,2.4023546381178384,54.676563,61.137216,5,4.12997676689109
d2dc57fb-4ae1-5a02-9515-f881d4c888b7,Medium,44.339924,44.9711778,1.074352148495408,44.014373,46.326921,5,2.38897934422213
d310226c-8cdf-5a9b-93c8-6e55c20d5e35,High,33.313338,33.685596399999994,1.570325906981511,32.192907,36.358997,5,4.66171323890086
d310226c-8cdf-5a9b-93c8-6e55c20d5e35,Low,51.521444,52.928959,3.880120130051581,49.560648,58.718331,5,7.330807564251511
d310226c-8cdf-5a9b-93c8-6e55c20d5e35,Medium,39.801376,41.373811,2.7283386580201157,38.905226,45.091591,5,6.594361486352117
d33ade51-d82e-53dc-8f9c-21c259db5aa7,High,21.9969,22.348982999999997,0.5955997559855102,21.850766,23.251969,5,2.6649971320194314
d33ade51-d82e-53dc-8f9c-21c259db5aa7,Low,34.581052,35.849199799999994,2.5681189844409853,33.655476,40.076432,5,7.163671710298498
d33ade51-d82e-53dc-8f9c-21c259db5aa7,Medium,28.140223,27.714722000000002,2.551203937982613,24.566543,30.538787,5,9.205230122757909
d3c090cf-fb15-5756-8359-ec01fee90e27,High,21.839546,21.8939786,0.15115244918723736,21.783813,22.150369,5,0.6903836527328905
d3c090cf-fb15-5756-8359-ec01fee90e27,Low,33.469545,33.9028204,2.608059854444067,31.266888,36.873201,5,7.692751882212333
d3c090cf-fb15-5756-8359-ec01fee90e27,Medium,25.929444,26.1399746,2.1291138368756384,24.479981,29.725061,5,8.145049371530906
d427b63b-542f-55ef-a18e-e443bf2f00fc,High,34.133238,34.193311,0.26807574319490285,33.862091,34.592425,5,0.7840005409096031
d427b63b-542f-55ef-a18e-e443bf2f00fc,Low,57.244201,56.7085428,1.2510868068564218,54.658422,57.761375,5,2.2061699085951862
d427b63b-542f-55ef-a18e-e443bf2f00fc,Medium,46.268445,46.1117086,2.2737640120059264,43.736158,48.354417,5,4.930990590112131
d4369769-25ae-5bda-a9bb-d18b74d2ad3b,High,34.505363,34.5059196,0.2075964654583473,34.208609,34.794563,5,0.6016256568868471
d4369769-25ae-5bda-a9bb-d18b74d2ad3b,Low,56.619093,56.34282399999999,4.430289312544837,51.845792,60.872307,5,7.86309417601226
d4369769-25ae-5bda-a9bb-d18b74d2ad3b,Medium,45.40607,45.8946822,0.9705749087531569,44.915761,47.06375,5,2.1147872961045517
d44bb94d-3e87-5032-b319-668524e60388,High,31.385476,31.3764544,0.2841842162335898,31.082386,31.78578,5,0.9057244410432488
d44bb94d-3e87-5032-b319-668524e60388,Low,50.984743,51.7209104,3.623930177250562,48.174882,57.283676,5,7.0067022200958045
d44bb94d-3e87-5032-b319-668524e60388,Medium,40.652183,41.6950772,2.3510240102951294,39.667514,44.409527,5,5.638612920700215
d4a004c4-00a4-5ca7-a58d-df0b72d6c63d,High,25.070286,25.463889599999998,0.6781043953885705,24.916622,26.271161,5,2.663003987374225
d4a004c4-00a4-5ca7-a58d-df0b72d6c63d,Low,39.73404,41.1919584,3.4755601628948676,39.270431,47.377123,5,8.43747250165913
d4a004c4-00a4-5ca7-a58d-df0b72d6c63d,Medium,32.464202,31.659939400000003,2.2718710728832754,29.019236,33.883108,5,7.17585414229591
d4a154dc-e5b4-50eb-917f-3cba3c8c029b,High,34.113662,34.2945608,0.3888227783061344,34.007397,34.948107,5,1.1337738966061768
d4a154dc-e5b4-50eb-917f-3cba3c8c029b,Low,56.590332,57.0961162,3.580447480494889,52.158138,60.7099,5,6.270912487205021
d4a154dc-e5b4-50eb-917f-3cba3c8c029b,Medium,46.435329,46.7650148,1.6035005866215657,44.44105,48.303694,5,3.4288465287122407
d4c49e5e-3d3f-5c02-b89b-ec6dd136531f,High,34.628059,34.6195652,0.19326446418884421,34.411005,34.883406,5,0.5582521417364428
d4c49e5e-3d3f-5c02-b89b-ec6dd136531f,Low,59.76066,58.346940800000006,3.056252246428409,54.729909,61.790265,5,5.238067676769111
d4c49e5e-3d3f-5c02-b89b-ec6dd136531f,Medium,45.897636,45.423532,2.050482254668156,42.954473,47.620145,5,4.5141409405771356
d4e0f750-431b-56c1-a25a-d1bc750c79a3,High,32.756629,32.6100188,0.6676262443708315,31.7309,33.522989,5,2.0473040769017636
d4e0f750-431b-56c1-a25a-d1bc750c79a3,Low,51.701287,50.6866502,4.322825485964961,45.945348,55.68865,5,8.528528653812991
d4e0f750-431b-56c1-a25a-d1bc750c79a3,Medium,40.368935,40.822649999999996,3.8409675960301337,37.086406,45.185431,5,9.40891293443746
d5f690c2-08fb-5b8f-976c-a6005f833eaf,High,28.63294,29.108239400000002,0.7892897463386314,28.394901,30.056187,5,2.711568142244396
d5f690c2-08fb-5b8f-976c-a6005f833eaf,Low,46.67464,46.278507,4.619588821273383,40.178256,50.959458,5,9.982147482141944
d5f690c2-08fb-5b8f-976c-a6005f833eaf,Medium,37.355126,37.820120599999996,1.3194011923805808,36.337077,39.869215,5,3.488622382607053
d642847d-02e2-5cbc-9e0f-087de083a0ec,High,33.191585,33.6012518,1.490295707723537,31.719334,35.627064,5,4.435238652994283
d642847d-02e2-5cbc-9e0f-087de083a0ec,Low,53.569805,53.1921026,1.6619806982386398,51.190104,55.080824,5,3.124487690844994
d642847d-02e2-5cbc-9e0f-087de083a0ec,Medium,40.654678,40.7145062,0.19131174538355086,40.578323,41.045364,5,0.4698859527947581
d6872277-0998-56a9-9fe1-0d83942f0f42,High,21.103701,23.5824132,3.853234250467612,20.392684,28.429093,5,16.3394399792283
d6872277-0998-56a9-9fe1-0d83942f0f42,Low,34.94873,34.316697999999995,2.2243112918390033,30.979906,36.364337,5,6.481717127443333
d6872277-0998-56a9-9fe1-0d83942f0f42,Medium,27.766713,27.6827966,2.6812616834659764,23.263388,29.873734,5,9.685660456234311
d6a8cfb2-cbcf-5152-b05e-40d1a364b2f1,High,20.864803,20.8908932,0.11713728702125668,20.745884,21.012087,5,0.5607098073779664
d6a8cfb2-cbcf-5152-b05e-40d1a364b2f1,Low,32.926781,34.2479288,3.509578550323982,30.184755,37.973856,5,10.24756437336433
d6a8cfb2-cbcf-5152-b05e-40d1a364b2f1,Medium,27.204316,27.2976746,2.7724768416596937,22.955847,29.783925,5,10.156457948471894
d6e9db41-752b-56ef-9d8d-70b6e4c12e88,High,25.225223,25.2344924,0.14581081359521952,25.045693,25.45423,5,0.5778234461146503
d6e9db41-752b-56ef-9d8d-70b6e4c12e88,Low,39.890646,39.8932208,0.1663744078988706,39.680806,40.121247,5,0.4170493245781513
d6e9db41-752b-56ef-9d8d-70b6e4c12e88,Medium,31.099822,33.0815192,3.827179155588969,29.302167,37.670148,5,11.568934100187784
d7420041-fac4-5be4-8f64-1fcf601c283b,High,24.095287,24.302646,0.42681416744878675,24.043474,25.048213,5,1.7562456674420832
d7420041-fac4-5be4-8f64-1fcf601c283b,Low,40.914616,39.424647199999995,2.21374316375708,36.88791,41.11396,5,5.615124854578483
d7420041-fac4-5be4-8f64-1fcf601c283b,Medium,30.942045,31.1429442,1.6907972079460645,29.06339,33.77447,5,5.429150169899686
d7f4f64f-f8d4-5b14-aa53-b8a955e58fa7,High,24.040578,24.00714,0.1999116933198249,23.789746,24.297588,5,0.832717655330143
d7f4f64f-f8d4-5b14-aa53-b8a955e58fa7,Low,39.04326,41.194696199999996,3.104599326207847,39.01283,45.750833,5,7.536405441940963
d7f4f64f-f8d4-5b14-aa53-b8a955e58fa7,Medium,31.176057,31.470250799999995,2.487027588716034,29.265448,35.492442,5,7.902789223135248
d84f751a-fb4d-5cfb-bf3a-818a5341f566,High,28.648859,28.782584200000002,0.5729200441847884,28.229629,29.569474,5,1.9905094004199537
d84f751a-fb4d-5cfb-bf3a-818a5341f566,Low,47.019092,46.096543,3.5763875793474904,42.38897,50.406796,5,7.758472428935703
d84f751a-fb4d-5cfb-bf3a-818a5341f566,Medium,36.062622,36.438683000000005,4.069012215399948,31.627729,42.22388,5,11.166737874143113
d8918d19-6c7e-58e9-a11e-86d8430b4298,High,27.920556,28.201917400000003,0.4611215486482939,27.820872,28.749711,5,1.6350716233510203
d8918d19-6c7e-58e9-a11e-86d8430b4298,Low,46.467402,45.571904599999996,3.264677711556579,41.792547,49.602586,5,7.163794755149599
d8918d19-6c7e-58e9-a11e-86d8430b4298,Medium,36.978059,37.2984428,2.483883252301767,34.203929,40.969371,5,6.659482449765348
d8a18c69-2416-5c45-a0da-8c1de040768e,High,21.76164,22.0610054,0.5763309081723791,21.61897,23.001989,5,2.612441716606348
d8a18c69-2416-5c45-a0da-8c1de040768e,Low,32.182237,34.9675844,4.657478922040528,30.487846,40.022619,5,13.319418547083076
d8a18c69-2416-5c45-a0da-8c1de040768e,Medium,29.207539,27.715607,3.5886572972828557,21.91676,31.29912,5,12.948146137599858
d8aad420-3ace-545d-ba5e-839163d2878f,High,25.06444,25.3215282,0.5355479264540203,25.027331,26.27379,5,2.114990541739974
d8aad420-3ace-545d-ba5e-839163d2878f,Low,39.70836,40.5532482,1.9728767355145893,39.536859,44.079591,5,4.8649043494241955
d8aad420-3ace-545d-ba5e-839163d2878f,Medium,31.397377,30.801467600000002,2.3792898964026645,27.468006,33.293707,5,7.724599123980262
d8ac4bc4-83d7-5e9f-a090-72f1569823fa,High,22.964415,23.5959364,1.7447599773375138,22.249419,26.544805,5,7.39432395375296
d8ac4bc4-83d7-5e9f-a090-72f1569823fa,Low,36.56139,35.0846084,3.1378657154480494,29.477346,36.581747,5,8.943710243743377
d8ac4bc4-83d7-5e9f-a090-72f1569823fa,Medium,28.36486,26.4376842,3.7850205471417455,22.344355,30.612098,5,14.316762839393268
d8b980c2-6bd9-5aa8-91a9-5f8ceb6ed790,High,38.045978,37.698966,1.0182618312494571,35.966781,38.605073,5,2.701033845993169
d8b980c2-6bd9-5aa8-91a9-5f8ceb6ed790,Low,57.910556,55.8155834,3.4146209157546017,51.329976,58.512446,5,6.117683821888712
d8b980c2-6bd9-5aa8-91a9-5f8ceb6ed790,Medium,46.083624,45.3851874,1.9692576130871766,41.896238,46.721016,5,4.338987510905764
d8dbfd90-1cb4-594a-bfe3-34b4de1ac86f,High,24.23797,24.3198344,0.2506614917160193,24.01754,24.595523,5,1.0306874939741337
d8dbfd90-1cb4-594a-bfe3-34b4de1ac86f,Low,41.340477,41.189315199999996,4.4974623032992405,33.855498,45.067656,5,10.919002371030535
d8dbfd90-1cb4-594a-bfe3-34b4de1ac86f,Medium,31.703465,31.235599200000003,2.791619100758143,26.634263,33.57573,5,8.93729965890375
d8e168cb-880d-572a-82bd-00f306f72fbd,High,36.249658,36.235180400000004,0.10014265830953395,36.097231,36.372893,5,0.27636859318501955
d8e168cb-880d-572a-82bd-00f306f72fbd,Low,59.260594,59.1970186,0.3158684100156261,58.857953,59.55074,5,0.5335883757085464
d8e168cb-880d-572a-82bd-00f306f72fbd,Medium,45.815621,46.7196986,3.115732645717105,43.867787,50.586742,5,6.668991322895873
d8e9cbde-8352-58f2-8f23-f76c6aea652c,High,34.794148,34.7541912,0.29314009769511246,34.299369,35.054672,5,0.8434668958577647
d8e9cbde-8352-58f2-8f23-f76c6aea652c,Low,56.747201,57.5600328,2.319536335977022,54.54239,60.066743,5,4.029768961453792
d8e9cbde-8352-58f2-8f23-f76c6aea652c,Medium,47.558468,46.6068866,2.7407255259803587,43.567397,49.972731,5,5.880516219636002
d9117be7-a622-511f-952f-742da0d490a7,High,33.146058,32.6825876,0.6887164496378766,31.837695,33.216141,5,2.1072886212898165
d9117be7-a622-511f-952f-742da0d490a7,Low,51.439653,51.526011000000004,2.3162237432182575,49.612388,55.297808,5,4.495251424020108
d9117be7-a622-511f-952f-742da0d490a7,Medium,39.88604,40.900206600000004,3.845299308385148,36.625107,46.521463,5,9.4016623094152
d917727a-9146-5f70-9925-dffb7fa140f4,High,29.211323,29.393530399999996,0.8858553679076512,28.470779,30.394894,5,3.0137766911716444
d917727a-9146-5f70-9925-dffb7fa140f4,Low,46.073535,45.3091034,2.125648036961505,43.106662,48.021609,5,4.691436990477955
d917727a-9146-5f70-9925-dffb7fa140f4,Medium,36.87429,35.8757892,2.1545098619965066,32.653197,37.880711,5,6.0054702908013144
d945c703-b2b5-5b91-85da-a8a5fe1c1af8,High,34.971279,34.9880746,0.5207309871625665,34.390979,35.759458,5,1.488309925927066
d945c703-b2b5-5b91-85da-a8a5fe1c1af8,Low,56.83452,57.2482628,2.6001794236292026,54.609709,59.946644,5,4.541935940856537
d945c703-b2b5-5b91-85da-a8a5fe1c1af8,Medium,46.013775,45.319670200000004,2.205513638248855,42.940786,47.348733,5,4.866570362307832
d96539ad-53b2-5ebd-a594-5d581c3f4c5b,High,21.004442,20.964825400000002,0.14203112026524262,20.799783,21.143154,5,0.6774734230090111
d96539ad-53b2-5ebd-a594-5d581c3f4c5b,Low,33.349334,34.990542600000005,3.3033061756543707,31.324593,38.606247,5,9.44056859425315
d96539ad-53b2-5ebd-a594-5d581c3f4c5b,Medium,27.190914,26.7341724,1.0171302461761218,25.599869,27.621893,5,3.8046071932120924
d98d0f24-c120-53f5-8c88-4c6f96c6a59a,High,24.180668,24.426003400000003,0.5934717539633201,24.119399,25.48652,5,2.4296719534695552
d98d0f24-c120-53f5-8c88-4c6f96c6a59a,Low,37.060477,38.3176066,2.38608004087432,35.775745,40.909621,5,6.227111379326914
d98d0f24-c120-53f5-8c88-4c6f96c6a59a,Medium,31.242775,31.5775122,2.5715791752051307,29.008401,35.16836,5,8.143704161739286
da408625-149c-58b8-a9e6-a01e33d98179,High,24.105779,24.353674599999998,0.5308696290760091,23.922597,25.119507,5,2.179833794264497
da408625-149c-58b8-a9e6-a01e33d98179,Low,38.976475,39.6748554,1.774257403559809,38.700983,42.841657,5,4.47199463154139
da408625-149c-58b8-a9e6-a01e33d98179,Medium,31.289919,31.784387600000002,0.9336489830122421,31.202301,33.399041,5,2.937445247528513
da7f3684-d1f1-51d6-b415-d5e9d704cf04,High,26.030241,26.5576218,1.4641206000677338,25.63061,29.154883,5,5.512995896596938
da7f3684-d1f1-51d6-b415-d5e9d704cf04,Low,40.491171,41.5706848,2.1260636923566527,39.865061,44.806505,5,5.114334061575653
da7f3684-d1f1-51d6-b415-d5e9d704cf04,Medium,31.847407,31.694210199999997,1.5777005381534546,29.776358,33.956615,5,4.97788248452222
da9dd7aa-fe85-5e2b-ab65-b1a0c973cdf3,High,36.090374,35.7696172,0.5847371209925881,35.042697,36.331261,5,1.634731279686684
da9dd7aa-fe85-5e2b-ab65-b1a0c973cdf3,Low,58.952242,59.2991262,0.6842019622762722,58.753051,60.271281,5,1.1538145772479733
da9dd7aa-fe85-5e2b-ab65-b1a0c973cdf3,Medium,43.788986,45.012701,2.7937069092913074,43.542626,50.003288,5,6.206485830057849
daab98e2-1bb3-52f7-9df7-5a0325965d7a,High,35.483385,35.2937502,0.3708491287905353,34.668677,35.585206,5,1.0507501375995325
daab98e2-1bb3-52f7-9df7-5a0325965d7a,Low,59.482232,58.610338,1.995539831503746,55.056063,59.659961,5,3.4047574192521224
daab98e2-1bb3-52f7-9df7-5a0325965d7a,Medium,45.764922,46.171313600000005,2.988575086701237,43.210415,49.92577,5,6.472796318061085
dab007f6-b69c-5962-92c9-c813ed102409,High,20.609278,22.3252492,2.8653158153356655,20.592479,27.207462,5,12.834418060317399
dab007f6-b69c-5962-92c9-c813ed102409,Low,35.47422,34.8010788,3.2702783398645456,30.735917,39.423051,5,9.397060242467385
dab007f6-b69c-5962-92c9-c813ed102409,Medium,27.807579,27.6662262,1.7181002792272344,25.990728,30.219745,5,6.210099877037925
dab13029-b40f-5e9c-aa4b-a7ae17e82cce,High,24.971368,25.076056799999996,0.40252034511028145,24.606346,25.522654,5,1.6051979317189995
dab13029-b40f-5e9c-aa4b-a7ae17e82cce,Low,38.515075,39.3244622,2.8052322631715714,36.655823,44.0911,5,7.133555314512531
dab13029-b40f-5e9c-aa4b-a7ae17e82cce,Medium,31.427962,32.9076422,4.443785514425253,28.720593,37.992983,5,13.503810110179371
dadd00c9-1ec1-5dc7-81cb-272880c321d0,High,30.58422,30.618438400000002,0.10892292907739794,30.501202,30.776812,5,0.3557429273643098
dadd00c9-1ec1-5dc7-81cb-272880c321d0,Low,50.397607,51.28227460000001,2.6871756195743495,48.116294,55.126124,5,5.23996963967419
dadd00c9-1ec1-5dc7-81cb-272880c321d0,Medium,40.566306,41.3134818,1.7389172315632822,40.398224,44.417821,5,4.20907935085559
dae1ffbc-22cc-5f26-a40e-563ff733dd0e,High,30.563551,30.703741400000002,0.26975451162362485,30.430059,31.079419,5,0.8785721196297752
dae1ffbc-22cc-5f26-a40e-563ff733dd0e,Low,51.262402,52.33588519999999,3.5839428299772296,49.110408,57.671856,5,6.84796448226929
dae1ffbc-22cc-5f26-a40e-563ff733dd0e,Medium,40.216336,40.271943799999995,0.10249894555164757,40.186302,40.432926,5,0.2545170058358285
db09d211-10e5-5d53-a971-f2fcace5d0bd,High,24.979209,25.2509154,0.5030875769667745,24.876238,26.092579,5,1.9923538176630797
db09d211-10e5-5d53-a971-f2fcace5d0bd,Low,40.995827,41.9211318,2.475684352487047,39.054483,45.043895,5,5.905576128760548
db09d211-10e5-5d53-a971-f2fcace5d0bd,Medium,33.537815,32.3236938,2.5901624374416548,29.115507,34.680369,5,8.013200636870451
db7af9bf-0fef-56f8-85d7-c40e5ef1507f,High,34.035017,34.051984600000004,0.0605178043331036,33.992582,34.121641,5,0.17772181282233868
db7af9bf-0fef-56f8-85d7-c40e5ef1507f,Low,57.497906,58.33032479999999,4.983999239543248,52.419784,64.272449,5,8.544439374599966
db7af9bf-0fef-56f8-85d7-c40e5ef1507f,Medium,46.013695,45.571559,1.9453543885944031,43.538765,48.293563,5,4.268790516019878
db8a8246-daad-585c-9486-a55038d96140,High,24.956009,25.4713858,0.8121581296685384,24.816887,26.607682,5,3.188511752150283
db8a8246-daad-585c-9486-a55038d96140,Low,39.53196,40.2404526,1.810560253261486,38.924459,43.357437,5,4.499353601359559
db8a8246-daad-585c-9486-a55038d96140,Medium,33.407743,32.8985944,3.3034508109953453,29.086561,37.609701,5,10.041312923069276
db8e84ac-e867-5d49-91dd-beb2e850b6e1,High,29.515569,29.3900968,0.8005597982400807,28.488677,30.30682,5,2.723910042515004
db8e84ac-e867-5d49-91dd-beb2e850b6e1,Low,46.619213,46.0212846,2.7914691165930527,42.995793,49.160573,5,6.065604515074863
db8e84ac-e867-5d49-91dd-beb2e850b6e1,Medium,36.491721,35.703672,3.1678246600234194,32.472088,40.165822,5,8.872545826724544
dbf8ab89-42fe-5e99-81da-3b429536875a,High,28.567933,29.479079000000002,1.447256988498069,28.540529,31.853428,5,4.90943759979092
dbf8ab89-42fe-5e99-81da-3b429536875a,Low,46.172207,45.413842,2.169820512649953,43.145174,48.204742,5,4.777883607931592
dbf8ab89-42fe-5e99-81da-3b429536875a,Medium,38.12951,38.428266,2.484471484997666,35.698832,41.473325,5,6.465218818350185
dc0db0a2-3262-5fff-ba57-d02560f75cb6,High,32.070014,31.792877599999997,0.4885256903565056,31.193557,32.221108,5,1.5365884664573604
dc0db0a2-3262-5fff-ba57-d02560f75cb6,Low,50.943003,51.3237572,2.118876744715982,48.812335,54.666306,5,4.128452124927405
dc0db0a2-3262-5fff-ba57-d02560f75cb6,Medium,40.383198,41.0582224,1.8028314113855202,39.631941,44.065694,5,4.390914428349729
dc7d7307-74bc-5713-8142-cbf982b673fa,High,35.512574,35.3966292,0.30823596568165085,34.854583,35.626533,5,0.8708059853384311
dc7d7307-74bc-5713-8142-cbf982b673fa,Low,54.231373,55.2036876,2.4781840491857747,52.171664,57.778311,5,4.48916396154987
dc7d7307-74bc-5713-8142-cbf982b673fa,Medium,45.536883,45.409823,2.065767831130473,43.316582,47.653741,5,4.549165124758299
dc9791e0-cb42-5271-bdad-93b8230dd161,High,29.402061,29.313675999999997,0.7453953765495861,28.475976,30.033878,5,2.542824641131962
dc9791e0-cb42-5271-bdad-93b8230dd161,Low,44.303195,45.2119584,2.185221393149169,43.379241,48.371481,5,4.833281880461893
dc9791e0-cb42-5271-bdad-93b8230dd161,Medium,33.821116,35.32539,4.029368068990657,31.304972,39.707096,5,11.406436189354617
dd65e59e-318a-5b61-909c-6f31f89a2f25,High,24.33128,24.296882,0.11212060012994865,24.139828,24.399149,5,0.4614608579403261
dd65e59e-318a-5b61-909c-6f31f89a2f25,Low,37.067958,39.4346118,4.40325359354923,35.53788,46.245182,5,11.165961556515766
dd65e59e-318a-5b61-909c-6f31f89a2f25,Medium,30.941412,30.997730400000002,1.4359326478391294,28.994578,33.047813,5,4.632379949466007
dd7e216d-e532-527c-9e0a-2fe42f875c98,High,31.348854,31.255447399999998,0.2528505112132462,30.943844,31.549455,5,0.8089806169699757
dd7e216d-e532-527c-9e0a-2fe42f875c98,Low,52.487612,52.184924,1.1572751066326028,50.859736,53.334077,5,2.2176426023588784
dd7e216d-e532-527c-9e0a-2fe42f875c98,Medium,40.372072,42.093074200000004,2.739085569172894,39.767004,45.952065,5,6.507211984941915
dd9a4ae0-3d0d-5ebe-93d8-786ef184dbeb,High,36.223511,36.520689000000004,0.5000394803713033,36.10779,37.214394,5,1.3691950893130829
dd9a4ae0-3d0d-5ebe-93d8-786ef184dbeb,Low,57.63114,56.080742199999996,4.377086769124494,50.676409,61.583335,5,7.804972968286597
dd9a4ae0-3d0d-5ebe-93d8-786ef184dbeb,Medium,46.491142,45.582929,2.7992570354761113,41.690856,48.897909,5,6.141020546257813
ddaabe62-1d39-5d7c-a2bd-bf703f2c0481,High,28.721358,28.950596,0.6347161907845118,28.479549,30.065239,5,2.1924114819070106
ddaabe62-1d39-5d7c-a2bd-bf703f2c0481,Low,46.574632,46.1223424,2.819314280085461,43.042679,49.360067,5,6.112686679342333
ddaabe62-1d39-5d7c-a2bd-bf703f2c0481,Medium,36.480526,36.006903,4.018299103885871,31.252022,40.299385,5,11.159802063192913
ddea7e3b-4742-54a4-a417-1daf855ee55f,High,34.599207,34.500604800000005,0.23579711994890812,34.125824,34.726837,5,0.6834579315806895
ddea7e3b-4742-54a4-a417-1daf855ee55f,Low,59.590457,57.7170212,3.2024326654610076,52.799438,60.240198,5,5.548506487131404
ddea7e3b-4742-54a4-a417-1daf855ee55f,Medium,45.810503,45.8826404,2.1530980038076084,43.530364,48.123119,5,4.692620095611604
de400b63-9fae-5067-b33a-4fb45bad1d96,High,21.918072,22.136051000000002,0.558361796373103,21.813672,23.130836,5,2.522409242611083
de400b63-9fae-5067-b33a-4fb45bad1d96,Low,33.422787,33.739627999999996,2.5403028389561184,31.247189,36.493684,5,7.529137069786658
de400b63-9fae-5067-b33a-4fb45bad1d96,Medium,28.211386,28.218139200000003,2.94268348738642,23.60936,31.465559,5,10.428339964339035
deb4b48a-524f-53ea-9df2-196460de9c3a,High,31.362937,31.2418166,0.31040928407072543,30.74429,31.511561,5,0.9935698939821747
deb4b48a-524f-53ea-9df2-196460de9c3a,Low,51.503612,50.9409132,4.710817201435723,44.106076,56.562469,5,9.247610428459542
deb4b48a-524f-53ea-9df2-196460de9c3a,Medium,39.920083,41.7581414,3.0365926877188834,39.266908,46.06173,5,7.271857860318668
df332c7a-6057-5227-afad-c21c3edd2c94,High,29.375057,29.0758052,0.665554660855665,28.32682,29.757097,5,2.289032603835387
df332c7a-6057-5227-afad-c21c3edd2c94,Low,46.752748,47.0758192,2.179015128420338,44.281161,49.996676,5,4.6287354430580745
df332c7a-6057-5227-afad-c21c3edd2c94,Medium,37.257703,36.1489508,2.909107710236285,30.967091,37.89611,5,8.04755780141836
dfa60478-6e57-5e1e-b803-86250756b81b,High,31.904974,32.3159754,0.5892046793723728,31.852267,32.961253,5,1.8232613191442544
dfa60478-6e57-5e1e-b803-86250756b81b,Low,50.164047,50.3754586,2.961766574247252,46.270277,54.454421,5,5.879383843956215
dfa60478-6e57-5e1e-b803-86250756b81b,Medium,40.815251,40.74267,0.16135689687924665,40.46546,40.865417,5,0.3960390835437311
dfa6e9ef-fd43-5beb-b3d3-cfea5fffb614,High,25.198446,25.493682200000002,0.6069132901108691,24.940229,26.187772,5,2.380641938459832
dfa6e9ef-fd43-5beb-b3d3-cfea5fffb614,Low,39.451315,41.1764858,2.669686990494147,39.080453,44.727718,5,6.483523153144233
dfa6e9ef-fd43-5beb-b3d3-cfea5fffb614,Medium,33.554256,32.114097400000006,3.0937872038835836,28.367702,35.150064,5,9.63373550671109
dff99647-3ef3-5a16-8990-4842bc6e0694,High,34.265017,34.2682096,0.4298660862539633,33.671686,34.869274,5,1.2544165314489126
dff99647-3ef3-5a16-8990-4842bc6e0694,Low,56.289164,55.515248799999995,2.0038413927004566,52.374342,57.102973,5,3.6095333012367883
dff99647-3ef3-5a16-8990-4842bc6e0694,Medium,44.027634,44.823973,1.4526688783404837,43.637682,46.42136,5,3.2408302546953696
e04e9c67-99bd-5543-ab47-58a49eed3461,High,30.580913,30.6371148,0.18183085285149028,30.473318,30.934332,5,0.5934986177337113
e04e9c67-99bd-5543-ab47-58a49eed3461,Low,51.332461,53.5468418,4.47188733574256,49.383372,58.406829,5,8.351355907123843
e04e9c67-99bd-5543-ab47-58a49eed3461,Medium,40.379698,41.1615996,1.7785676808487767,40.285609,44.341689,5,4.320939171782761
e09c2178-5d0d-5913-8ea2-ba35ba399a14,High,31.174756,31.182075199999996,0.22919143170873515,30.818541,31.393582,5,0.7350101949235732
e09c2178-5d0d-5913-8ea2-ba35ba399a14,Low,51.479325,51.94930359999999,3.2007079435472234,47.785372,56.564889,5,6.161214341181705
e09c2178-5d0d-5913-8ea2-ba35ba399a14,Medium,42.76927,42.379022799999994,2.3418704939188455,39.78469,44.722606,5,5.526013435871026
e1aaa09c-6ba3-5887-9b11-041534ca575a,High,22.357539,22.434604200000003,0.14061884549803497,22.317648,22.630206,5,0.6267944120807576
e1aaa09c-6ba3-5887-9b11-041534ca575a,Low,36.290767,35.137118599999994,2.3459362929386627,31.743621,37.469949,5,6.676518697064315
e1aaa09c-6ba3-5887-9b11-041534ca575a,Medium,26.512854,27.301301799999997,1.1683447308361947,26.402186,28.596143,5,4.279446963353941
e28713da-d7b4-50fe-961a-ce31f2ff0ef2,High,23.885127,24.1802786,0.7397496362170802,23.730178,25.497392,5,3.059309813812816
e28713da-d7b4-50fe-961a-ce31f2ff0ef2,Low,38.938788,41.145874400000004,3.4124301284305134,38.635305,46.205733,5,8.293492794092895
e28713da-d7b4-50fe-961a-ce31f2ff0ef2,Medium,31.367249,31.695864800000003,2.4123520762338377,29.494098,35.73949,5,7.61093628918381
e28880c4-7579-57a9-b2b0-3bb48de4373f,High,25.268581,25.564810599999998,0.7004253084307414,25.223336,26.816784,5,2.739802454983732
e28880c4-7579-57a9-b2b0-3bb48de4373f,Low,39.729209,40.863782,2.227750125345749,39.715583,44.821,5,5.451649397859818
e28880c4-7579-57a9-b2b0-3bb48de4373f,Medium,32.31313,32.1283052,0.9218589347143635,31.161444,33.055033,5,2.8693045866433176
e2ce2ded-b0c0-54a1-9361-1118a755dc45,High,24.666065,24.8179034,0.3801360730762085,24.503688,25.425892,5,1.531700994034043
e2ce2ded-b0c0-54a1-9361-1118a755dc45,Low,39.915013,40.1699798,1.4269105333044518,38.568561,42.411933,5,3.5521813563482345
e2ce2ded-b0c0-54a1-9361-1118a755dc45,Medium,31.149389,32.3140036,3.8317758943216274,28.761296,37.827232,5,11.857942277142122
e2fb3c12-5089-55ff-a7ca-758dea5b038d,High,27.390314,27.368542400000003,0.24060372067426575,27.072056,27.624431,5,0.8791250814813788
e2fb3c12-5089-55ff-a7ca-758dea5b038d,Low,42.865598,45.3272588,3.5624364232716776,42.764687,50.372055,5,7.859368771869517
e2fb3c12-5089-55ff-a7ca-758dea5b038d,Medium,36.946279,37.1108086,0.4252833979610534,36.632727,37.590568,5,1.145982569512251
e34eaf54-508a-5e85-875a-7c2756f6841a,High,33.976745,34.0392056,0.13555409457039558,33.904223,34.242795,5,0.39822931287913355
e34eaf54-508a-5e85-875a-7c2756f6841a,Low,57.194804,57.1908866,3.3235217496584553,52.802254,62.098346,5,5.811278592170759
e34eaf54-508a-5e85-875a-7c2756f6841a,Medium,44.313069,44.802346,1.2007109615371636,43.572198,46.095604,5,2.680018054271452
e39a7439-f8ae-5ecd-a3c7-3936a6c3317d,High,22.455611,22.4838954,0.16431050948828554,22.30362,22.729753,5,0.7307920027429301
e39a7439-f8ae-5ecd-a3c7-3936a6c3317d,Low,36.142067,34.933619799999995,2.049979494674204,32.098047,36.633329,5,5.868213790642458
e39a7439-f8ae-5ecd-a3c7-3936a6c3317d,Medium,28.618201,27.488969200000003,4.85691674950963,22.399609,33.209849,5,17.66860268267036
e3a0e05c-831c-51e3-9303-9354e0219871,High,31.039103,32.372727,3.1612070585089804,30.711866,38.018146,5,9.765031714841262
e3a0e05c-831c-51e3-9303-9354e0219871,Low,49.092349,52.4183444,6.040417529611533,46.154317,59.14888,5,11.523480183802853
e3a0e05c-831c-51e3-9303-9354e0219871,Medium,40.466611,40.7014726,0.506507270247724,40.30601,41.513554,5,1.2444445812206903
e3f580e5-5204-53e0-9c2f-42a3a032292c,High,21.643645,21.605235999999998,0.12202257384803898,21.47367,21.748662,5,0.5647824159293562
e3f580e5-5204-53e0-9c2f-42a3a032292c,Low,36.17061,34.7187834,2.351640091369704,31.265079,36.627623,5,6.773394287110025
e3f580e5-5204-53e0-9c2f-42a3a032292c,Medium,27.913028,27.2324816,2.5130280001194376,23.596148,30.083201,5,9.228053605366018
e413bac1-ab9f-5ca7-83fd-62b96e178d4b,High,21.863486,22.1080054,0.5096232822750547,21.694836,22.898646,5,2.305152694937621
e413bac1-ab9f-5ca7-83fd-62b96e178d4b,Low,33.374137,34.188047,2.7473571499629412,31.329831,37.711929,5,8.036016652144363
e413bac1-ab9f-5ca7-83fd-62b96e178d4b,Medium,27.916387,26.8694066,1.7922801709454623,24.066443,28.213607,5,6.67033774741219
e452b4ef-662a-51b9-bda0-f6cf6734983a,High,28.001167,27.889406200000003,0.31296847396774735,27.544517,28.259494,5,1.1221769001584097
e452b4ef-662a-51b9-bda0-f6cf6734983a,Low,47.593906,47.1850092,3.8241780904937865,40.70809,50.271025,5,8.104646275016062
e452b4ef-662a-51b9-bda0-f6cf6734983a,Medium,36.027216,37.3890768,3.4322533785205462,34.700033,43.375327,5,9.17982917010817
e4f2a204-acdd-5da1-8b09-a86f47e715be,High,34.06463,34.485891,0.6615636812941743,34.055403,35.567042,5,1.9183604138114752
e4f2a204-acdd-5da1-8b09-a86f47e715be,Low,58.549413,60.9938144,4.558374126571586,57.536719,68.271688,5,7.473502307426745
e4f2a204-acdd-5da1-8b09-a86f47e715be,Medium,46.088473,45.6875804,2.1731665446335016,43.570592,48.813769,5,4.756580509642181
e4fefd44-ead5-5faf-a9b5-26de3b20a573,High,25.227596,25.5067828,0.6464618081493295,24.816594,26.350525,5,2.5344701964895764
e4fefd44-ead5-5faf-a9b5-26de3b20a573,Low,39.359523,40.087407999999996,1.8156231320694003,38.945603,43.296732,5,4.529160708193956
e4fefd44-ead5-5faf-a9b5-26de3b20a573,Medium,33.696983,32.104343,2.639638436741385,28.962346,34.416927,5,8.222060288669931
e525d3ed-010f-57fd-b832-6120e38c684e,High,32.873733,32.609548000000004,0.7214890527312247,31.784981,33.383861,5,2.2125085963510585
e525d3ed-010f-57fd-b832-6120e38c684e,Low,51.942663,52.826577799999995,1.7131474556714896,51.414087,54.99082,5,3.242965050958667
e525d3ed-010f-57fd-b832-6120e38c684e,Medium,40.913971,41.6524518,1.2700431523077087,40.65173,43.659252,5,3.049143801680622
e52b4284-fc46-5c86-9896-c15166f9946b,High,25.344865,25.4171858,0.4665462217333879,25.010829,26.152034,5,1.8355542010216879
e52b4284-fc46-5c86-9896-c15166f9946b,Low,39.955915,39.9372118,0.2954963857726516,39.654509,40.361536,5,0.7399023929173032
e52b4284-fc46-5c86-9896-c15166f9946b,Medium,32.106272,31.25226,3.1646277741849826,26.751433,34.103103,5,10.126076559535159
e566efe8-94e4-58ae-8195-b02c662614ff,High,36.923431,37.2847674,1.1204830866801627,36.562156,39.2462,5,3.005203370747494
e566efe8-94e4-58ae-8195-b02c662614ff,Low,57.082362,56.742954399999995,4.10909697825061,52.866343,62.84359,5,7.241598576775217
e566efe8-94e4-58ae-8195-b02c662614ff,Medium,46.796725,46.2993248,2.2357827369455423,42.458591,48.182858,5,4.828974821130744
e5a09cfe-f098-59ca-a8f6-970a8b8fc8f6,High,23.926386,23.9833948,0.13322951887325857,23.871214,24.194166,5,0.5555073415764251
e5a09cfe-f098-59ca-a8f6-970a8b8fc8f6,Low,39.086731,39.1470534,4.386620196163817,32.068258,42.809405,5,11.205492662096038
e5a09cfe-f098-59ca-a8f6-970a8b8fc8f6,Medium,31.384047,32.0907158,2.0429391518840463,29.686608,35.064019,5,6.366137684856647
e5f60833-b2d4-51f1-ba0b-21313d464c99,High,30.976736,31.0272744,0.4194776112563113,30.623012,31.726472,5,1.3519641005150982
e5f60833-b2d4-51f1-ba0b-21313d464c99,Low,51.166721,51.853445799999996,1.6917931427862847,49.963372,54.022143,5,3.2626436231674405
e5f60833-b2d4-51f1-ba0b-21313d464c99,Medium,40.388708,40.77392,0.680026342491601,40.200111,41.795045,5,1.6677973138015698
e67ae684-c5a6-516b-9728-c97a6562b90a,High,34.613468,34.724802,0.4826876418570317,34.136634,35.407974,5,1.3900371321254237
e67ae684-c5a6-516b-9728-c97a6562b90a,Low,55.976403,57.187163999999996,2.400481822571461,54.635329,59.932362,5,4.197588505300702
e67ae684-c5a6-516b-9728-c97a6562b90a,Medium,43.954347,45.1359334,1.9008929348716088,43.848657,48.249749,5,4.211484712248376
e693db17-31c7-53ed-81af-b550294ccb49,High,27.370946,27.360906,0.08644471363536395,27.266407,27.477891,5,0.3159424385850525
e693db17-31c7-53ed-81af-b550294ccb49,Low,49.153924,47.5464474,2.701663251527805,43.049225,49.314856,5,5.6821558691844665
e693db17-31c7-53ed-81af-b550294ccb49,Medium,35.862028,35.6790206,2.8360086261673834,32.678487,38.667602,5,7.948672857257138
e6e6a393-6014-5c43-b68b-b7056db7cd47,High,20.450845,20.505836199999997,0.09282200666706014,20.435428,20.652935,5,0.4526614070342576
e6e6a393-6014-5c43-b68b-b7056db7cd47,Low,34.612904,33.9295982,2.149843944541603,30.790483,36.11428,5,6.336190401870431
e6e6a393-6014-5c43-b68b-b7056db7cd47,Medium,26.187561,26.5920494,0.9472712375435549,25.87338,28.22319,5,3.5622347991860863
e75bd654-267a-5d1e-8778-3e1913f4ede8,High,35.433074,35.277180800000004,0.3636711647831036,34.638491,35.534815,5,1.0308963373374314
e75bd654-267a-5d1e-8778-3e1913f4ede8,Low,58.013157,57.450653,0.9379464098185478,56.245253,58.192962,5,1.6326122695568799
e75bd654-267a-5d1e-8778-3e1913f4ede8,Medium,46.100792,45.7317422,2.2663452813941882,43.300907,48.785463,5,4.95573790187724
e7ffc029-20ae-5e56-9acf-c8c7bbd476f2,High,36.304519,36.040609599999996,0.623359666151733,34.958249,36.502367,5,1.7296035585139855
e7ffc029-20ae-5e56-9acf-c8c7bbd476f2,Low,57.763368,57.9837722,2.568076104187184,54.721675,61.930348,5,4.428956597251505
e7ffc029-20ae-5e56-9acf-c8c7bbd476f2,Medium,44.488805,45.665794399999996,2.3499756395945477,43.943289,49.416235,5,5.14603035044223
e815334c-e2ac-5f94-8aaa-80b993a0ef8c,High,35.40488,35.3013784,0.340600733816445,34.703573,35.547488,5,0.9648369249412795
e815334c-e2ac-5f94-8aaa-80b993a0ef8c,Low,57.754182,56.344637999999996,2.4932718865158874,52.103391,58.019536,5,4.425038433144051
e815334c-e2ac-5f94-8aaa-80b993a0ef8c,Medium,47.504614,48.2189744,2.7407459143190933,44.429747,51.136017,5,5.683957297770923
e8170356-ff90-5138-9200-a677bfb48b74,High,21.721662,21.912719000000003,0.42142943925466303,21.606069,22.634568,5,1.9232183794930378
e8170356-ff90-5138-9200-a677bfb48b74,Low,33.30035,34.0284948,2.9184134227012297,31.239987,37.333848,5,8.576381176581545
e8170356-ff90-5138-9200-a677bfb48b74,Medium,28.003585,27.106302,3.2603166950143057,23.346339,30.155339,5,12.027891871839639
e8223e3a-8a85-54bf-a4a2-aaf29275212e,High,27.891495,27.887551600000002,0.28105419768934087,27.484952,28.203453,5,1.007812380665719
e8223e3a-8a85-54bf-a4a2-aaf29275212e,Low,44.551138,44.5990374,2.5834707493484035,40.635936,47.673164,5,5.792660335194596
e8223e3a-8a85-54bf-a4a2-aaf29275212e,Medium,36.684109,37.0048688,2.56004193450668,34.075434,41.116278,5,6.91812190537122
e8385053-187e-517c-8b08-c4093dce2140,High,29.447765,29.119940200000002,0.6060007168730918,28.334749,29.675032,5,2.0810506914196605
e8385053-187e-517c-8b08-c4093dce2140,Low,45.817857,45.25095,2.269205888113835,42.857096,48.401302,5,5.014714360944543
e8385053-187e-517c-8b08-c4093dce2140,Medium,37.237587,36.118253800000005,2.45397014734872,32.567358,38.744613,5,6.794265749770881
e8947227-cb7c-51bd-bd74-825a57bff079,High,25.444318,25.5046564,0.3742876472838776,25.012705,26.017134,5,1.4675267190969787
e8947227-cb7c-51bd-bd74-825a57bff079,Low,39.646524,39.686411799999995,0.14949343759075043,39.52542,39.907309,5,0.37668670663431064
e8947227-cb7c-51bd-bd74-825a57bff079,Medium,31.369412,31.400946799999996,1.4746892096910456,29.401857,33.566035,5,4.696320843711138
e8ac124c-0883-538b-995e-41d5950bc539,High,36.643958,36.1548252,0.7931983135422046,35.177995,36.856931,5,2.1938933715055122
e8ac124c-0883-538b-995e-41d5950bc539,Low,57.883036,57.269887600000004,2.4076178076300456,53.100941,59.314731,5,4.203985564710704
e8ac124c-0883-538b-995e-41d5950bc539,Medium,47.068804,45.9273388,3.4948960279737498,42.208629,49.662792,5,7.609620150631827
e8bd2556-4d56-5a15-9831-db93ac828a60,High,31.266823,30.686788,1.4859019752742786,28.990346,32.536175,5,4.842155442512519
e8bd2556-4d56-5a15-9831-db93ac828a60,Low,46.503963,46.5623134,2.050654406193618,43.322504,48.355437,5,4.404107649414211
e8bd2556-4d56-5a15-9831-db93ac828a60,Medium,35.844709,37.2296694,2.2782489407061717,35.419046,39.93479,5,6.119444457667335
e8d558c5-255d-52ab-8856-761a19abf2e0,High,27.245646,27.272249799999997,0.10012264097945048,27.160529,27.401975,5,0.3671227775988268
e8d558c5-255d-52ab-8856-761a19abf2e0,Low,45.67725,45.5653846,2.700083166103464,42.811521,48.884259,5,5.92573329470693
e8d558c5-255d-52ab-8856-761a19abf2e0,Medium,36.448894,36.2122066,1.0722783014305577,34.348816,36.943508,5,2.9610962769403772
e91d206a-61f7-5c79-adb1-31a8c8f48abe,High,24.085908,24.1162432,0.1830765843320761,23.948428,24.384874,5,0.7591422213393341
e91d206a-61f7-5c79-adb1-31a8c8f48abe,Low,34.516154,38.2017626,5.13535834286696,34.37822,43.886171,5,13.442726181610688
e91d206a-61f7-5c79-adb1-31a8c8f48abe,Medium,31.323588,31.756100800000002,1.8820465246607734,29.193513,33.751819,5,5.926566792673657
e975d927-607a-5c3c-adb8-6227c06b9a9f,High,27.69085,28.978580799999996,2.9419592112310466,27.263468,34.209378,5,10.15218526930431
e975d927-607a-5c3c-adb8-6227c06b9a9f,Low,45.985773,45.7388816,3.058691446544143,42.683394,49.685712,5,6.687289543485783
e975d927-607a-5c3c-adb8-6227c06b9a9f,Medium,37.0284,37.016033,0.2977772404827125,36.617083,37.444553,5,0.8044547628394229
e9bd7991-c48c-50c3-8031-a8a2f7de6563,High,32.012699,31.7259996,0.4891289150605393,31.149154,32.192151,5,1.5417289328230948
e9bd7991-c48c-50c3-8031-a8a2f7de6563,Low,50.94359,51.696182,2.340701730743688,48.899075,55.098148,5,4.5278038729120995
e9bd7991-c48c-50c3-8031-a8a2f7de6563,Medium,40.284971,41.770236,3.152012680290003,40.113993,47.388276,5,7.546073429630619
e9d650d4-0af4-524c-bf9c-4def79283d34,High,30.692886,30.810474399999997,0.30266503264301875,30.559883,31.322981,5,0.9823446037008077
e9d650d4-0af4-524c-bf9c-4def79283d34,Low,50.148867,51.795642,5.463472565014488,45.486417,57.584941,5,10.548131761769625
e9d650d4-0af4-524c-bf9c-4def79283d34,Medium,40.777658,40.7375012,0.2931087597747634,40.287935,41.062262,5,0.7195059862306022
eafc5389-e1b0-5380-842d-43b9eb97e4fa,High,32.037999,31.8463414,0.9191126225029785,30.504566,32.938794,5,2.886085440580558
eafc5389-e1b0-5380-842d-43b9eb97e4fa,Low,51.058648,50.310597200000004,2.7412663295857773,46.470916,53.765933,5,5.4486857285521895
eafc5389-e1b0-5380-842d-43b9eb97e4fa,Medium,40.491522,41.2914404,1.6955060036038818,40.313524,44.297468,5,4.106192438866535
eb13980f-e586-545d-af08-14e940ad6e49,High,36.689414,36.563615799999994,0.6634567282541474,35.423353,37.114529,5,1.8145271296011907
eb13980f-e586-545d-af08-14e940ad6e49,Low,57.931324,56.6050248,2.1322257083095586,53.570957,58.252827,5,3.7668488192404403
eb13980f-e586-545d-af08-14e940ad6e49,Medium,47.568057,46.763072799999996,2.737528263674313,42.339534,49.659667,5,5.854038453337722
eb591599-ecd5-5f7e-8c50-4c1c09f96487,High,20.524214,20.547446,0.07315514826722772,20.494054,20.67149,5,0.35603037120636655
eb591599-ecd5-5f7e-8c50-4c1c09f96487,Low,35.834509,35.6213214,3.565286825931863,30.593448,40.406127,5,10.008856173235232
eb591599-ecd5-5f7e-8c50-4c1c09f96487,Medium,28.104855,27.688935199999996,1.5800464909799956,26.021005,29.792453,5,5.706418392643701
ebb37b20-0a13-57a8-8655-3d2e47c92a76,High,27.246652,27.3002526,0.18267608619575784,27.113318,27.595754,5,0.6691369815228663
ebb37b20-0a13-57a8-8655-3d2e47c92a76,Low,43.013901,44.9084676,3.396893808346578,42.136222,49.352006,5,7.564038565294038
ebb37b20-0a13-57a8-8655-3d2e47c92a76,Medium,41.154508,43.7551316,5.582582100769213,37.461945,50.662607,5,12.758691144627281
ec6acb28-06ed-5ea8-a85a-f6db6051d9d0,High,21.917735,21.901231799999998,0.3043387853555649,21.476604,22.329201,5,1.3895966589220108
ec6acb28-06ed-5ea8-a85a-f6db6051d9d0,Low,36.355945,34.9586534,2.3364078355379876,31.252185,36.752411,5,6.683346205600664
ec6acb28-06ed-5ea8-a85a-f6db6051d9d0,Medium,27.952256,28.501216399999997,1.961447810520918,26.080681,30.594991,5,6.881979291666015
ecd31ee5-8251-5192-8479-929d11c1bb77,High,36.410467,36.4842582,0.15563753295301197,36.315001,36.690173,5,0.42658817975641883
ecd31ee5-8251-5192-8479-929d11c1bb77,Low,57.703002,58.141020000000005,5.023797425864821,52.171953,64.596841,5,8.640710854169432
ecd31ee5-8251-5192-8479-929d11c1bb77,Medium,44.594687,45.5257842,2.1676822660684607,43.767648,48.887493,5,4.761438609262794
ecd3398b-a4ab-534b-b381-be1511f1cb29,High,21.805821,22.0598812,0.6453056338342311,21.689589,23.207406,5,2.9252452811678387
ecd3398b-a4ab-534b-b381-be1511f1cb29,Low,33.247707,33.8909086,2.343836355476808,31.547691,36.364593,5,6.915826256357163
ecd3398b-a4ab-534b-b381-be1511f1cb29,Medium,25.674946,26.810802799999998,4.329110015386963,21.404321,31.80702,5,16.146886938376063
ecef5763-a54c-57e0-97ca-e1eba1da9023,High,22.002143,22.0038478,0.20224243744872206,21.822293,22.323583,5,0.9191230519633119
ecef5763-a54c-57e0-97ca-e1eba1da9023,Low,33.921467,34.4718948,2.215956127750997,31.548361,36.825351,5,6.428298010908867
ecef5763-a54c-57e0-97ca-e1eba1da9023,Medium,27.67135,28.276050199999997,2.3618379303234773,25.003917,30.738991,5,8.352785886352251
ed7cb430-ff65-515f-ada3-96b92f708940,High,27.246792,27.2751532,0.15038709866607594,27.104129,27.499829,5,0.5513703170183328
ed7cb430-ff65-515f-ada3-96b92f708940,Low,48.151133,47.307019600000004,2.828382540126122,43.035705,49.792968,5,5.978779817543445
ed7cb430-ff65-515f-ada3-96b92f708940,Medium,36.838272,36.384449599999996,1.0050226766637165,34.590249,36.906261,5,2.7622313590356375
edf1fc8f-2855-563f-98bd-ecbf3940e077,High,33.27888,32.9959594,0.9069662947614424,31.549358,33.766487,5,2.748719271249444
edf1fc8f-2855-563f-98bd-ecbf3940e077,Low,51.547538,51.569872999999994,1.7336189120208925,50.019645,54.391631,5,3.3616893181429646
edf1fc8f-2855-563f-98bd-ecbf3940e077,Medium,40.715635,40.3704072,0.9989105262986278,38.629185,41.181265,5,2.474363266513268
eee54f0b-1634-5f4a-ab23-bc5c6230b9ce,High,35.012114,35.1174504,0.5071843554318309,34.533828,35.92336,5,1.4442516459903105
eee54f0b-1634-5f4a-ab23-bc5c6230b9ce,Low,55.887372,56.463841200000005,3.2564366066545323,52.592511,59.838649,5,5.767295560215149
eee54f0b-1634-5f4a-ab23-bc5c6230b9ce,Medium,45.240929,45.7499928,2.7203768929373924,43.144122,49.521886,5,5.946179936748301
ef16b679-aa39-5a25-8430-a3f4be76563f,High,36.732337,37.462575,2.5917455671524747,35.228175,41.947274,5,6.918225901856652
ef16b679-aa39-5a25-8430-a3f4be76563f,Low,57.720873,56.350086999999995,2.2867734607244103,52.915424,58.033517,5,4.058154268199108
ef16b679-aa39-5a25-8430-a3f4be76563f,Medium,46.438775,45.784737,1.98249753211612,42.324782,47.388468,5,4.330040231783181
ef4a3c7e-6399-5b1f-9a48-86555325a5ee,High,24.537073,24.693612,0.366353418250056,24.439058,25.339096,5,1.4835959123762696
ef4a3c7e-6399-5b1f-9a48-86555325a5ee,Low,42.158717,40.2277422,4.831022991992763,32.761204,45.344225,5,12.009182538692821
ef4a3c7e-6399-5b1f-9a48-86555325a5ee,Medium,33.384215,32.919425000000004,1.4485021960140407,31.378799,34.464291,5,4.40014427959796
ef583ab9-e43b-5cc9-bb94-0d7526855dc6,High,23.936016,23.9327316,0.1100230897734646,23.758897,24.030276,5,0.4597180614914204
ef583ab9-e43b-5cc9-bb94-0d7526855dc6,Low,39.668537,41.306696599999995,2.5484146258276548,39.337404,44.373215,5,6.169495107550322
ef583ab9-e43b-5cc9-bb94-0d7526855dc6,Medium,31.604247,32.603162600000005,3.4004764004319004,29.006316,38.013621,5,10.429897375759184
efa58933-8fe6-5c78-903f-81efd3422e1c,High,27.329418,27.3647878,0.21292789963201184,27.071007,27.614949,5,0.7781090837912942
efa58933-8fe6-5c78-903f-81efd3422e1c,Low,46.96961,46.1403984,3.3548256977608837,42.103974,49.583958,5,7.270907521598001
efa58933-8fe6-5c78-903f-81efd3422e1c,Medium,37.145117,37.076656400000005,0.20853094975518707,36.731834,37.251391,5,0.5624319180927735
eff97d77-ae00-5d98-9a3d-815272fc70a4,High,36.09993,36.0551778,1.080804303514841,34.921582,37.256404,5,2.9976396441868074
eff97d77-ae00-5d98-9a3d-815272fc70a4,Low,57.953804,57.231366,2.6131739188451437,52.652945,59.125416,5,4.565982085496865
eff97d77-ae00-5d98-9a3d-815272fc70a4,Medium,44.755155,45.6982396,2.0744665751327065,43.897715,48.860469,5,4.539489033474074
f00492e7-b7cf-55d3-8658-7bd746964027,High,30.75962,30.9888122,0.5560745588059215,30.602242,31.944286,5,1.79443650572035
f00492e7-b7cf-55d3-8658-7bd746964027,Low,50.887905,51.82069320000001,3.88429756890087,48.725637,58.478079,5,7.49564957363571
f00492e7-b7cf-55d3-8658-7bd746964027,Medium,40.230018,40.260181,0.09513940626522743,40.133591,40.369796,5,0.23631142211016742
f01379f7-1275-51d7-99b1-bce06ed69a97,High,25.746975,26.672441600000003,1.3118498325148729,25.70129,28.39896,5,4.918371749344734
f01379f7-1275-51d7-99b1-bce06ed69a97,Low,39.955092,39.888342,0.19124536902497752,39.630172,40.064843,5,0.47945178825677315
f01379f7-1275-51d7-99b1-bce06ed69a97,Medium,32.081013,32.2306532,2.643726437731163,29.740737,36.223246,5,8.202522056646258
f0795a79-8f6c-5aa7-b630-2c7de286e73a,High,24.05572,23.9718594,0.16286303849339023,23.741679,24.126242,5,0.6793925985290497
f0795a79-8f6c-5aa7-b630-2c7de286e73a,Low,38.777481,39.2728652,3.997589042201087,36.042213,45.993874,5,10.17901042320968
f0795a79-8f6c-5aa7-b630-2c7de286e73a,Medium,31.436158,31.8128898,1.828411253806072,29.153254,33.670033,5,5.747391278506462
f0be7b89-cb64-5e2b-9161-e11be9779336,High,31.612899,31.467607199999996,0.4604172209916781,30.744246,31.840894,5,1.463146587744613
f0be7b89-cb64-5e2b-9161-e11be9779336,Low,52.237111,52.50989980000001,2.925570649773424,49.234962,57.107888,5,5.57146492550234
f0be7b89-cb64-5e2b-9161-e11be9779336,Medium,40.953176,41.1763932,1.8587650162012685,39.453868,44.259822,5,4.514152094800932
f0df9f8d-6068-51fa-8851-3f2b58baa252,High,25.294915,25.746159799999997,0.8299350749846037,25.02483,26.682348,5,3.2235295726883653
f0df9f8d-6068-51fa-8851-3f2b58baa252,Low,40.257994,40.105755,0.4395300711856922,39.598433,40.677328,5,1.0959276821635504
f0df9f8d-6068-51fa-8851-3f2b58baa252,Medium,33.129524,32.8461088,2.9972592061256056,29.072347,36.285596,5,9.125157638537704
f0e34ec1-ff0f-5b85-ac36-e935b60c69b1,High,35.515173,35.5775112,0.5523122978679731,34.731351,36.160355,5,1.5524197146987986
f0e34ec1-ff0f-5b85-ac36-e935b60c69b1,Low,58.187406,56.760537,2.108339065770375,54.395141,58.500398,5,3.7144452417185105
f0e34ec1-ff0f-5b85-ac36-e935b60c69b1,Medium,45.409953,45.5654268,2.411122821577574,42.944873,48.137099,5,5.291562026096449
f0ecffff-1944-56f3-9fda-3a5536019dba,High,31.573309,31.524069599999997,0.6822284375052103,30.767459,32.478891,5,2.16415090488574
f0ecffff-1944-56f3-9fda-3a5536019dba,Low,51.628064,51.64544980000001,3.0043804842236104,48.904503,56.430549,5,5.817318845819424
f0ecffff-1944-56f3-9fda-3a5536019dba,Medium,40.420842,41.810888399999996,2.8584667661190863,40.121195,46.83298,5,6.836656372312546
f10b952e-aa55-5b23-b67e-ef8ec15da924,High,21.80708,21.8529076,0.12057426439045767,21.730999,22.022446,5,0.551753874575746
f10b952e-aa55-5b23-b67e-ef8ec15da924,Low,33.343522,34.2099854,2.926770955071785,31.467094,37.56582,5,8.555311909229243
f10b952e-aa55-5b23-b67e-ef8ec15da924,Medium,27.789905,27.6111876,2.50203078844262,24.702399,30.439413,5,9.061655821144832
f1348a6c-fe00-517a-9b99-df4faba88270,High,23.871396,23.9843084,0.23101825017257918,23.804345,24.333051,5,0.963205802392781
f1348a6c-fe00-517a-9b99-df4faba88270,Low,41.574183,40.1180514,3.7487246984963813,34.262055,43.181377,5,9.344234247868732
f1348a6c-fe00-517a-9b99-df4faba88270,Medium,31.492021,32.090245800000005,1.9477825257725003,29.512031,34.32186,5,6.069702731203449
f18bb36d-67bb-5e78-9eb7-658823f44f08,High,31.070897,31.0279892,0.1546088008691594,30.813853,31.201019,5,0.4982881741790712
f18bb36d-67bb-5e78-9eb7-658823f44f08,Low,50.988477,50.3994644,4.5867585128480215,43.829638,56.513303,5,9.100808049158598
f18bb36d-67bb-5e78-9eb7-658823f44f08,Medium,40.074385,40.126309199999994,0.09175591728711369,40.049209,40.254981,5,0.22866772229107407
f1b45904-96c7-57b1-bf21-db5363440a77,High,27.624245,27.669958400000002,0.31863499208624413,27.338413,28.081869,5,1.151555732321752
f1b45904-96c7-57b1-bf21-db5363440a77,Low,47.942331,47.542780199999996,6.84669146705843,41.006116,57.603284,5,14.401117137567883
f1b45904-96c7-57b1-bf21-db5363440a77,Medium,36.860673,37.0264374,0.5026259758322255,36.376837,37.569474,5,1.3574786318281473
f2469e5e-b855-5f4f-bc5d-49bebb618767,High,20.489975,20.5188528,0.08196360606818072,20.439098,20.647638,5,0.399455110220298
f2469e5e-b855-5f4f-bc5d-49bebb618767,Low,32.558735,33.218324,1.7433967164085185,31.030618,35.335045,5,5.248298247703643
f2469e5e-b855-5f4f-bc5d-49bebb618767,Medium,27.948568,27.5789782,2.55722349931712,23.492733,30.590121,5,9.272364917845724
f29acdd4-3ba9-5de8-aa26-b4804dd89985,High,25.330981,25.5739418,0.6935129756051436,25.129161,26.803619,5,2.7117953932512022
f29acdd4-3ba9-5de8-aa26-b4804dd89985,Low,39.8398,39.8754612,0.09109866671472255,39.78675,39.99762,5,0.22845796380336927
f29acdd4-3ba9-5de8-aa26-b4804dd89985,Medium,33.79608,32.5226576,3.4075187584932403,28.895584,36.793804,5,10.477368732908346
f2dd10b0-ea83-5239-b110-16759b0a4664,High,20.763881,20.7681148,0.22428512336019957,20.453004,21.01534,5,1.0799493623764038
f2dd10b0-ea83-5239-b110-16759b0a4664,Low,33.502371,34.1471642,2.3754279795277333,31.126762,36.764698,5,6.956442899957511
f2dd10b0-ea83-5239-b110-16759b0a4664,Medium,27.848292,27.8677326,2.471193507028395,23.952541,30.047826,5,8.867580088049197
f2eaa43c-f4b1-5f31-b8a5-0502bf86d57d,High,38.196323,38.1439216,0.2057591691524343,37.925471,38.429578,5,0.5394284607391662
f2eaa43c-f4b1-5f31-b8a5-0502bf86d57d,Low,53.640415,55.1271036,4.806670572949412,50.893879,61.932718,5,8.71925107443775
f2eaa43c-f4b1-5f31-b8a5-0502bf86d57d,Medium,46.275639,46.1740718,0.37792814200281494,45.638165,46.554813,5,0.8184856289906296
f3537ea6-8622-51a5-8a06-c0a6ad7ced4f,High,24.143652,24.283234200000003,0.32303352568146937,24.102647,24.859,5,1.330273896058991
f3537ea6-8622-51a5-8a06-c0a6ad7ced4f,Low,41.070667,40.2804306,1.8719501432795393,36.943967,41.299622,5,4.647294270184736
f3537ea6-8622-51a5-8a06-c0a6ad7ced4f,Medium,30.724669,31.8066634,4.4337491302369925,26.562346,37.4066,5,13.939686393628426
f421c3e3-460a-53cf-8742-998b9ebed808,High,36.400135,36.409154,0.17787816065779327,36.231446,36.661921,5,0.4885534024157586
f421c3e3-460a-53cf-8742-998b9ebed808,Low,58.799623,58.410956399999996,3.3457597571179996,52.993888,62.196888,5,5.727966058638272
f421c3e3-460a-53cf-8742-998b9ebed808,Medium,45.894149,47.1547264,3.8714566692264922,43.644837,51.930678,5,8.210113735760096
f4475d6c-69d8-550e-b89a-64cf63df94f5,High,33.266101,32.9296224,0.8926096063813677,31.953044,34.025042,5,2.710658493251862
f4475d6c-69d8-550e-b89a-64cf63df94f5,Low,51.649213,51.8154842,2.4287291825783517,49.547418,55.279548,5,4.68726524527653
f4475d6c-69d8-550e-b89a-64cf63df94f5,Medium,38.826198,39.8025262,1.7397132652890548,38.691562,42.770535,5,4.370861428612174
f447e6f4-696a-5b48-b681-4bfe2e1a6f29,High,33.418081,33.0037884,0.7902920326643819,31.624351,33.491439,5,2.394549447130687
f447e6f4-696a-5b48-b681-4bfe2e1a6f29,Low,49.788859,51.487344400000005,4.76315622475248,47.188906,59.573624,5,9.251120406886784
f447e6f4-696a-5b48-b681-4bfe2e1a6f29,Medium,40.814696,41.2601298,1.0667716054065635,40.483539,43.076525,5,2.5854780646050304
f44cb27e-2fb5-5d82-8458-bfae3fecbd55,High,24.61042,24.845470799999998,0.38905078260196324,24.492516,25.342956,5,1.5658821108029206
f44cb27e-2fb5-5d82-8458-bfae3fecbd55,Low,40.059471,40.3948742,4.247160043762384,34.820752,46.10697,5,10.514106375809396
f44cb27e-2fb5-5d82-8458-bfae3fecbd55,Medium,33.265492,32.7040128,1.145510242376165,30.867899,33.698355,5,3.5026595952658295
f454e1cc-79c5-5f45-8105-b318d0b686a2,High,24.11064,24.194180600000003,0.21632653083313597,23.986995,24.454501,5,0.8941262959454636
f454e1cc-79c5-5f45-8105-b318d0b686a2,Low,40.917023,38.7295278,4.859428762872619,33.497274,44.316303,5,12.54709013744448
f454e1cc-79c5-5f45-8105-b318d0b686a2,Medium,34.260103,35.219644,4.387397015971429,28.986523,39.893133,5,12.457244076548383
f489b9af-ef7a-53ef-b987-cdbb52ee0c68,High,25.333913,25.9197566,0.9415123604439822,25.10109,27.095398,5,3.6324120437303113
f489b9af-ef7a-53ef-b987-cdbb52ee0c68,Low,39.929199,39.952585,0.30503765377162895,39.647072,40.438482,5,0.7634991672544567
f489b9af-ef7a-53ef-b987-cdbb52ee0c68,Medium,31.31047,31.727248399999997,2.94552944526265,29.09825,36.54931,5,9.283910814221917
f49073ea-74a7-52b0-9095-646ee1e5fcd6,High,31.316296,31.3152026,0.26537391657678094,31.000201,31.727191,5,0.8474283879510361
f49073ea-74a7-52b0-9095-646ee1e5fcd6,Low,51.054549,51.0721696,3.8588587545358894,46.838866,56.226333,5,7.555697721006725
f49073ea-74a7-52b0-9095-646ee1e5fcd6,Medium,40.188738,41.004887000000004,1.9844724072211228,40.019368,44.550288,5,4.8395997462963924
f49c0dbd-d96e-550e-afc9-e0510695a5c1,High,23.902651,23.9998254,0.24186747763144942,23.76263,24.310458,5,1.0077884884589594
f49c0dbd-d96e-550e-afc9-e0510695a5c1,Low,40.24381,41.2891296,2.9457670952260147,39.541606,46.528025,5,7.134485816881968
f49c0dbd-d96e-550e-afc9-e0510695a5c1,Medium,33.667697,34.2173138,3.1178039817984375,31.00757,39.186006,5,9.11177306325676
f49e38e6-9c7d-533b-9d34-c016c436ebf3,High,23.931978,23.962205,0.1474226122580921,23.766825,24.142266,5,0.6152297430812068
f49e38e6-9c7d-533b-9d34-c016c436ebf3,Low,39.722966,39.7828028,0.2513519492060885,39.5458,40.198769,5,0.6318105601299879
f49e38e6-9c7d-533b-9d34-c016c436ebf3,Medium,31.101463,32.3919524,3.1497778507469874,29.318363,37.482978,5,9.723951837947833
f4d15ad2-297e-5735-a75b-70fb410cf209,High,27.695529,27.805458199999997,0.3107599588439597,27.509999,28.319079,5,1.1176221467336214
f4d15ad2-297e-5735-a75b-70fb410cf209,Low,46.027619,46.1168662,1.851192795501373,44.24542,48.056304,5,4.014133977519429
f4d15ad2-297e-5735-a75b-70fb410cf209,Medium,36.86528,35.5500822,2.1275928422626342,32.312753,37.169382,5,5.984776154083363
f4f32447-5f63-5faa-9fc4-9fe1fdadb2dc,High,28.555005,28.799222800000003,0.5760635998969208,28.297875,29.489702,5,2.0002748126137653
f4f32447-5f63-5faa-9fc4-9fe1fdadb2dc,Low,48.649755,47.384164,3.654941474194425,42.750465,51.142828,5,7.713423991598596
f4f32447-5f63-5faa-9fc4-9fe1fdadb2dc,Medium,37.079518,36.3846396,2.1720018613917635,32.577579,38.040746,5,5.969557168272085
f59bcd19-ce34-560b-a78d-8d30d8f0f6b0,High,31.37634,31.357338,0.24199669750639058,30.960093,31.577311,5,0.7717386517515951
f59bcd19-ce34-560b-a78d-8d30d8f0f6b0,Low,51.224531,51.466559600000004,3.105188227601638,49.051343,56.649707,5,6.03340936665531
f59bcd19-ce34-560b-a78d-8d30d8f0f6b0,Medium,40.390928,42.1549798,3.3317948019723818,39.420036,47.389131,5,7.903680224210147
f5c751bc-2321-5343-91a9-3caaa351cb0a,High,25.052259,25.431735,0.7790656386284156,24.76695,26.349882,5,3.063360162522988
f5c751bc-2321-5343-91a9-3caaa351cb0a,Low,39.65473,39.5960796,0.11779571278828345,39.467249,39.69844,5,0.29749337302646356
f5c751bc-2321-5343-91a9-3caaa351cb0a,Medium,31.768467,32.0690554,1.9229559296492769,29.304242,33.936044,5,5.996297382832413
f60803fd-5f3a-5bf7-b89c-c03a070630cc,High,24.228427,24.285342399999998,0.26215050146490143,23.947243,24.625058,5,1.079459771030041
f60803fd-5f3a-5bf7-b89c-c03a070630cc,Low,41.10192,40.4442838,2.753322560585247,35.628715,42.355986,5,6.807692711782541
f60803fd-5f3a-5bf7-b89c-c03a070630cc,Medium,33.153932,32.830213799999996,1.0659267268406392,30.982604,33.667922,5,3.2467858215429573
f6197560-3a67-5180-9dff-4fac5c453ddb,High,32.961029,32.897667,0.6672067947851699,31.866001,33.714953,5,2.0281279969949537
f6197560-3a67-5180-9dff-4fac5c453ddb,Low,49.755605,51.4528514,2.7891206335628977,49.649924,56.101805,5,5.420730936522786
f6197560-3a67-5180-9dff-4fac5c453ddb,Medium,40.318948,40.8200408,2.7574871402707766,37.84409,45.370733,5,6.755228770547374
f684ff1e-23cb-5383-a026-639d3cdf7002,High,28.071214,28.1102514,0.5848625120186797,27.525407,28.836516,5,2.08060221054686
f684ff1e-23cb-5383-a026-639d3cdf7002,Low,48.873646,49.1370772,2.4856445806537186,46.977082,53.075124,5,5.058592660154639
f684ff1e-23cb-5383-a026-639d3cdf7002,Medium,36.859162,37.18667,2.4487407262603385,34.216404,41.038978,5,6.584995984475992
f68510dc-deb4-5da5-91d8-8c3eefc8284a,High,38.093253,38.440427,0.8346182439148451,37.798833,39.872872,5,2.17119920107767
f68510dc-deb4-5da5-91d8-8c3eefc8284a,Low,58.415398,57.9985354,3.3020548804005054,52.832795,62.018362,5,5.693341836353518
f68510dc-deb4-5da5-91d8-8c3eefc8284a,Medium,46.594421,46.035244999999996,2.445383530655773,41.910124,47.863443,5,5.311981136748101
f69d0c2c-e636-5588-a995-694008581f29,High,27.683643,27.8224746,0.41151446253661483,27.426167,28.510285,5,1.4790721114958438
f69d0c2c-e636-5588-a995-694008581f29,Low,47.722336,47.2223868,2.951102343680866,44.294626,51.561995,5,6.249371418220787
f69d0c2c-e636-5588-a995-694008581f29,Medium,36.714946,36.3998826,3.214983264070094,32.534226,41.022999,5,8.83240009150495
f6fdfa41-6f8c-5b9b-a648-dbb6b46166c1,High,24.017529,23.9504606,0.1329281130660475,23.76483,24.075704,5,0.5550127627443102
f6fdfa41-6f8c-5b9b-a648-dbb6b46166c1,Low,38.998853,39.8112464,1.7334387381960747,38.78691,42.885689,5,4.354143351302045
f6fdfa41-6f8c-5b9b-a648-dbb6b46166c1,Medium,31.404962,31.718969800000004,2.3379094702768533,29.192377,34.51244,5,7.370697992457664
f6ff0fe4-04cc-5668-820b-e40fb9d593cb,High,22.551697,22.5754492,0.29020427169185536,22.262297,23.027234,5,1.2854861452407127
f6ff0fe4-04cc-5668-820b-e40fb9d593cb,Low,31.73384,33.0414224,2.215492664884676,31.635283,36.789881,5,6.705197609424575
f6ff0fe4-04cc-5668-820b-e40fb9d593cb,Medium,26.945378,27.629969,1.3374207588266696,26.514273,29.484957,5,4.840471441812583
f71949a7-2206-57ee-b133-513ed9e85aeb,High,20.826093,20.8896386,0.24829330436763758,20.660366,21.302506,5,1.188595500008495
f71949a7-2206-57ee-b133-513ed9e85aeb,Low,33.631293,33.992476999999994,2.1680517123485537,32.297855,37.630942,5,6.378033917176892
f71949a7-2206-57ee-b133-513ed9e85aeb,Medium,27.645868,27.5070666,1.4451655456702182,25.513233,29.561,5,5.253797384815355
f7243ea5-deec-5f52-9b35-c29ade0db0db,High,31.313382,31.277651400000003,0.5413439008622898,30.781416,32.131574,5,1.730769020791279
f7243ea5-deec-5f52-9b35-c29ade0db0db,Low,52.981496,52.3907604,5.121423847907367,44.020542,56.540229,5,9.775433318405065
f7243ea5-deec-5f52-9b35-c29ade0db0db,Medium,39.982503,41.1548624,2.926880658818326,39.557977,46.379134,5,7.111870841337878
f74865c7-3972-5a72-88c3-d1d5be54992f,High,20.417232,20.4460754,0.054969637089942285,20.406658,20.538685,5,0.268851777245927
f74865c7-3972-5a72-88c3-d1d5be54992f,Low,34.693867,33.902166799999996,2.078031504027838,30.751282,35.770255,5,6.129494661172625
f74865c7-3972-5a72-88c3-d1d5be54992f,Medium,26.292937,27.273442799999998,1.7057418207812696,25.947175,29.965043,5,6.254222590414107
f77ebe58-5bbe-5332-a66a-ec2e3f8a5c24,High,30.060103,30.1132336,1.0231373016840408,29.077448,31.246437,5,3.3976334633290284
f77ebe58-5bbe-5332-a66a-ec2e3f8a5c24,Low,43.530738,44.9948166,3.6442119501289727,43.097089,51.494258,5,8.099181695806651
f77ebe58-5bbe-5332-a66a-ec2e3f8a5c24,Medium,35.180726,35.726212,2.4125671268385456,33.196926,39.737956,5,6.752932907744448
f85d7e79-91b1-52b3-98f0-3ff3d81dd620,High,24.208252,24.3818406,0.5232945822281171,24.008115,25.302885,5,2.1462472452884342
f85d7e79-91b1-52b3-98f0-3ff3d81dd620,Low,41.19801,39.7625836,2.4941644975344506,36.87803,42.132282,5,6.27264194556626
f85d7e79-91b1-52b3-98f0-3ff3d81dd620,Medium,31.347811,31.717118199999998,1.465252706232,29.927602,33.436148,5,4.619753588559001
f8806739-dbfc-56a9-b03e-595dbeb60988,High,25.854211,25.873805800000003,0.7119461352691648,25.119338,26.650974,5,2.751609642479286
f8806739-dbfc-56a9-b03e-595dbeb60988,Low,40.559946,41.684679,2.4061297665767105,39.608283,45.135009,5,5.772216133838311
f8806739-dbfc-56a9-b03e-595dbeb60988,Medium,31.137899,31.857379200000004,3.4468275647778217,28.889331,37.205224,5,10.819557827210788
f8c57f52-aa44-5d5f-81e1-d231232a92ed,High,22.958228,23.353631,1.439259252095501,22.353571,25.832289,5,6.162892837073177
f8c57f52-aa44-5d5f-81e1-d231232a92ed,Low,36.439156,35.358713,3.1177779272139468,29.910513,37.836174,5,8.817566202745972
f8c57f52-aa44-5d5f-81e1-d231232a92ed,Medium,28.834777,28.3580872,1.907525046474017,26.247538,30.542847,5,6.726564570525818
f8e4cf15-76c2-54c0-9c6d-4aec55bd406d,High,28.740891,29.0009034,0.8260343955337445,28.278119,30.294219,5,2.8483057377231376
f8e4cf15-76c2-54c0-9c6d-4aec55bd406d,Low,43.052341,43.8859006,1.8076920937383951,42.379508,46.422088,5,4.119072570059996
f8e4cf15-76c2-54c0-9c6d-4aec55bd406d,Medium,37.395785,37.4613432,2.8486044328972224,33.744162,41.741734,5,7.604117176709302
f8e52ae8-a728-592b-8801-6a63c659044b,High,20.546421,20.575399400000002,0.06455182058470502,20.514421,20.675545,5,0.31373301353608235
f8e52ae8-a728-592b-8801-6a63c659044b,Low,35.508996,35.700691600000006,3.8116837732413336,31.094866,39.606829,5,10.676778522804115
f8e52ae8-a728-592b-8801-6a63c659044b,Medium,26.138215,26.779363999999998,1.0608778496895857,25.907381,27.997638,5,3.961549832511279
f92eaa27-bce8-5d83-95c9-12801bf2e0e6,High,24.776955,24.8305744,0.36403488581769233,24.459352,25.437846,5,1.4660751698828696
f92eaa27-bce8-5d83-95c9-12801bf2e0e6,Low,40.297164,40.1067474,2.6331086519397204,36.656785,42.637382,5,6.565251042869959
f92eaa27-bce8-5d83-95c9-12801bf2e0e6,Medium,33.150835,32.82724,1.0962699258740976,30.924526,33.753755,5,3.339512934605825
f94bfd04-90e5-59b1-8195-757d21542d7c,High,23.853792,23.911884399999998,0.17579308268046343,23.791152,24.218437,5,0.7351703434985802
f94bfd04-90e5-59b1-8195-757d21542d7c,Low,38.861994,39.5345026,3.5013186240090044,34.371766,43.081653,5,8.856361895922788
f94bfd04-90e5-59b1-8195-757d21542d7c,Medium,31.319315,31.9569706,1.830827324645419,29.600351,33.936887,5,5.72903904929405
f9688e28-22ab-5cfa-8b1f-0b356440ba0e,High,27.235599,27.2768868,0.10824632807259603,27.168699,27.439467,5,0.39684267807496276
f9688e28-22ab-5cfa-8b1f-0b356440ba0e,Low,46.132811,44.987836800000004,2.5799070905768495,42.17156,47.530256,5,5.734676912886928
f9688e28-22ab-5cfa-8b1f-0b356440ba0e,Medium,37.151051,36.761629600000006,1.0023437986800263,35.054748,37.587103,5,2.726603280611984
f9e43946-1516-5216-b216-e2c36f6ccc92,High,20.592168,20.7583058,0.4445111781217658,20.453546,21.525011,5,2.141365400454626
f9e43946-1516-5216-b216-e2c36f6ccc92,Low,32.742784,33.3955896,3.620123699527451,30.572286,39.616221,5,10.840125126964223
f9e43946-1516-5216-b216-e2c36f6ccc92,Medium,27.630876,27.282940000000004,2.3798636893252945,23.819311,30.377575,5,8.722900425413442
fa01e9b5-9514-5f56-a8c1-8a1e87b7df07,High,29.976423,30.084520199999996,1.1042744244967808,28.936689,31.365415,5,3.6705734947927837
fa01e9b5-9514-5f56-a8c1-8a1e87b7df07,Low,46.58453,46.7530712,2.6674887865909955,43.428084,50.154136,5,5.705483550331974
fa01e9b5-9514-5f56-a8c1-8a1e87b7df07,Medium,35.404521,36.4529512,2.6882984429685597,33.210886,39.290197,5,7.374707271900004
fa219153-d1ae-5c7c-8f81-702ed625a22b,High,24.179605,24.291614,0.37608758886129223,24.007745,24.935914,5,1.5482198459982621
fa219153-d1ae-5c7c-8f81-702ed625a22b,Low,40.865897,39.7856378,5.711495912958461,33.833183,46.048237,5,14.355672621536964
fa219153-d1ae-5c7c-8f81-702ed625a22b,Medium,33.058058,33.025768400000004,3.72625114918698,28.934276,38.893924,5,11.282859808303444
fa79fd30-8d8a-5353-85c8-707f330b869f,High,30.73086,30.6732378,0.08951620525189727,30.542128,30.739661,5,0.2918381353659941
fa79fd30-8d8a-5353-85c8-707f330b869f,Low,52.174667,52.0347594,1.7528246002596204,50.135503,54.157014,5,3.3685648218056725
fa79fd30-8d8a-5353-85c8-707f330b869f,Medium,40.876203,40.9334586,0.35970523412483124,40.617257,41.542375,5,0.8787560260662441
fa9d3748-e536-5aed-b398-527ee6fbfe4b,High,33.307819,32.833025400000004,0.7933920917423503,31.839753,33.550677,5,2.4164452775111918
fa9d3748-e536-5aed-b398-527ee6fbfe4b,Low,50.11193,50.69536480000001,2.389964180172937,47.823751,54.283026,5,4.714364300566068
fa9d3748-e536-5aed-b398-527ee6fbfe4b,Medium,40.046231,41.0746046,2.222075024089262,39.149687,43.884507,5,5.409851283362718
faaa76fa-0e93-559c-ac76-cdeeb214805e,High,25.82768,26.8220916,1.5017181989555513,25.736991,29.071363,5,5.598810940439676
faaa76fa-0e93-559c-ac76-cdeeb214805e,Low,40.001014,40.0446206,0.3335350732243938,39.698668,40.495164,5,0.8329085610674852
faaa76fa-0e93-559c-ac76-cdeeb214805e,Medium,31.876072,31.1727026,1.0770079151226328,29.832924,32.051872,5,3.4549712578422147
fadaada8-a5df-53e6-8400-cafff5f28d82,High,22.358122,22.379451,0.16406434739912235,22.188593,22.610519,5,0.7331026458116526
fadaada8-a5df-53e6-8400-cafff5f28d82,Low,29.788813,31.8661424,4.860854091754019,28.486823,40.355399,5,15.253977185999204
fadaada8-a5df-53e6-8400-cafff5f28d82,Medium,26.517641,26.1384862,3.658372233370149,22.429257,30.587327,5,13.996113643988108
fb22d799-19a4-5780-9058-139264407aa2,High,25.075796,25.635218400000003,0.9107949908359186,24.902623,26.983747,5,3.552905134741971
fb22d799-19a4-5780-9058-139264407aa2,Low,39.767083,40.2699838,0.8653325472037892,39.60605,41.656678,5,2.148827651636128
fb22d799-19a4-5780-9058-139264407aa2,Medium,31.934513,31.321104400000003,1.8388255122252064,29.340352,33.422965,5,5.870883378637204
fb2f0f6c-1dc7-5909-9a7d-90c3d64aea95,High,30.805055,30.8719966,0.1965659586558671,30.668947,31.178356,5,0.6367128151856142
fb2f0f6c-1dc7-5909-9a7d-90c3d64aea95,Low,51.407184,51.9000032,4.253484002112467,47.061185,58.273492,5,8.195537071012101
fb2f0f6c-1dc7-5909-9a7d-90c3d64aea95,Medium,40.25017,40.2977534,0.14104395157999508,40.183831,40.530753,5,0.3500045031790658
fb387346-109e-5a4e-91b9-3e5b6ef2eb10,High,29.506803,29.0575044,0.7170712216124709,28.187179,29.689381,5,2.467766026088844
fb387346-109e-5a4e-91b9-3e5b6ef2eb10,Low,48.190683,47.100576000000004,3.421857672677299,43.109574,50.530544,5,7.265001754282789
fb387346-109e-5a4e-91b9-3e5b6ef2eb10,Medium,34.879179,34.9831318,2.2438778633998115,32.67696,37.296515,5,6.414170910220826
fb3bf8ce-db9a-54d7-aab2-b7a10889ec9f,High,21.877883,22.0979062,0.5855067626596645,21.605504,22.9781,5,2.649602896131691
fb3bf8ce-db9a-54d7-aab2-b7a10889ec9f,Low,33.349573,34.202406,2.2069720521760128,31.406296,36.535933,5,6.452680703737662
fb3bf8ce-db9a-54d7-aab2-b7a10889ec9f,Medium,27.892384,27.1633774,2.5317498919779373,23.471609,30.184304,5,9.320453251067141
fb8a9bd4-6bec-5fcf-b727-7d0705ba1720,High,37.882287,37.763856399999995,1.0144288679002071,36.144941,38.950998,5,2.686242785046199
fb8a9bd4-6bec-5fcf-b727-7d0705ba1720,Low,58.226113,57.1748008,1.840235550330768,55.031795,58.938247,5,3.2186129633717377
fb8a9bd4-6bec-5fcf-b727-7d0705ba1720,Medium,46.29806,45.9933028,1.0617291781413496,44.152935,46.907612,5,2.308442998230059
fbf14efc-3c14-5235-bf26-e8deb578edf2,High,20.591053,21.0334824,0.9277421828354572,20.487394,22.667188,5,4.410787358899053
fbf14efc-3c14-5235-bf26-e8deb578edf2,Low,31.353071,32.7844566,2.4684903650803065,31.13732,36.88668,5,7.529453347963397
fbf14efc-3c14-5235-bf26-e8deb578edf2,Medium,27.642091,26.7708054,3.2736706534360307,23.172788,29.842335,5,12.228510142007273
fc335993-7e2c-5ea7-9d08-16796418d3ee,High,29.801331,30.1527398,1.0115868340067002,29.075079,31.283219,5,3.3548753470379507
fc335993-7e2c-5ea7-9d08-16796418d3ee,Low,48.23341,48.134046,2.0919313746380372,44.680379,49.827217,5,4.346053466268008
fc335993-7e2c-5ea7-9d08-16796418d3ee,Medium,35.613213,36.631227,2.748410242287712,33.359904,39.649436,5,7.502916138429411
fc4f51b1-461b-56ff-a12c-f09fe147aefd,High,27.380732,27.353372,0.2527736765893557,27.03428,27.707825,5,0.92410426249954
fc4f51b1-461b-56ff-a12c-f09fe147aefd,Low,42.832019,44.3768954,2.248154339042428,42.810069,47.729438,5,5.066046911975794
fc4f51b1-461b-56ff-a12c-f09fe147aefd,Medium,36.919143,36.440856,0.9892895652901651,34.705813,37.042425,5,2.7147813577435316
fc534286-3b55-5828-a992-01689b8f9216,High,24.208879,24.2048896,0.12238057260366023,24.056127,24.38017,5,0.5056026886553542
fc534286-3b55-5828-a992-01689b8f9216,Low,41.22146,41.057644599999996,2.800531497375058,36.871218,44.765916,5,6.820974570409375
fc534286-3b55-5828-a992-01689b8f9216,Medium,32.994941,32.4350106,3.071375789852619,28.636893,36.857069,5,9.469322602449278
fd23fe47-255f-57ef-8f41-0be6dda977a0,High,22.088453,22.3619334,0.6580740049726927,21.850818,23.43693,5,2.942831432333542
fd23fe47-255f-57ef-8f41-0be6dda977a0,Low,33.918236,34.112056,2.744011807701818,31.415429,37.112569,5,8.04411146517178
fd23fe47-255f-57ef-8f41-0be6dda977a0,Medium,25.745614,26.3722602,3.4723721603416458,21.412871,30.574024,5,13.166759822662625
fd7a6b00-eadb-5489-babc-07588c7ea406,High,34.216969,34.3123908,0.17889190306075953,34.140934,34.508768,5,0.5213623967606463
fd7a6b00-eadb-5489-babc-07588c7ea406,Low,56.807735,57.87245359999999,2.6926837409527504,54.580012,60.86612,5,4.652790012263711
fd7a6b00-eadb-5489-babc-07588c7ea406,Medium,48.718405,46.9666058,4.991443580169086,41.507385,52.962361,5,10.6276438229843
fd8fe201-6cd3-5a6a-9193-18897b9e46a9,High,20.853564,20.9697858,0.34332546805939157,20.700652,21.569233,5,1.637238793633226
fd8fe201-6cd3-5a6a-9193-18897b9e46a9,Low,34.890266,36.621012,6.217195981682297,30.931815,46.847385,5,16.977127725695556
fd8fe201-6cd3-5a6a-9193-18897b9e46a9,Medium,28.593151,28.8021556,1.0036269545534844,27.812439,30.308996,5,3.484555005159004
fd92decc-813d-566b-bc9a-6f62a81c4619,High,29.537587,29.133243399999998,0.6635006099456878,28.253009,29.66664,5,2.277469078316518
fd92decc-813d-566b-bc9a-6f62a81c4619,Low,46.476496,45.666078,2.2195986624744823,43.144095,48.277472,5,4.860497681614967
fd92decc-813d-566b-bc9a-6f62a81c4619,Medium,37.454659,37.145767,0.9609464530120816,35.463626,37.899312,5,2.586960858856627
fdff0ddb-1c42-5c98-8fad-d7d7a60676e0,High,25.026157,25.290474800000002,0.5376230547067342,25.022447,26.248529,5,2.1257926510210643
fdff0ddb-1c42-5c98-8fad-d7d7a60676e0,Low,39.241162,41.8003558,4.0441171840850725,39.079202,48.270903,5,9.674839141166048
fdff0ddb-1c42-5c98-8fad-d7d7a60676e0,Medium,30.607578,31.927909399999997,3.4294290216942533,28.688234,37.58393,5,10.74116372208903
fe73c02c-d59e-578a-89ac-1beb177bcc85,High,21.937821,22.309226799999998,0.6044103102605055,21.848509,23.240079,5,2.709239166731254
fe73c02c-d59e-578a-89ac-1beb177bcc85,Low,36.31959,34.8533494,2.3738876746537096,31.409124,36.663292,5,6.81107473318966
fe73c02c-d59e-578a-89ac-1beb177bcc85,Medium,27.598004,27.182450799999998,1.8712618391233218,24.832949,29.711333,5,6.884080662525551
fe96cd23-ce28-56a2-b0b6-e41ace6575d9,High,27.401843,27.4623676,0.390362235393999,27.067183,28.031909,5,1.4214442144238104
fe96cd23-ce28-56a2-b0b6-e41ace6575d9,Low,48.942308,48.8963916,6.083373883551324,43.18149,57.673194,5,12.441355454849807
fe96cd23-ce28-56a2-b0b6-e41ace6575d9,Medium,37.053755,36.517093,1.1903415510491075,34.39568,37.159566,5,3.2596832147868597
fea96b1e-174c-5de2-a585-203050d3696e,High,25.923945,26.5780078,1.0784808590390937,25.67491,27.879624,5,4.057794200207487
fea96b1e-174c-5de2-a585-203050d3696e,Low,39.925968,38.920524799999995,2.272548044290967,34.856215,40.011042,5,5.838945019289583
fea96b1e-174c-5de2-a585-203050d3696e,Medium,31.749825,31.9687068,2.4278837467703642,29.575372,35.954928,5,7.594563527262743
fec6c960-91a2-5140-96d2-3bda3b870125,High,24.784763,24.8572858,0.37562690832620066,24.556797,25.470918,5,1.5111340447564097
fec6c960-91a2-5140-96d2-3bda3b870125,Low,38.512054,40.1533248,2.420782158139121,38.317033,42.857056,5,6.028846104766699
fec6c960-91a2-5140-96d2-3bda3b870125,Medium,31.352258,31.496969999999997,2.775069746984659,28.593203,34.70585,5,8.810592723632334
ff034000-33b2-5b37-abe7-fca920186972,High,35.552801,35.3580192,0.37019989389139324,34.735749,35.602502,5,1.0470040524538016
ff034000-33b2-5b37-abe7-fca920186972,Low,57.875093,59.871849399999995,4.712148650114012,56.111924,68.015359,5,7.870391005683571
ff034000-33b2-5b37-abe7-fca920186972,Medium,44.452475,44.8412252,1.7923407214530116,43.082352,47.421006,5,3.9970824023180613
ff197331-c0ec-514d-848f-43162aefbc43,High,31.351749,31.2443606,0.2475210089806531,30.853956,31.474988,5,0.7922101916230384
ff197331-c0ec-514d-848f-43162aefbc43,Low,51.208996,52.0415422,5.578626737071249,43.820935,57.395682,5,10.719564604046743
ff197331-c0ec-514d-848f-43162aefbc43,Medium,40.196424,41.037573200000004,1.9769315120315096,40.024658,44.571008,5,4.817369444330372
ff2c39ce-a07c-57c8-a46e-377cefb5fb47,High,34.224651,34.2112606,0.06778131544385915,34.101921,34.270286,5,0.19812574647968145
ff2c39ce-a07c-57c8-a46e-377cefb5fb47,Low,56.689031,57.571222999999996,2.817473404714674,53.882439,60.543019,5,4.893891874964466
ff2c39ce-a07c-57c8-a46e-377cefb5fb47,Medium,45.310681,45.5897156,3.216599585359017,41.814238,48.949689,5,7.055537730441593
ff564ab8-0467-55ce-9273-94c538d2bbf0,High,31.172954,31.050571400000003,0.36009939054974793,30.640867,31.469417,5,1.1597190464254965
ff564ab8-0467-55ce-9273-94c538d2bbf0,Low,51.688215,51.5416074,1.247567167711942,49.595124,52.866502,5,2.420504968015301
ff564ab8-0467-55ce-9273-94c538d2bbf0,Medium,40.388662,41.6837612,2.793922815625313,40.046754,46.619586,5,6.7026648632305115
ffb47ebd-b537-5d6e-bf42-2520973a7d1b,High,24.603983,24.767549199999998,0.3597995027188052,24.541595,25.393008,5,1.4527053113466923
ffb47ebd-b537-5d6e-bf42-2520973a7d1b,Low,39.430445,41.0692686,3.04152165839803,38.480353,45.776145,5,7.405833515131141
ffb47ebd-b537-5d6e-bf42-2520973a7d1b,Medium,30.832081,32.3152848,3.703083406273709,28.757632,37.267311,5,11.459231843977772
