cluster,query,rank,openalex_id,doi,title,year,venue,type,cited_by,oa_status,oa_url,abstract
C1_container_perf,container CPU quota throttling performance,1,W4413360410,10.1109/cloud67622.2025.00039,Real-Time Interference-Aware CPU and I/O Capping Mechanism for Multi-Tenant Containers,2025,,conference-paper,0,closed,,"Performance interference in multi-tenant container-ized environments-such as those utilizing Linux Containers (LX C)-poses a critical challenge to maintaining Quality of Service (QoS) and adhering to Service Level Agreements (SLAs), especially under conditions of high resource contention. Con-ventional static resource allocation strategies often fail to adapt to dynamic workload behaviors and lack cross-resource coor-dination, leading to inefficiencies and degraded performance. While machine learning-based approaches, such as Long Short-Term Memory (LSTM) predictors, have demonstrated improved forecasting capabilities, their computational complexity and training requirements introduce latency and overhead, rendering them impractical for real-time control in resource-constrained deployments. In this paper, we introduce a lightweight, real-time interference-aware resource management solution that integrates predictive modeling with fine-grained CPU and I/O capping mechanisms using Linux cgroup subsystems. Our solution lever-ages continuous profiling of key performance metrics, including QoS violation frequency, CPU throttling rates, and I/O contention signals, to identify emerging interference patterns across co-located containers. The solution dynamically adjusts resource quotas and scheduling parameters in response to runtime observations, enabling adaptive capacity provisioning with minimal system overhead. We implement and evaluate our solution on a heterogeneous LXC-based "
C1_container_perf,cgroup CPU bandwidth container,1,W3002972919,10.1109/itme.2019.00151,Docker's Security Analysis of Using Control Group to Enhance Container Resistance to Pressure,2019,,conference-paper,3,closed,,"Docker is a container technology to create lightweight virtual system framework in the cloud computing environment. Massive users exploit it on systems of Linux, Mac, and Windows to simplify configuration or test large-scale operations and isolate applications. However, considering the security of Docker container, Distributed Denial of Service (DDoS) attacks have been a severe problem which needs to be solved. Therefore, this paper aims to analyze the compressive ability of Docker container and reduce the influence of DDoS by using Control group (Cgroup). Furthermore, an experiment will be designed to detect the effects of Cgroup under three kinds of pressure: run out Central Process Unit (CPU), run out bandwidth and DDoS attack. In addition, limiting CPU, limiting Network (Net) I/O and limiting both of them will be considered as the method to use Cgroup to restrict containers' resources. In a result, it is shown that the attacks would be limited in a certain scope after restricting the resources of containers by Cgroup. Therefore, the method of imposing restrictions on CPU and Net I/O resources of Docker containers by using Cgroup can effectively reduce the impact of DDoS attacks."
C1_container_perf,CPU throttling containerized application latency,1,W7164584714,10.1109/jiot.2026.3702943,Edge-VisForeCast: Energy-Efficient Predictive Autoscaling for Containerized Crowd Analytics on Constrained IoT Edge Clusters,2026,IEEE Internet of Things Journal,article,0,closed,,"The default Horizontal Pod Autoscaler (HPA) in Kubernetes is inherently reactive, often taking 15–30 seconds to respond to workload changes on resource-constrained edge devices. In latency-sensitive applications such as real-time crowd analytics, these delays frequently cause thermal throttling and QoS violations during sudden surges in crowd density. To overcome this limitation, we propose Edge-VisForeCast, a proactive autoscaling framework that leverages YOLOv11-detected crowd density as a Granger-causal leading indicator of future resource demand. By integrating these application-level insights with a quantized Informer transformer model enhanced by a Vision-Aware Attention mechanism, the system can forecast power consumption 5–15 seconds ahead. Granger causality tests (p< 0.001) confirm that person count statistically precedes CPU and power saturation by 10–15 seconds. We deployed the proposed system on a 3-node NVIDIA Jetson Orin Nano cluster at the Tunghai University Library, using a real-world dataset of 39.01 million raw frames collected over 14 days. Experimental results show that Edge-VisForeCast achieves 17.8% better forecasting accuracy (MAE) than LSTM baselines, while delivering a 23.7% reduction in inference latency and a 36.3% reduction in energy consumption. Most importantly, the system maintains stable operation within the 15W thermal envelope, effectively avoiding the throttling issues commonly observed with reactive HPA. This work demonstrates the value of "
C1_container_perf,performance interference co-located containers,1,W3026934022,10.1007/s11390-020-9707-y,Interference Analysis of Co-Located Container Workloads: A Perspective from Hardware Performance Counters,2020,Journal of Computer Science and Technology,article,12,closed,,
C1_container_perf,cloud performance variability reproducible benchmarking,1,W2016034479,10.1145/2806777.2806846,Evaluating the impact of fine-scale burstiness on cloud elasticity,2015,,conference-paper,14,closed,,"Elasticity is the defining feature of cloud computing. Performance analysts and adaptive system designers rely on representative benchmarks for evaluating elasticity for cloud applications under realistic reproducible workloads. A key feature of web workloads is burstiness or high variability at fine timescales. In this paper, we explore the innate interaction between fine-scale burstiness and elasticity and quantify the impact from the cloud consumer's perspective. We propose a novel methodology to model workloads with fine-scale burstiness so that they can resemble the empirical stylized facts of the arrival process. Through an experimental case study, we extract insights about the implications of fine-scale burstiness for elasticity penalty and adaptive resource scaling. Our findings demonstrate the detrimental effect of fine-scale burstiness on the elasticity of cloud applications."
C1_container_perf,docker container performance isolation measurement,1,W2532817307,10.1109/aieee.2015.7367280,"KVM, Xen and Docker: A performance analysis for ARM based NFV and cloud computing",2015,,conference-paper,62,closed,,"Virtualization is a mature technology which has shown to provide computing resource and cost optimization while enabling consolidation, isolation and hardware abstraction through the concept of virtual machine. Recently, by sharing the operating system resources and simplifying the deployment of applications, containers are getting a more and more popular alternative to virtualization for specific use cases. As a result, today these two technologies are competing to provide virtual instances for cloud computing, Network Functions Virtualization (NFV), High Performance Computing (HPC), avionic and automotive platforms. In this paper, the performance of the most important open source hypervisor (KVM and Xen) and container (Docker) solutions are compared on the ARM architecture, which is rapidly emerging in the server world. The extensive system and Input/Output (I/O) performance measurements included in this paper show a slightly better performance for containers in CPU bound workloads and request/response networking; conversely, thanks to their caching mechanisms, hypervisors perform better in most disk I/O operations and TCP streaming benchmark."
C1_container_perf,container CPU quota throttling performance,2,W7123695715,10.1145/3772052.3772271,Spatio-Temporal Resource Control for Cloud-Native GPU Provisioning,2025,,conference-paper,0,gold,https://doi.org/10.1145/3772052.3772271,"Modern cloud platforms, such as Kubernetes, provide a service-oriented resource abstraction for explicit Quality of Service (QoS) provisioning, which guarantees resource reservations and supports resource elasticity. In regards to CPU resources, tenants can explicitly specify a guaranteed base demand and an upper bound for resources. Thus, it is desirable that GPU resource provisioning should be analogous to mature cloud-native CPU resource abstraction and can support familiar QoS classes, such as Guaranteed, Burstable, and BestEffort. Although existing research efforts have primarily focused on maximizing GPU utilization by exploiting profiling, capabilities for guaranteed reservation, precise throttling, and elastic bursting are essential to support cloud-native GPU provisioning. It is challenging to provide such features due to the GPU's asynchronous and non-preemptive characteristics. To address this issue, we introduce a spatio-temporal provisioning framework that ensures both resource guarantee and elasticity for GPUs. We define a resource model to control both spatial and temporal dimensions of GPU resources and support familiar QoS classes. Our framework features a per-container Agent for transparent resource accounting and local quota enforcement, and the central Multi-Tenant Arbitrator for global, partition-aware fair scheduling. Performance evaluation demonstrates that our framework can provide accurate GPU resource guarantee and manages dynamic mixed-QoS workloads"
C1_container_perf,cgroup CPU bandwidth container,2,W2945046115,10.1007/978-3-030-19223-5_15,CNTC: A Container Aware Network Traffic Control Framework,2019,Lecture notes in computer science,conference-paper,4,closed,,
C1_container_perf,performance interference co-located containers,2,W3046986616,10.1109/tpds.2020.3013948,Rusty: Runtime Interference-Aware Predictive Monitoring for Modern Multi-Tenant Systems,2020,IEEE Transactions on Parallel and Distributed Systems,article,55,closed,,"Modern micro-service and container-based cloud-native applications have leveraged multi-tenancy as a first class system design concern. The increasing number of co-located services/workloads into server facilities stresses resource availability and system capability in an unconventional and unpredictable manner. To efficiently manage resources in such dynamic environments, run-time observability and forecasting are required to capture workload sensitivities under differing interference effects, according to applied co-location scenarios. While several research efforts have emerged on interference-aware performance modelling, they are usually applied at a very coarse-grained manner e.g., estimating the overall performance degradation of an application, thus failing to effectively quantify, predict or provide educated insights on the impact of continuous runtime interference on per-resource allocations. In this paper, we present Rusty, a predictive monitoring system that leverages the power of Long Short-Term Memory networks to enable fast and accurate runtime forecasting of key performance metrics and resource stresses of cloud-native applications under interference. We evaluate Rusty under a diverse set of interference scenarios for a plethora of representative cloud workloads, showing that Rusty i) achieves extremely high prediction accuracy, average R2value of 0.98, ii) enables very deep prediction horizons retaining high accuracy, e.g., R2of around 0.99 for a horizon of 1 "
C1_container_perf,cloud performance variability reproducible benchmarking,2,W4413184430,10.20944/preprints202508.0654.v1,Benchmarking the Reponsiveness of Open-Source Text-to-Speech Systems,2025,Preprints.org,preprint,1,green,https://www.preprints.org/frontend/manuscript/47c35967474f24fd5b5a6cef5a67bd75/download_pub,"This study addresses a significant gap in voice assistant research by evaluating the responsiveness - the speed at which a TTS system generates speech in reaction to input, crucial for maintaining natural, real-time interactions - of open-source text-to-speech (TTS) models—an often overlooked yet critical component for real-time applications. While extensive benchmarking has been performed on speech-to-text and large language models, little work has focused on how efficiently TTS systems respond in live settings—largely because TTS research has historically prioritized subjective quality metrics like naturalness and intelligibility, which are easier to assess through human listening tests than real-time performance; additionally, the lack of standardized, reproducible tools for measuring latency and responsiveness has further limited progress in this area. This work presents the first comprehensive benchmark focused on responsiveness—assessing TTS latency, tail latency, and real-time processing performance across 13 prominent open-source, readily available models, in contrast to commercial systems like Amazon Polly or Google Cloud TTS, which are closed-source and paywalled. Using a standardized single-stream evaluation inspired by MLPerf Inference, the study measures model responsiveness under controlled conditions and also investigates trade-offs between speed and audio quality. Results reveal substantial variability across models, with some achieving sub-second latency suit"
C1_container_perf,docker container performance isolation measurement,2,W4407241474,10.1145/3712197,WebAssembly for Container Runtime: Are We There Yet?,2025,ACM Transactions on Software Engineering and Methodology,article,4,closed,,"To pursue more efficient software deployment with containers, WebAssembly (abbreviated as Wasm) has long been regarded as a promising alternative to native container runtime (such as Docker container) due to its features of secure memory sandbox, lightweight isolation, portability, and multi-language support. However, it remains unknown whether and how much Wasm indeed brings benefits for containerized software applications. To fill the knowledge gap, this paper presents the first measurement study on Wasm-based container runtime (i.e., Wasm container) by comparison with the Docker container and native standalone Wasm runtime for execution performance in terms of the startup, computation, system interface access, and resource consumption. Surprisingly, we find that the Wasm container does not achieve better performance versus the Docker container as expected and introduces significant overhead compared to the standalone Wasm runtime. Through comparison, we identify the main causes of performance degradation for Wasm containers. Some stem from the heavy containerization overhead similar to Docker containers, while others are inherently caused by Wasm VMs and the WASI interface. Our findings can help software developers, Wasm container developers and the Wasm community improve the efficiency of utilizing Wasm-based container runtime, ultimately optimizing software performance."
C1_container_perf,cgroup CPU bandwidth container,3,W3105331370,10.1007/978-3-030-63171-0_3,Improving Resource Isolation of Critical Tasks in a Workload,2020,Lecture notes in computer science,conference-paper,8,closed,,
C1_container_perf,performance interference co-located containers,3,W2977478057,10.1109/hpcc/smartcity/dss.2019.00316,Co-Locating Online Workload and Offline Workload in the Cloud: An Interference Analysis,2019,,conference-paper,13,closed,,"Workload characterization plays an important role in resource allocation and performance optimization. In order to improve the resource utilization, cloud providers like Google and Alibaba usually co-locate online and offline jobs on the same cluster. However, the characteristics of co-located services running in containers is still not clear. In this paper, we explore various characteristics of micro-architecture and application level of co-located workloads running in containers on the same server via two popular monitor tools: Perf and Prometheus. Our study focuses on quantifying interference of workloads by analyzing the characteristics of workloads running alone and co-located. Based on the interference analysis, we can design more efficient container deployment or scheduling algorithms in the future."
C1_container_perf,cloud performance variability reproducible benchmarking,3,W2900418469,10.21427/d73n6z,Elasticity Measurement in CaaS Environments - Extending the Existing BUNGEE Elasticity Benchmark to AWS's Elastic Container Service,2018,Arrow - TU Dublin (Technological University Dublin),dissertation,0,green,https://arrow.dit.ie/scschcomdis/126,"Rapid elasticity and automatic scaling are core concepts of most current cloud computing systems. Elasticity describes how well and how fast cloud systems adapt to increases and decreases in workload. In parallel, software architectures are moving towards employing containerised microservices running on systems managed by container orchestration platforms. Cloud users who employ such container-based systems may want to compare the elasticity of different systems or system settings to ensure rapid elasticity and maintain service level objectives while avoiding over-provisioning. Previous research has established a variety of metrics to measure elasticity. Some existing benchmark tools are designed to measure elasticity in “Infrastructure as a Service” (IaaS) systems, but no research exists to date for measuring elasticity in systems based on containers and container orchestration. In this dissertation, an existing benchmark designed for IaaS systems, the BUNGEE benchmark developed at the University of Würzburg, was extended to be applicable to Amazon’s Elastic Container Service, a container-based cloud system. An experiment was conducted to test if the extension of the BUNGEE benchmark described in this dissertation delivers reproducible results and is therefore valid. For validation, the crucial phase of the benchmark - the system analysis phase - was run 32 times. It was established with statistical tests if the results vary by more than the acceptable level. Results indicat"
C1_container_perf,docker container performance isolation measurement,3,W4414109574,10.1145/3744969.3748438,Characterizing Container Performance in Edge Computing,2025,,conference-paper,2,gold,https://dl.acm.org/doi/pdf/10.1145/3744969.3748438,"Edge computing reduces latency and network congestion by offloading computation from the cloud to edge devices. However, deploying software across heterogeneous edge platforms presents portability and dependency challenges. Containerization with Docker offers lightweight isolation but introduces overheads on resource-constrained devices. In this work, we empirically evaluate Docker performance on Raspberry Pi nodes using microbenchmarks (CPU, memory, network) and macrobenchmarks including AI workloads with sensor/camera interaction, compression, and encryption tasks. Our measurements highlight key limitations: insecure sensor access, spin-up delays for short tasks, and isolation-performance tradeoffs. These insights inform container use for stable, long-running edge workloads and guide future tuning for real-time, resource-constrained environments."
C1_container_perf,cgroup CPU bandwidth container,4,W4289887013,10.1002/cpe.7196,Niyama: Node scheduling for cloud workloads with resource isolation,2022,Concurrency and Computation Practice and Experience,article,1,closed,,"Summary Cloud providers place tasks from multiple applications on the same resource pool to improve the resource utilization of the infrastructure. The consequent resource contention has an undesirable effect on latency‐sensitive tasks. In this article, we present Niyama—a resource isolation approach that uses a modified version of deadline scheduling to protect latency‐sensitive tasks from CPU bandwidth contention. Conventionally, deadline scheduling has been used to schedule real‐time tasks with well‐defined deadlines. Therefore, it cannot be used directly when the deadlines are unspecified. In Niyama, we estimate deadlines in intervals and secure bandwidth required for the interval, thereby ensuring optimal job response times. We compare our approach with cgroups: Linux's default resource isolation mechanism used in containers today. Our experiments show that Niyama reduces the average delay in tasks by 3–20 when compared to cgroups. Since Linux's deadline scheduling policy is work‐conserving in nature, there is a small drop in the server‐level CPU utilization when Niyama is used naively. We demonstrate how the use of core reservation and oversubscription in the inter‐node scheduler can be used to offset this drop; our experiments show a 1.3–2.24 decrease in delay in job response time over cgroups while achieving high CPU utilization."
C1_container_perf,performance interference co-located containers,4,W3023801029,10.1145/3341105.3374034,Feasibility of container orchestration for adaptive performance isolation in multi-tenant SaaS applications,2020,,conference-paper,9,green,https://lirias.kuleuven.be/retrieve/4480e7dd-1e77-4dbc-ab3c-596d17bd42d0,"SaaS application instances typically serve multiple tenants to improve cost-efficiency. This results in the need for adaptive performance isolation between tenants in order to guarantee custom service level objectives (SLOs) about request latency or throughput. Current solutions, which are based on request scheduling algorithms, suffer from SLO instability under globally varying workloads. This means that the configuration for an SLO has to be recalibrated when total workload patterns change such as an increase or decrease in the number of subscribed tenants, or the application becomes co-located with other types of resource-intensive applications. Lately container technology such as Docker and container orchestration frameworks like Kubernetes have been used to increase cost-efficiency, multi-tenancy and elasticity. This paper investigates if the problem of adaptive performance isolation can be mapped to resource management concepts of Kubernetes through a series of experiments. These experiments show that Kubernetes provides good support for QoS differentiation and adaptive resource allocation by grouping tenants according to their SLO class (e.g gold vs bronze) in different containers. Moreover, SLO instability does not occur when co-locating these containers with other container-based applications provided that a few interferences between CPU-, memory- and disk-io intensive applications are taken into account. However SLO instability does occur when the number of subscrib"
C1_container_perf,cloud performance variability reproducible benchmarking,4,W7165026699,10.48550/arxiv.2606.17241,Beyond Benchmarks: Continuous Edge Inference for Fine-Grained Roadside Perception,2026,arXiv (Cornell University),preprint,0,green,https://doi.org/10.48550/arxiv.2606.17241,"Continuous AI inference on resource-constrained edge hardware introduces deployment effects that are largely invisible to conventional benchmark evaluation, including temporal instability in streaming video, thermal throttling under sustained load, and workload-dependent performance variability. We present Edge-TSR, a deployment-oriented continuous edge inference system for sustained roadside perception on the NVIDIA Jetson Orin Nano. Edge-TSR integrates detection, tracking, fine-grained classification, and a lightweight track-aware temporal stabilization mechanism that improves streaming inference consistency with negligible computational overhead. Our central finding is that benchmark-centric evaluation systematically overstates deployed edge inference performance. Across three state-of-the-art baselines, we observe consistent 20-30% relative degradation when transitioning from static-image evaluation to real-world streaming deployment. Edge-TSR addresses this gap through temporal inference stabilization, recovering up to 10.16% classification accuracy over per-frame inference baselines while maintaining sustained real-time performance under continuous operation. We evaluate the complete system under diverse real-world deployment conditions, jointly characterizing inference quality, latency, throughput, and thermal behavior during long-duration operation. A 55-minute vehicular deployment over a 26 km route demonstrates sustained operation at 16.18 FPS within safe thermal li"
C1_container_perf,docker container performance isolation measurement,4,W4416094985,10.48550/arxiv.2505.02082,Performance Characterization of Containers in Edge Computing,2025,arXiv (Cornell University),preprint,0,green,https://arxiv.org/pdf/2505.02082,"Edge computing addresses critical limitations of cloud computing such as high latency and network congestion by decentralizing processing from cloud to the edge. However, the need for software replication across heterogeneous edge devices introduces dependency and portability challenges, driving the adoption of containerization technologies like Docker. While containers offer lightweight isolation and deployment advantages, they introduce new bottlenecks in edge environments, including cold-start delays, memory constraints, network throughput variability, and inefficient IO handling when interfacing with embedded peripherals. This paper presents an empirical evaluation of Docker containers on resource-constrained edge devices, using Raspberry Pi as a representative platform. We benchmark performance across diverse workloads, including microbenchmarks (CPU, memory, network profiling) and macrobenchmarks (AI inference, sensor IO operations), to quantify the overheads of containerization in real-world edge scenarios. Our testbed comprises physical Raspberry Pi nodes integrated with environmental sensors and camera modules, enabling measurements of latency, memory faults, IO throughput, and cold start delays under varying loads. Key findings reveal trade-offs between container isolation and edge-specific resource limitations, with performance degradation observed in IO heavy and latency sensitive tasks. We identify configuration optimizations to mitigate these issues, providing a"
C1_container_perf,cgroup CPU bandwidth container,5,W4416429763,10.1109/iiswc66894.2025.00037,Does Linux Provide Performance Isolation for NVMe SSDs? Configuring cgroups for I/O Control in the NVMe Era,2025,,conference-paper,0,green,https://research.vu.nl/en/publications/e2c27584-ebbf-4ccc-b97a-3f50572aa5f4,"Modern storage workloads commonly run in containers within data centers, such as machine learning, databases, caches, HPC, and serverless workloads. To facilitate the storage performance requirements (e.g., bandwidth, latency) of these workloads, data centers have adopted fast NVMe SSDs as a storage medium. At the same time, data centers virtualize and share these storage resources with multiple tenants to improve resource utilization and reduce costs. Such sharing leads to an inherent trade-off between tenant performance isolation and SSD utilization. Although various research studies demonstrate how to achieve various performance isolation properties, such as fairness, there is neither a unified definition for performance isolation nor a benchmark. Furthermore, the isolation capabilities of state-of-the-practice I/O control mechanisms in the Linux kernel are not well understood. In this paper, we address these three challenges. First, we survey the definition of performance isolation and uncover four common performance isolation desiderata. Second, we introduceisol-bench, a benchmark for evaluating these desiderata for I/O control mechanisms. Third, we use isol-bench to evaluate I/O isolation for Linux’s state-of-the-practice I/O control mechanism, cgroups. From our evaluation, we are able to conclude that out of cgroups’s knobs io.cost achieves the most isolation desiderata, but has a latency overhead past CPU saturation. We open-source the source code of isol-bench at htt"
C1_container_perf,performance interference co-located containers,5,W3108571358,10.1007/s10586-020-03210-2,Contention-aware container placement strategy for docker swarm with machine learning based clustering algorithms,2020,Cluster Computing,article,15,closed,,
C1_container_perf,docker container performance isolation measurement,5,W7127209502,,GRP-0217 Comparative Analysis of OS-level Security Vulnerabilities and Isolation Mechanisms in Hypervisors and Containers,2025,DigitalCommons - Kennesaw State University (Kennesaw State University),article,0,closed,,"This project investigates the operating-system-level performance and isolation mechanism of Virtual Machines and Docker container. The experiment includes CPU/memory microbenchmarks, disk throughput tests, web-server latency measurements, multi-process scheduling stress and controlled security checks. We aim to quantify each benchmark under identical conditions. The study findings reveal that Docker consistently provides lower overhead and faster I/O due to its shared-kernel architecture, while VirtualBox maintains stronger isolation but introduces more scheduling and disk latency. The findings provide practical insights for the OS system designers to find better execution environments for security critical and performance-sensitive workloads."
C1_container_perf,cgroup CPU bandwidth container,6,W7165533540,10.1016/j.sysarc.2026.103904,MCKube: a holistic mixed-criticality orchestration system in Kubernetes,2026,Journal of Systems Architecture,article,0,closed,,
C1_container_perf,performance interference co-located containers,6,W4296642740,10.1145/3563696,Quantifying Resource Contention of Co-located Workloads with the System-level Entropy,2022,ACM Transactions on Architecture and Code Optimization,article,8,diamond,https://dl.acm.org/doi/pdf/10.1145/3563696,"The workload co-location, such as deploying offline analysis workloads with online service workloads on the same node, has become common for modern data centers. Workload co-location deployment improves data center resource utilization significantly. Still, it also introduces resource contention, resulting in the online service’s quality of service fluctuation, which we call performance interference. As the online service is a tail-latency-sensitive workload, the tail-latency metric can reflect the performance interference degree of the co-location workloads at the application level. However, to guide system design and evaluation, quantitatively evaluating the resource contention of the co-located workloads at the system level is also essential. This article proposes a novel metric called System-Level Entropy (SLE). As a system-level metric, SLE can measure quantitatively resource contention of the co-location systems and perform the apples-to-apples comparison between systems. The experimental results show that SLE can accurately reflect the performance interference of workloads and then evaluate the system resource contention. We also demonstrate two case studies of the SLE. We quantify the affinity of different co-location combinations, including three online services and five offline workloads. Furthermore, we evaluate the effects of state-of-the-art isolated mechanisms (the container and the CPU–affinity binding) with these co-location combinations."
C1_container_perf,cloud performance variability reproducible benchmarking,6,W7207990862,,Performance Analysis of CI/CD Pipelines for Terraform-based Docker Deployments,2025,NORMA,dissertation,0,closed,,"Cloud-native software is heavily dependent on Continuous Integration and Continuous Delivery (CI/CD) pipelines to facilitate the process of automated, scalable and efficient deployment of applications. Nevertheless, the organizations lack empirical advice regarding the CI/CD platform is most effective with the Infrastructure-as-Code and containerised workloads, especially when implemented using Terraform in cloud providers. This gap is addressed in this report by comparing three popular CI/CD tools – GitHub Actions, Jenkins and AWS CodePipeline, performing the running of Dockerized Django applications Dockerized using Terraform on AWS. In order to maintain a consistent evaluation, a bespoke Metrics API and real-time Dashboard was developed to assemble five new cloud-specific performance measurements, namely: Layer Cache Efficiency (LCE), Pipeline Recovery Time (PRT), Secrets Management Overhead (SMO), Dynamic Environment Time (DEPT), and Container Layer Build Consistency (CLBC). The results demonstrate that GitHub Actions is the most ideal cloud-native and has excellent caching performance, stable image building, and expeditious recovery performance. Jenkins had poor caching and environmental variability with self-hosted runners as well as being highly configurable. The AWS CodePipeline was highly reproducible, lacks have high provisioning overhead as it is a multi-layered, orchestrated deployment. These results validate the existence of large differences in cloud- native CI/"
C1_container_perf,docker container performance isolation measurement,6,W4416020005,10.48550/arxiv.2511.03533,Investigating the Impact of Isolation on Synchronized Benchmarks,2025,arXiv (Cornell University),preprint,0,green,https://arxiv.org/pdf/2511.03533,"Benchmarking in cloud environments suffers from performance variability from multi-tenant resource contention. Duet benchmarking mitigates this by running two workload versions concurrently on the same VM, exposing them to identical external interference. However, intra-VM contention between synchronized workloads necessitates additional isolation mechanisms. This work evaluates three such strategies: cgroups and CPU pinning, Docker containers, and Firecracker MicroVMs. We compare all strategies with an unisolated baseline experiment, by running benchmarks with a duet setup alongside a noise generator. This noise generator ""steals"" compute resources to degrade performance measurements. All experiments showed different latency distributions while under the effects of noise generation, but results show that process isolation generally lowered false positives, except for our experiments with Docker containers. Even though Docker containers rely internally on cgroups and CPU pinning, they were more susceptible to performance degradation due to noise influence. Therefore, we recommend to use process isolation for synchronized workloads, with the exception of Docker containers."
C1_container_perf,performance interference co-located containers,7,W2785472805,10.1109/hpcc-smartcity-dss.2017.68,Sherlock: Lightweight Detection of Performance Interference in Containerized Cloud Services,2017,,conference-paper,5,closed,,"Cloud instances are usually virtual machines hosted on shared hardware. Containers are often used to deploy services in cloud instances. However, excessive consumption of shared hardware resources by some VMs may lead to unpredictability in the performance of containers running in co-located VMs. Existing techniques to detect performance interference in applications are either too expensive in terms of profiling or applicable only from the perspective of the infrastructure owner. In this paper, we propose Sherlock, a lightweight subscriber-centric mechanism to detect performance interference and estimate its impact on cloud services. Sherlock does not require access to hardware counters and can work on unmodified clouds without any support from the cloud provider or changes to the hypervisor. Sherlock uses a simple profiling technique which is performed only for a short duration before deployment. When interference from co-resident VMs is observed, Sherlock notifies the cloud subscriber, so that any remedial actions can be taken. We also define a metric IScore, which is an estimate of the impact of interference on a service. Experiments on the real-world web benchmark CloudSuite show that our approach is able to detect interference with accuracy ranging from 89% to 98.4%, and with very less false positives ( 8%)."
C1_container_perf,cloud performance variability reproducible benchmarking,7,W7126018247,10.3390/app16031389,Comparative Analysis of AutoML Platforms for Forecasting Raw Material Requirements,2026,Applied Sciences,article,0,gold,https://www.mdpi.com/2076-3417/16/3/1389/pdf,"Automated machine learning (AutoML) platforms are increasingly adopted in manufacturing to support data-driven decision-making. However, systematic and reproducible evaluations of their practical applicability remain limited. This study presents a controlled benchmarking framework for comparing three selected cloud-based AutoML platforms: Google Vertex AI, Microsoft Azure ML and IBM Watsonx, in the context of raw material demand forecasting for mold manufacturing. A synthetic dataset was generated to reflect essential operational characteristics of industrial production, including batch-based manufacturing, inventory-triggered replenishment and delivery lead times. While the underlying bill of materials logic is deterministic, the interaction of production variability and inventory dynamics introduces nonlinear and time-dependent behavior. All platforms were evaluated using identical data splits, chronological cross-validation and consistent performance metrics to ensure fair comparison and prevent information leakage. Results indicate moderate predictive performance, which is attributed to embedded operational complexity. Performance differences between platforms are marginal, highlighting that practical considerations such as feature handling, deployment readiness and computational effort may be more influential than raw accuracy. Although synthetic data limit external validity, the proposed framework provides a reproducible and transparent basis for applied evaluation of A"
C1_container_perf,performance interference co-located containers,8,W3128563249,10.1109/icoin50884.2021.9333977,On the Resource Management of Kubernetes,2021,,conference-paper,27,closed,,"Kubernetes is the most popular container orchestration platform that enables users to create and run multiple containers in cloud environments. Kubernetes offers resource management to isolate the resource usage of containers on a host server because performance isolation is an important factor in terms of service quality. This paper investigates whether the resource management of Kubernetes is sufficient to isolate the performance of containers. This is different from previous studies that mostly focuses on efficient resource management rather than the study on performance interference. We evaluate the performance interference 1) between CPU-intensive and networkintensive containers, and 2) between multiple network-intensive containers. Our evaluation results show that containers experience performance degradation by 50% due to the co-located containers even under the resource management of Kubernetes. This paper also points out that the root cause of the performance interference between multiple network-intensive containers is CPU contention, not network bandwidth. As a result, Kubernetes needs to consider the CPU usage of network-related workloads in resource management in order to mitigate the performance interference."
C1_container_perf,cloud performance variability reproducible benchmarking,8,W7162661439,10.1007/s00170-026-18369-y,Latency analysis in IoT data transmission for advanced manufacturing,2026,The International Journal of Advanced Manufacturing Technology,article,0,hybrid,https://link.springer.com/content/pdf/10.1007/s00170-026-18369-y.pdf,"Abstract The modernization of manufacturing in Industry 4.0 demands monitoring architectures that remain responsive as data rates scale. This work designs and evaluates an integrated IIoT vibration-monitoring stack, ADXL345 triaxial sensing, a Flask RESTful API, Directus cloud storage, and a React interface, focusing on end-to-end latency from acquisition to visualization. Data were sampled at 100 Hz and transmitted under controlled loads from 100 to 2,000 records s⁻¹. Latency metrics (min/mean/max) were recorded to assess scalability and stability. The system sustained rising throughput without saturation; however, latency increased proportionally with load, from a mean of 1.91 ms at 100 records s⁻¹ to 291.64 ms at 2,000 records s⁻¹. Variability widened at higher loads, consistent with queue-based processing effects. Statistical analysis revealed a mean latency of 142.12 ms with a standard deviation of 59.92 ms, indicating moderate variability while preserving operational stability throughout the evaluated load conditions. The experimental results contribute to the understanding of scalability–latency trade-offs in IIoT systems and provide a reproducible benchmark for predictive maintenance applications in Industry 4.0 environments. We discuss mitigation strategies, edge/fog preprocessing, adaptive sampling, compression, and low-latency protocols, to preserve responsiveness in latency-sensitive deployments. The study offers a reproducible reference for aligning architectural"
C1_container_perf,docker container performance isolation measurement,8,W7169874089,10.48550/arxiv.2607.17518,Isolation Failure From Shared Storage: Characterizing and Exploiting Page-Cache SCA Leakage Across Containers and VMs,2026,arXiv (Cornell University),preprint,0,green,https://doi.org/10.48550/arxiv.2607.17518,"Modern cloud platforms increasingly combine strong software isolation mechanisms with shared hardware resources to improve performance and resource efficiency. Conventional containers do this by sharing the host kernel directly, whereas sandboxed runtimes (e.g., gVisor) and VM-based runtimes (e.g., Kata, QEMU/KVM) provide progressively stronger isolation. In all cases, when tenants access host-backed filesystem state, the host page cache can remain shared and observable. Although OS-managed, this page-cache channel forms an OS-mediated microarchitectural timing side channel whose signal is shaped by the processor microarchitecture, memory and storage hierarchies, and virtualization mechanisms. We thus investigate whether unprivileged timing measurements can reveal page-cache residency across these isolation boundaries. Our evaluation covers Docker; gVisor with systrap and KVM; Kata Containers using QEMU and Cloud Hypervisor with shared host filesystems; Kata using QEMU, Cloud Hypervisor, and Firecracker with block-device-backed storage; and QEMU/KVM virtual machines under multiple host cache policies. Our results show that the timing signal persists whenever the I/O path exposes shared, host-cacheable file-backed objects, including under OverlayFS layers, virtio-fs exports, and loop-backed block devices. However, direct I/O and dedicated block devices substantially attenuate or eliminate the signal. Virtualization therefore reshapes leakage through added latency and algorithm"
C1_container_perf,performance interference co-located containers,9,W3209811848,10.1145/3472883.3486971,George,2021,,conference-paper,31,closed,,"Online cloud services are widely deployed as Long-Running Applications (LRAs) hosted in containers. Placing LRA containers turns out to be particularly challenging due to the complex interference between co-located containers and the operation constraints in production clusters such as fault tolerance, disaster avoidance and incremental deployment. Existing schedulers typically provide APIs for operators to manually specify the container scheduling requirements and offer only qualitative scheduling guidelines for container placement. Such schedulers, do not perform well in terms of both performance and scale, while also requiring manual intervention."
C1_container_perf,cloud performance variability reproducible benchmarking,9,W7162714280,,Prediction of next day solar irradiance in Singapore by machine learning techniques,2026,DR-NTU (Nanyang Technological University),report,0,closed,,"The growing integration of photovoltaic systems into modern energy grids has elevated the importance of accurate solar irradiance forecasting as a means of optimizing energy management and improving grid stability. This study presents a comprehensive machine learning framework for predicting global horizontal irradiance and direct horizontal irradiance in Singapore using a high-resolution, 10 minute interval dataset sourced from the National Renewable Energy Laboratory, spanning three training years from 2018 to 2020 and an independent validation year of 2017. A structured pipeline was established encompassing data preprocessing, outlier removal, and multi-method feature selection through Pearson Correlation, LightGBM, Recursive Feature Elimination, and Logistic Regression, applied across an initial pool of 26 candidate variables. Seven machine learning models were trained and evaluated, namely Decision Tree, Random Forest, XGBoost, LightGBM, CatBoost, Support Vector Regression, K-Nearest Neighbors, and a Long Short-Term Memory neural network, with performance assessed using five metrics: MSE, RMSE, MAE, MAPE, and R² score. Random Forest consistently achieved the highest predictive accuracy across both irradiance targets, attaining R² scores of 0.9373 and 0.9223 for GHI and DHI respectively on the holdout validation set. Feature importance analysis revealed that Clearsky GHI, Solar Zenith Angle, and Cloud Type were the most influential predictors of GHI across the three top p"
C1_container_perf,performance interference co-located containers,10,W2883897563,10.1109/cloud.2018.00135,Virtual Network Functions as Real-Time Containers in Private Clouds,2018,,conference-paper,5,green,http://hdl.handle.net/11382/523470,"This paper presents preliminary results from our on-going research for ensuring stable performance of co-located distributed cloud services in a resource-efficient way. It is based on using a real-time CPU scheduling policy to achieve a fine-grain control of the temporal interferences among real-time services running in co-located containers. We present results obtained applying the method to a synthetic application running within LXC containers on Linux, where a modified kernel has been used that includes our real-time scheduling policy."
C1_container_perf,cloud performance variability reproducible benchmarking,10,W7133208425,10.15167/neri-alberto_phd2026-02-23,Registration Methods for Surgical Augmented Reality,2026,CINECA IRIS Institutial Research Information System (University of Genoa),dissertation,0,green,https://hdl.handle.net/11567/1287037,"Objective. Surgical safety remains a major challenge: even with the advent of minimally invasive surgery (MIS) and robotic systems, surgeons still rely heavily on their own experience to interpret preoperative images and mentally translate them into the operative field. In many procedures, particularly in laparoscopy, locating critical structures (e.g. vessels, tumours) is difficult, especially in altered anatomy, leading to longer operative times, increased cognitive load, and a higher risk of complications. Surgical augmented reality (AR) aims to alleviate these issues by overlaying preoperative 3D information onto the laparoscopic view, but this requires accurate (Target Registration Error (TRE) < 5-6mm) and robust registration under soft-tissue motion and deformation. This thesis addresses this need by developing and evaluating registration methods for surgical AR in laparoscopy, using only data available in a typical operating room setup (preoperative 3D models + laparoscopic video). It follows a stepwise path: establishing practical rigid baselines in realistic settings, building the foundations (benchmarks, datasets, and reconstruction tools) needed for deformable guidance, and finally proposing a patient-specific non-rigid approach for soft-tissue registration. Approach. We proceed in three parts. Part 1—Traditional rigid methods: We first investigate how far classic rigid methods can go in realistic settings. (i) A comparative study of human–computer interfaces for m"
C1_container_perf,docker container performance isolation measurement,10,W2290145093,10.2172/1195817,Review of Enabling Technologies to Facilitate Secure Compute Customization,2014,,report,0,green,https://www.osti.gov/biblio/1195817,"High performance computing environments are often used for a wide variety of workloads ranging from simulation, data transformation and analysis, and complex workflows to name just a few. These systems may process data for a variety of users, often requiring strong separation between job allocations. There are many challenges to establishing these secure enclaves within the shared infrastructure of high-performance computing (HPC) environments. The isolation mechanisms in the system software are the basic building blocks for enabling secure compute enclaves. There are a variety of approaches and the focus of this report is to review the different virtualization technologies that facilitate the creation of secure compute enclaves. The report reviews current operating system (OS) protection mechanisms and modern virtualization technologies to better understand the performance/isolation properties. We also examine the feasibility of running ``virtualized'' computing resources as non-privileged users, and providing controlled administrative permissions for standard users running within a virtualized context. Our examination includes technologies such as Linux containers (LXC [32], Docker [15]) and full virtualization (KVM [26], Xen [5]). We categorize these different approaches to virtualization into two broad groups: OS-level virtualization and system-level virtualization. The OS-level virtualization uses containers to allow a single OS kernel to be partitioned to create Virtual"
C1_container_perf,performance interference co-located containers,11,W4220938399,10.1145/3489525.3511677,Machine Learning based Interference Modelling in Cloud-Native Applications,2022,,conference-paper,7,closed,,"Cloud-native applications are often composed of lightweight containers and conform to the microservice architecture. Cloud providers offer platforms for container hosting and orchestration. These platforms reduce the level of support required from the application owner as operational tasks are delegated to the platform. Furthermore, containers belonging to different applications can be co-located on the same virtual machine to utilize resources more efficiently. Given that there are underlying shared resources and consequently potential performance interference, predicting the level of interference before deciding to share virtual machines can avoid undesirable performance deterioration. We propose a lightweight performance interference modelling technique for cloud-native microservices. The technique constructs ML models for response time prediction and can dynamically account for changing runtime conditions through the use of a sliding window method. We evaluate our technique against realistic microservices on AWS EC2. Our technique outperforms baseline and competing techniques in MAPE by at least 1.45% and at most 92.04%."
C1_container_perf,docker container performance isolation measurement,11,W2918502995,,Avaliação de um modelo para o gerenciamento de recursos em um ambiente IoT usando virtualização baseada em contêineres,2017,,dissertation,0,closed,,"The Internet of Things (IoT) is a paradigm where everyday devices are equipped with capabilities such as identification, sensing, connectivity and processing. New devices in this category are connected daily in residential, commercial, and academic networks. Provisioning of those device’s resources are challenging; therefore, it is often desirable to have a similar architecture at the endpoint device and data center. To overcome this situation, this paper evaluates the use of concepts already common in server environments, in IoT devices. It is well known that virtualization has solved several challenges in conventional infrastructures. Container virtualization is much lighter than virtualization using hypervisors, having proven to be a candidate to improve IoT, just as hypervisors have improved traditional architectures. In this sense, the model evaluated combines a container mechanism and a virtual switch. Thereby, the aim is to make the management of these devices more flexible, making easier reallocation and optimization of the resources in an IoT implementation. The purpose of this thesis was to measure the network behavior of devices commonly used in IoT, when submitted to the evaluated model. The experiments had focused on network behavior, seeking to consider important metrics to determine its performance, such as the delay introduced and the effective transfer rate of the system. The use of processing and memory resources were also measured, before and after the intr"
C1_container_perf,performance interference co-located containers,12,W4312068724,10.1109/sbac-pad55451.2022.00034,IntP: Quantifying cross-application interference via system-level instrumentation,2022,,conference-paper,3,green,https://repositorio.pucrs.br/dspace/bitstream/10923/24018/2/IntP_Quantifying_crossapplication_interference_via_systemlevel_instrumentation.pdf,"Large-scale container datacenters host tens of thousands of diverse container-wrapped applications each day improving resource usage and maintenance costs. However, resource contention-related interference between co-located applications can severely degrade performance, affecting the quality of service at the user level and compromising experience. Understanding the sources of noise that generates this interference and better managing how to consolidate applications to physical hosts can significantly improve resource usage and overall performance reducing costs for providers and users. This paper presents IntP-an open-source system-level monitoring tool, which analyses selected architectural counters and operating systems data structures to estimate the stress an application puts on each hardware's subsystem and consequently infer the potential interference it could generate in other applications hosted in the same physical machine. Different from state-of-the-art tools that apply a more high-level approach using micro benchmarks and application metrics, IntPs low level instrumentation enables a more accurate prediction of the performance degradation that results from contention on shared resources, with less monitoring overhead. This information can be used to optimize scheduling strategies, which will make datacenter more resource-efficient and cost-effective. To show examples on how to use this tool and validate its results we present three cases studies that applied Int"
C1_container_perf,docker container performance isolation measurement,12,W7172177967,,Modernización del sistema de supervisión mediante telemetría activa y el stack TIG,2026,UPCommons institutional repository (Universitat Politècnica de Catalunya),dissertation,0,green,https://hdl.handle.net/2117/472796,"This project addresses the comprehensive modernization of the supervision system for the CSUC's Anella Científica (Scientific Ring), a critical infrastructure that connects the academic and research community in Catalonia. The primary objective is to evolve from a traditional statistical monitoring model-limited by a reactive approach and low sampling frequencies-toward an advanced telemetry system capable of proactively auditing the actual traffic experience. The solution aims to provide scalable multi-tenant visibility for over one hundred institutions, obtaining accurate metrics for parameters such as latency and jitter, both of which are fundamental for high-performance research. The methodology employed is based on the design and deployment of the TIG technology stack (Telegraf, InfluxDB, and Grafana), orchestrated using Docker containers to guarantee the portability and scalability of the service. To validate the technical feasibility before moving to production, a virtual laboratory was built in the EVE-NG environment, faithfully replicating the hierarchical and redundant topology of the real network. Metric collection is carried out via a hybrid approach: by implementing custom Python probes, the system queries the core routers through SNMP to extract IP SLA operation data and, simultaneously, triggers active measurements using the standard TWAMP protocol (RFC 5357). Furthermore, a Python-based automation engine was developed to handle the bulk provisioning of clients"
C1_container_perf,performance interference co-located containers,13,W4396709391,10.1145/3629526.3645046,Disambiguating Performance Anomalies from Workload Changes in Cloud-Native Applications,2024,,conference-paper,4,closed,,"Modern cloud-native applications are adopting the microservice architecture in which applications are deployed in lightweight containers that run inside a virtual machine (VM). Containers running different services are often co-located inside the same virtual machine. While this enables better resource optimization, it can cause interference among applications. This can lead to performance degradation. Detecting the cause of performance degradation at runtime is crucial to decide the correct remediation action such as, but not limited to, scaling or migrating. We propose a non-intrusive detection technique that differentiates between degradation caused by load and by interference. First, we define an operational zone for the application. Then we define a disambiguation method that uses models to classify interference and normal load. In contrast to previous work, our proposed detection technique does not require intrusive application instrumentation and incurs minimal performance overhead. We demonstrate how we can design effective Machine Learning models that can be generalized to detect interference from different types of applications. We evaluate our technique using realistic microservice benchmarks on AWS EC2. The results show that our approach outperforms existing interference detection techniques in F_1 score by at least 2.75% and at most 53.86%."
C1_container_perf,performance interference co-located containers,14,W2583681556,10.5555/2591305.2591337,MultiLanes: providing virtualized storage for OS-level virtualization on many cores,2014,File and Storage Technologies,article,20,closed,,"OS-level virtualization is an efficient method for server consolidation. However, the sharing of kernel services among the co-located virtualized environments (VEs) incurs performance interference between each other. Especially, interference effects within the shared I/O stack would lead to severe performance degradations on many-core platforms incorporating fast storage technologies (e.g., non-volatile memories).This paper presents MultiLanes, a virtualized storage system for OS-level virtualization on many cores. Multi-Lanes builds an isolated I/O stack on top of a virtualized storage device for each VE to eliminate contention on kernel data structures and locks between them, thus scaling them to many cores. Moreover, the overhead of storage device virtualization is tuned to be negligible so that MultiLanes can deliver competitive performance against Linux. Apart from scalability, MultiLanes also delivers flexibility and security to all the VEs, as the virtualized storage device allows each VE to run its own guest file system.The evaluation of our prototype system built for Linux container (LXC) on a 16-core machine with a RAM disk demonstrates MultiLanes outperforms Linux by up to 11.32X and 11.75X in micro- and macro-benchmarks, and exhibits nearly linear scalability."
C1_container_perf,performance interference co-located containers,15,W3026782590,10.5220/0009349400690078,Performance Modeling in Predictable Cloud Computing,2020,,conference-paper,3,gold,https://doi.org/10.5220/0009349400690078,"This paper deals with the problem of performance stability of software running in shared virtualized infrastructures. The focus is on the ability to build an abstract performance model of containerized application components, where real-time scheduling at the CPU level, along with traffic shaping at the networking level, are used to limit the temporal interferences among co-located workloads, so as to obtain a predictable distributed computing platform. A model for a simple client-server application running in containers is used as a case-study, where an extensive experimental validation of the model is conducted over a testbed running a modified OpenStack on top of a custom real-time CPU scheduler in the Linux kernel."
C1_container_perf,performance interference co-located containers,16,W4318678664,10.1016/j.jisa.2023.103435,Service separation assisted DDoS attack mitigation in cloud targets,2023,Journal of Information Security and Applications,article,18,closed,,
C1_container_perf,performance interference co-located containers,17,W4401211907,10.1109/icccs61882.2024.10603358,Modeling Memory Bandwidth Interference in Cloud Data Centers via Deep Learning,2024,,conference-paper,2,closed,,"While large scale data centers have become more and more popular, performance interference among different workloads brings challenges to the guarantee of QoS. Although quite a number of studies have been made on handling such interference caused by resource sharing, there still lacks work on modeling the memory bandwidth interference which could obviously affect the workload performance. Due to the lack of isolation techniques on memory bandwidth and the dynamics of memory access patterns, workload interference on memory bandwidth is more complicated than the interference on other shared resources. In this paper, we propose a novel Memory Bandwidth Interference Model (MBIM) to estimate the interference of memory bandwidth in co-located cloud workloads. To capture the interference precisely, our MBIM harnesses the architectural structure of the workload deployment and utilizes micro-architectural metrics. Our MBIM consists of four parts: (1) Container static feature selection. (2) Dynamic load information integration. (3) Hierarchical information generation using multi-layer perceptron. (4) Memory bandwidth interference estimation model based on deep learning. Extensive experiments demonstrate that our MBIM can improve average accuracy by 14.9% in MSE, 10.7% in MAPE, and 6.7% in SMAPE of the estimated memory bandwidth interference. To the best of our knowledge, this is the first work of modeling memory bandwidth interference in cloud data centers."
C1_container_perf,performance interference co-located containers,18,W3210160855,10.1145/3472883.3486997,Mind the Gap,2021,,conference-paper,9,gold,https://dl.acm.org/doi/pdf/10.1145/3472883.3486997,"Containerization is becoming increasingly popular, but unfortunately, containers often fail to deliver the anticipated performance with the allocated resources. In this paper, we first demonstrate the performance variance and degradation are significant (by up to 5x) in a multi-tenant environment where containers are co-located. We then investigate the root cause of such performance degradation. Contrary to the common belief that such degradation is caused by resource contention and interference, we find that there is a gap between the amount of CPU a container reserves and actually gets. The root cause lies in the design choices of today's Linux scheduling mechanism, which we call Forced Runqueue Sharing and Phantom CPU Time. In fact, there are fundamental conflicts between the need to reserve CPU resources and Completely Fair Scheduler's work-conserving nature, and this contradiction prevents a container from fully utilizing its requested CPU resources. As a proof-of-concept, we implement a new resource configuration mechanism atop the widely used Kubernetes and Linux to demonstrate its potential benefits and shed light on future scheduler redesign. Our proof-of-concept, compared to the existing scheduler, improves the performance of both batch and interactive containerized apps by up to 5.6x and 13.7x."
C1_container_perf,performance interference co-located containers,19,W2953864002,10.4230/lipics.ecrts.2019.22,Enabling Containerisation of Distributed Applications with Real-Time Constraints,2019,DROPS (Schloss Dagstuhl – Leibniz Center for Informatics),article,6,green,https://drops.dagstuhl.de/entities/document/10.4230/LIPIcs.ECRTS.2019.22,"Containerisation is becoming a cornerstone of modern distributed systems, thanks to their lightweight virtualisation, high portability, and seamless integration with orchestration tools such as Kubernetes. The usage of containers has also gained traction in real-time cyber-physical systems, such as software-defined vehicles, which are characterised by strict timing requirements to ensure safety and performance. Nevertheless, ensuring real-time execution of co-located containers is challenging because of mutual interference due to the sharing of the same processing hardware. Existing parallel computing frameworks such as Ray and its Kubernetes-enabled variant, KubeRay, excel in distributed computation but lack support for scheduling policies that allow guaranteeing real-time timing constraints and CPU resource isolation between containers, such as the SCHED_DEADLINE policy of Linux. To fill this gap, this paper extends Ray to support real-time containers that leverage SCHED_DEADLINE. To this end, we propose KubeDeadline, a novel, modular Kubernetes extension to support SCHED_DEADLINE. We evaluate our approach through extensive experiments, using synthetic workloads and a case study based on the MobileNet and EfficientNet deep neural networks. Our evaluation shows that KubeDeadline ensures deadline compliance in all synthetic workloads, adds minimal deployment overhead (in the order of milliseconds), and achieves lower worst-case response times, up to 4 times lower, than vanill"
C1_container_perf,performance interference co-located containers,20,W3003630938,10.1109/icpads47876.2019.00028,Characterizing and Balancing the Workloads of Semi-Containerized Clouds,2019,,conference-paper,4,closed,,"With the development of Cloud computing, many applications are deployed on the Clouds (either public Clouds or private Clouds) for the elastic resource management. A key challenge here is satisfying the Quality-of-Service requirement of online services that requires short response time while maximizing the resource utilization. While applications should be co-located to improve the resource utilization, the co-location results in performance interference between the co-located applications that hurts the QoS of latency-sensitive services. To understand this problem in depth, we characterize and analyze the real business-level application co-location scenario based on the trace of an actual Cloud product released by Alibaba. Our observation shows that the datacenter suffers from severe load imbalance that often results in QoS violation of the online services on the servers with heavy workload. To balance the workload, we propose a scheduling algorithm based on the resource reservation and utilization of containers. Based on the comparison between the experiment and the existing operation results, the proposed algorithm reduces the standard deviation of the load on servers from 5.27 to 1.43 (CPU) and 9.83 to 1.93 (Memory)."
C1_container_perf,performance interference co-located containers,21,W2759408431,10.1109/cluster.2017.9,Dynamically Compiled Artifact Sharing for Clouds,2017,,conference-paper,4,closed,,"Platform as a Service (PaaS) clouds provide part of the hardware/software stack and related services to tenant applications. Increased load is handled elastically by scaling, which either modifies the number of instances an application has available on the cloud or increases their available resources. However, because all these instances run inside isolated containers, experience gained by the first instance of an application cannot be easily shared with subsequent scaled instances. This results in both increased startup time and response timeout errors for the scaled instances as well as increased performance interference for any co-located applications; reacquiring this experience is a time-consuming and resource-intensive process. We propose a scalable and secure technique to share dynamically compiled artifacts produced by the first execution instance of an application and otherwise created for intra-OS sharing only with subsequent scaled or restarted instances as a solution to these problems. Our solution abides by the usual PaaS limitations and uses a distributed and containerized cloud service, which we experimentally show to be scalable on a Docker Swarm running on top of a 6-VM cluster; also, we discuss the results of a usability survey for the service's GUI conducted with expert subjects. The effectiveness of the DCAS technique was experimentally tested on an isolated installation of the PaaS software Cloudy Foundry; we measured significant reductions in both the st"
C1_container_perf,performance interference co-located containers,22,W2889875298,10.1109/cloud.2018.00032,A Toolset for Detecting Containerized Application's Dependencies in CaaS Clouds,2018,,conference-paper,3,closed,,"There has been a dramatic increase in the popularity of Container as a Service (CaaS) clouds. The CaaS multi-tier applications could be optimized by using network topology, link or server load knowledge to choose the best endpoints to run in CaaS cloud. However, it is difficult to apply those optimizations to the public datacenter shared by multi-tenants. This is because of the opacity between the tenants and the datacenter providers: Providers have no insight into tenant's container workloads and dependencies, while tenants have no clue about the underlying network topology, link, and load. As a result, containers might be booted at wrong physical nodes that lead to performance degradation due to bi-section bandwidth bottleneck or co-located container interference. We propose 'DocMan', a toolset that adopts a black-box approach to discover container ensembles and collect information about intra-ensemble container interactions. It uses a combination of techniques such as distance identification and hierarchical clustering. The experimental results demonstrate that DocMan enables optimized containers placement to reduce the stress on bi-section bandwidth of the datacenter's network. The method can detect container ensembles at low cost and with 92% accuracy and significantly improve performance for multi-tier applications under the best of circumstances."
C1_container_perf,performance interference co-located containers,23,W3206913473,10.1002/cpe.6666,ScaleReactor: A graceful performance isolation agent with interference detection and investigation for container‐based scale‐out workloads,2021,Concurrency and Computation Practice and Experience,article,0,closed,,"Summary Striking a balance between improved cluster utilization and guaranteed application QoS is a long‐standing research problem in multi‐tenants shared cluster. The typical solution is to detect performance degradation and investigate the root cause to conduct performance isolation. Existing efforts rely on lots of prior knowledge of applications and the assumption of interference‐free workload placement is possible. Performance interference is usually mitigated through application‐level approaches such as centralized rescheduling, which is usually an hindsight and a waste of resources. In this article, we present ScaleReactor, a graceful runtime agent on a per node basis that decouples the performance isolation from centralized resource management, and migrates the performance interference of scale‐out workloads in container‐based cluster using a lightweight black‐box approach. ScaleReactor analyzes the degree of contention for multi‐dimensional resources among co‐located workloads to detect the performance degradation without additional prior information, and uses correlation analysis to locate the cause of contention, while isolating resources in a graceful manner to reduce system overhead and the performance degradation of intrusive workloads. Experiments have demonstrated that ScaleReactor effectively reduces the job completion time of scale‐out applications in shared clusters, with the maximum value up to 36% and low system overhead against the existing isolation mec"
C1_container_perf,performance interference co-located containers,25,W7119445992,,Agendamento de contêiner ciente da QoE para aplicações em nuvem co-localizados,2021,LA Referencia (Red Federada de Repositorios Institucionales de Publicaciones Científicas),dissertation,0,closed,,"Cloud computing has been successful in providing computing resources to deploy highly available applications for multiple content providers (cloud customers). In this case, to improve resource usage, the cloud provider tends to share its computing resources between different customers, co-locating applications on the same server. However, co-located applications generate interference with each other, which can cause degradation of the applications. Furthermore, each application demands a different type of resource and performance, which makes resource management even more complex. To mitigate this, the container scheduling process uses metrics based on Quality of Service (QoS), which are pre-established and specified in the Service Level Objectives (SLO). However, for applications where users' experience is important and measurable, QoS-based SLO is insufficient to guarantee end-users good Quality of Experience (QoE). This is because the QoS metrics do not correctly reflect the users' experience.The proposal of this dissertation deals with this problem, proposing a QoE-aware container scheduler/rescheduler in an environment where applications are co-located. To that end, we propose a new approach that considers cloud metrics to estimate the QoE that the cloud can offer. Furthermore, we propose using QoE as a performance metric in SLO and an algorithm that uses QoE estimation to perform the container scheduling/rescheduling. Finally, we carried out an experimental evaluation o"
C2_time_prediction,query execution time prediction machine learning,1,W2109907545,10.1109/icde.2013.6544899,Predicting query execution time: Are optimizer cost models really unusable?,2013,,conference-paper,156,closed,,"Predicting query execution time is useful in many database management issues including admission control, query scheduling, progress monitoring, and system sizing. Recently the research community has been exploring the use of statistical machine learning approaches to build predictive models for this task. An implicit assumption behind this work is that the cost models used by query optimizers are insufficient for query execution time prediction. In this paper we challenge this assumption and show while the simple approach of scaling the optimizer's estimated cost indeed fails, a properly calibrated optimizer cost model is surprisingly effective. However, even a well-tuned optimizer cost model will fail in the presence of errors in cardinality estimates. Accordingly we investigate the novel idea of spending extra resources to refine estimates for the query plan after it has been chosen by the optimizer but before execution. In our experiments we find that a well calibrated query optimizer model along with cardinality estimation refinement provides a low overhead way to provide estimates that are always competitive and often much better than the best reported numbers from the machine learning approaches."
C2_time_prediction,microservice tail latency prediction,1,W2967691202,10.1109/ic2e.2019.00034,Predicting the End-to-End Tail Latency of Containerized Microservices in the Cloud,2019,,conference-paper,53,closed,,"Large-scale web services are increasingly adopting cloud-native principles of application design to better utilize the advantages of cloud computing. This involves building an application using many loosely coupled service-specific components (microservices) that communicate via lightweight APIs, and utilizing containerization technologies to deploy, update, and scale these microservices quickly and independently. However, managing the end-to-end tail latency of requests flowing through the microservices is challenging in the absence of accurate performance models that can capture the complex interplay of microservice workflows with cloudinduced performance variability and inter-service performance dependencies. In this paper, we present performance characterization and modeling of containerized microservices in the cloud. Our modeling approach aims at enabling cloud platforms to combine resource usage metrics collected from multiple layers of the cloud environment, and apply machine learning techniques to predict the end-to-end tail latency of microservice workflows. We implemented and evaluated our modeling approach on NSF Cloud's Chameleon testbed using KVM for virtualization, Docker Engine for containerization and Kubernetes for container orchestration. Experimental results with an open-source microservices benchmark, Sock Shop, show that our modeling approach achieves high prediction accuracy even in the presence of multi-tenant performance interference."
C2_time_prediction,service time prediction heterogeneous nodes,1,W2510253580,10.1002/sec.1582,A speculative approach to spatial‐temporal efficiency with multi‐objective optimization in a heterogeneous cloud environment,2016,Security and Communication Networks,article,205,green,https://napier-surface.worktribe.com/451187/1/A%20Speculative%20Approach%20to%20Spatial-Temporal%20Efficiency%20with%20Multi-Objective%20Optimisation%20in%20a%20Heterogeneous%20Cloud%20Environment,"Abstract A heterogeneous cloud system, for example, a Hadoop 2.6.0 platform, provides distributed but cohesive services with rich features on large‐scale management, reliability, and error tolerance. As big data processing is concerned, newly built cloud clusters meet the challenges of performance optimization focusing on faster task execution and more efficient usage of computing resources. Presently proposed approaches concentrate on temporal improvement, that is, shortening MapReduce time, but seldom focus on storage occupation; however, unbalanced cloud storage strategies could exhaust those nodes with heavy MapReduce cycles and further challenge the security and stability of the entire cluster. In this paper, an adaptive method is presented aiming at spatial–temporal efficiency in a heterogeneous cloud environment. A prediction model based on an optimized Kernel‐based Extreme Learning Machine algorithm is proposed for faster forecast of job execution duration and space occupation, which consequently facilitates the process of task scheduling through a multi‐objective algorithm called time and space optimized NSGA‐II (TS‐NSGA‐II). Experiment results have shown that compared with the original load‐balancing scheme, our approach can save approximate 47–55 s averagely on each task execution. Simultaneously, 1.254‰ of differences on hard disk occupation were made among all scheduled reducers, which achieves 26.6%improvement over the original scheme. Copyright © 2016 John Wile"
C2_time_prediction,job runtime prediction cluster scheduling machine learning,1,W2604858411,10.1007/s11227-017-2038-2,Runtime prediction of parallel applications with workload-aware clustering,2017,The Journal of Supercomputing,article,28,closed,,
C2_time_prediction,query execution time prediction machine learning,2,W2103702871,10.14778/2536206.2536219,Towards predicting query execution time for concurrent and dynamic database workloads,2013,Proceedings of the VLDB Endowment,article,90,closed,,"Predicting query execution time is crucial for many database management tasks including admission control, query scheduling, and progress monitoring. While a number of recent papers have explored this problem, the bulk of the existing work either considers prediction for a single query, or prediction for a static workload of concurrent queries, where by ""static"" we mean that the queries to be run are fixed and known. In this paper, we consider the more general problem of dynamic concurrent workloads. Unlike most previous work on query execution time prediction, our proposed framework is based on analytic modeling rather than machine learning. We first use the optimizer's cost model to estimate the I/O and CPU requirements for each pipeline of each query in isolation, and then use a combination queueing model and buffer pool model that merges the I/O and CPU requests from concurrent queries to predict running times. We compare the proposed approach with a machine-learning based approach that is a variant of previous work. Our experiments show that our analytic-model based approach can lead to competitive and often better prediction accuracy than its machine-learning based counterpart."
C2_time_prediction,microservice tail latency prediction,2,W4417100020,10.48550/arxiv.2508.01635,Reliable Microservice Tail Latency Prediction via Decoupled Dual-Stream Learning and Gradient Modulation,2025,arXiv (Cornell University),preprint,1,green,https://arxiv.org/pdf/2508.01635,"Microservice architectures enable scalable cloud-native applications; however, the distributed nature of these systems complicates the maintenance of strict Service Level Objectives. Accurately predicting window-level P95 tail latency remains difficult due to the complex interactions between software workload propagation and infrastructure resource limits. Existing predictive models struggle to capture these dynamics because the lack of explicit separation between traffic metrics and resource metrics causes misaligned feature representations. Building on this suboptimal data treatment, the unified architectures of prior approaches fail to isolate cascading service dependencies from localized processing capacity. Due to this entanglement, joint training suffers from an optimization imbalance wherein resource features converge faster and dominate gradient updates, thereby preventing the learning of underlying software topologies. To address these challenges, we propose USRFNet, a dual-stream framework that separates the modeling of demand and capacity. The proposed framework utilizes a Graph Neural Network to model the spatial interactions of traffic workloads across software-level service dependencies, and a gating MLP to independently extract infrastructure-level resource dynamics. The model then integrates these representations through hierarchical tensor fusion. To resolve the training imbalance, we introduce a Reliability-Aware Gradient Modulation strategy that dynamically"
C2_time_prediction,service time prediction heterogeneous nodes,2,W4385356922,10.1007/s10489-023-04804-0,Network alignment and link prediction using event-based embedding in aligned heterogeneous dynamic social networks,2023,Applied Intelligence,article,8,closed,,
C2_time_prediction,job runtime prediction cluster scheduling machine learning,2,W3048021565,10.1145/3407947.3407968,Runtime prediction of high-performance computing jobs based on ensemble learning,2020,,conference-paper,16,closed,,"In high-performance computing job scheduling systems, to accurate predict the job runtime can effectively utilize the idle resource fragments generated during cluster computing as well as backfill them for improving scheduling performance. Because the runtime of high-performance computing jobs are affected by many factors thus are complicated non-linear problem. The ensemble machine learning method is used to predict the runtime of jobs in cluster computing. By comparing the prediction results of different models on the job log data sets from three real high-performance computing systems, it is found that the LightGBM algorithm has higher prediction accuracy, faster computation speed, shorter training time of the model and achieve better overall performance."
C2_time_prediction,query execution time prediction machine learning,3,W2092311917,10.1109/wi-iat.2014.43,A Machine Learning Approach to SPARQL Query Performance Prediction,2014,2014 IEEE/WIC/ACM International Joint Conferences on Web Intelligence (WI) and Intelligent Agent Technologies (IAT),conference-paper,41,closed,,"In this paper we address the problem of predicting SPARQL query performance. We use machine learning techniques to learn SPARQL query performance from previously executed queries. Traditional approaches for estimating SPARQL query cost are based on statistics about the underlying data. However, in many use-cases involving querying Linked Data, statistics about the underlying data are often missing. Our approach does not require any statistics about the underlying RDF data, which makes it ideal for the Linked Data scenario. We show how to model SPARQL queries as feature vectors, and use k-nearest neighbors regression and Support Vector Machine with the nu-SVR kernel to accurately predict SPARQL query execution time."
C2_time_prediction,microservice tail latency prediction,3,W4380536686,10.3390/math11122675,Toward Optimal Load Prediction and Customizable Autoscaling Scheme for Kubernetes,2023,Mathematics,article,28,gold,https://www.mdpi.com/2227-7390/11/12/2675/pdf?version=1686645006,"Most enterprise customers now choose to divide a large monolithic service into large numbers of loosely-coupled, specialized microservices, which can be developed and deployed separately. Docker, as a light-weight virtualization technology, has been widely adopted to support diverse microservices. At the moment, Kubernetes is a portable, extensible, and open-source orchestration platform for managing these containerized microservice applications. To adapt to frequently changing user requests, it offers an automated scaling method, Horizontal Pod Autoscaler (HPA), that can scale itself based on the system’s current workload. The native reactive auto-scaling method, however, is unable to foresee the system workload scenario in the future to complete proactive scaling, leading to QoS (quality of service) violations, long tail latency, and insufficient server resource usage. In this paper, we suggest a new proactive scaling scheme based on deep learning approaches to make up for HPA’s inadequacies as the default autoscaler in Kubernetes. After meticulous experimental evaluation and comparative analysis, we use the Gated Recurrent Unit (GRU) model with higher prediction accuracy and efficiency as the prediction model, supplemented by a stability window mechanism to improve the accuracy and stability of the prediction model. Finally, with the third-party custom autoscaling framework, Custom Pod Autoscaler (CPA), we packaged our custom autoscaling algorithm into a framework and depl"
C2_time_prediction,service time prediction heterogeneous nodes,3,W2800758946,10.1145/3213299.3213302,Heterogeneous data reduction in WSN,2018,,conference-paper,8,closed,,"The transformation of existing power grids into Smart Grids (SGs) aims to facilitate grid energy automation for a better quality of service by providing fault tolerance and integrating renewable energy resources in the power market. This evolution towards a smarter electricity grid requires the ability to transmit in real time a maximum of data on the network usage. A Wireless Sensor Network (WSN) distributed across the power grid is a promising solution, given the reduced cost and ease of deployment of such networks. These advantages come up against the unstable radio links and limited resources of WSN. In order to reduce the amount of data sent over the network, and thus reduce energy consumption, data prediction is a potent solution of data reduction. It consists on predicting the values sensed by sensor nodes within certain error threshold, and resides both at the sensors and at the sink. The raw data is sent only if the desired accuracy is not satisfied, thereby reducing data transmission. We focus on time series estimation with Least Mean Square (LMS) for data prediction in WSN, in a Smart Grid context, where several applications with different data types and Quality of Service (QoS) requirements will exist on the same network. LMS proved its simplicity and robustness for a wide variety of applications, but the parameters selection (step size and filter length) can directly affect its global performance, choosing the right ones is then crucial. Having no clear and robus"
C2_time_prediction,job runtime prediction cluster scheduling machine learning,3,W2759085228,10.48550/arxiv.1802.04819,SLAQ: Quality-Driven Scheduling for Distributed Machine Learning,2018,arXiv (Cornell University),preprint,15,green,https://arxiv.org/pdf/1802.04819,"Training machine learning (ML) models with large datasets can incur significant resource contention on shared clusters. This training typically involves many iterations that continually improve the quality of the model. Yet in exploratory settings, better models can be obtained faster by directing resources to jobs with the most potential for improvement. We describe SLAQ, a cluster scheduling system for approximate ML training jobs that aims to maximize the overall job quality. When allocating cluster resources, SLAQ explores the quality-runtime trade-offs across multiple jobs to maximize system-wide quality improvement. To do so, SLAQ leverages the iterative nature of ML training algorithms, by collecting quality and resource usage information from concurrent jobs, and then generating highly-tailored quality-improvement predictions for future iterations. Experiments show that SLAQ achieves an average quality improvement of up to 73% and an average delay reduction of up to 44% on a large set of ML training jobs, compared to resource fairness schedulers."
C2_time_prediction,query execution time prediction machine learning,4,W2766220942,10.1007/s11280-017-0498-1,Learning-based SPARQL query performance modeling and prediction,2017,World Wide Web,article,28,green,http://eprints.hud.ac.uk/id/eprint/34182/1/wwwj_wei_2017.pdf,
C2_time_prediction,microservice tail latency prediction,4,W4293731856,10.1109/tpds.2022.3202493,QoS-Aware Co-Scheduling for Distributed Long-Running Applications on Shared Clusters,2022,IEEE Transactions on Parallel and Distributed Systems,article,36,hybrid,https://ieeexplore.ieee.org/ielx7/71/9790018/09869329.pdf,"To achieve a high degree of resource utilization, production clusters need to co-schedule diverse workloads – including both batch analytic jobs with short-lived tasks and long-running applications (LRAs) that execute for a long time frame from hours to months – onto the shared resources. Microservice architecture advances the manifestation of distributed LRAs (DLRAs), comprising multiple interconnected microservices that are executed in long-lived distributed containers and serve massive user requests. Detecting and mitigating QoS violation become even more intractable due to the network uncertainties and latency propagation across dependent microservices. However, current resource managers are only responsible for resource allocation among applications/jobs but agnostic to runtime QoS such as latency at application level. The state-of-the-art QoS-aware scheduling approaches are dedicated for monolithic applications, without considering the temporal-spatio performance variability across distributed microservices. In this paper, we presentToposch, a new scheduling and execution framework to prioritize the QoS of DLRAs whilst balancing the performance of batch jobs and maintaining high cluster utilization through harvesting idle resources.Toposchtracks footprints of every single request across microservices and uses critical path analysis, based on the end-to-end latency graph, to identify microservices that have high risk of QoS violation. Based on microservice and node level"
C2_time_prediction,service time prediction heterogeneous nodes,4,W4320169017,10.1016/j.comnet.2023.109582,Service Function Chains multi-resource orchestration in Virtual Mobile Edge Computing,2023,Computer Networks,article,13,green,https://hal.science/hal-04173963v1/file/S1389128623000270.pdf,
C2_time_prediction,job runtime prediction cluster scheduling machine learning,4,W4321597484,10.1007/s42514-023-00137-z,Optimizing job scheduling by using broad learning to predict execution times on HPC clusters,2023,CCF Transactions on High Performance Computing,article,10,green,https://figshare.com/articles/journal_contribution/Optimizing_job_scheduling_by_using_broad_learning_to_predict_execution_times_on_HPC_clusters/26973538,
C2_time_prediction,query execution time prediction machine learning,5,W4205618162,10.3390/sym14010055,Execution Time Prediction for Cypher Queries in the Neo4j Database Using a Learning Approach,2022,Symmetry,article,8,gold,https://www.mdpi.com/2073-8994/14/1/55/pdf?version=1641028315,"With database management systems becoming complex, predicting the execution time of graph queries before they are executed is one of the challenges for query scheduling, workload management, resource allocation, and progress monitoring. Through the comparison of query performance prediction methods, existing research works have solved such problems in traditional SQL queries, but they cannot be directly applied in Cypher queries on the Neo4j database. Additionally, most query performance prediction methods focus on measuring the relationship between correlation coefficients and retrieval performance. Inspired by machine-learning methods and graph query optimization technologies, we used the RBF neural network as a prediction model to train and predict the execution time of Cypher queries. Meanwhile, the corresponding query pattern features, graph data features, and query plan features were fused together and then used to train our prediction models. Furthermore, we also deployed a monitor node and designed a Cypher query benchmark for the database clusters to obtain the query plan information and native data store. The experimental results of four benchmarks showed that the average mean relative error of the RBF model reached 16.5% in the Northwind dataset, 12% in the FIFA2021 dataset, and 16.25% in the CORD-19 dataset. This experiment proves the effectiveness of our proposed approach on three real-world datasets."
C2_time_prediction,microservice tail latency prediction,5,W7160063390,10.63090/ijtrs/3139.1788.0008,Cloud-Native AI Workloads Using Microservice Architectures,2026,International Journal of Technical Research Studies (IJTRS),article,1,hybrid,https://doi.org/10.63090/ijtrs/3139.1788.0008,"Production machine learning systems often run as monolithic applications where data preprocessing, model inference, and post-processing share a single container and scale as a unit. This coupling wastes compute resources when workloads are heterogeneous a GPU-bound inference stage idles CPU-bound preprocessing capacity, and vice versa. This paper presents a microservice architecture deployed on Kubernetes that decomposes an ML serving pipeline into six independently scalable services: API Gateway, Model Registry, Feature Store, Inference Engine (NVIDIA Triton), Training Pipeline, and Monitoring. Experiments on a five-node cluster with three workloads (ResNet-50 image classification, BERT-base text classification, XGBoost tabular prediction) show that the microservice design achieves 3.2× the peak throughput of an equivalent monolithic Flask deployment under 10× bursty loads. Tail latency (p99) drops by 45%, and GPU utilisation increases from 52% to 78%. Horizontal Pod Autoscaler (HPA) driven by inference-queue-depth metrics provisions additional pods within 18 seconds of load onset, containing throughput degradation to under 5% during burst transients."
C2_time_prediction,service time prediction heterogeneous nodes,5,W2341037447,,A Light-weight Data Replication for Cloud DataCenters Environment,2014,International Journal of Innovative Research in Computer and Communication Engineering,article,43,closed,,"Unlike traditional high performance computing environment, such as cluster and supercomputers, the cloud computing is a collection of interconnected and virtualized computing resources that are managed to be one unified highperformance computing power. However, the Cloud environment constitutes a heterogeneous and a highly dynamic environment. Failures on the data centers nodes are normal rather because of the large scale of physical resources and data. As a result, the cloud environment requires an efficient adaptive data replication management in order to cope with the inherent characteristic of the Cloud environment. In this paper, we propose a data replication strategy which adaptively selects the data files for replication in order to improve the overall reliability of the system and to meet the required quality of services. Further, the proposed strategy decides dynamically the number of replicas as well as the effective data nodes for replication. The popular data files are selected for replication based on employing a lightweight time-series technique, which analyzes the recent pattern of data files requests, and provides predictions for the future data requests.Experimental results show that the proposed strategy behaves effectively to improve the reliability of the Cloud system under study."
C2_time_prediction,job runtime prediction cluster scheduling machine learning,5,W4320473129,10.1016/j.jpdc.2023.01.001,Exploring job running path to predict runtime on multiple production supercomputers,2023,Journal of Parallel and Distributed Computing,article,15,closed,,
C2_time_prediction,query execution time prediction machine learning,6,W2473616924,10.4316/aece.2015.03005,Application of Machine Learning Algorithms for the Query Performance Prediction,2015,Advances in Electrical and Computer Engineering,article,8,gold,https://doi.org/10.4316/aece.2015.03005,"This paper analyzes the relationship between the system load/throughput and the query response time in a real Online transaction processing (OLTP) system environment. Although OLTP systems are characterized by short transactions, which normally entail high availability and consistent short response times, the need for operational reporting may jeopardize these objectives. We suggest a new approach to performance prediction for concurrent database workloads, based on the system state vector which consists of 36 attributes. There is no bias to the importance of certain attributes, but the machine learning methods are used to determine which attributes better describe the behavior of the particular database server and how to model that system. During the learning phase, the system's profile is created using multiple reference queries, which are selected to represent frequent business processes. The possibility of the accurate response time prediction may be a foundation for automated decision-making for database (DB) query scheduling. Possible applications of the proposed method include adaptive resource allocation, quality of service (QoS) management or real-time dynamic query scheduling (e.g. estimation of the optimal moment for a complex query execution)."
C2_time_prediction,microservice tail latency prediction,6,W7159734352,,STLGT: A Scalable Trace-Based Linear Graph Transformer for Tail Latency Prediction in Microservices,2026,arXiv (Cornell University),preprint,0,green,https://arxiv.org/pdf/2604.26422,"Accurate end-to-end tail-latency forecasting is critical for proactive SLO management in microservice systems. However, modeling long-range dependency propagation and non-stationary, bursty workloads while maintaining inference efficiency at scale remains challenging. We present STLGT (Scalable Trace-based Linear Graph Transformer), a per-API predictor that encodes traces as span graphs for multi-step p95 tail-latency forecasting. STLGT uses a structure-aware linear graph Transformer to propagate cross-service dependencies with inference time linear in span graph size, and a decoupled temporal module to capture workload dynamics. Across a personalized education microservice application, DeathStarBench, and Alibaba traces, STLGT improves forecasting accuracy over PERT-GNN by 8.5% MAPE on average and achieves up to 12x faster CPU inference at N=32, matching the maximum span graph size after preprocessing the Alibaba traces. Ablation studies further demonstrate the effectiveness of each component, especially under bursty traffic."
C2_time_prediction,service time prediction heterogeneous nodes,6,W3134506101,10.1038/s41598-021-85255-w,Leveraging graph-based hierarchical medical entity embedding for healthcare applications,2021,Scientific Reports,article,32,gold,https://www.nature.com/articles/s41598-021-85255-w.pdf,"Automatic representation learning of key entities in electronic health record (EHR) data is a critical step for healthcare data mining that turns heterogeneous medical records into structured and actionable information. Here we propose ME2Vec, an algorithmic framework for learning continuous low-dimensional embedding vectors of the most common entities in EHR: medical services, doctors, and patients. ME2Vec features a hierarchical structure that encapsulates different node embedding schemes to cater for the unique characteristic of each medical entity. To embed medical services, we employ a biased-random-walk-based node embedding that leverages the irregular time intervals of medical services in EHR to embody their relative importance. To embed doctors and patients, we adhere to the principle ""it's what you do that defines you"" and derive their embeddings based on their interactions with other types of entities through graph neural network and proximity-preserving network embedding, respectively. Using real-world clinical data, we demonstrate the efficacy of ME2Vec over competitive baselines on diagnosis prediction, readmission prediction, as well as recommending doctors to patients based on their medical conditions. In addition, medical service embeddings pretrained using ME2Vec can substantially improve the performance of sequential models in predicting patients clinical outcomes. Overall, ME2Vec can serve as a general-purpose representation learning algorithm for EHR data "
C2_time_prediction,job runtime prediction cluster scheduling machine learning,6,W3203076171,10.1145/3472456.3473521,PREP: Predicting Job Runtime with Job Running Path on Supercomputers,2021,,conference-paper,10,closed,,"Supercomputers serve a lot of parallel jobs by scheduling jobs and allocating computing resources. One popular scheduling strategy is First Come First Serve (FCFS). However, there are always some idle resources not being effectively utilized, since they are not enough and are reserved for the head job in the waiting queue. To improve resource utilization, a common solution is to use backfilling, which allocates the reserved computing resources to a small, short job selected from the queue, on the premise of not delaying the original head job. Unfortunately, the estimated job runtime provided by users is often overestimated. Previous studies extract features from historical job logs and predict runtime based on machine learning. However, traditional features (e.g. CPU, user, submitting time, etc.) are insufficient to describe the characteristics of jobs. In this paper, we propose a novel runtime prediction framework called PREP. It explores a new feature named job running path, which encodes important implications about the job’s characteristics, such as the project it belongs to, data sets and parameters it uses, etc. As there is a strong correlation between job runtime and its running path. PREP groups jobs into separate clusters according to their running paths and trains a runtime prediction model for each job cluster. Final results demonstrate that adding the new feature can achieve high prediction accuracy of 88% and has a better prediction effect than other methods, suc"
C2_time_prediction,query execution time prediction machine learning,7,W2014294093,10.1109/icdew.2012.66,"Same Queries, Different Data: Can We Predict Runtime Performance?",2012,,conference-paper,32,closed,,"We consider MapReduce workloads that are produced by analytics applications. In contrast to ad hoc query workloads, analytics applications are comprised of fixed data flows that are run over newly arriving data sets or on different portions of an existing data set. Examples of such workloads include document analysis/indexing, social media analytics, and ETL (Extract Transform Load). Motivated by these workloads, we propose a technique that predicts the runtime performance for a fixed set of queries running over varying input data sets. Our prediction technique splits each query into several segments where each segment's performance is estimated using machine learning models. These per-segment estimates are plugged into a global analytical model to predict the overall query runtime. Our approach uses minimal statistics about the input data sets (e.g., tuple size, cardinality), which are complemented with historical information about prior query executions (e.g., execution time). We analyze the accuracy of predictions for several segment granularities on both standard analytical benchmarks such as TPC-DS [17], and on several real workloads. We obtain less than 25% prediction errors for 90% of predictions."
C2_time_prediction,service time prediction heterogeneous nodes,7,W4389777920,10.1007/s11276-023-03603-2,Prediction of middle box-based attacks in Internet of Healthcare Things using ranking subsets and convolutional neural network,2023,Wireless Networks,article,22,closed,,
C2_time_prediction,job runtime prediction cluster scheduling machine learning,7,W3009370840,10.23919/cnsm46954.2019.9012752,Quick Execution Time Predictions for Spark Applications,2019,,conference-paper,28,closed,,"The Apache Spark cluster computing platform is being increasingly used to develop big data analytics applications. There are many scenarios that require quick estimates of the execution time of any given Spark application. For example, users and operators of a Spark cluster often require quick insights on how the execution time of an application is likely to be impacted by the resources allocated to the application, e.g., the number of Spark executor cores assigned, and the size of the data to be processed. Job schedulers can benefit from fast estimates at runtime that would allow them to quickly conFigure a Spark application for a desired execution time using the least amount of resources. While others have developed models to predict the execution time of Spark applications, such models typically require extensive prior executions of applications under various resource allocation settings and data sizes. Consequently, these techniques are not suited for situations where quick predictions are required and very little cluster resources are available for the experimentation needed to build a model. This paper proposes an alternative approach called PERIDOT that addresses this limitation. The approach involves executing a given application under a fixed resource allocation setting with two different-sized, small subsets of its input data. It analyzes logs from these two executions to estimate the dependencies between internal stages in the application. Information on these depe"
C2_time_prediction,query execution time prediction machine learning,8,W2516525109,10.1109/nvmsa.2016.7547186,Lynx: a learning linux prefetching mechanism for SSD performance model,2016,,conference-paper,40,closed,,"Traditional Linux prefetching algorithms were based on spatial locality of I/O workloads and performance model of hard disk drives. From the applicative point of view, current data-intensive applications I/O workloads are turning towards more random patterns while from the storage device perspective, flash based storage devices present a different performance model than HDDs. In this work, we present a new prefetching mechanism named Lynx. Lynx aims to adapt and/or complement the Linux read-ahead prefetching system for both SSD performance model and new applications needs. Lynx uses a simple machine learning system based on Markov chains. The learning phase detects I/O workload patterns and computes the transition probabilities between file pages. The prediction phase prefetchs predicted file pages with the resulting Markov statemachine. We have implemented our solution and integrated it into the Linux kernel. We experimented our solution using the TPCH benchmark. The results show that Lynx divides the number of page cache misses (major page faults) by 2 on average and thus reduces TPC-H queries execution time by 50% as compared to traditional Linux read-ahead."
C2_time_prediction,microservice tail latency prediction,8,W4401211672,10.1109/isca59077.2024.00040,SmartOClock: Workload- and Risk-Aware Overclocking in the Cloud,2024,,conference-paper,12,closed,,"Operating server components beyond their voltage and power design limit (i.e., overclocking) enables improving performance and lowering cost for cloud workloads. However, overclocking can significantly degrade component lifetime, increase power draw, and cause power capping events, eventually diminishing the performance benefits. In this paper, we characterize the impact of overclocking on cloud workloads by studying their profiles from production deployments. Based on the characterization insights, we propose SmartOClock, the first distributed overclocking management platform specifically designed for cloud environments. SmartOClock is a workload-aware scheme that relies on power predictions to heterogeneously distribute the power budgets across its servers based on their needs and then enforce budget compliance locally, per-server, in a decentralized manner. SmartOClock reduces the tail latency by 9%, application cost by 30% and total energy consumption by 10% for latencysensitive microservices on a 36-server deployment. Simulation analysis using production traces show that SmartOClock reduces the number of power capping events by up to 95% while increasing the overclocking success rate by up to 62%. We also describe lessons from building a first-of-its-kind overclockable cluster in Microsoft Azure for production experiments."
C2_time_prediction,service time prediction heterogeneous nodes,8,W4313473164,10.3390/math11010156,Quantum Inspired Task Optimization for IoT Edge Fog Computing Environment,2022,Mathematics,article,24,gold,https://www.mdpi.com/2227-7390/11/1/156/pdf?version=1675071005,"IoT-Edge-Fog Computing presents a trio-logical model for decentralized computing in a time-sensitive manner. However, to address the rising need for real-time information processing and decision modeling, task allocation among dispersed Edge Computing nodes has been a major challenge. State-of-the-art task allocation techniques such as Min–Max, Minimum Completion time, and Round Robin perform task allocation, butv several limitations persist including large energy consumption, delay, and error rate. Henceforth, the current work provides a Quantum Computing-inspired optimization technique for efficient task allocation in an Edge Computing environment for real-time IoT applications. Furthermore, the QC-Neural Network Model is employed for predicting optimal computing nodes for delivering real-time services. To acquire the performance enhancement, simulations were performed by employing 6, 10, 14, and 20 Edge nodes at different times to schedule more than 600 heterogeneous tasks. Empirical results show that an average improvement of 5.02% was registered for prediction efficiency. Similarly, the error reduction of 2.03% was acquired in comparison to state-of-the-art techniques."
C2_time_prediction,job runtime prediction cluster scheduling machine learning,8,W3200935709,10.1007/978-3-030-87571-8_14,Online Runtime Prediction Method for Distributed Iterative Jobs,2021,Lecture notes in computer science,conference-paper,2,closed,,
C2_time_prediction,query execution time prediction machine learning,9,W2896137195,10.1145/3277593.3277598,A learning approach for query planning on spatio-temporal IoT data,2018,,conference-paper,8,closed,,"The ever-increasing growth of the Internet of Things (IoT) has attracted a considerable amount of research attention from the Semantic Web community in order to address the challenge of poor interoperability. However, our survey of research work has shown that the goal of providing an intelligent processing and analysis engine for IoT has still not been fully achieved. Central to this problem is the requirement for a semantic spatio-temporal query processing engine that is able to not only analyze spatio-temporal correlations in a massive amount of IoT data, but that can also generate an effective query plan for a given query to execute in a timely manner. Needless to say, query planning for the multidimensional data like IoT is a costly operation. The most known techniques are either based on the cost model or by using spatio-temporal data statistics and heuristics. In this paper, we propose an alternative solution that uses query similarity identification in conjunction with machine learning techniques to recommend a previously generated query plan to the optimizer for a given query. Our approach also aims to predict the query execution time for the purposes of workload management and capacity planning. Our extensive experiments indicate the efficiency of our learning approach with an impressive prediction accuracy on test queries."
C2_time_prediction,microservice tail latency prediction,9,W4417293130,10.63282/3117-5481/aijcst-v3i5p101,Enhancing the Reliability of Cloud-Based Software Systems Using AI-Driven Fault Prediction and Auto-Remediation Techniques,2021,American International Journal of Computer Science and Technology,article,1,bronze,https://aijcst.org/index.php/aijcst/article/download/34/29,"Cloud-native systems operate at a scale and complexity where manual fault management cannot keep pace with dynamic workloads, ephemeral infrastructure, and intricate service dependencies. This paper presents an end-to-end AI-driven framework that couples proactive fault prediction with safe, policy-constrained auto-remediation to enhance the reliability of cloud-based software systems. Streaming telemetry logs, metrics, traces, and change events collected via OpenTelemetry is embedded using self-supervised representations for multivariate time series, fused with a service-dependency graph to support causal reasoning and fast root-cause localization. A hybrid predictor (temporal deep models with gradient-boosted residuals) yields early-warning scores and failure modes, while a safe reinforcement-learning policy executes guarded actions such as canary rollback, traffic shifting, pod restarts, autoscaling, circuit breaking, and configuration reversion. Guardrails combine SRE runbooks, SLO/error-budget constraints, and a digital-twin simulator validated by chaos experiments to prevent harmful interventions. Evaluated on Kubernetes microservices with fault injections (CPU throttling, memory leak, pod crash, network latency, and dependency outage), the approach achieved early-warning AUC > 0.92 with 3–7 minutes mean lead time, reduced MTTR by 30–60%, lowered error-budget burn by 25–40%, and curtailed p95 tail latency during incidents without increasing steady-state cost. Ablations "
C2_time_prediction,service time prediction heterogeneous nodes,9,W3197596293,10.3389/fcell.2021.735687,Heterogeneous Information Network-Based Patient Similarity Search,2021,Frontiers in Cell and Developmental Biology,article,3,gold,https://www.frontiersin.org/articles/10.3389/fcell.2021.735687/pdf,"Patient similarity search is a fundamental and important task in artificial intelligence-assisted medicine service, which is beneficial to medical diagnosis, such as making accurate predictions for similar diseases and recommending personalized treatment plans. Existing patient similarity search methods retrieve medical events associated with patients from Electronic Health Record (EHR) data and map them to vectors. The similarity between patients is expressed by calculating the similarity or dissimilarity between the corresponding vectors of medical events, thereby completing the patient similarity measurement. However, the obtained vectors tend to be high dimensional and sparse, which makes it hard to calculate patient similarity accurately. In addition, most of existing methods cannot capture the time information in the EHR, which is not conducive to analyzing the influence of time factors on patient similarity search. To solve these problems, we propose a patient similarity search method based on a heterogeneous information network. On the one hand, the proposed method uses a heterogeneous information network to connect patients, diseases, and drugs, which solves the problem of vector representation of mixed information related to patients, diseases, and drugs. Meanwhile, our method measures the similarity between patients by calculating the similarity between nodes in the heterogeneous information network. In this way, the challenges caused by high-dimensional and sparse"
C2_time_prediction,job runtime prediction cluster scheduling machine learning,9,W4387005683,10.1109/e-science58273.2023.10254871,I/O Burst Prediction for HPC Clusters Using Darshan Logs,2023,,conference-paper,8,closed,,"Understanding cluster-wide I/O patterns of large-scale HPC clusters is essential to minimize the occurrence and impact of I/O interference. Yet, most previous work in this area focused on monitoring and predicting task and node-level I/O burst events. This paper analyzes Darshan reports from three supercomputers to extract system-level read and write I/O rates in five minutes intervals. We observe significant (over 100×) fluctuations in read and write I/O rates in all three clusters. We then train machine learning models to estimate the occurrence of system-level I/O bursts 5–120 minutes ahead. Evaluation results show that we can predict I/O bursts with more than 90% accuracy (F-1 score) five minutes ahead and more than 87% accuracy two hours ahead. We also show that the ML models attain more than 70% accuracy when estimating the degree of the I/O burst. We believe that high-accuracy predictions of I/O bursts can be used in multiple ways, such as postponing delay-tolerant I/O operations (e.g., checkpointing), pausing nonessential applications (e.g., file system scrubbers), and devising I/O-aware job scheduling methods. To validate this claim, we simulated a burst-aware job scheduler that can postpone the start time of applications to avoid I/O bursts. We show that the burst-aware job scheduling can lead to an up to 5× decrease in application runtime."
C2_time_prediction,query execution time prediction machine learning,10,W4396571425,10.14778/3641204.3641205,Eraser: Eliminating Performance Regression on Learned Query Optimizer,2024,Proceedings of the VLDB Endowment,article,21,closed,,"Efficient query optimization is crucial for database management systems. Recently, machine learning models have been applied in query optimizers to generate better plans, but the unpredictable performance regressions prevent them from being truly applicable. To be more specific, while a learned query optimizer commonly outperforms the traditional query optimizer on average for a workload of queries, its performance regression seems inevitable for some queries due to model under-fitting and difficulty in generalization. In this paper, we propose a system called Eraser to resolve this problem. Eraser aims at eliminating performance regressions while still attaining considerable overall performance improvement. To this end, Eraser applies a two-stage strategy to estimate the model accuracy for each candidate plan, and helps the learned query optimizer select more reliable plans. The first stage serves as a coarse-grained filter that removes all highly risky plans with feature values that are seen for the first time. The second stage clusters plans in a more fine-grained manner and evaluates each cluster according to the prediction quality of learned query optimizers for selecting the final execution plan. Eraser can be deployed as a plugin on top of any learned query optimizer. We implement Eraser and demonstrate its superiority on PostgreSQL and Spark. In our experiments, Eraser eliminates most of the regressions while bringing very little negative impact on the overall perform"
C2_time_prediction,microservice tail latency prediction,10,W7124898104,10.1109/cloudcom67567.2025.11331358,MIN-LENS: Joint Moment Inference and Surrogate Modeling for Microservice Performance Prediction,2025,,conference-paper,0,closed,,"Accurate prediction of tail latencies is critical for ensuring the performance and reliability of microservice- based cloud applications. Traditional approaches suffer significant computational overhead, making them unsuitable for real-time monitoring across numerous services. This paper presents MIN-LENS, a two-stage learning frame-work that combines joint moment inference with a latency estimation neural surrogate modeling to mitigate these challenges. In the first stage, the MIN component infers the first three moments of the service-time distribution directly from trace-derived features such as clustered inter-departure times, utilization, and arrival variability. In the second stage, the LENS surrogate model, pretrained on high-fidelity queueing simulations, maps these inferred moments and workload parameters directly to tail-latency metrics such as the 95th and 99th percentiles, as well as selected points of the complementary cumulative distribution function (CCDF). The surrogate is then fine-tuned on real microservice traces to adapt to platform-specific behaviors, enabling accurate prediction without explicit continuous-time Markov Chain (CTMC) solving at deployment time. Experiments on both synthetic and real-world datasets demonstrate that MIN-LENS reduces tail-latency prediction error compared to exponential baselines especially when the system is under higher load, while eliminate the computational complexity of MAP-based likelihood estimation. This makes MIN-LENS"
C2_time_prediction,service time prediction heterogeneous nodes,10,W4283068905,10.1007/s11036-021-01793-7,Near-data Prediction Based Speculative Optimization in a Distribution Environment,2022,Mobile Networks and Applications,article,3,green,http://researchrepository.napier.ac.uk/Output/2694806,
C2_time_prediction,job runtime prediction cluster scheduling machine learning,10,W4387005599,10.1109/cloud60044.2023.00064,Workload Failure Prediction for Data Centers,2023,,conference-paper,7,closed,,"Failed workloads that consumed significant computational resources in time and space affect the efficiency of HPC data centers significantly and thus limit the amount of scientific work that can be achieved. While the computational power has increased significantly over the years, detection and prediction of workload failures have lagged far behind and will become increasingly critical as the system scale and complexity further increase. In this study, we analyze workload traces collected from a production cluster and train machine learning models on a large amount of data sets to predict workload failures. Our prediction models consist of a queue-time model that estimates the probability of workload failures before execution and a runtime model that predicts failures at runtime. Evaluation results show that the queue-time model and runtime model can predict workload failures with a maximum precision score of 90.61% and 97.75%, respectively. By integrating the runtime model with the job scheduler, it helps reduce CPU time, and memory usage by up to 16.7% and 14.53%, respectively."
C2_time_prediction,query execution time prediction machine learning,11,W2241020437,,"Same Queries, Different Data: Can we Predict Query Performance?",2012,Infoscience (Ecole Polytechnique Fédérale de Lausanne),conference-paper,8,green,https://infoscience.epfl.ch/record/173816/files/SMDB12_Popescu.pdf,"We consider MapReduce workloads that are produced by analytics applications. In contrast to ad hoc query workloads, analytics applications are comprised of fixed data flows that are run over newly arriving data sets or on different portions of an existing data set. Examples of such workloads include document analysis/indexing, social media analytics, and ETL (Extract Transform Load). Motivated by these workloads, we propose a technique that predicts the runtime performance for a fixed set of queries running over varying input data sets. Our prediction technique splits each query into several segments where each segment’s performance is estimated using machine learning models. These per-segment estimates are plugged into a global analytical model to predict the overall query runtime. Our approach uses minimal statistics about the input data sets (e.g., tuple size, cardinality), which are complemented with historical information about prior query executions (e.g., execution time). We analyze the accuracy of predictions for several segment granularities on both standard analytical benchmarks such as TPC-DS [17], and on several real workloads. We obtain less than 25% prediction errors for 90% of predictions."
C2_time_prediction,microservice tail latency prediction,11,W7114986021,10.63282/3117-5481/aijcst-v1i6p101,AI-Based Optimization of Resource Utilization in Edge and Cloud Environments,2019,American International Journal of Computer Science and Technology,article,1,bronze,https://aijcst.org/index.php/aijcst/article/download/13/10,"This paper presents an AI-driven framework for optimizing resource utilization across heterogeneous edge–cloud infrastructures while meeting latency, cost, and energy objectives. The approach combines short-horizon workload forecasting with multi-objective decision policies that coordinate container placement, autoscaling, and dataflow routing. We fuse sequence models for demand prediction with Bayesian optimization to tune policy knobs online, and a safe reinforcement learning agent to select actions under service-level constraints. A lightweight digital twin provides fast counterfactual evaluations to gate risky actions and accelerate policy updates. The framework integrates with Kubernetes and serverless runtimes, supports hardware heterogeneity (CPU, GPU, TEE), and leverages federated learning to preserve data locality and privacy at the edge. We evaluate the system on microservices, streaming analytics, and ML inference pipelines under diurnal, bursty, and failure-injected regimes. Results show consistent improvements in tail latency at comparable or lower cost, higher packing efficiency without SLA regressions, and measurable energy savings via power-aware placement and elastic right-sizing. Ablations highlight the importance of uncertainty-aware forecasts and safety constraints for robust operation under workload drift. The design is compatible with existing observability stacks and policy engines, enabling incremental adoption. We conclude with deployment guidelines a"
C2_time_prediction,service time prediction heterogeneous nodes,11,W4403938367,10.1109/iscc61673.2024.10733652,Cloud-edge-terminal Collaborative Proactive Caching and Differentiated Delivery of Heterogeneous Content for AR in Metaverse,2024,,conference-paper,2,closed,,"Augmented Reality (AR) applications are latency-sensitive and contain significant heterogeneous content, such as mixed static objects and interactive data. Relying solely on real-time edge caching makes it difficult to meet the latency requirements of AR, disrupting user’s immersive experience. In addition, the operator can motivate terminal caching foreground content and reduce transmission costs through device-to-device (D2D). Therefore, we proposes a cloud-edge-terminal collaborative proactive caching and differentiated delivery mechanism of heterogeneous content, which reduces service response latency and improves comprehensive revenue through efficient edge collaboration methods, accurate heterogeneous content pre-caching strategies, and differentiated delivery mechanisms. Firstly, we synthetically considers AR user’s service response latency and operator’s comprehensive revenue, proposing a user behavior and resource-aware edge collaborative service domain construction method to improve the collaborative service capability of edge nodes. Then, it proposes a pre-caching algorithm for heterogeneous content based on foreground/background content separation, user preference prediction, and storage space partitioning to improve cache utilization in the edge network. In particular, a D2D-assisted differentiated delivery strategy is designed to improve service response speed and overall revenue. The numerical results show that the proposed mechanisms are better than other solu"
C2_time_prediction,query execution time prediction machine learning,12,W2802665543,10.1007/978-3-319-91452-7_19,Multi-metric Graph Query Performance Prediction,2018,Lecture notes in computer science,conference-paper,6,closed,,
C2_time_prediction,microservice tail latency prediction,12,W4416094421,10.52783/jisem.v10i61s.13473,SLO-First Autoscaling for Multi-Tenant Microservices: A Control-Theoretic Approach to P95/P99 Latency,2025,Journal of Information Systems Engineering & Management,article,0,diamond,https://www.jisem-journal.com/index.php/journal/article/download/13473/6334,"Maintaining strict service level objectives at the tail of latency distributions (P95/P99) remains challenging in large-scale, multi-tenant cloud platforms. Conventional autoscalers scale workloads based on resource utilization metrics such as CPU or memory, reacting only after latency violations occur and failing to anticipate bursty demand or cross-tenant interference. This work presents a control-theoretic resource management framework that proactively enforces latency SLOs across microservices by modeling each service as a queueing system. The framework continuously infers service time distributions and backlog states to predict future tail latency under varying load conditions, then applies model predictive control to allocate resources before violations manifest. The design incorporates multi-tenant fairness mechanisms that isolate noisy tenants while preserving global cost efficiency through constrained optimization over prediction horizons. Evaluation on synthetic burst traces and production-like workloads demonstrates 73% reduction in P95 violations, 68% reduction in P99 violations, 2.3× faster scaling convergence compared to reactive methods, and 41% resource cost savings relative to static over-provisioning strategies. The framework establishes a principled foundation for latency-driven, cost-aware resource management in multi-tenant cloud environments."
C2_time_prediction,job runtime prediction cluster scheduling machine learning,12,W2761311378,10.1109/cscwd.2017.8066716,A collaborative filtering based approach to performance prediction for parallel applications,2017,,conference-paper,2,closed,,"Parallel application jobs account for a large population in current domain of cloud computing and Big Data processing services, whose execution time can be varied greatly with different runtime configurations. For efficiently scheduling resources and services to run parallel jobs, the ability to quickly and accurately estimate the performance of parallel applications is critical. Analytic predictive models based on traditional modeling techniques such as queuing systems are difficult to construct for parallel applications, due to the high complexity lying in the structures of parallel application models. Furthermore, due to the heterogeneity of resources computing capacities with a scalable computing environment such as a cloud computing platform, performance analytic and prediction becomes increasingly difficult for parallel applications. To address this problem, in this paper we propose a collaborative filtering based approach to quickly and accurately predict the execution time of parallel applications running in heterogenous resources. Particularly, we use the widely used Apache Spark platform as the running framework for parallel applications, and propose a bounds-based performance model to improve the prediction accuracy. Through extensive simulations and experiments on real Spark clusters and two large-scale machine learning applications as well as the simple but classic WordCount sample application, we show that the proposed Collaborative Filtering based approach and "
C2_time_prediction,query execution time prediction machine learning,13,W2981463119,10.1109/icscan.2019.8878726,GDALR: An Efficient Model Duplication Attack on Black Box Machine Learning Models,2019,"2019 IEEE International Conference on System, Computation, Automation and Networking (ICSCAN)",conference-paper,6,closed,,"Trained Machine learning models are core components of proprietary products. Business models are entirely built around these ML powered products. Such products are either delivered as a software package (containing the trained model) or they are deployed on cloud with restricted API access for prediction. In ML-as-a-service, users are charged per-query or per-hour basis, generating revenue for businesses. Models deployed on cloud could be vulnerable to Model Duplication attacks. Researchers found ways to exploit these services and clone the functionalities of black box models hidden in the cloud by continuously querying the provided APIs. After successful execution of attack, the attacker does not require to pay the cloud service provider. Worst case scenario, attackers can also sell the cloned model or use them in their business model.Traditionally attackers use convex optimization algorithm like Gradient Descent with appropriate hyper-parameters to train their models. In our research we propose a modification to traditional approach called as GDALR (Gradient Driven Adaptive Learning Rate) that dynamically updates the learning rate based on the gradient values. This results in stealing the target model in comparatively less number of epochs, decreasing the time and cost, hence increasing the efficiency of the attack. This shows that sophisticated attacks can be launched for stealing the black box machine learning models which increases risk for MLaaS based businesses."
C2_time_prediction,microservice tail latency prediction,13,W7140953364,,Q-GARS: Quantum-inspired Robust Microservice Chaining Scheduling,2026,arXiv (Cornell University),preprint,0,green,https://arxiv.org/pdf/2603.23127,"Microservice-based applications are characterized by stochastic latencies arising from long-tail execution patterns and heterogeneous resource constraints across computational nodes. To address this challenge, we first formulate the problem using Quadratic Unconstrained Binary Optimization (QUBO), which aligns the problem with emerging quantum-optimization paradigms. Building upon this, we propose Q-GARS (Quantum-Guided Adaptive Robust Scheduling), a hybrid framework that integrates the QUBO model with Simulated Quantum Annealing (SQA) based combinatorial search and online rescheduling mechanisms, enabling global microservice rank generation and real-time robust adjustment. We treat the SQA-produced rank as a soft prior, and update a closed-loop trust weight to adaptively switch and mix between this prior and a robust proportional-fairness allocator, maintaining robustness under prediction failures and runtime disturbances. Simulation results demonstrate that Q-GARS achieves an average weighted completion time improvement of 2.1\% relative to a greedy baseline of the remaining shortest processing-time (SRPT), with performance gains reaching up to 16.8\% in heavy-tailed latency. The adaptive mechanism reduces tail latency under high-variance conditions. In addition, Q-GARS achieves a mean node resource utilization rate of 0.817, which is 1.1 percentage points above the robust baseline (0.806)."
C2_time_prediction,service time prediction heterogeneous nodes,13,W7131858234,10.20944/preprints202602.1772.v1,An AI-Based Temporal-Structural Fusion Framework for Robust Backend Load Prediction in Cloud-Native Environments,2026,Preprints.org,preprint,3,green,https://www.preprints.org/frontend/manuscript/54025241ff33be7d544975360b1d7877/download_pub,"This paper proposes a graph-structured temporal dynamic learning model to address the challenges of backend load prediction in cloud computing and microservice environments, including dynamic topology changes, complex dependency structures, and multi-source heterogeneous monitoring data. The model constructs a time-varying service dependency graph to adaptively model structural relationships among nodes and integrates a temporal encoding mechanism to capture multi-scale temporal features, achieving joint representation of load characteristics in both spatial and temporal dimensions. It consists of four main modules: dynamic graph construction, graph convolutional feature extraction, temporal encoding, and spatiotemporal fusion. By jointly optimizing structural dependencies and temporal evolution, the model enables efficient interaction and representation of multidimensional features. Based on real backend system monitoring data, sensitivity experiments were conducted on hyperparameters such as the number of graph convolution layers, attention heads, adjacency matrix sparsity, and node count, systematically evaluating performance variations under MSE, MAE, MAPE, and RMSE metrics. Experimental results demonstrate that the proposed model significantly outperforms mainstream methods in both prediction accuracy and stability, maintaining strong robustness and generalization capability under complex topological conditions. The study confirms that graph-structured temporal dynamic l"
C2_time_prediction,job runtime prediction cluster scheduling machine learning,13,W4281619585,10.1016/j.jpdc.2022.05.013,ALBERT: An automatic learning based execution and resource management system for optimizing Hadoop workload in clouds,2022,Journal of Parallel and Distributed Computing,article,5,closed,,
C2_time_prediction,query execution time prediction machine learning,14,W3206048199,10.1371/journal.pone.0258439,A new framework based on features modeling and ensemble learning to predict query performance,2021,PLoS ONE,article,5,gold,https://journals.plos.org/plosone/article/file?id=10.1371/journal.pone.0258439&type=printable,"A query optimizer attempts to predict a performance metric based on the amount of time elapsed. Theoretically, this would necessitate the creation of a significant overhead on the core engine to provide the necessary query optimizing statistics. Machine learning is increasingly being used to improve query performance by incorporating regression models. To predict the response time for a query, most query performance approaches rely on DBMS optimizing statistics and the cost estimation of each operator in the query execution plan, which also focuses on resource utilization (CPU, I/O). Modeling query features is thus a critical step in developing a robust query performance prediction model. In this paper, we propose a new framework based on query feature modeling and ensemble learning to predict query performance and use this framework as a query performance predictor simulator to optimize the query features that influence query performance. In query feature modeling, we propose five dimensions used to model query features. The query features dimensions are syntax, hardware, software, data architecture, and historical performance logs. These features will be based on developing training datasets for the performance prediction model that employs the ensemble learning model. As a result, ensemble learning leverages the query performance prediction problem to deal with missing values. Handling overfitting via regularization. The section on experimental work will go over how to use"
C2_time_prediction,service time prediction heterogeneous nodes,14,W2354956104,,Joint Optimization of Statistical Bandwidth Based on Interference-Aware Probability Prediction for Wireless Heterogeneous Mesh Networks,2014,Journal of Nanjing University of Posts and Telecommunications,article,1,closed,,"A new available-bandwidth prediction algorithm for IEEE 802. 11 wireless multimedia networks is proposed. The proposed algorithm can calculate the overlap probability of the idle channel time between the sender and the receiver using the relation of collision probability and back-off time,and improve the accuracy of the overlap probability through the discrimination of the channel state and carrier sensing. According to the residual available bandwidth at each node,the algorithm can predict the feasible sending rate of the path and the path cost function considering inter-flow and intra-flow interferences to select the optimal forwarding path among all feasible paths. Simulation results show that the proposed algorithm can accurately calculate the channel bandwidth and improve the network throughput with quality of service( QoS) of multimedia flows."
C2_time_prediction,job runtime prediction cluster scheduling machine learning,14,W4410537864,10.1109/dsins64146.2024.10992145,Job Runtime Prediction Based on the Fusion of Voting Classification and Stacking Model,2024,,conference-paper,0,closed,,"In distributed computing environments, many users have an uncertain understanding of job runtimes, often requesting more time than necessary when submitting jobs. This tendency results in low resource backfill efficiency due to inaccurate user estimations of job runtime. The extended queuing times for jobs, coupled with the inability to schedule available free resources promptly, lead to the waste of these resources, negatively impacting cluster utilization and user experience. Therefore, accurate prediction of job runtime is crucial for enhancing job scheduling efficiency. In this paper, we introduce a novel job runtime prediction method: historical job data are categorized by the length of job runtime, and the final classification prediction is generated using the Soft Voting classifier within the Voting integrated learning algorithm. This method leverages the prediction probabilities from three classification models-Random Forest, Decision Tree, and Support Vector Machine. Based on these classification predictions, we identify similar job sets for test jobs within the categorized sets and then predict job runtime using the Stacking model fusion technique. Experiments were conducted using historical datasets from two large-scale computing centers, with the Last-2 algorithm, LSH-sim algorithm, and SU framework algorithm selected for comparison. The experimental results demonstrate that, compared to these three baseline algorithms, our algorithm improves the average predictio"
C2_time_prediction,query execution time prediction machine learning,15,W4406763577,10.5772/intechopen.1008730,Machine Learning in Procurement with a View to Equity,2025,Artificial intelligence,book-chapter,3,hybrid,https://www.intechopen.com/citation-pdf-url/1193009,"The application of machine learning to big data from tenders published in Italy provides significant benefits to public administrations and economic operators, including improved procurement processes. Quantitative results from our study show a 96.5% accuracy using XGBoost models for predicting the presence of tender variations during contract execution. These models estimate the likelihood of variations in upcoming tenders: their correct prediction is a valuable tool because variations avoidance reduces completion time and costs of public contracts. Additionally, explainable AI tools help the description graphically and intuitively of the analyzed data. They also allow the analyst to highlight potential biases in tender participation and their awards, contributing to fairer public procurement. The results of their application to public tenders show that strong differences in the Italian country exist with a consequent lack of equity. Finally, the application of recommendation systems on the tender notices shows they are an effective cognitive tool to search for similar tenders and retrieve the actors involved, such as public administrations or economic operators. The precision score of the answers is above the value of 90% for the 74.15% of the queries. The chapter describes the tasks that permit the achievement of the above objectives."
C2_time_prediction,microservice tail latency prediction,15,W7203948135,10.48550/arxiv.2608.18390,SLO-Scaler: Uncertainty-Aware SLO-Driven Autoscaling for Microservices,2026,arXiv (Cornell University),preprint,0,green,https://arxiv.org/pdf/2608.18390,"Autoscaling microservice-based applications to satisfy Service Level Objectives (SLOs) remains challenging due to bursty workloads, cascading latency across service dependencies, and cold-start overhead. Existing approaches such as the Kubernetes Horizontal Pod Autoscaler (HPA) rely on threshold-based CPU or memory metrics, which react too slowly to traffic spikes. Recent predictive methods improve responsiveness but generate point forecasts that ignore prediction uncertainty, leading to over-provisioning or oscillatory scaling. We propose SLO-Scaler, an uncertainty-aware autoscaling framework that predicts short-horizon request rates, tail latency, and SLO violation probability using a Bayesian LSTM model. SLO-Scaler integrates confidence-interval-based scaling decisions with a dependency graph analysis module that localizes bottleneck services, avoiding unnecessary whole-chain scaling. We evaluate SLO-Scaler on the DeathStarBench Social Network benchmark deployed on Kubernetes under periodic, bursty, and long-tail traffic patterns. Under bursty traffic, SLO-Scaler reduces the SLO violation rate by 29-56%, lowers the average replica count by 18-33%, and decreases scaling event frequency by 38-59% compared with the baselines, while achieving lower tail latency."
C2_time_prediction,service time prediction heterogeneous nodes,15,W4409365932,10.1609/aaai.v39i11.33271,Spatial-Temporal Heterogenous Graph Contrastive Learning for Microservice Workload Prediction,2025,Proceedings of the AAAI Conference on Artificial Intelligence,conference-paper,2,diamond,https://ojs.aaai.org/index.php/AAAI/article/download/33271/35426,"With the widely adoption of microservice architecture in the cloud computing industry, accurate prediction of workloads, especially CPU cores, can support reasonable resource allocation, thereby optimizing the resource utilization of the system. However, workload prediction is challenging in two dimensions. In the temporal dimension, workload series 1) has non-stationary characteristics, leading to poor predictability; 2) has a multi-periodic nature with entangled temporal patterns; 3) may be influenced by dynamic system states like response time and number of requests. In the spatial dimension, when regarding microservices as nodes in a distributed system, there is no topology caused by physical connections, but exists complex similarity dependencies. Extracting robust spatial features from these dependencies presents difficulties. To address these, we propose STEAM, a Spatio Temporal Heterogenous Graph Contrastive Learning for Microservice Workload Prediction. STEAM leverages non-stationary decomposition self-attention to extract temporal features from non-stationary and multi-periodic workload series, while the decoupled embedding is used to capture system state information of microservices. By treating microservices as nodes and constructing a similarity graph, STEAM effectively models the similarity relationships between microservices. To reduce the prior interference caused by the similarity threshold and improve the robustness, STEAM constructs two heterogeneous augmen"
C2_time_prediction,job runtime prediction cluster scheduling machine learning,15,W7204481260,10.64220/amla.v2i2.007,AI-Augmented Dynamic GPU Scheduling: A Trace-Based Workload Analysis and Conceptual Framework for Large-Scale Machine Learning Inference,2026,AI and Machine Learning Advances,article,0,bronze,https://scholarlysummit.com/download/article/ai-augmented-dynamic-gpu-scheduling-a-trace-based-workload-analysis,"Large-scale machine learning inference environments nowadays are evolving into clusters of non-uniform GPUs with different workload durations, computational needs and submission rates. The study does not test a GPU scheduling algorithm, but rather it performs workload analysis and runtime prediction based on workload traces to present the concept of workload-aware GPU scheduling and to support an AI-informed dynamic GPU scheduling framework. The public dataset with 466,867 machine learning jobs from 84 organizations was processed using descriptive statistics, Spearman correlation, Kruskal–Wallis and Mann–Whitney tests, temporal workload analysis, requested capacity-time measures, and chronological run-time prediction with a HistGradientBoostingRegressor. The result indicated that job durations were highly skewed, GPU-model usage was also unbalanced, and there were significant temporal variations in arrivals, completions, and concurrent demand for GPU models. The run-time was positively associated with CPU request, GPU request, and worker count, with the relationships being generally weak to moderate. The prediction model achieved a positive but low (R2) result, but failed to see a reduction in MAE compared to the median baseline, suggesting low run-time predictability from the available features. These results led to the development of a conceptual AI augmented approach, which brings together workload monitoring, feature extraction, run-time prediction, resource planning and "
C2_time_prediction,query execution time prediction machine learning,16,W4367189393,10.48550/arxiv.2304.13032,A Unified Active Learning Framework for Annotating Graph Data with Application to Software Source Code Performance Prediction,2023,arXiv (Cornell University),preprint,5,green,https://arxiv.org/pdf/2304.13032,"Most machine learning and data analytics applications, including performance engineering in software systems, require a large number of annotations and labelled data, which might not be available in advance. Acquiring annotations often requires significant time, effort, and computational resources, making it challenging. We develop a unified active learning framework specializing in software performance prediction to address this task. We begin by parsing the source code to an Abstract Syntax Tree (AST) and augmenting it with data and control flow edges. Then, we convert the tree representation of the source code to a Flow Augmented-AST graph (FA-AST) representation. Based on the graph representation, we construct various graph embeddings (unsupervised and supervised) into a latent space. Given such an embedding, the framework becomes task agnostic since active learning can be performed using any regression method and query strategy suited for regression. Within this framework, we investigate the impact of using different levels of information for active and passive learning, e.g., partially available labels and unlabeled test data. Our approach aims to improve the investment in AI models for different software performance predictions (execution time) based on the structure of the source code. Our real-world experiments reveal that respectable performance can be achieved by querying labels for only a small subset of all the data."
C2_time_prediction,microservice tail latency prediction,16,W7130384521,10.3389/fcomp.2026.1783945,From distributed tracing to proactive SLO management: a mini-review of trace-driven performance prediction for cloud-native microservices,2026,Frontiers in Computer Science,review,0,gold,https://public-pages-files-2025.frontiersin.org/journals/computer-science/articles/10.3389/fcomp.2026.1783945/pdf,"Cloud-native microservices improve development velocity and elasticity, but they also create complex and dynamic service dependencies. Resource contention, queue buildup, and downstream slowdowns can propagate through call chains, amplifying end-to-end tail latency (e.g., p95/p99) and increasing Service Level Objective (SLO) violation risks. While many studies focus on post-hoc anomaly detection and root-cause analysis, industrial operations increasingly demand proactive capabilities, like predicting performance risks before a request finishes, issuing early warnings from partial trace prefixes, and producing actionable signals for mitigation. This mini-review synthesizes recent progress on trace-driven proactive SLO management. We summarize problem formulations and evaluation protocols for SLO violation and tail-quantile prediction, prefix early warning under precision constraints, and actionable intermediate outputs such as bottleneck candidate ranking and what-if estimation. We then survey modeling approaches spanning feature-based baselines, sequence models, graph neural networks, sequence-graph fusion, and multimodal/causal extensions, highlighting practical issues such as class imbalance, sampling-induced missing spans, and topology drift. Finally, we survey commonly used public benchmarks and traces, and discuss open challenges toward deployable, trustworthy proactive SLO management."
C2_time_prediction,service time prediction heterogeneous nodes,16,W4311048958,10.17762/ijritcc.v10i1s.5820,Policy-aware Distributed and Dynamic Trust based Access Control Scheme for Internet of Things,2022,International Journal on Recent and Innovation Trends in Computing and Communication,article,9,diamond,https://ijritcc.org/index.php/ijritcc/article/download/5820/5534,"The use of smart devices is driving the Internet of Things (IoT) trend today. Day by day IoT helps to support more services like car services, healthcare services, home automation, and security services, weather prediction services, etc, to ease user’s life. Integration of heterogeneous IoT devices and social resources sometimes creates many problems like the privacy of data. To avoid privacy issues, an appropriate access control mechanism is required to check authorized and trusted devices, so that only valid devices can access the data which is only required. In the sequel, this paper presents implementation of distributed and dynamic trust based access control mechanism (DDTAC) for secure machine to machine communication or distributed IoT environment. Novelty of this mechanism is that, it uses trust calculation and device classification for dynamic access control. The proposed scheme is implemented, tested and deployed on Node MCU and same mechanism is also simulated on NS-2 for large number of nodes. This access control model support Scalability, Heterogeneity, Privacy, Trust, Selective disclosure, Principle of least privileges, and lightweight calculation features. Results of this models proves that it gives good performance as compared to existing scheme in terms of scalability, throughput and delay. As number of devices increase it does not degrade performance. This mechanism is also protected against the Man-in-the-Middle attack, Sniffing attack, Session Hijacking at"
C2_time_prediction,job runtime prediction cluster scheduling machine learning,16,W3185253049,10.5821/dissertation-2117-350060,Scheduling and resource management solutions for the scalable and efficient design of today's and tomorrow's HPC machines,2021,,dissertation,0,gold,https://upcommons.upc.edu/bitstream/2117/350060/1/TMD%27A1de.pdf,"In recent years, high-performance computing research became essential in pushing the boundaries of what men can know, predict, achieve, and understand in the experimented reality. HPC Workloads grow in size and complexity hand to hand with the machines that support them, accommodating big data, data analytic, and machine learning applications at the side of classical compute-intensive workloads. Simultaneously, power demand is hugely increasing, becoming a constraint in the design of these machines. The increasing diversification of processors and accelerators, new special-purpose devices, and new memory layers allow better management of these workloads. At the same time, libraries and tools are being developed to support and to make the most out of the hardware while offering standardized and straightforward interfaces to users and developers. Different scheduling and resource management layers are fundamental in organizing the work and the access to resources. This thesis focuses on the job scheduling and resource management layer. We claim that this layer needs research in the following three directions: awareness, dynamicity, and automatization. First, awareness of the hardware and applications characteristics would improve the configuration, scheduling, and placement of tasks. As a second point, dynamic systems are more responsive. They react fast to changes in the hardware, e.g.,in failure cases, and they adapt to application's requirements changes. Finally, automatizat"
C2_time_prediction,query execution time prediction machine learning,17,W1899447984,10.5075/epfl-thesis-6629,Runtime Prediction for Scale-Out Data Analytics,2015,Infoscience (Ecole Polytechnique Fédérale de Lausanne),dissertation,5,green,https://infoscience.epfl.ch/record/209127/files/EPFL_TH6629.pdf,"Many analytics applications generate mixed workloads, i.e., workloads comprised of analytical tasks with different processing characteristics including data pre-processing, SQL, and iterative machine learning algorithms. Examples of such mixed workloads can be found in web data analysis, social media analysis, and graph analytics, where they are executed repetitively on large input datasets (e.g., ""Find the average user time spent on the top 10 most popular web pages on the UK domain web graph.""). Scale-out processing engines satisfy the needs of these applications by distributing the data and the processing task efficiently among multiple workers that are first reserved and then used to execute the task in parallel on a cluster of machines. Finding the resource allocation that can complete the workload execution within a given time constraint, and optimizing cluster resource allocations among multiple analytical workloads motivates the need for estimating the runtime of the workload before its actual execution. Predicting runtime of analytical workloads is a challenging problem as runtime depends on a large number of factors that are hard to model a priori execution. These factors can be summarized as workload characteristics (i.e., data statistics and processing costs), the execution configuration (i.e., deployment, resource allocation, and software settings), and the cost model that captures the interplay among all of the above parameters. While conventional cost models pr"
C2_time_prediction,service time prediction heterogeneous nodes,17,W3023351664,10.1109/mass.2019.00042,Privacy-Preserving MEC-Enabled Contextual Online Learning via SDN for Service Selection in IoT,2019,,conference-paper,2,closed,,"With the rapidly growing number of connected smart devices deployed and diverse services provided in the Internet of Things (IoT), service selection system, which discovers appropriate services for users, is becoming more and more important. However, challenges exist as a result of the highly heterogeneous environments, characteristics of various kinds of users and the expanding number of services offered by many service providers, which have promising applications in IoT. In the meantime, users' contexts (e.g., location, time, and surroundings), wildly utilized in the IoT scenario to better satisfy individuals' demands, raises privacy issues. To address these problems, we propose a privacy-preserving mobile edge computing (MEC) enabled context-aware service selection system over software defined networks (SDN) in IoT to provide suitable services for end users, where the edge nodes (ENs) cache and process information, acting as cooperative learners. Utilizing the users' feedback and the historical records monitored by the SDN-based network, our contextual online learning algorithm achieves high prediction accuracy. Besides, instead of considering them as individual items, we utilize a top-down cover tree structure to handle service data, which supports ever-increasing large-scale datasets and complex situations. We theoretically prove that the accumulative regret of our algorithm has a sublinear bound and our numerical results confirm that our algorithm can handle big data pr"
C2_time_prediction,query execution time prediction machine learning,18,W4413943424,10.14778/3742728.3742755,Conformal Prediction for Verifiable Learned Query Optimization,2025,Proceedings of the VLDB Endowment,article,2,closed,,"Query optimization is critical in relational databases. Recently, numerous Learned Query Optimizers (LQOs) have been proposed, demonstrating superior performance over traditional hand-crafted query optimizers after short training periods. However, the opacity and instability of machine learning models have limited their practical applications. To address this issue, we are the first to formulate the LQO verification as a Conformal Prediction (CP) problem. We first construct a CP model and obtain user-controlled bounded ranges for the actual latency of LQO plans before execution. Then, we introduce CP-based runtime verification along with violation handling to ensure performance prior to execution. For both scenarios, we further extend our framework to handle distribution shifts in the dynamic environment using adaptive CP approaches. Finally, we present CP-guided plan search, which uses actual latency upper bounds from CP to heuristically guide query plan construction. We integrated our verification framework into three LQOs (Balsa, Lero, and RTOS) and conducted evaluations on several workloads. Experimental results demonstrate that our method is both accurate and efficient. Our CP-based approaches achieve tight upper bounds, reliably detect and handle violations. Adaptive CP maintains accurate confidence levels even in the presence of distribution shifts, and the CP-guided plan search improves both query plan quality (up to 9.84x) and planning time, with a reduction of up to"
C2_time_prediction,service time prediction heterogeneous nodes,18,W2404780948,10.1002/cpe.3759,Intelligent Distributed Computing,2016,Concurrency and Computation Practice and Experience,article,26,bronze,https://onlinelibrary.wiley.com/doi/pdfdirect/10.1002/cpe.3759,"Billions of computing elements continuously collect data and elaborate information nowadays. They range from personal computers to high-performance machines, from virtual machines to physical clusters and from smartphones to embedded systems. Most of them are connected, and this number increases continuously. Such an unlimited amount of spread resources offers challenging opportunities for building new kinds of computing overlay, for inferring collective knowledge and for developing emergent applications. In this context, the emergent field of Intelligent Distributed Computing focuses on the development of a new generation of intelligent distributed systems. It faces the challenges of adapting and combining research in the fields of Intelligent Computing and Distributed Computing. Intelligent Computing develops methods and technology ranging from classical artificial intelligence, computational intelligence and multi-agent systems to game theory. The field of Distributed Computing develops methods and technology to build systems that are composed of interacting and collaborating components. The International Symposium on Intelligent Distributed Computing (IDC) has a special interest in (but will not be limited to) novel architectures, systems and methods that facilitate distributed/parallel/multi-agent biocomputing for solving complex computational and real-life problems. The eighth edition of this conference was held in 2014 in Madrid under the auspicious of Autonomous Unive"
C2_time_prediction,job runtime prediction cluster scheduling machine learning,18,W4391494568,10.2139/ssrn.4714777,Perphproctor: Qos-Aware Scheduling Based on Co-Location Forecasting on Shared Clusters,2024,SSRN Electronic Journal,preprint,0,green,https://doi.org/10.2139/ssrn.4714777,
C2_time_prediction,query execution time prediction machine learning,19,W3014889826,10.1016/j.future.2020.03.058,Sequence-to-sequence models for workload interference prediction on batch processing datacenters,2020,Future Generation Computer Systems,article,12,bronze,https://www.sciencedirect.com/science/article/pii/S0167739X19310921,
C2_time_prediction,microservice tail latency prediction,19,W7127188717,10.2139/ssrn.6170085,A Systematic Literature Review: Advancing Microservice Deployment Using Artificial Intelligence Techniques,2026,SSRN Electronic Journal,preprint,0,green,https://doi.org/10.2139/ssrn.6170085,
C2_time_prediction,service time prediction heterogeneous nodes,19,W4292600973,10.3934/mbe.2022568,A method to calculate the number of dynamic HDFS copies based on file access popularity,2022,Mathematical Biosciences & Engineering,article,4,gold,https://doi.org/10.3934/mbe.2022568,"HDFS heterogeneous clusters usually have multiple storage media at the same time. How to efficiently read and write file copies and reasonably use various storage media is a problem to be solved. Dynamically adjusting the number of copies is important in HDFS, which can solve the problem of accessing a large number of hot files at the same time and improve the efficiency of cluster services. A method is introduced to calculate the number of dynamic HDFS copies based on file access popularity in this paper. Firstly, an algorithm was proposed to predict file popularity based on the cuckoo search optimization Markov model. The unbiased grey model is used to predict the accessing file's popularity at the next moment according to the recent access of the file. The cuckoo search is used to optimize the Markov model, and the prediction error is corrected. Then, the calculation method of the number of copies is designed based on the prediction of the popularity of the file to be accessed and the availability of the node. The experiment shows that the proposed method has a high fitting degree with the actual value, and the MAPE is 3.08%, and it is the smallest, compared with several commonly used prediction models. In CloudSim4.0 simulation platform, multiple users write 10 files to the cluster at the same time, and the change number of copies is calculated according to the predicted value at the next moment, so as to improve the user access efficiency."
C2_time_prediction,job runtime prediction cluster scheduling machine learning,19,W4406396817,10.70593/978-81-984306-5-6_7,Cost optimization in hybrid cloud environments,2025,,book-chapter,3,gold,https://deepscienceresearch.com/index.php/dsr/catalog/download/42/152/520,"Cost optimization in hybrid cloud environments is a critical consideration for organizations seeking to balance the flexibility of public clouds with the control of private clouds. By strategically managing workloads across both environments, businesses can maximize resource efficiency and minimize unnecessary expenditures. This abstract explores key strategies for cost optimization, including workload placement, right-sizing of resources, and the use of auto-scaling features in public clouds. It also highlights the importance of monitoring tools, cost management platforms, and financial governance models to track and control cloud spending. By implementing these approaches, organizations can ensure a cost-effective hybrid cloud strategy while maintaining performance and scalability. Keywords Cost Optimization, Hybrid Cloud, Cloud Cost Management, Workload Placement, Resource Efficiency, Auto-Scaling, Public Cloud, Private Cloud, Cloud Strategy, Cost Management Tools, Financial Governance, Cloud Spending, Cloud Scalability, Hybrid Cloud Strategy, Cloud Resource Right-Sizing, Performance Optimization, Cloud Monitoring. 7.1. Introduction Cloud computing has revolutionized the way organizations manage their IT infrastructure. The advent of cloud services completely changed the view of computing and almost all IT services because of the pay-as-you-go model. However, with this came a significant question for IT managers who are supposed to optimize the cloud budget allocated to th"
C2_time_prediction,query execution time prediction machine learning,20,W2990017454,10.1145/3344341.3368821,Modelling and Prediction of Resource Utilization of Hadoop Clusters,2019,,conference-paper,11,closed,,"Hadoop is a distributed computing framework that has a large number of configurable parameters. These parameters have impact on system resources and execution time. Optimizing the performance of a Hadoop cluster by tuning such a large number of parameters is a tedious task. Most current big data modeling approaches does not include complex interaction between configuration parameters and the cluster environment changes such as different datasets or query. This makes it difficult to predict the performance or resource utilization of a cluster when we use real-world datasets because of their size and content. This paper presents the modeling of resource utilization of Hadoop cluster on the basis of Hadoop configuration parameters and dataset structure. Our approach builds a machine learning based-model using Hive-based Hadoop query and then predict the outcome for a particular parameter setting and query type. We used decision trees to build models for each of our performance metric measures. Decision rules were extracted from these tree-based models and evaluated for their ability to generalize to unseen data. Our experiments predicted that the percentage of columns selected, mappers and replica has a statistically significant impact over the utilization of different resources in Hadoop cluster."
C2_time_prediction,microservice tail latency prediction,20,W7205380243,,Cost and Carbon Aware Reinforcement Learning Autoscaling for Multi-Cloud Kubernetes Spot Instances,2025,NORMA,dissertation,0,closed,,"In a few public clouds, cloud-native microservices typically operate on managed Kubernetes. Elasticating the resources assists them in utilizing better, nevertheless, the cost of computation and emissions caused by the operations remains significant. Free but cancelable (such as Spot or Preemptible instances) are much cheaper yet may be terminated at any time and will have different effects on emissions depending on that area, so delivery is more difficult. This paper presents an auto-scaler which employs reinforcement learning to balance these three variables: cost, lifecycle carbon, and service reliability, through switching among clouds, regions, purchasing choices, and timing. The auto-scaler monitors real-time demand, far tail-latency indicators, revocation risk, and predictions of carbon intensity and then decides what and how many machines to execute. It is benchmarked with genetic algorithms and threshold on typical workloads of microservices. The point is that a multi-objective RL policy may reduce costs and emission levels and retain additional SLO infractions within a low cap that provides an open and reusable strategy that users can apply to FinOps and greener cloud computing."
C2_time_prediction,service time prediction heterogeneous nodes,20,W4416838606,10.1007/s11063-025-11819-w,Optimized Task Scheduling in Fog-Cloud Computing Using Hybrid Deep Learning and Metaheuristic Algorithms,2025,Neural Processing Letters,article,5,hybrid,https://doi.org/10.1007/s11063-025-11819-w,"Fog computing has emerged as an effective paradigm to address the latency issues inherent in cloud computing by enabling data processing closer to data sources, particularly for IoT applications in healthcare, smart transportation, and industrial automation. However, efficient task scheduling in fog environments remains challenging due to their dynamic, heterogeneous nature. This paper presents an integrated solution for task scheduling in fog-cloud environments to reduce energy consumption and minimize task makespan, while maintaining high-quality service (QoS). The proposed model comprises three core components: workload prediction, task offloading, and scheduling optimization. First, a Feedforward Neural Network (FNN) is used to predict workload, allowing for proactive resource allocation. Next, a reinforcement learning (RL) model dynamically manages task offloading decisions based on real-time performance metrics, determining whether tasks should be processed on local fog nodes or offloaded to the cloud. Finally, a hybrid optimization algorithm combining Harris Hawk Optimization (HHO) and Genetic Algorithm (GA) refines task scheduling by mapping tasks to available resources efficiently. Simulation results show that the proposed method achieves significant improvements in energy efficiency, reduces task completion times, and enhances QoS metrics compared to baseline scheduling algorithms. The novelty of this work lies in the synergistic integration of predictive deep learn"
C2_time_prediction,query execution time prediction machine learning,21,W3117194752,10.1109/iceca49313.2020.9297598,Analysing Computational Complexity For Prediction Function In Health Record Dataset,2020,"2020 4th International Conference on Electronics, Communication and Aerospace Technology (ICECA)",conference-paper,3,closed,,"Nowadays, XML database growth plays a vital role in many real time applications. XML database contains a collection of XML dataset. More analytical functions are applied to XML database by using Xquery. In real world, huge businesses are exchanging the data as XML data model. In general, space and time parameters are considered for Xquery processing in the database. In existing, the analytical operation is analyzed in eXist-DB and BaseX databases with the execution time of ORBDA dataset. In existing system, the prediction analysis operation is not supposed in the dataset. In this paper, Xquery is processed by using Riak database. Riak database produces better execution time than eXist-DB and BaseX. This research has analyzed the prediction operation for ORBDA dataset using machine learning approach. This paper uses various regression techniques to analyze the prediction operation. Machine learning approaches produce better accuracy in prediction. The query processing time is reduced than the existing approach. This research uses ORBDA dataset in demonstration."
C2_time_prediction,microservice tail latency prediction,21,W7151880451,10.1016/j.jss.2026.112890,LMAT: An adaptive tracing approach based on efficient system behavior analysis using language models,2026,Journal of Systems and Software,article,0,hybrid,https://doi.org/10.1016/j.jss.2026.112890,"We introduce LMAT, a Language Model-based Adaptive Tracing framework designed for host-level observability that provides granular monitoring without excessive overhead. LMAT leverages a multi-task architecture to jointly predict kernel event sequences and classify event durations, thereby capturing both control-flow and temporal dynamics. By continuously comparing live trace data against model predictions, LMAT automatically signals deviations, dynamically adjusting trace granularity only when needed. This approach significantly reduces trace volume, along with associated energy and storage costs, achieving a 70.6% reduction in our experiments. Additionally, LMAT utilizes prediction discrepancies to drive an efficient root-cause classifier, mapping detected anomalies directly to their potential fault sources and providing actionable feedback for operations teams. We evaluate LMAT on two architecturally distinct single-host environments—an Apache2 web-server stack and the Sock Shop containerized microservice benchmark—using kernel traces that include standard workloads, duration-centric noise scenarios, and controlled CPU, disk, memory, and network stress injections. On the Apache workload, LMAT demonstrates up to 97.7% accuracy in anomaly detection and root-cause identification, surpassing state-of-the-art methods relying solely on event sequences. On Sock Shop, the same design remains effective for host-local change detection, while root-cause attribution in the microservice"
C2_time_prediction,service time prediction heterogeneous nodes,21,W4315630339,10.1109/globecom48099.2022.10001266,Dynamic Fog Intelligence with Flow Control for Green Internet of Things,2022,GLOBECOM 2022 - 2022 IEEE Global Communications Conference,conference-paper,1,closed,,"With the growing number of green Internet of Things (IoT) applications, the underlining network and decision services need more Machine Learning (ML) models at the same time while reducing latency and utilized energy. In this paper, we propose HI-SDN, a Heterogeneous fog Intelligence enabled architecture for complex Software-Defined Network (SDN)-based IoT network running applications such as a smart city and healthcare. HI-SDN proposes a fog node and ML algorithm selection mechanism with dynamic traffic forwarding for green IoT to reduce delay and energy consumption. It adopts a reconfigurable approach to the ML method to dynamically change the required prediction policy and flow rules to be executed in a selected edge/fog node for critical computation. The results from the performance analysis show that HI-SDN has a substantial reduction in delay by 32% and consumed energy by 25%, in comparison to the existing state-of-the-art, besides having an increase in packet delivery ratio."
C2_time_prediction,query execution time prediction machine learning,22,W4387401722,10.1007/978-3-031-43185-2_23,Execution Time Prediction Model that Considers Dynamic Allocation of Spark Executors,2023,Lecture notes in computer science,conference-paper,1,closed,,
C2_time_prediction,microservice tail latency prediction,22,W7159578397,10.6084/m9.figshare.32143861,Multi-Objective Optimization in Cloud-Native Intelligent Systems,2026,Figshare,preprint,0,green,https://doi.org/10.6084/m9.figshare.32143861,"Multi-objective optimization has become one of the central design principles for cloud-native intelligent systems because the dominant workloads of the current cycle of distributed computing—large language model inference, LLM-assisted scheduling, observability-driven AIOps, privacy-preserving federated learning, and edge/IoT reasoning—no longer admit a single “best” objective. Instead, practitioners must optimize under persistent trade-offs among latency, throughput, service-level objective compliance, energy, carbon emissions, cloud expenditure, fairness, privacy, trust, robustness, and remediation time. Recent work makes this shift explicit. In the LLM-serving literature, DeepServe models joint SLO-cost scheduling as a contextual bandit; BOute co-optimizes heterogeneous model routing and GPU deployment with multi-objective Bayesian optimization; ECCOS combines predictive quality-cost estimation with constrained optimization; and the Liao preprint framed as prompt-level cost prediction and SLO awareness presents CAPS, a bi-objective carbon-aware scheduler for online LLM inference. In adjacent domains, cloud autoscaling has been reformulated as risk-constrained reinforcement learning, microservice rate limiting as deep RL under throughput-latency tension, and federated cloud analytics as a joint optimization of accuracy, communication cost, trust, and privacy. The first experiment studies policy search for multi-pool LLM serving under cost, carbon, and SLO-met goodput. The s"
C2_time_prediction,service time prediction heterogeneous nodes,22,W4392751544,10.1002/ett.4951,HTG: A heterogeneous topology aware model to improve cold start in cloud service QoS prediction,2024,Transactions on Emerging Telecommunications Technologies,article,0,bronze,https://onlinelibrary.wiley.com/doi/pdfdirect/10.1002/ett.4951,"Abstract The massive deployment of cloud services makes it a significant challenge to guarantee end‐to‐end QoS, QoS prediction is used to address this challenge. Accurate QoS prediction values can help select quality services and sense the network situation. Most existing QoS prediction methods focus only on improving prediction accuracy in the warm‐start situation. However, they do not consider the frequent cold‐start phenomenon, hindering their applicability in real‐world scenarios. In addition, previous approaches have made great progress in leveraging contextual information, such as geographic regions, but have neglected the process of service invocation. This article proposes a Heterogeneous Topology aware model based on Graph neural network (HTG) for QoS prediction. In HTG, users/services and invocation processes are modeled as a heterogeneous communication subgraph. HTG captures subgraph neighborhood features of users and services based on a predefined node information aggregation approach. Multi‐task learning is introduced to enhance HTG's generalization ability and simultaneously predict multiple QoS attributes. For new users or services, HTG generates their representations by fusing their attributes with geographically adjacent neighbors' features. Then, these representations of new users/services are fed into the well‐trained HTG to obtain their related QoS prediction values, without relying on additional training. Extensive experimental results demonstrate that HT"
C2_time_prediction,query execution time prediction machine learning,23,W4403114374,10.1016/j.engappai.2024.109383,A unified active learning framework for annotating graph data for regression tasks,2024,Engineering Applications of Artificial Intelligence,article,7,hybrid,https://doi.org/10.1016/j.engappai.2024.109383,"In many domains, effectively applying machine learning models requires a large number of annotations and labelled data, which might not be available in advance. Acquiring annotations often requires significant time, effort, and computational resources, making it challenging. Active learning strategies are pivotal in addressing these challenges, particularly for diverse data types such as graphs. Although active learning has been extensively explored for node-level classification, its application to graph-level learning, especially for regression tasks, is not well-explored. We develop a unified active learning framework specializing in graph annotating and graph-level learning for regression tasks on both standard and expanded graphs, which are more detailed representations. We begin with graph collection and construction. Then, we construct various graph embeddings (unsupervised and supervised) into a latent space. Given such an embedding, the framework becomes task agnostic and active learning can be performed using any regression method and query strategy suited for regression. Within this framework, we investigate the impact of using different levels of information for active and passive learning, e.g., partially available labels and unlabelled test data. Despite our framework being domain agnostic, we validate it on a real-world application of software performance prediction, where the execution time of the source code is predicted. Thus, the graph is constructed as an i"
C2_time_prediction,service time prediction heterogeneous nodes,23,W2579713322,10.1002/dac.3260,A self‐adaptive load‐dispatching control framework for device data accessing in IoT‐based systems,2017,International Journal of Communication Systems,article,1,closed,,"Summary The Internet of things (IoT) information system plays important roles in disposing of huge volumes of real‐time service requests from heterogeneous devices, targeting for different complex application requirements. Load‐dispatching control (LDC) is a key problem to be solved for devices accessing concurrently in cluster systems. Self‐adaptive LDC optimizes the resource allocation to ensure no overloading node, thus, improving the performance of IoT systems. This paper focuses on adaptive dispatching control problem in IoT information system. First, a device data access platform is proposed for reducing the load imbalance and improving the efficiency of data processing. Then, we propose a processing capability prediction model to evaluate the system performance. On the basis of the model, we present a practical self‐adaptive LDC framework with a self‐adaptive control strategy and a load dispatching method. Finally, a case study is given to verify the framework and the control strategy. Experimental results show that the proposed strategy can meet the requirements of dynamic load balancing with the ability to avoid the load imbalance problem, and the LDC‐based device access platform can process data accessing effectively and ubiquitously."
C2_time_prediction,query execution time prediction machine learning,24,W1603522017,10.1002/spe.2266,A note on software tools and techniques for monitoring and prediction of cloud services,2014,Software Practice and Experience,editorial,10,closed,,"Cloud computing is the latest computing paradigm that transparently delivers Information and Communication Technology resources as services, freeing the users of Cloud applications from dealing with low-level implementation and system administration details. Cloud provides the promise of on-demand access to affordable large-scale computing (e.g., multi-core CPUs, GPUs, and clusters of GPUs), storage (such as disks), and software (e.g., databases, application servers, and data processing frameworks) resources without substantial up-front investment. Cloud resources are hosted in large datacenters, often referred to as virtualized data farms, operated by companies such as Amazon, Apple, GoGrid, and Microsoft. While the growing ubiquity of Cloud computing is having a significant impact in many applications domains, there are still significant problems that exist with regard to efficient provisioning and delivery of applications using its Information and Communication Technology resources. These barriers are due to resource uncertainties 1 that have degradable effect on the run-time Quality of Service (e.g., access latency and number of requests being successfully served per second) of software applications deployed in the Cloud. There are many reasons for such uncertainties including (i) unpredictable application workload types (enterprise, scientific, and streaming big data analytics), (ii) fluctuations in resource capacity demands (i.e., bandwidth, memory, storage, and CPU), ("
C2_time_prediction,microservice tail latency prediction,24,W4415693359,10.63282/3050-9416.ijaibdcms-v5i1p115,"ML Algorithms that Dynamically Allocate CPU, Memory, and I/O Resources",2024,International Journal of AI BigData Computational and Management Studies,article,0,bronze,https://ijaibdcms.org/index.php/ijaibdcms/article/download/276/277,"The cloud and edge platforms of the present time need to distribute CPU, memory, and I/O under unsteady, multi-tenanted workloads without violating service-level aims (SLOs), finances, and energy restrictions. This paper introduces a safety-first architecture that integrates the telemetry-based prediction and policy-based decision making. We have instrumented hosts and services with fine-grained signals CPU runnable depth and throttling, page-fault rate and cache residency, disk/NVMe queue depth and tail latency, NIC retransmits and engineer cross-resource features to measure the coupling effects. Developing these contributions, we consider three categories of the methods: (i) the supervised forecasters (gradient boosting, temporal CNN/Transformer) to predict demand in the short-horizon and SLO-risk, (ii) the constrained reinforcement learning to predict joint and continuous changes in the shares/quota of CPU, memory constraints/placement, and I/O priorities, (iii) the hybrid predict-then-optimize controllers with model-predictive guardrails. Automatic rollback and limited step sizes of canary-first rollout guarantee stability of production. Our solution to trace-driven experiments on OLTP microservices, streaming analytics, storage-heavy phases, and ML inference pipelines results in 20-45% p99 and SLO misses over well-tuned rule/PID baselines, and higher throughput and slightly reduced cost. We talk about design options such as design uncertainty-conscious headroom, equity r"
C2_time_prediction,service time prediction heterogeneous nodes,24,W7135058611,10.1016/j.future.2026.108460,Dynamic feedback-driven adaptive queue-based load balancing in cloud environment,2026,Future Generation Computer Systems,article,1,closed,,
C2_time_prediction,query execution time prediction machine learning,25,W3197649928,10.1186/s13173-021-00115-9,Robust Cardinality: a novel approach for cardinality prediction in SQL queries,2021,Journal of the Brazilian Computer Society,article,2,gold,https://journal-bcs.springeropen.com/counter/pdf/10.1186/s13173-021-00115-9,"Abstract Background Database Management Systems (DBMSs) use declarative language to execute queries to stored data. The DBMS defines how data will be processed and ultimately retrieved. Therefore, it must choose the best option from the different possibilities based on an estimation process. The optimization process uses estimated cardinalities to make optimization decisions, such as choosing predicate order. Methods In this paper, we propose Robust Cardinality, an approach to calculate cardinality estimates of query operations to guide the execution engine of the DBMSs to choose the best possible form or at least avoid the worst one. By using machine learning, instead of the current histogram heuristics, it is possible to improve these estimates; hence, leading to more efficient query execution. Results We perform experimental tests using PostgreSQL, comparing both estimators and a modern technique proposed in the literature. With Robust Cardinality, a lower estimation error of a batch of queries was obtained and PostgreSQL executed these queries more efficiently than when using the default estimator. We observed a 3% reduction in execution time after reducing 4 times the query estimation error. Conclusions From the results, it is possible to conclude that this new approach results in improvements in query processing in DBMSs, especially in the generation of cardinality estimates."
C2_time_prediction,service time prediction heterogeneous nodes,25,W7204227922,10.3390/a19090720,LTFP: Lead-Time-Aware Failure Prediction Based on Service GNNs for AIOps,2026,Algorithms,article,0,gold,https://doi.org/10.3390/a19090720,"Failures in cloud-native systems can disrupt service availability and system reliability, while their early symptoms are often weak and dispersed across metrics, logs, traces, and interdependent services. Existing methods commonly flatten heterogeneous telemetry or model monitoring variables without preserving service identities. We propose LTFP, a lead-time-aware failure-prediction framework whose graph nodes represent services. LTFP uses modality-specific temporal encoders and gated fusion to form service states, as well as an edge-weight-aware Graph Attention Network to propagate these states over a sparse hybrid graph constructed from known dependencies and training-fitted correlations. Joint graph-level and node-level heads predict whether a failure will occur within a configured future window and rank likely responsible services. We evaluate LTFP on seven subsets from three representative cloud-native systems. Comparisons with representative source-code baselines are reported at the pipeline level, with each method retaining its original learning objective and input configuration. At the 600 s prediction-window setting, LTFP obtains a macro-average window-level precision, recall, and F1 of 92.0%, 90.4%, and 90.5%, respectively. Together with the localization and ablation results, these findings support the effectiveness of service-centered multimodal modeling under the evaluated protocol."
C3_degeneracy,shortcut learning spurious feature benchmark,1,W4391568820,10.1145/3644392,Enhancing Out-of-distribution Generalization on Graphs via Causal Attention Learning,2024,ACM Transactions on Knowledge Discovery from Data,article,31,closed,,"In graph classification, attention- and pooling-based graph neural networks (GNNs) predominate to extract salient features from the input graph and support the prediction. They mostly follow the paradigm of “learning to attend,” which maximizes the mutual information between the attended graph and the ground-truth label. However, this paradigm causes GNN classifiers to indiscriminately absorb all statistical correlations between input features and labels in the training data without distinguishing the causal and noncausal effects of features. Rather than emphasizing causal features, the attended graphs tend to rely on noncausal features as shortcuts to predictions. These shortcut features may easily change outside the training distribution, thereby leading to poor generalization for GNN classifiers. In this article, we take a causal view on GNN modeling. Under our causal assumption, the shortcut feature serves as a confounder between the causal feature and prediction. It misleads the classifier into learning spurious correlations that facilitate prediction in in-distribution (ID) test evaluation while causing significant performance drop in out-of-distribution (OOD) test data. To address this issue, we employ the backdoor adjustment from causal theory—combining each causal feature with various shortcut features, to identify causal patterns and mitigate the confounding effect. Specifically, we employ attention modules to estimate the causal and shortcut features of the input g"
C3_degeneracy,simple baseline outperforms machine learning systems,1,W2963438784,10.48550/arxiv.1904.00310,Learn to Grow: A Continual Structure Learning Framework for Overcoming\n Catastrophic Forgetting,2019,arXiv (Cornell University),preprint,110,green,https://arxiv.org/pdf/1904.00310,"Addressing catastrophic forgetting is one of the key challenges in continual\nlearning where machine learning systems are trained with sequential or\nstreaming tasks. Despite recent remarkable progress in state-of-the-art deep\nlearning, deep neural networks (DNNs) are still plagued with the catastrophic\nforgetting problem. This paper presents a conceptually simple yet general and\neffective framework for handling catastrophic forgetting in continual learning\nwith DNNs. The proposed method consists of two components: a neural structure\noptimization component and a parameter learning and/or fine-tuning component.\nBy separating the explicit neural structure learning and the parameter\nestimation, not only is the proposed method capable of evolving neural\nstructures in an intuitively meaningful way, but also shows strong capabilities\nof alleviating catastrophic forgetting in experiments. Furthermore, the\nproposed method outperforms all other baselines on the permuted MNIST dataset,\nthe split CIFAR100 dataset and the Visual Domain Decathlon dataset in continual\nlearning setting.\n"
C3_degeneracy,synthetic workload generation benchmark validity,1,W1582141055,10.1109/ccgrid.2015.61,YARNsim: Simulating Hadoop YARN,2015,,conference-paper,15,closed,,"Despite the popularity of the Apache Hadoop system, its success has been limited by issues such as single points of failure, centralized job/task management, and lack of support for programming models other than MapReduce. The next generation of Hadoop, Apache Hadoop YARN, is designed to address these issues. In this paper, we propose YARNsim, a simulation system for Hadoop YARN. YARNsim is based on parallel discrete event simulation and provides protocol-level accuracy in simulating key components of YARN. YARNsim provides a virtual platform on which system architects can evaluate the design and implementation of Hadoop YARN systems. Also, application developers can tune job performance and understand the tradeoffs between different configurations, and Hadoop YARN system vendors can evaluate system efficiency under limited budgets. To demonstrate the validity of YARNsim, we use it to model two real systems and compare the experimental results from YARNsim and the real systems. The experiments include standard Hadoop benchmarks, synthetic workloads, and a bioinformatics application. The results show that the error rate is within 10% for the majority of test cases. The experiments prove that YARNsim can provide what-if analysis for system designers in a timely manner and at minimal cost compared with testing and evaluating on a real system."
C3_degeneracy,negative results machine learning evaluation pitfalls,1,W2969655192,10.1101/743138,"Beyond accuracy: Measures for assessing machine learning models, pitfalls and guidelines",2019,bioRxiv (Cold Spring Harbor Laboratory),preprint,71,green,https://www.biorxiv.org/content/biorxiv/early/2019/08/22/743138.full.pdf,"Abstract Pattern recognition predictive models have become an important tool for analysis of neuroimaging data and answering important questions from clinical and cognitive neuroscience. Regardless of the application, the most commonly used method to quantify model performance is to calculate prediction accuracy, i.e. the proportion of correctly classified samples. While simple and intuitive, other performance measures are often more appropriate with respect to many common goals of neuroimaging pattern recognition studies. In this paper, we will review alternative performance measures and focus on their interpretation and practical aspects of model evaluation. Specifically, we will focus on 4 families of performance measures: 1) categorical performance measures such as accuracy, 2) rank based performance measures such as the area under the curve, 3) probabilistic performance measures based on quadratic error such as Brier score, and 4) probabilistic performance measures based on information criteria such as logarithmic score. We will examine their statistical properties in various settings using simulated data and real neuroimaging data derived from public datasets. Results showed that accuracy had the worst performance with respect to statistical power, detecting model improvement, selecting informative features and reliability of results. Therefore in most cases, it should not be used to make statistical inference about model performance. Accuracy should also be avoided for"
C3_degeneracy,shortcut learning spurious feature benchmark,2,W4413157737,10.1109/cvpr52734.2025.01753,Circumventing shortcuts in audio-visual deepfake detection datasets with unsupervised learning,2025,,conference-paper,9,closed,,"Good datasets are essential for developing and benchmarking any machine learning system. Their importance is even more extreme for safety critical applications such as deepfake detection—the focus of this paper. Here we reveal that two of the most widely used audio-video deepfake datasets suffer from a previously unidentified spurious feature: the leading silence. Fake videos start with a very brief moment of silence and, on the basis of this feature alone, we can separate the real and fake samples almost perfectly. As such, previous audio-only and audio-video models exploit the presence of silence in the fake videos and consequently perform worse when the leading silence is removed. To circumvent latching on such an unwanted artifact and possibly other unrevealed ones, we propose a shift from supervised to unsupervised learning by training models exclusively on real data. We show that by aligning self-supervised audio-video representations we remove the risk of relying on dataset-specific biases and improve robustness in deepfake detection."
C3_degeneracy,simple baseline outperforms machine learning systems,2,W2932484476,10.48550/arxiv.1904.00310,Learn to Grow: A Continual Structure Learning Framework for Overcoming Catastrophic Forgetting,2019,arXiv (Cornell University),preprint,79,green,https://arxiv.org/pdf/1904.00310,"Addressing catastrophic forgetting is one of the key challenges in continual learning where machine learning systems are trained with sequential or streaming tasks. Despite recent remarkable progress in state-of-the-art deep learning, deep neural networks (DNNs) are still plagued with the catastrophic forgetting problem. This paper presents a conceptually simple yet general and effective framework for handling catastrophic forgetting in continual learning with DNNs. The proposed method consists of two components: a neural structure optimization component and a parameter learning and/or fine-tuning component. By separating the explicit neural structure learning and the parameter estimation, not only is the proposed method capable of evolving neural structures in an intuitively meaningful way, but also shows strong capabilities of alleviating catastrophic forgetting in experiments. Furthermore, the proposed method outperforms all other baselines on the permuted MNIST dataset, the split CIFAR100 dataset and the Visual Domain Decathlon dataset in continual learning setting."
C3_degeneracy,synthetic workload generation benchmark validity,2,W7153670905,,SynQL: A Controllable and Scalable Rule-Based Framework for SQL Workload Synthesis for Performance Benchmarking,2026,arXiv (Cornell University),preprint,0,green,https://arxiv.org/pdf/2604.08021,"Database research and the development of learned query optimisers rely heavily on realistic SQL workloads. Acquiring real-world queries is increasingly difficult, however, due to strict privacy regulations, and publicly released anonymised traces typically strip out executable query text to preserve confidentiality. Existing synthesis tools fail to bridge this training data gap: traditional benchmarks offer too few fixed templates for statistical generalisation, while Large Language Model (LLM) approaches suffer from schema hallucination fabricating non-existent columns and topological collapse systematically defaulting to simplistic join patterns that fail to stress-test query optimisers. We propose SynQL, a deterministic workload synthesis framework that generates structurally diverse, execution-ready SQL workloads. As a foundational step toward bridging the training-data gap, SynQL targets the core SQL fragment -- multi-table joins with projections, aggregations, and range predicates -- which dominates analytical workloads. SynQL abandons probabilistic text generation in favour of traversing the live database's foreign-key graph to populate an Abstract Syntax Tree (AST), guaranteeing schema and syntactic validity by construction. A configuration vector $Θ$ provides explicit, parametric control over join topology (Star, Chain, Fork), analytical intensity, and predicate selectivity. Experiments on TPC-H and IMDb show that SynQL produces near-maximally diverse workloads (Topo"
C3_degeneracy,negative results machine learning evaluation pitfalls,2,W4386084036,10.1002/path.6155,Pitfalls in machine learning‐based assessment of tumor‐infiltrating lymphocytes in breast cancer: A report of the International Immuno‐Oncology Biomarker Working Group on Breast Cancer,2023,The Journal of Pathology,article,55,hybrid,https://onlinelibrary.wiley.com/doi/pdfdirect/10.1002/path.6155,"The clinical significance of the tumor-immune interaction in breast cancer is now established, and tumor-infiltrating lymphocytes (TILs) have emerged as predictive and prognostic biomarkers for patients with triple-negative (estrogen receptor, progesterone receptor, and HER2-negative) breast cancer and HER2-positive breast cancer. How computational assessments of TILs might complement manual TIL assessment in trial and daily practices is currently debated. Recent efforts to use machine learning (ML) to automatically evaluate TILs have shown promising results. We review state-of-the-art approaches and identify pitfalls and challenges of automated TIL evaluation by studying the root cause of ML discordances in comparison to manual TIL quantification. We categorize our findings into four main topics: (1) technical slide issues, (2) ML and image analysis aspects, (3) data challenges, and (4) validation issues. The main reason for discordant assessments is the inclusion of false-positive areas or cells identified by performance on certain tissue patterns or design choices in the computational implementation. To aid the adoption of ML for TIL assessment, we provide an in-depth discussion of ML and image analysis, including validation issues that need to be considered before reliable computational reporting of TILs can be incorporated into the trial and routine clinical management of patients with triple-negative breast cancer. © 2023 The Authors. The Journal of Pathology published "
C3_degeneracy,shortcut learning spurious feature benchmark,3,W4399055279,10.1007/s11263-024-02106-7,Learning Hierarchical Visual Transformation for Domain Generalizable Visual Matching and Recognition,2024,International Journal of Computer Vision,article,35,closed,,
C3_degeneracy,simple baseline outperforms machine learning systems,3,W4206343505,10.1155/2022/3817226,Research on the Construction of Human-Computer Interaction System Based on a Machine Learning Algorithm,2022,Journal of Sensors,article,16,hybrid,https://downloads.hindawi.com/journals/js/2022/3817226.pdf,"In this paper, we use machine learning algorithms to conduct in-depth research and analysis on the construction of human-computer interaction systems and propose a simple and effective method for extracting salient features based on contextual information. The method can retain the dynamic and static information of gestures intact, which results in a richer and more robust feature representation. Secondly, this paper proposes a dynamic planning algorithm based on feature matching, which uses the consistency and accuracy of feature matching to measure the similarity of two frames and then uses a dynamic planning algorithm to find the optimal matching distance between two gesture sequences. The algorithm ensures the continuity and accuracy of the gesture description and makes full use of the spatiotemporal location information of the features. The features and limitations of common motion target detection methods in motion gesture detection and common machine learning tracking methods in gesture tracking are first analyzed, and then, the kernel correlation filter method is improved by designing a confidence model and introducing a scale filter, and finally, comparison experiments are conducted on a self-built gesture dataset to verify the effectiveness of the improved method. During the training and validation of the model by the corpus, the complementary feature extraction methods are ablated and learned, and the corresponding results obtained are compared with the three basel"
C3_degeneracy,negative results machine learning evaluation pitfalls,3,W2903488876,10.1093/toxsci/kfy286,Oy Vey! A Comment on “Machine Learning of Toxicological Big Data Enables Read-Across Structure Activity Relationships Outperforming Animal Test Reproducibility”,2018,Toxicological Sciences,article,33,bronze,https://academic.oup.com/toxsci/article-pdf/167/1/3/27331199/kfy286.pdf,"A study by (Luechtefeld et al., 2018) described the development of a suite of in silico models, termed read-across structure activity relationships (RASAR), that have “balanced accuracies in the 80%–95% range across 9 health hazards with no constraints on tested compounds.” This work can be considered groundbreaking for apparently exceeding the most optimistic expectations for quantitative structure-activity relationship (QSAR) modeling accuracy, especially without restrictions on model applicability domains. Predictive in silico models have been facilitating replacement and reduction of animal testing in toxicology (Wold et al., 1985); however, it is also recognized that “these methods are not always reliable and must be assessed on their individual merit for the compound and context in question” (Cronin et al., 2017). It is widely acknowledged that QSAR and other in silico models should be subject to rigorous testing and validation (Dearden et al., 2009; Fourches et al., 2010, 2015; OECD, 2014; Tropsha, 2010). Thus, we were curious to understand what technological advances have enabled the RASAR models to achieve accuracy that, for the first time in the history of QSAR, was “outperforming animal tests reproducibility” (Luechtefeld et al., 2018). With this letter, we aim to understand the genesis of the outstanding result presented by (Luechtefeld et al., 2018). Upon close examination of the methods and conclusions, we believe there is an urgent need to highlight several iss"
C3_degeneracy,simple baseline outperforms machine learning systems,4,W4402617687,10.1016/j.compeleceng.2024.109627,Assessing the effectiveness of dimensionality reduction on the interpretability of opaque machine learning-based attack detection systems,2024,Computers & Electrical Engineering,article,17,closed,,
C3_degeneracy,synthetic workload generation benchmark validity,4,W7161244834,10.5281/zenodo.20213278,Policy-Verified Agentic DataOps for Regulated Multi-Cloud Analytics,2026,PhilPapers (PhilPapers Foundation),article,0,green,https://philpapers.org/archive/CHOPAD-3.pdf,"Regulated analytics teams increasingly run data pipelines, retrieval systems, and machine learning workloads across multiple cloud providers, but the operational control plane remains split across pipeline schedulers, API gateways, privacy tooling, and audit systems. This paper proposes Policy-Verified Agentic DataOps (PVA-DataOps), a synthetic reference architecture in which bounded agents propose operational actions while a policy verifier, evidence layer, and contract-mediated gateway decide whether those actions may execute. The design combines governed cloud pipeline agents, intent-aware multi-cluster gateways, cross-cloud workload routing, hybrid semantic-relational retrieval, distributed retrieval-augmented generation (RAG), model-context contracts, and privacy-preserving anonymization. We describe the control architecture, a verification algorithm, and a simulated benchmark covering recovery time, policy drift, evidence validity, privacy-utility loss, and cost. In simulation, PVA-DataOps reduces mean recovery time by 46.3\% relative to static orchestration while eliminating unapproved policy-drift events. The results are synthetic and are intended to make the architecture testable rather than to claim production deployment."
C3_degeneracy,negative results machine learning evaluation pitfalls,4,W3085035300,10.1002/tea.21667,"21st‐century science education digital ecologies: Technology, technique, shoelaces, promise, and pitfalls?",2020,Journal of Research in Science Teaching,article,9,bronze,https://onlinelibrary.wiley.com/doi/pdfdirect/10.1002/tea.21667,"This special issue, Science teaching, learning, and assessment with 21st century, cutting-edge digital ecologies, aimed to examine the use and impact of 21st-century cutting-edge technologies, technological platforms, technological activity, and digital ecologies on science teaching, learning, and assessment. The call for this issue also focused on conceptual and/or critical analyses related to theories and frameworks needed to advance the ways in which digital ecologies and technological activity can transform science teaching, learning, and assessment, as well as the potential of these technologies and platforms to realize equity in access and outcomes in science education for all learners. We sought to feature empirical and conceptual scholarship that would help us to understand how technological advancement in transportation, medicine, agriculture, and science was being translated, adopted, and represented in K-16 formal and informal science teaching and learning. Importantly, we saw this as an opportunity to understand how massive monetary investments in technology-related funding in STEM domains matched the rhetoric that technologies are meant to make learning, among other things, efficient, visual, interesting, dynamic, entertaining, and/or reinforce the tools and practices of science. Overall, the present special issue was an attempt to assess the state of theoretically grounded and rigorous research that is intended to inform how we design, implement, adopt, and enac"
C3_degeneracy,shortcut learning spurious feature benchmark,5,W7163595170,,Shortcut to Nowhere: Demystifying Deep Spurious Regression,2026,arXiv (Cornell University),preprint,0,green,https://arxiv.org/pdf/2606.01723,"Real-world regression often exhibits shortcuts: attributes that are spuriously correlated with continuous targets in training, yet unreliable under deployment shifts; regressing targets using such shortcuts may fail catastrophically at test time. Existing studies on spurious correlations focus primarily on classification, where labels are categorical and groups are naturally defined. However, many real-world tasks require continuous prediction, where hard label boundaries or discrete group-label pairs do not exist. We define Deep Spurious Regression (DSR) as learning from regression data with attribute-label confounding, addressing continuous spurious correlations, and generalizing to all attribute-label combinations at test time. Motivated by the intrinsic difference between classification and regression shortcuts, we propose to exploit the similarity among spurious attributes in both label and feature spaces, thereby accounting for nearby targets and related groups while calibrating both label and learned feature distributions across attributes. Extensive experiments on common real-world DSR datasets that span computer vision, environmental sensing, and large language model (LLM) regression verify the superior performance of our strategies. Our work fills the gap in benchmarks and techniques for studying spurious correlations in continuous prediction."
C3_degeneracy,simple baseline outperforms machine learning systems,5,W3200601607,10.1109/ijcnn52387.2021.9533294,Anomaly Detection using Distributed Log Data: A Lightweight Federated Learning Approach,2021,,conference-paper,34,closed,,"Large-scale software systems are generally deployed on distributed machines. Logs are usually collected from those machines for comprehensive and accurate system fault analysis. However, there are potential challenges during log transmission from distributed machines to third-party data analytics services. First, uploading massive raw logs causes tremendous bandwidth consumption. Moreover, user privacy contained in logs is easy to get leaked during transmission. To address these issues, we introduce federated learning for anomaly detection using distributed log data. However, gradient updates of model parameters transmitted between the server (third-party data analytics services) and participants (distributed machines) in federated learning have been proved of possible recovery by attackers, so encryption of gradient updates is necessary for enhanced privacy protection. Considering that encryption time is proportional to the number of parameters, we propose a lightweight federated learning method for anomaly detection, named FLOGCNN, using distributed log data. The sever in FLOGCNN aggregates gradient updates according to the sample size of participants to generate an integrated model. For local training, participants apply an anomaly detection model based on one-dimensional convolution with much fewer parameters. Extensive experiments are conducted for FLOGCNN using open log datasets. Results demonstrate that FLOGCNN outperforms baseline methods on anomaly detection and redu"
C3_degeneracy,synthetic workload generation benchmark validity,5,W7105809953,10.5281/zenodo.17619916,DREAM v3 — Dynamic Retention Episodic Architecture for Memory: Governed Memory through the Separation of Retention and Influence,2026,Zenodo (CERN European Organization for Nuclear Research),preprint,0,green,https://doi.org/10.5281/zenodo.17619916,"Version 3.0 of DREAM — Dynamic Retention Episodic Architecture for Memory, advances the architecture from adaptive memory retention toward explicit governance of memory influence. Previous versions established DREAM as a scalable, opt-in episodic memory architecture for AI agents, introducing adaptive retention, empirical simulations, modular reference implementations, and the DREAM-as-a-Support (DaaS) model. DREAM v3 addresses a deeper problem that emerges when persistent memory begins to shape future reasoning: retaining a memory does not necessarily mean that the memory should remain authorized to influence the current cognitive context. The central contribution of DREAM v3 is the explicit separation between memory retention and memory influence. A retention policy determines whether a memory should remain available, be archived, consolidated, or eventually pruned. A separate, query-conditioned influence policy determines whether that memory may affect the current reasoning context and with what degree of authority. Retrieved memories are therefore treated as candidates rather than automatically authorized context. DREAM v3 introduces auditable meta-memory, provenance anchors, compression-lineage tracking, contradiction handling, epistemic recalibration, governed context construction, typed feedback events, and immutable hash-chained decision traces. A state-aware Hygiene Gate evaluates each retrieved memory using confidence, uncertainty, contradiction pressure, source rel"
C3_degeneracy,negative results machine learning evaluation pitfalls,5,W4415993675,10.1002/tesq.70042,"Generative Artificial Intelligence in English Language Education: Potential, Challenges, and the Path Forward",2025,TESOL Quarterly,article,6,bronze,https://onlinelibrary.wiley.com/doi/pdfdirect/10.1002/tesq.70042,"This Special Issue takes up a timely and pressing question: As generative artificial intelligence (GenAI) tools become increasingly prevalent in educational settings, how are they transforming English language education landscapes? While GenAI offers unprecedented opportunities for language teaching, learning, and assessment, such as personalized instruction, immediate feedback, and access to rich linguistic input, its impact on pedagogical effectiveness and assessment validity remains hotly debated. This collection of studies explored how GenAI is influencing, reshaping, and at times challenging established models of English language instruction and evaluation. We argue that although GenAI holds significant promise for English language education, its value and limitations must be carefully examined through empirical research and critical reflection. We begin by highlighting the Special Issue's key contributions to the field of language education, with a particular focus on the teaching, learning, and assessment of English productive skills. We then turn to the gaps in the existing literature on AI integration in English language education, as revealed by the studies in this issue. These include methodological limitations, assessment-related concerns, and ethical considerations arising from the use of GenAI in current studies. Finally, we reflect on both the promises and potential pitfalls of AI and propose a way forward grounded in a human-centered, research-informed approac"
C3_degeneracy,simple baseline outperforms machine learning systems,6,W4319778071,10.1109/access.2023.3243845,Learning From Multiple Expert Annotators for Enhancing Anomaly Detection in Medical Image Analysis,2023,IEEE Access,article,41,gold,https://ieeexplore.ieee.org/ielx7/6287639/6514899/10041153.pdf,"Recent years have experienced phenomenal growth in computer-aided diagnosis systems based on machine learning algorithms for anomaly detection tasks in the medical image domain. However, the performance of these algorithms greatly depends on the quality of labels since the subjectivity of a single annotator might decline the certainty of medical image datasets. In order to alleviate this problem, aggregating labels from multiple radiologists with different levels of expertise has been established. In particular, under the reliance on their own biases and proficiency levels, different qualified experts provide their estimations of the ""true"" bounding boxes representing the anomaly observations. Learning from these nonstandard labels exerts negative effects on the performance of machine learning networks. In this paper, we propose a simple yet effective approach for the enhancement of neural networks’ efficiency in abnormal detection tasks by estimating the actually hidden labels from multiple ones. A re-weighted loss function is also used to improve the detection capacity of the networks. We conduct an extensive experimental evaluation of our proposed approach on both simulated and real-world medical imaging datasets, MED-MNIST and VinDr-CXR. The experimental results show that our approach is able to capture the reliability of different annotators and outperform relevant baselines that do not consider the disagreements among annotators. Our code is available at https://github."
C3_degeneracy,negative results machine learning evaluation pitfalls,6,W4391579944,10.1101/2024.02.06.24302390,Conceptualizing bias in EHR data: A case study in performance disparities by demographic subgroups for a pediatric obesity incidence classifier,2024,medRxiv,preprint,0,green,https://www.medrxiv.org/content/medrxiv/early/2024/02/06/2024.02.06.24302390.full.pdf,"Abstract Electronic Health Records (EHRs) are increasingly used to develop machine learning models in predictive medicine. There has been limited research on utilizing machine learning methods to predict childhood obesity and related disparities in classifier performance among vulnerable patient subpopulations. In this work, classification models are developed to recognize pediatric obesity using temporal condition patterns obtained from patient EHR data. We trained four machine learning algorithms (Logistic Regression, Random Forest, XGBoost, and Neural Networks) to classify cases and controls as obesity positive or negative, and optimized hyperparameter settings through a bootstrapping methodology. To assess the classifiers for bias, we studied model performance by population subgroups then used permutation analysis to identify the most predictive features for each model and the demographic characteristics of patients with these features. Mean AUC-ROC values were consistent across classifiers, ranging from 0.72-0.80. Some evidence of bias was identified, although this was through the models performing better for minority subgroups (African Americans and patients enrolled in Medicaid). Permutation analysis revealed that patients from vulnerable population subgroups were over-represented among patients with the most predictive diagnostic patterns. We hypothesize that our models performed better on under-represented groups because the features more strongly associated with obe"
C3_degeneracy,shortcut learning spurious feature benchmark,7,W7131320331,,Mitigating Shortcut Learning via Feature Disentanglement in Medical Imaging: A Benchmark Study,2026,arXiv (Cornell University),preprint,0,green,https://arxiv.org/pdf/2602.18502,"Although deep learning models in medical imaging often achieve excellent classification performance, they can rely on shortcut learning, exploiting spurious correlations or confounding factors that are not causally related to the target task. This poses risks in clinical settings, where models must generalize across institutions, populations, and acquisition conditions. Feature disentanglement is a promising approach to mitigate shortcut learning by separating task-relevant information from confounder-related features in latent representations. In this study, we systematically evaluated feature disentanglement methods for mitigating shortcuts in medical imaging, including adversarial learning and latent space splitting based on dependence minimization. We assessed classification performance and disentanglement quality using latent space analyses across one artificial and two medical datasets with natural and synthetic confounders. We also examined robustness under varying levels of confounding and compared computational efficiency across methods. We found that shortcut mitigation methods improved classification performance under strong spurious correlations during training. Latent space analyses revealed differences in representation quality not captured by classification metrics, highlighting the strengths and limitations of each method. Model reliance on shortcuts depended on the degree of confounding in the training data. The best-performing models combine data-centric reb"
C3_degeneracy,simple baseline outperforms machine learning systems,7,W4401202592,10.1063/5.0313297,Machine learning for predicting chaotic systems,2026,Chaos An Interdisciplinary Journal of Nonlinear Science,article,3,green,https://arxiv.org/pdf/2407.20158,"Predicting chaotic dynamical systems is critical in many scientific fields, such as weather forecasting, but challenging due to the characteristic sensitive dependence on initial conditions. Traditional modeling approaches require extensive domain knowledge, often leading to a shift toward data-driven methods using machine learning. However, existing research provides inconclusive results on which machine learning methods are best suited for predicting chaotic systems. In this paper, we compare different lightweight and heavyweight machine learning architectures using extensive existing benchmark databases of low-dimensional systems, as well as a newly introduced database that allows for uncertainty quantification in the benchmark results. In addition to the state-of-the-art methods from the literature, we also present new advantageous variants of established methods. Hyperparameter tuning is adjusted based on computational cost, with more tuning allocated to less costly methods. Furthermore, we introduce the cumulative maximum error, a novel metric that combines desirable properties of traditional metrics and is tailored for chaotic systems. Our results show that well-tuned simple methods, as well as untuned baseline methods, often outperform the state-of-the-art deep learning models, but their performance can vary significantly with different experimental setups. These findings highlight the importance of aligning prediction methods with data characteristics and caution aga"
C3_degeneracy,simple baseline outperforms machine learning systems,8,W3196772091,10.21437/interspeech.2021-2191,Detecting COVID-19 from Audio Recording of Coughs Using Random Forests and Support Vector Machines,2021,,conference-paper,17,closed,,"The detection of COVID-19 is and will remain in the foreseeable future a crucial challenge, making the development of tools for the task important.One possible approach, on the confines of speech and audio processing, is detecting potential COVID-19 cases based on cough sounds.We propose a simple, yet robust method based on the well-known ComParE 2016 feature set, and two classical machine learning models, namely Random Forests, and Support Vector Machines (SVMs).Furthermore, we combine the two methods, by calculating the weighted average of their predictions.Our results in the DiCOVA challenge show that this simple approach leads to a robust solution while producing competitive results.Based on the Area Under the Receiver Operating Characteristic Curve (AUC ROC) score, both classical machine learning methods we applied markedly outperform the baseline provided by the challenge organisers.Moreover, their combination attains an AUC ROC score of 85.21, positioning us at fourth place on the leaderboard (where the second team attained a similar, 85.43 score).Here, we would describe this system in more detail, and analyse the resulting models, drawing conclusions, and determining future work directions."
C3_degeneracy,shortcut learning spurious feature benchmark,9,W7161353859,,SpurAudio: A Benchmark for Studying Shortcut Learning in Few-Shot Audio Classification,2026,arXiv (Cornell University),preprint,0,green,https://arxiv.org/pdf/2605.13672,"Few-shot classification (FSC) is widely used for learning from limited labeled data, yet most evaluations implicitly assume that target concepts are independent of contextual cues. In real-world settings, however, examples often appear within rich contexts, allowing models to exploit spurious correlations between foreground content and background signals. While such effects have been studied in few-shot image classification, their role in few-shot audio classification remains largely unexplored, and existing audio benchmarks offer limited control over contextual structure. We introduce SpurAudio, a benchmark that leverages the natural separability of foreground events and background environments in audio to enable controlled, multi-level evaluation of contextual shifts across support and query sets. Using this benchmark, we show that many state-of-the-art few-shot methods suffer severe performance degradation when background correlations are disrupted, despite achieving similar accuracy under standard evaluation protocols. Crucially, this vulnerability persists even in large pretrained audio foundation models, ruling out limited backbone capacity as an explanation. Moreover, methods that appear comparable under conventional benchmarks can exhibit markedly different sensitivity to spurious correlations, revealing systematic algorithmic strengths and vulnerabilities tied to how feature representations interact with classifier heads at inference time. These findings provide new "
C3_degeneracy,simple baseline outperforms machine learning systems,9,W4318427124,10.1007/s10772-023-10023-2,Speaker identification and localization using shuffled MFCC features and deep learning,2023,International Journal of Speech Technology,book-chapter,17,hybrid,https://link.springer.com/content/pdf/10.1007/s10772-023-10023-2.pdf,"Abstract The use of machine learning in automatic speaker identification and localization systems has recently seen significant advances. However, this progress comes at the cost of using complex models, computations, and increasing the number of microphone arrays and training data. Therefore, in this work, we propose a new end-to-end identification and localization model based on a simple fully connected deep neural network (FC-DNN) and just two input microphones. This model can jointly or separately localize and identify an active speaker with high accuracy in single and multi-speaker scenarios by exploiting a new data augmentation approach. In this regard, we propose using a novel Mel Frequency Cepstral Coefficients (MFCC) based feature called Shuffled MFCC (SHMFCC) and its variant Difference Shuffled MFCC (DSHMFCC). In order to test our approach, we analyzed the performance of the identification and localization proposed model on the new features at different noise and reverberation conditions for single and multi-speaker scenarios. The results show that our approach achieves high accuracy in these scenarios, outperforms the baseline and conventional methods, and achieves robustness even with small-sized training data."
C3_degeneracy,simple baseline outperforms machine learning systems,10,W3110682054,10.48550/arxiv.2012.06733,Human-in-the-Loop Imitation Learning using Remote Teleoperation,2020,arXiv (Cornell University),preprint,10,green,https://arxiv.org/pdf/2012.06733,"Imitation Learning is a promising paradigm for learning complex robot manipulation skills by reproducing behavior from human demonstrations. However, manipulation tasks often contain bottleneck regions that require a sequence of precise actions to make meaningful progress, such as a robot inserting a pod into a coffee machine to make coffee. Trained policies can fail in these regions because small deviations in actions can lead the policy into states not covered by the demonstrations. Intervention-based policy learning is an alternative that can address this issue -- it allows human operators to monitor trained policies and take over control when they encounter failures. In this paper, we build a data collection system tailored to 6-DoF manipulation settings, that enables remote human operators to monitor and intervene on trained policies. We develop a simple and effective algorithm to train the policy iteratively on new data collected by the system that encourages the policy to learn how to traverse bottlenecks through the interventions. We demonstrate that agents trained on data collected by our intervention-based system and algorithm outperform agents trained on an equivalent number of samples collected by non-interventional demonstrators, and further show that our method outperforms multiple state-of-the-art baselines for learning from the human interventions on a challenging robot threading task and a coffee making task. Additional results and videos at https://sites.goo"
C3_degeneracy,shortcut learning spurious feature benchmark,11,W4416246362,10.52202/085713-2168,Rectifying Shortcut Behaviors in Preference-based Reward Learning,2025,,conference-paper,0,green,https://arxiv.org/pdf/2510.19050,"In reinforcement learning from human feedback, preference-based reward models play a central role in aligning large language models to human-aligned behavior. However, recent studies show that these models are prone to reward hacking and often fail to generalize well due to over-optimization. They achieve high reward scores by exploiting shortcuts, that is, exploiting spurious features (e.g., response verbosity, agreeable tone, or sycophancy) that correlate with human preference labels in the training data rather than genuinely reflecting the intended objectives. In this paper, instead of probing these issues one at a time, we take a broader view of the reward hacking problem as shortcut behaviors and introduce a principled yet flexible approach to mitigate shortcut behaviors in preference-based reward learning. Inspired by the invariant theory in the kernel perspective, we propose Preference-based Reward Invariance for Shortcut Mitigation (PRISM), which learns group-invariant kernels with feature maps in a closed-form learning objective. Experimental results in several benchmarks show that our method consistently improves the accuracy of the reward model on diverse out-of-distribution tasks and reduces the dependency on shortcuts in downstream policy models, establishing a robust framework for preference-based alignment."
C3_degeneracy,simple baseline outperforms machine learning systems,11,W2949726975,10.48550/arxiv.1806.07506,A Simple Fusion of Deep and Shallow Learning for Acoustic Scene Classification,2018,arXiv (Cornell University),preprint,3,green,https://arxiv.org/pdf/1806.07506,"In the past, Acoustic Scene Classification systems have been based on hand crafting audio features that are input to a classifier. Nowadays, the common trend is to adopt data driven techniques, e.g., deep learning, where audio representations are learned from data. In this paper, we propose a system that consists of a simple fusion of two methods of the aforementioned types: a deep learning approach where log-scaled mel-spectrograms are input to a convolutional neural network, and a feature engineering approach, where a collection of hand-crafted features is input to a gradient boosting machine. We first show that both methods provide complementary information to some extent. Then, we use a simple late fusion strategy to combine both methods. We report classification accuracy of each method individually and the combined system on the TUT Acoustic Scenes 2017 dataset. The proposed fused system outperforms each of the individual methods and attains a classification accuracy of 72.8% on the evaluation set, improving the baseline system by 11.8%."
C3_degeneracy,shortcut learning spurious feature benchmark,12,W7147341098,10.1016/j.eswa.2026.132291,HC-CoT: A hierarchical causal chain-of-thought framework for multimodal sarcasm detection,2026,Expert Systems with Applications,article,1,hybrid,https://doi.org/10.1016/j.eswa.2026.132291,"Multimodal sarcasm detection relies on identifying semantic incongruity between visual and textual modalities. However, existing methods typically model incongruity through monolithic feature fusion or shallow interactions, neglecting the hierarchical structure of sarcasm, which manifests distinctively at entity, attribute, and scene levels. Consequently, these models often rely on spurious correlations rather than genuine causal dependencies, resulting in limited robustness against modality imbalance and distribution shifts. To address these challenges, we propose the Hierarchical Causal Chain-of-Thought (HC-CoT) framework, where Chain-of-Thought refers to a structured inference trace over the hierarchical latent variables of our H-SCM (rather than LLM-style natural-language rationales), a hierarchical causal reasoning framework that models sarcasm with a three-level Hierarchical Structural Causal Model (H-SCM) whose bottom-up causal structure (Entity → Attribute → Scene) is learned under explicit sparsity and acyclicity constraints. Over this SCM, HC-CoT performs bidirectional inference: bottom-up evidence aggregation forms scene hypotheses, while top-down contextual refinement re-evaluates lower-level states without introducing reverse causal edges. Training combines supervised learning with (i) missing-modality consistency regularization and (ii) counterfactual augmentation with explicit label policies, improving robustness without relying on heuristic shortcut cues. Exte"
C3_degeneracy,simple baseline outperforms machine learning systems,12,W3145583208,10.1145/3418059,Unsupervised Neural Machine Translation for Similar and Distant Language Pairs,2021,ACM Transactions on Asian and Low-Resource Language Information Processing,article,9,closed,,"Unsupervised neural machine translation (UNMT) has achieved remarkable results for several language pairs, such as French–English and German–English. Most previous studies have focused on modeling UNMT systems; few studies have investigated the effect of UNMT on specific languages. In this article, we first empirically investigate UNMT for four diverse language pairs (French/German/Chinese/Japanese–English). We confirm that the performance of UNMT in translation tasks for similar language pairs (French/German–English) is dramatically better than for distant language pairs (Chinese/Japanese–English). We empirically show that the lack of shared words and different word orderings are the main reasons that lead UNMT to underperform in Chinese/Japanese–English. Based on these findings, we propose several methods, including artificial shared words and pre-ordering, to improve the performance of UNMT for distant language pairs. Moreover, we propose a simple general method to improve translation performance for all these four language pairs. The existing UNMT model can generate a translation of a reasonable quality after a few training epochs owing to a denoising mechanism and shared latent representations. However, learning shared latent representations restricts the performance of translation in both directions, particularly for distant language pairs, while denoising dramatically delays convergence by continuously modifying the training data. To avoid these problems, we propose a "
C3_degeneracy,shortcut learning spurious feature benchmark,13,W7147122019,10.32657/10356/210474,Mitigating shortcut learning and improving out-of-distribution generalization for vision and vision-language models,2026,,dissertation,0,green,https://hdl.handle.net/10356/210474,"Vision and vision-language models have achieved impressive results on independently and identically distributed (IID) benchmarks, where training and test data share the same distribution. However, their performance often degrades significantly on out-of-distribution (OOD) data, whose distribution differs from that of the training data. A key reason for this lack of generalization is shortcut learning — the tendency of models to rely on spurious correlations or superficial features that are predictive on training data but do not reflect the underlying cause of the correct outcome. Shortcut learning arises from two main factors: (1) training data frequently contain spurious correlations that do not hold in other distributions, and (2) these correlations are easy for models to learn, as they correspond to flat minima in the loss landscape that gradient-based optimization favors. Consequently, models often prioritize non-causal patterns over robust, generalizable features. Mitigating shortcut learning is therefore crucial for improving OOD generalization. This challenge can be addressed from two complementary perspectives. On the data side, intervention techniques such as data augmentation and synthetic data generation can break spurious correlations and highlight invariant features. On the model side, architectural designs that broaden the minima associated with causal features while suppressing those linked to shortcut features can encourage the learning of more generalizable f"
C3_degeneracy,simple baseline outperforms machine learning systems,13,W4406548297,10.1098/rsif.2025.0379,Physics-informed deep learning for infectious disease forecasting,2025,Journal of The Royal Society Interface,article,12,green,https://arxiv.org/pdf/2501.09298,"Accurate forecasting of contagious illnesses has become increasingly important to public health policymaking and better prediction could prevent the loss of millions of lives. To better prepare for future pandemics, it is essential to improve forecasting methods and capabilities. In this work, we implement physics-informed neural networks (PINNs), a popular tool in the area of scientific machine learning, to perform infectious disease forecasting. The used PINNs model incorporates dynamical systems representations of disease transmission into the loss function, thereby assimilating epidemiological theory and data using neural networks. Our approach is designed to prevent model overfitting, which often occurs when training deep-learning models with observation data alone. In addition, we use an additional sub-network to account for mobility, cumulative vaccine doses and other covariates that influence the transmission rate, a key parameter in the compartmental model. To demonstrate the capability of the proposed model, we examine the performance of the model using state-level COVID-19 data in California. Our simulation results show that predictions of the PINNs model on the number of cases, deaths and hospitalizations are consistent with existing benchmarks. In particular, the PINNs model outperforms naive baseline forecasts and various sequence deep-learning models, such as recurrent neural networks, long short-term memory networks, gated recurrent units and transformer model"
C3_degeneracy,shortcut learning spurious feature benchmark,14,W4412943748,10.2139/ssrn.5352149,Modeling Shortcut Deviation in Structured Representation Space for Reliable Neural Prediction,2025,SSRN Electronic Journal,preprint,0,green,https://doi.org/10.2139/ssrn.5352149,
C3_degeneracy,simple baseline outperforms machine learning systems,14,W4393142189,10.1007/s00766-024-00416-3,Improving requirements completeness: automated assistance through large language models,2024,Requirements Engineering,article,59,closed,,
C3_degeneracy,shortcut learning spurious feature benchmark,15,W4416764980,10.48550/arxiv.2511.19525,Shortcut Invariance: Targeted Jacobian Regularization in Disentangled Latent Space,2025,arXiv (Cornell University),preprint,0,green,https://arxiv.org/pdf/2511.19525,"Deep neural networks are prone to learning shortcuts, spurious correlations present in the training data that undermine out-of-distribution (OOD) generalization. Most prior work mitigates shortcut learning through input-space reweighting, either relying on explicit shortcut labels or inferring shortcut structure from heuristics such as per-sample loss. Moreover, these approaches typically assume the presence of some shortcut-conflicting examples in the training set, an assumption that is often violated in practice, particularly in medical imaging where data is aggregated across institutions with different acquisition protocols. We propose a latent-space method that views shortcut learning as over-reliance on shortcut-aligned axes. In a disentangled latent space, we identify candidate shortcut-aligned axes via their strong correlation with labels and reduce classifier reliance on them by injecting targeted anisotropic noise during training. Unlike prior latent-space based approaches that remove, project out, or adversarially suppress shortcut features, our method preserves the full representation and instead impose functional invariance by regularizing the classifier's sensitivity along those axes. We show that injecting anisotropic noise induces targeted Jacobian and curvature regularization, effectively flattening the decision boundary along shortcut axes while leaving core feature dimensions largely unaffected. Our method achieves state-of-the-art OOD performance across sta"
C3_degeneracy,simple baseline outperforms machine learning systems,15,W4403511691,10.1109/tvt.2024.3482452,NICL: Non-Line-of-Sight Identification in Global Navigation Satellite Systems With Continual Learning,2024,IEEE Transactions on Vehicular Technology,article,6,closed,,"The widespread adoption of Global Navigation Satellite Systems (GNSS) has revolutionized high-precision positioning services. However, the accuracy of these systems is significantly compromised by Non-Line-of-Sight (NLOS) signals, especially in urban canyons. Specifically, Line-of-Sight (LOS) signals are obstructed, and the reflections lead to substantial errors. Machine learning has emerged as a promising tool for identifying NLOS signals. However, traditional methods often train models on extensive datasets from various environments and fine-tune them with new data to adjust to new scenarios. This fine-tuning can result in catastrophic forgetting, which impairs the models' generalization performance across different environments. To address the limitations of model fine-tuning, we introduce NICL, an approach forNLOSIdentification withContinualLearning. NICL preserves performance on previously encountered scenarios while adapting to new environments by employing simple regularization techniques that do not require access to the data from the old scenarios. Specifically, our method incorporates Kullback-Leibler divergence regularization and explainability-based regularization to maintain the model's prior outputs and the logic behind those outputs, thus mitigating catastrophic forgetting. Experimental results on real-world GNSS datasets have shown that our NICL method outperforms existing baseline methods, achieving an absolute improvement of 5%-12% in NLOS identification acc"
C3_degeneracy,simple baseline outperforms machine learning systems,16,W2981174942,10.1109/tkde.2019.2947679,Unsupervised Statistical Text Simplification,2019,IEEE Transactions on Knowledge and Data Engineering,article,24,closed,,"Most recent approaches for Text Simplification (TS) have drawn on insights from machine translation to learn simplification rewrites from the monolingual parallel corpus of complex and simple sentences, yet their effectiveness strongly relies on large amounts of parallel sentences. However, there has been a serious problem haunting TS for decades, that is, the availability of parallel TS corpora is scarce or not fit for the learning task. In this paper, we will focus on one especially useful and challenging problem of unsupervised TS without a single parallel sentence. To the best of our knowledge, we present the first unsupervised text simplification system based on phrase-based machine translation system, which leverages a careful initialization of phrase tables and language models. On the widely used WikiLarge and WikiSmall benchmarks, our system respectively obtains 39.08 and 25.12 SARI points, even outperforms some supervised baselines."
C3_degeneracy,shortcut learning spurious feature benchmark,17,W7166072762,10.5281/zenodo.20943191,Cake-Cut Training: Automatic Shortcut Discovery via Probe-Guided Data Partitioning,2026,Zenodo (CERN European Organization for Nuclear Research),preprint,0,green,https://doi.org/10.5281/zenodo.20943191,"Shortcut learning—where models exploit spurious correlations instead of learning the intended task—remains a central challenge in deep learning. Existing solutions either require prior knowledge of shortcut types (hand-specified data augmentation, adversarial debiasing) or group annotations for reweighting (GroupDRO, JTT). We propose Cake-Cut Training, a fully automatic pipeline that (1) uses linear probes to discover shortcut types from a briefly trained diagnostic model, (2) partitions the training data into sectors along each discovered shortcut axis, and (3) trains a gated ensemble where a feature-level combiner learns to suppress shortcut-reliant sub-models. Cake-Cut requires no prior specification of shortcut types, no group labels, and no adversarial objectives. On CIFAR-10 with injected dual shortcuts, Cake-Cut achieves 0.558 clean-test accuracy vs. 0.531 for standard training, with the best individual sector model reaching 0.563. On the Waterbirds benchmark, probe-guided data filtering alone produces a model trained on 10% of the data (480 samples) that achieves 0.905 average and 0.884 worst-group accuracy, within 3 points of GroupDRO (which requires explicit group labels). Ablation studies confirm that larger models (ResNet-34) and stronger augmentations (MixUp+CutMix) fail to match Cake-Cut’s shortcut resistance."
C3_degeneracy,simple baseline outperforms machine learning systems,17,W3123936469,10.48550/arxiv.2101.09698,Fast Sequence Generation with Multi-Agent Reinforcement Learning,2021,arXiv (Cornell University),preprint,7,green,https://arxiv.org/pdf/2101.09698,"Autoregressive sequence Generation models have achieved state-of-the-art performance in areas like machine translation and image captioning. These models are autoregressive in that they generate each word by conditioning on previously generated words, which leads to heavy latency during inference. Recently, non-autoregressive decoding has been proposed in machine translation to speed up the inference time by generating all words in parallel. Typically, these models use the word-level cross-entropy loss to optimize each word independently. However, such a learning process fails to consider the sentence-level consistency, thus resulting in inferior generation quality of these non-autoregressive models. In this paper, we propose a simple and efficient model for Non-Autoregressive sequence Generation (NAG) with a novel training paradigm: Counterfactuals-critical Multi-Agent Learning (CMAL). CMAL formulates NAG as a multi-agent reinforcement learning system where element positions in the target sequence are viewed as agents that learn to cooperatively maximize a sentence-level reward. On MSCOCO image captioning benchmark, our NAG method achieves a performance comparable to state-of-the-art autoregressive models, while brings 13.9x decoding speedup. On WMT14 EN-DE machine translation dataset, our method outperforms cross-entropy trained baseline by 6.0 BLEU points while achieves the greatest decoding speedup of 17.46x."
C3_degeneracy,simple baseline outperforms machine learning systems,18,W4310271234,10.48550/arxiv.2211.13445,Delving into Out-of-Distribution Detection with Vision-Language Representations,2022,arXiv (Cornell University),preprint,31,green,https://arxiv.org/pdf/2211.13445,"Recognizing out-of-distribution (OOD) samples is critical for machine learning systems deployed in the open world. The vast majority of OOD detection methods are driven by a single modality (e.g., either vision or language), leaving the rich information in multi-modal representations untapped. Inspired by the recent success of vision-language pre-training, this paper enriches the landscape of OOD detection from a single-modal to a multi-modal regime. Particularly, we propose Maximum Concept Matching (MCM), a simple yet effective zero-shot OOD detection method based on aligning visual features with textual concepts. We contribute in-depth analysis and theoretical insights to understand the effectiveness of MCM. Extensive experiments demonstrate that MCM achieves superior performance on a wide variety of real-world tasks. MCM with vision-language features outperforms a common baseline with pure visual features on a hard OOD task with semantically similar classes by 13.1% (AUROC). Code is available at https://github.com/deeplearning-wisc/MCM."
C3_degeneracy,shortcut learning spurious feature benchmark,19,W4416338924,10.1609/aaai.v40i2.37137,Bot Meets Shortcut: How Can LLMs Aid in Handling Unknown Invariance OOD Scenarios?,2026,Proceedings of the AAAI Conference on Artificial Intelligence,conference-paper,0,diamond,https://doi.org/10.1609/aaai.v40i2.37137,"While existing social bot detectors perform well on benchmarks, their robustness across diverse real-world scenarios remains limited due to unclear ground truth and varied misleading cues. In particular, the impact of shortcut learning, where models rely on spurious correlations instead of capturing causal task-relevant features, has received limited attention. To address this gap, we conduct an in-depth study to assess how detectors are influenced by potential shortcuts based on textual features, which are most susceptible to manipulation by social bots. We design a series of shortcut scenarios by constructing spurious associations between user labels and superficial textual cues to evaluate model robustness. Results show that shifts in irrelevant feature distributions significantly degrade social bot detector performance, with an average relative accuracy drop of 32 % in the baseline models. To tackle this challenge, we propose mitigation strategies based on large language models, leveraging counterfactual data augmentation. These methods mitigate the problem from data and model perspectives across three levels, including data distribution at both the individual user text and overall dataset levels, as well as model’s ability to extract causal information. Our strategies achieve an average relative performance improvement of 56 % under shortcut scenarios."
C3_degeneracy,simple baseline outperforms machine learning systems,19,W2620020147,10.48550/arxiv.1705.07603,Multi-output Polynomial Networks and Factorization Machines,2017,arXiv (Cornell University),preprint,4,green,https://arxiv.org/pdf/1705.07603,"Factorization machines and polynomial networks are supervised polynomial models based on an efficient low-rank decomposition. We extend these models to the multi-output setting, i.e., for learning vector-valued functions, with application to multi-class or multi-task problems. We cast this as the problem of learning a 3-way tensor whose slices share a common basis and propose a convex formulation of that problem. We then develop an efficient conditional gradient algorithm and prove its global convergence, despite the fact that it involves a non-convex basis selection step. On classification tasks, we show that our algorithm achieves excellent accuracy with much sparser models than existing methods. On recommendation system tasks, we show how to combine our algorithm with a reduction from ordinal regression to multi-output classification and show that the resulting algorithm outperforms simple baselines in terms of ranking accuracy."
C3_degeneracy,simple baseline outperforms machine learning systems,20,W4378420927,10.1007/978-3-031-33743-7_27,Analysis of Intrusion Detection Using Ensemble Stacking-Based Machine Learning Techniques in IoT Networks,2023,Lecture notes in networks and systems,conference-paper,3,closed,,
C3_degeneracy,shortcut learning spurious feature benchmark,21,W7204125487,10.1007/s44163-026-02012-6,Explanation audits reveal silent failures of machine learning models under distribution shift,2026,Discover Artificial Intelligence,article,0,gold,https://link.springer.com/content/pdf/10.1007/s44163-026-02012-6.pdf,"Confidence-based monitoring is commonly used to decide when a machine-learning classifier should abstain, request human review, or raise an alert. However, a model may remain highly confident while relying on a spurious feature whose relationship with the target changes after deployment. We define such a silent failure as a substantial increase in realised error without a commensurate increase in a confidence-based warning signal. This study examines whether confidence-derived and explanation-derived monitoring signals identify complementary failure modes in controlled tabular settings. We evaluate logistic regression, random forests, LightGBM, and XGBoost on three real-data benchmarks subjected to additive noise, random masking, and mean shift, together with a matched synthetic shortcut-reversal benchmark. Pointwise monitoring compares confidence-complement uncertainty, predictive entropy, output volatility, explanation volatility, and a hybrid score, whereas batch-level auditing uses Jensen–Shannon attribution-profile drift and top-k feature drift. Across three repeated stratified splits, confidence-complement uncertainty achieved the strongest pointwise error ranking, with a mean AUROC of 0.8664, compared with 0.7524 for output volatility, 0.5752 for explanation volatility, and 0.7847 for the hybrid score. Predictive entropy produced an almost identical ranking (0.8664), as expected for binary classification. At the batch level, attribution-profile drift showed the highest"
C3_degeneracy,simple baseline outperforms machine learning systems,21,W4403018568,10.1109/ton.2026.3697115,Hermes: Boosting the Performance of Machine-Learning-Based Intrusion Detection System Through Geometric Feature Learning,2024,IEEE Transactions on Networking,article,2,green,https://hdl.handle.net/1721.1/157548,"Anomaly-Based Intrusion Detection Systems (IDSs) have been extensively researched for their ability to detect zero-day attacks. These systems establish a baseline of normal behavior using benign traffic data and flag deviations from this norm as potential threats. They generally experience higher false alarm rates than signature-based IDSs. Unlike image data, where the observed features provide immediate utility, raw network traffic necessitates additional processing for effective detection. It is challenging to learn useful patterns directly from raw traffic data or simple traffic statistics (e.g., connection duration, package inter-arrival time) as the complex relationships are difficult to distinguish. Therefore, some feature engineering becomes imperative to extract and transform raw data into new feature representations that can directly improve the detection capability and reduce the false positive rate. We propose a geometric feature learning method to optimize the feature extraction process. We employ contrastive feature learning to learn a feature space where normal traffic instances reside in a compact cluster. We further utilize H-Score feature learning to maximize the compactness of the cluster representing the normal behavior, enhancing the subsequent anomaly detection performance. Our evaluations using the NSL-KDD and N-BaloT datasets demonstrate that the proposed IDS powered by feature learning can consistently outperform state-of-the-art anomaly-based IDS meth"
C3_degeneracy,shortcut learning spurious feature benchmark,22,W7141412622,10.48550/arxiv.2603.25083,Learning domain-invariant features through channel-level sparsification for Out-Of Distribution Generalization,2026,arXiv (Cornell University),preprint,0,green,https://doi.org/10.48550/arxiv.2603.25083,"Out-of-Distribution (OOD) generalization has become a primary metric for evaluating image analysis systems. Since deep learning models tend to capture domain-specific context, they often develop shortcut dependencies on these non-causal features, leading to inconsistent performance across different data sources. Current techniques, such as invariance learning, attempt to mitigate this. However, they struggle to isolate highly mixed features within deep latent spaces. This limitation prevents them from fully resolving the shortcut learning problem.In this paper, we propose Hierarchical Causal Dropout (HCD), a method that uses channel-level causal masks to enforce feature sparsity. This approach allows the model to separate causal features from spurious ones, effectively performing a causal intervention at the representation level. The training is guided by a Matrix-based Mutual Information (MMI) objective to minimize the mutual information between latent features and domain labels, while simultaneously maximizing the information shared with class labels.To ensure stability, we incorporate a StyleMix-driven VICReg module, which prevents the masks from accidentally filtering out essential causal data. Experimental results on OOD benchmarks show that HCD performs better than existing top-tier methods."
C3_degeneracy,simple baseline outperforms machine learning systems,22,W3133211101,10.48550/arxiv.2102.12353,Nonlinear Invariant Risk Minimization: A Causal Approach,2021,arXiv (Cornell University),preprint,26,green,https://arxiv.org/pdf/2102.12353,"Due to spurious correlations, machine learning systems often fail to generalize to environments whose distributions differ from the ones used at training time. Prior work addressing this, either explicitly or implicitly, attempted to find a data representation that has an invariant relationship with the target. This is done by leveraging a diverse set of training environments to reduce the effect of spurious features and build an invariant predictor. However, these methods have generalization guarantees only when both data representation and classifiers come from a linear model class. We propose invariant Causal Representation Learning (iCaRL), an approach that enables out-of-distribution (OOD) generalization in the nonlinear setting (i.e., nonlinear representations and nonlinear classifiers). It builds upon a practical and general assumption: the prior over the data representation (i.e., a set of latent variables encoding the data) given the target and the environment belongs to general exponential family distributions. Based on this, we show that it is possible to identify the data representation up to simple transformations. We also prove that all direct causes of the target can be fully discovered, which further enables us to obtain generalization guarantees in the nonlinear setting. Extensive experiments on both synthetic and real-world datasets show that our approach outperforms a variety of baseline methods. Finally, in the discussion, we further explore the aforementi"
C3_degeneracy,simple baseline outperforms machine learning systems,23,W7124950442,10.3390/s26020674,Leveraging Machine Learning Classifiers in Transfer Learning for Few-Shot Modulation Recognition,2026,Sensors,article,1,gold,https://www.mdpi.com/1424-8220/26/2/674/pdf?version=1768899849,"The rapid advancement of communication systems has heightened the demand for efficient and robust modulation recognition. Conventional deep learning-based methods, however, often struggle in practical few-shot scenarios where acquiring sufficient labeled training data is prohibitive. To bridge this gap, this paper proposes a hybrid transfer learning (HTL) approach that synergistically combines the representation power of deep feature extraction with the flexibility and stability of traditional machine learning (ML) classifiers. The proposed method capitalizes on knowledge transferred from large-scale auxiliary datasets through pre-training, followed by few-shot adaptation using simple ML classifiers. Multiple classical ML classifiers are incorporated and evaluated within the HTL framework for few-shot modulation recognition (FSMR). Comprehensive experiments demonstrate that HTL consistently outperforms existing baseline methods in such data-scarce settings. Furthermore, a detailed analysis of several key parameters is conducted to assess their impact on performance and to inform deployment in practical environments. Notably, the results indicate that the K-nearest neighbor classifier, owing to its instance-based and non-parametric nature, delivers the most robust and generalizable performance within the HTL paradigm, offering a promising solution for reliable FSMR in real-world applications."
C3_degeneracy,simple baseline outperforms machine learning systems,24,W3133531246,10.7155/jgaa.00603,A Machine Learning Approach for Predicting Human Preference for Graph Layouts,2022,Journal of Graph Algorithms and Applications,article,1,diamond,https://doi.org/10.7155/jgaa.00603,"Understanding what graph layout human prefer and why they prefer such graph layout is significant and challenging due to the highly complex visual perception and cognition system in the human brain. In this paper, we present the first machine learning approach for predicting human preference for graph layouts. Specifically, we propose a CNN-Siamese-based model to predict human preference from a pair of different layouts of the same graph. We employ a transfer learning method to overcome the insufficiency of the available ground truth human preference experiment data for training deep neural networks. Specifically, we exploit the quality metrics, which are correlated to human preference on graph layouts, to pre-train our model. Then, we fine-tune the model using the ground truth human preference experiment data. Experimental results using the ground truth human preference data sets show that our model M+HP can successfully predict human preference for graph layouts, achieving the average test accuracy of $92.28\%$ for large scale-free and mesh graphs. To our best knowledge, this is the first approach for predicting qualitative evaluation of graph layouts based on the ground truth human preference experiment data. Moreover, comparison experiments show that our model outperforms a simple baseline model and a previous Siamese-based model, demonstrating the importance of using graph layout images and the CNN-based model for predicting human preference."
C3_degeneracy,shortcut learning spurious feature benchmark,25,W7125133023,10.48550/arxiv.2601.11915,Low-rank Orthogonal Subspace Intervention for Generalizable Face Forgery Detection,2026,arXiv (Cornell University),preprint,0,green,https://doi.org/10.48550/arxiv.2601.11915,"The generalization problem remains a key challenge in face forgery detection. This paper explores the reasons for the generalization failure of Vanilla CLIP: in ``real vs. fake"" detection, the few dominant principal components in the feature space primarily encode forgery-irrelevant information, rather than authentic forgery traces. However, this irrelevant information inevitably leads to spurious correlations, severely limiting detector performance. We define this phenomenon as ``low-rank spurious bias"". To address this, we propose a low-rank representation space intervention paradigm, named the SeLop, from the perspective of causal representation learning. SeLop unifies the spurious correlation factors irrelevant to forgery into a low-rank subspace and cuts off the statistical shortcut between it and the label, thus aligning representation learning with authentic forgery traces. Specifically, we decompose spurious correlation features into a low-rank subspace through orthogonal low-rank projection, then remove this subspace from the original representation and train its orthogonal complement to capture forgery-related features. This low-rank projection removal effectively eliminates spurious correlation factors, ensuring that classification decisions are based on authentic forgery cues. With only 0.39M trainable parameters, our method achieves state-of-the-art performance across several benchmarks, demonstrating excellent robustness and generalization."
C3_degeneracy,simple baseline outperforms machine learning systems,25,W2567026784,,Robust Large Margin Approaches for Machine Learning in Adversarial Settings,2016,Scholars' Bank (University of Oregon),dissertation,1,green,http://hdl.handle.net/1794/20677,"Machine learning algorithms are invented to learn from data and to use data to perform predictions and analyses. Many agencies are now using machine learning algorithms to present services and to perform tasks that used to be done by humans. These services and tasks include making high-stake decisions. Determining the right decision strongly relies on the correctness of the input data. This fact provides a tempting incentive for criminals to try to deceive machine learning algorithms by manipulating the data that is fed to the algorithms. And yet, traditional machine learning algorithms are not designed to be safe when confronting unexpected inputs. \n \nIn this dissertation, we address the problem of adversarial machine learning; i.e., our goal is to build safe machine learning algorithms that are robust in the presence of noisy or adversarially manipulated data. \n \nMany complex questions -- to which a machine learning system must respond -- have complex answers. Such outputs of the machine learning algorithm can have some internal structure, with exponentially many possible values. Adversarial machine learning will be more challenging when the output that we want to predict has a complex structure itself. In this dissertation, a significant focus is on adversarial machine learning for predicting structured outputs. \n \nIn this thesis, first, we develop a new algorithm that reliably performs collective classification: It jointly assigns labels to the nodes of graphed data"
C4_routing,load balancing predicted response time routing policy,1,W2943653567,10.12694/scpe.v20i2.1558,"Special Issue on Recent Trends and Future of Fog and Edge Computing, Services and Enabling Technologies",2019,Scalable Computing Practice and Experience,editorial,3,diamond,https://www.scpe.org/index.php/scpe/article/download/1558/568,"Recent Trends and Future of Fog and Edge Computing, Services, and Enabling Technologies Cloud computing has been established as the most popular as well as suitable computing infrastructure providing on-demand, scalable and pay-as-you-go computing resources and services for the state-of-the-art ICT applications which generate a massive amount of data. Though Cloud is certainly the most fitting solution for most of the applications with respect to processing capability and storage, it may not be so for the real-time applications. The main problem with Cloud is the latency as the Cloud data centres typically are very far from the data sources as well as the data consumers. This latency is ok with the application domains such as enterprise or web applications, but not for the modern Internet of Things (IoT)-based pervasive and ubiquitous application domains such as autonomous vehicle, smart and pervasive healthcare, real-time traffic monitoring, unmanned aerial vehicles, smart building, smart city, smart manufacturing, cognitive IoT, and so on. The prerequisite for these types of application is that the latency between the data generation and consumption should be minimal. For that, the generated data need to be processed locally, instead of sending to the Cloud. This approach is known as Edge computing where the data processing is done at the network edge in the edge devices such as set-top boxes, access points, routers, switches, base stations etc. which are typically located "
C4_routing,payment transaction routing optimization machine learning,1,W4409827104,10.32628/ijsrst23113268,AI-Powered Payment Gateways: Accelerating Transactions and Fortifying Security in Real-Time Financial Systems,2023,International Journal of Scientific Research in Science and Technology,article,5,diamond,https://ijsrst.com/paper/13769.pdf,"As digital financial ecosystems continue to scale, payment gateways face mounting pressure to deliver secure, low-latency transactions. This paper presents a comprehensive framework for optimizing payment gateways using Artificial Intelligence (AI), with a dual focus on latency reduction and security enhancement. By leveraging machine learning algorithms, real-time predictive analytics, intelligent routing, and behavioral biometrics, AI redefines payment processing efficiency and fraud resilience. This study explores advanced AI-driven techniques—such as anomaly detection, contextual risk scoring, and adaptive authentication—to minimize transaction delays and combat evolving cybersecurity threats. It also outlines architectural innovations and future integrations with blockchain and quantum technologies, paving the way for next-generation intelligent financial infrastructure."
C4_routing,learning based request routing heterogeneous servers,1,W3186289964,10.1145/3460352,SLO-Aware Inference Scheduler for Heterogeneous Processors in Edge Platforms,2021,ACM Transactions on Architecture and Code Optimization,article,54,diamond,https://dl.acm.org/doi/pdf/10.1145/3460352,"With the proliferation of applications with machine learning (ML), the importance of edge platforms has been growing to process streaming sensor, data locally without resorting to remote servers. Such edge platforms are commonly equipped with heterogeneous computing processors such as GPU, DSP, and other accelerators, but their computational and energy budget are severely constrained compared to the data center servers. However, as an edge platform must perform the processing of multiple machine learning models concurrently for multimodal sensor data, its scheduling problem poses a new challenge to map heterogeneous machine learning computation to heterogeneous computing processors. Furthermore, processing of each input must provide a certain level of bounded response latency, making the scheduling decision critical for the edge platform. This article proposes a set of new heterogeneity-aware ML inference scheduling policies for edge platforms. Based on the regularity of computation in common ML tasks, the scheduler uses the pre-profiled behavior of each ML model and routes requests to the most appropriate processors. It also aims to satisfy the service-level objective (SLO) requirement while reducing the energy consumption for each request. For such SLO supports, the challenge of ML computation on GPUs and DSP is its inflexible preemption capability. To avoid the delay caused by a long task, the proposed scheduler decomposes a large ML task to sub-tasks by its layer in the D"
C4_routing,load balancing predicted response time routing policy,2,W4403116621,10.1093/comjnl/bxae097,"Thematic editorial: edge computing, fog computing, and internet of things",2024,The Computer Journal,article,3,closed,,"Edge computing processes data near the source, minimizing latency and reducing bandwidth consumption by avoiding unnecessary data transmission to cloud servers. This decentralized approach is beneficial for real-time applications such as augmented reality, autonomous vehicles, and industrial automation. Fog computing, on the other hand, extends the cloud closer to the network edge, creating a distributed layer of intermediate fog nodes that provide additional processing and storage capabilities. This architecture balances the low-latency benefits of edge computing and the resource scalability of cloud computing. In parallel, the rapid growth of the Internet of Things (IoT) has led to an unprecedented increase in data generation and connectivity requirements. As a result, traditional cloud computing models have faced significant challenges in handling the high data transmission, processing, and storage volume while maintaining low latency and high efficiency. Novel computing paradigms like edge computing and fog computing have become critical components in IoT ecosystems. This paper reviews recent developments on edge computing, fog computing, and IoT recently published in The Computer Journal. By analyzing this broad range of research, we will examine how these technologies complement each other and address the growing demands of modern networked environments. Edge computing refers to processing data closer to where they are generated, at the edge of the network. It reduces l"
C4_routing,payment transaction routing optimization machine learning,2,W4407835108,10.2139/ssrn.5101279,Optimizing Payment Gateways with AI: Reducing Latency and Enhancing Security,2025,SSRN Electronic Journal,preprint,1,green,https://doi.org/10.2139/ssrn.5101279,
C4_routing,learning based request routing heterogeneous servers,2,W4386398262,10.1002/nem.2250,Learning‐driven ubiquitous mobile edge computing: Network management challenges for future generation Internet of Things,2023,International Journal of Network Management,article,12,bronze,https://onlinelibrary.wiley.com/doi/pdfdirect/10.1002/nem.2250,"Ubiquitous edge computing facilitates efficient cloud services near mobile devices, enabling mobile edge computing (MEC) to offer services more efficiently by presenting storage and processing capability within the proximity of mobile devices and in general IoT domains. However, compared with conventional mobile cloud computing, ubiquitous MEC introduces numerous complex challenges due to the heterogeneous smart devices, network infrastructures, and limited transmission bandwidth. Processing and managing such massive volumes of data generated from these devices is complex and challenging in edge infrastructures. On the other side, time-critical applications have stringent requirements such as ultra-low-latency, energy cost, mobility, resource, and security issues that cannot be neglected. For example, smart healthcare or industrial networks generate emergency information very frequently (i.e., often in terms of milliseconds), which needs to be processed near the sensing devices with minimal processing delay. In this context, future generation IoT requires robust and intelligent network management approaches that can handle the system complexity (e.g., scalability and orchestration) with little or no little human intervention and offer a better service to end-users. More precisely, AI/ML approaches designed explicitly for networks under high traffic volume of data help overcome several management challenges, such as (i) improving performance by balancing load and traffic, (ii)"
C4_routing,load balancing predicted response time routing policy,3,W7119470623,10.52783/jisem.v11i1s.14063,"Real-Time Ad Mediation in Mobile Games: Architecture, Challenges, and Optimization Strategies",2026,Journal of Information Systems Engineering & Management,article,0,diamond,https://jisem-journal.com/index.php/journal/article/download/14063/6703,"Real-time ad mediation systems represent fundamental infrastructure components enabling mobile game developers to optimize advertising revenue through intelligent network orchestration and dynamic selection algorithms. Modern mediation platforms transcend traditional waterfall approaches by implementing sophisticated decision-making processes that evaluate multiple advertising sources simultaneously, selecting optimal placements based on comprehensive performance analytics and predictive modeling capabilities. The architectural framework encompasses distributed computing systems designed to operate under extreme performance constraints while processing massive concurrent ad requests with sub-second response times. Multi-network routing algorithms form the intellectual core of effective mediation systems, implementing mathematical frameworks that predict optimal revenue outcomes through analysis of multidimensional performance vectors including expected eCPM calculations, fill probability assessments, and latency-aware routing strategies. Infrastructure patterns leverage event-driven processing pipelines utilizing Apache Kafka for handling impression and bid response data, containerized deployment strategies through Kubernetes orchestration, and horizontal scaling mechanisms with sophisticated autoscaling policies. Performance optimization encompasses latency reduction techniques with quantitative impacts on revenue metrics, content delivery network integration for multimedia "
C4_routing,payment transaction routing optimization machine learning,3,W4403638176,10.11591/ijict.v13i3.pp362-369,Optimizing warehouse management system with blockchain and machine learning predictive data analytics,2024,International Journal of Informatics and Communication Technology (IJ-ICT),article,1,diamond,https://ijict.iaescore.com/index.php/IJICT/article/download/20859/13082,"Blockchain technology is proving to be a disruptive technology in many areas of supply chain, manufacturing, medical, agriculture, and so on. Warehouses are an inevitable part of the supply chain. Issues like space optimization, route optimization, quick item pick-up, demand forecasting, and transaction management are of importance to address in warehouse management systems (WMS). Traditional database systems have limitations of interoperability among different entities involved in warehouses. This paper presents an innovative application of blockchain technology and machine learning (ML) to build a smart warehouse management system in Web3 (SWMW3). We developed a decentralized application (DApp) using Web3.0 principles, integrating ReactJS for the frontend, express for the backend, and blockchain through smart contracts. This integration enhances security and transparency by storing WMS operational data in the blockchain and automating payments and verifications through smart contracts. Additionally, we implemented a ML model for predicting the total time from order receipt to delivery, leveraging historical data to optimize workflow, reduce delays, and improve overall efficiency. This combination of blockchain for secure transactions and ML for predictive analytics generates a robust, efficient, and optimized management system for the warehouse."
C4_routing,learning based request routing heterogeneous servers,3,W4412106022,10.3390/s25144257,DRL-Driven Intelligent SFC Deployment in MEC Workload for Dynamic IoT Networks,2025,Sensors,article,6,gold,https://www.mdpi.com/1424-8220/25/14/4257/pdf?version=1751983489,"The rapid increase in the deployment of Internet of Things (IoT) sensor networks has led to an exponential growth in data generation and an unprecedented demand for efficient resource management infrastructure. Ensuring end-to-end communication across multiple heterogeneous network domains is crucial to maintaining Quality of Service (QoS) requirements, such as low latency and high computational capacity, for IoT applications. However, limited computing resources at multi-access edge computing (MEC), coupled with increasing IoT network requests during task offloading, often lead to network congestion, service latency, and inefficient resource utilization, degrading overall system performance. This paper proposes an intelligent task offloading and resource orchestration framework to address these challenges, thereby optimizing energy consumption, computational cost, network congestion, and service latency in dynamic IoT-MEC environments. The framework introduces task offloading and a dynamic resource orchestration strategy, where task offloading to the MEC server ensures an efficient distribution of computation workloads. The dynamic resource orchestration process, Service Function Chaining (SFC) for Virtual Network Functions (VNFs) placement, and routing path determination optimize service execution across the network. To achieve adaptive and intelligent decision-making, the proposed approach leverages Deep Reinforcement Learning (DRL) to dynamically allocate resources and of"
C4_routing,payment transaction routing optimization machine learning,4,W7117982958,10.20944/preprints202601.0054.v1,Optimizing Cost-Efficient Payment Transactions: AI-Driven Routing Strategies for Reducing Payment Costs,2026,Preprints.org,preprint,0,green,https://www.preprints.org/frontend/manuscript/a5da3a70a7aaca4b30549f4b62072cbc/download_pub,"The growing demand for cost-efficient digital transactions has driven the need for scalable and low-cost payment solutions. Traditional blockchain-based transactions suffer from high fees and slow processing times, making decentralized off-chain payment networks a promising alternative. In this paper, we propose SpeedyMurmurs, an AI-enhanced decentralized routing algorithm that significantly reduces payment processing costs and transaction delays. Our approach optimizes payment routing efficiency through embedding-based path discovery, reducing routing overhead by up to two orders of magnitude and cutting transaction processing times by over 50 percent compared to existing blockchain networks. By leveraging machine learning-driven transaction optimization, our system dynamically selects the most cost-effective paths for digital payments while maintaining user privacy and security. Experimental results demonstrate that SpeedyMurmurs reduces transaction fees and computational costs, making decentralized payment systems more financially viable. This research highlights the role of AI-powered routing strategies in minimizing costs and improving efficiency in modern payment networks."
C4_routing,learning based request routing heterogeneous servers,4,W2909338460,,"SDN-based traffic engineering in data centers, Interconnects, and Carrier Networks",2018,Espace ÉTS (ETS),dissertation,1,green,http://espace.etsmtl.ca/2075/1/SUBEDI_Tara_Nath.pdf,"Server virtualization and cloud computing have escalated the bandwidth and performance demands on the DCN (data center network). The main challenges in DCN are maximizing network utilization and ensuring fault tolerance to address multiple node-and-link failures. A multitenant and highly dynamic virtualized environment consists of a large number of endstations, leading to a very large number of flows that challenge the scalability of a solution to network throughput maximization. The challenges are scalability, in terms of address learning, forwarding decision convergence, and forwarding state size, as well as flexibility for offloading with VM migration. \n \nGeographically distributed data centers are inter-connected through service providers’ carrier network. Service providers offer wide-area network (WAN) connection such as private lines and MPLS circuits between edges of data centers. DC sides of network operators try to maximize the utilization of such defined overlay WAN connection i.e. data center interconnection (DCI), which applies to edges of DC networks. Service provider sides of network operators try to optimize the core of carrier network. Along with the increasing adoption of ROADM, OTN, and packet switching technologies, traditional two-layer IP/MPLS-over-WDM network has evolved into three-layer IP/MPLS-over-OTN-over-DWDM network and once defined overlay topology is now transitioning to dynamic topologies based on on-demand traffic demands. \n \nNetwork operat"
C4_routing,payment transaction routing optimization machine learning,5,W4416155984,10.15662/ijrai.2024.0704004,AI-Enhanced Payment SDKs,2024,International Journal of Research and Applied Innovations,article,0,hybrid,https://www.ijrai.org/index.php/ijrai/article/download/218/204,"In the evolving landscape of digital finance, AI-enhanced Payment Software Development Kits (SDKs) have emerged as a pivotal innovation driving secure, seamless, and intelligent transaction processing. These SDKs integrate machine learning algorithms, natural language processing, and predictive analytics to improve fraud detection, risk management, and customer experience in both online and mobile payment systems. By leveraging real-time data analysis and behavioral pattern recognition, AI-powered payment SDKs can identify anomalies, authenticate users dynamically, and optimize transaction routing for cost efficiency and speed. Furthermore, the integration of AI-driven chatbots and recommendation systems within payment platforms enhances user engagement and personalization. This paper examines the architecture, functionality, and applications of AI-enhanced Payment SDKs, with emphasis on their role in advancing financial technology (FinTech) ecosystems and promoting financial inclusion in emerging economies. Challenges related to data privacy, model interpretability, and regulatory compliance are also explored, alongside future research directions focusing on federated learning, edge AI, and blockchain integration for next-generation payment infrastructures"
C4_routing,learning based request routing heterogeneous servers,5,W7143323222,10.1109/icaisg68699.2025.11452135,Q-Learning-Based Load Balancing for JSON-RPC Requests in Blockchain Networks,2025,,conference-paper,0,closed,,"Blockchain JSON-RPC servers play a critical role in enabling client interactions with decentralized applications. However, they face substantial load balancing challenges due to unpredictable workloads, such as transaction spikes during hightraffic events. These fluctuations result in uneven load distribution, increased latency, and reduced throughput. Traditional approaches like round-robin and least-connections fail to adapt effectively in heterogeneous blockchain environments. This paper introduces a Q-learning-based reinforcement learning (RL) framework to dynamically balance loads across JSON-RPC servers in Ethereum Virtual Machine (EVM) networks. By formulating the problem as a Markov Decision Process (MDP), the algorithm learns optimal routing policies based on real-time server states and request types, improving both latency and load distribution. Experiments on a locally deployed network demonstrate that our method outperforms traditional baselines. It achieves 19.61 ms average latency with zero failures under average load, boosts throughput fivefold to$\mathbf{1, 2 9 3. 7 2}$requests per second under high load, and maintains 0.03% failure rate with$1,600 \text{ms} \text{P99}$latency under variable conditions. These results highlight the approach's effectiveness in enhancing scalability, reliability, and responsiveness for blockchain-based applications."
C4_routing,load balancing predicted response time routing policy,6,W3199223970,10.1002/cpe.6632,Special issue on applied computational intelligence,2021,Concurrency and Computation Practice and Experience,editorial,0,bronze,https://onlinelibrary.wiley.com/doi/pdfdirect/10.1002/cpe.6632,"Computational intelligence techniques are traditionally adopted in several different application domains such as industry, healthcare, decision making, and gaming, to name but a few. Despite this growing diffusion, there are still many possible areas where computational intelligence application is partial or could be extended and improved due to the actual limitations in terms of computational power or strict requirements in terms of assurance of the results. This special issue aims to investigate the impact of the adoption of advanced and innovative computational intelligence techniques in emerging application fields like IoT and big data. This edition of the special issue is focused primarily on industrial and health applications with special emphasis on real-time systems grounded on big data ecosystems. The special issue will bring together researchers on different disciplines from academia and industry with a common objective: go beyond the frontiers of today's applications of computational intelligence techniques. After review, a total of 18 papers have been accepted for publication in this issue. Convolutional neural networks (CNNs) have made a great impact on attaining state-of-the-art results in image task classification. Weight initialization is one of the fundamental steps in formulating a CNN model. It determines the failure or success of the CNN model. In the contribution by Olimov et al., “Weight initialization based-rectified linear unit activation function to i"
C4_routing,payment transaction routing optimization machine learning,6,W7151987582,10.22214/ijraset.2026.79314,Cloud Cost Optimization Using Smart Contracts and Unsupervised Machine Learning,2026,International Journal for Research in Applied Science and Engineering Technology,article,0,diamond,https://doi.org/10.22214/ijraset.2026.79314,"Cloud computing underpins modern IT infrastructure by delivering scalable, on-demand resource provisioning, yet controlling cloud expenditure remains a pressing challenge. Dynamic pricing structures, unpredictable workloads, and billing pipelines that lack real-time visibility create conditions in which unauthorized consumption and anomalous usage spikes routinely escape timely detection. This paper presents CloudPay, a blockchain-integrated cloud storage billing system that unifies unsupervised machine learning with smart contract execution to deliver verifiable, fine-grained, and fraud-resistant cost governance. The system converts user storage activity into time-series representations and applies the Isolation Forest algorithm to detect abnormal consumption spikes without any labelled training data. Flagged events are routed through an owner confirmation protocol that validates suspicious uploads before billing proceeds, preventing unauthorized charges from entering the settlement pipeline. Smart contracts autonomously compute GB-time-based charges, execute tokenized payments, and anchor every transaction to an immutable SHA-256 blockchain ledger. Experimental results confirm that the system achieves 94.4% anomaly detection accuracy, 99.7% billing precision, and an 18.4% reduction in overall cloud expenditure relative to static allocation baselines. These results demonstrate that integrating unsupervised anomaly detection with cryptographically enforced billing logic is a "
C4_routing,learning based request routing heterogeneous servers,6,W2913015488,10.1002/cpe.5164,Recent advances in cloud data centers toward fog data centers,2019,Concurrency and Computation Practice and Experience,article,5,bronze,https://onlinelibrary.wiley.com/doi/pdfdirect/10.1002/cpe.5164,"In recent years, we have witnessed tremendous advances in cloud data centers (CDCs) from the point of view of the communication layer. A recent report from Cisco Systems Inc demonstrates that CDCs, which are distributed across many geographical locations, will dominate the global data center traffic flow for the foreseeable future. Their importance is highlighted by a top-line projection from this forecast that by 2019, more than four-fifths of total data center traffic will be Cloud traffic. The geographical diversity of the computing resources in CDCs provides several benefits, such as high availability, effective disaster recovery, uniform access to users in different regions, and access to different energy sources. Although Cloud technology is currently predominant, it is essential to leverage new agile software technologies, agile processes, and agile applications near to both the edge and the users; hence, the concept of Fog has been developed. Fog computing (FC) has emerged as an alternative to traditional Cloud computing to support geographically distributed latency-sensitive and QoS-aware IoT applications while reducing the burden on data centers used in traditional Cloud computing. In particular, FC with features that can support heterogeneity and real-time applications (eg, low latency, location awareness, and the capacity to process a large number of nodes with wireless access) is an attractive solution for delay- and resource-constrained large-scale applications."
C4_routing,load balancing predicted response time routing policy,7,W4406398314,10.70593/978-81-984306-5-6_4,"Private clouds: Ensuring control, security, and customization",2025,,book-chapter,0,gold,https://deepscienceresearch.com/index.php/dsr/catalog/download/42/149/517,"Private clouds are a critical component of modern IT infrastructure, offering organizations unparalleled control, security, and customization for their computing needs. Unlike public clouds, private clouds operate within a dedicated environment, providing enhanced data privacy, compliance adherence, and tailored resource management. This abstract explores the foundational principles of private cloud architecture, emphasizing its role in safeguarding sensitive information, meeting regulatory requirements, and enabling bespoke solutions for unique business challenges. It highlights key benefits, such as improved performance, integration with legacy systems, and operational predictability, alongside challenges like higher costs and complex maintenance. The abstract also examines emerging technologies, including virtualization, containerization, and software-defined networking, which enhance the efficiency and scalability of private clouds. By leveraging private clouds, organizations can achieve a balance between innovation and control, making them an essential choice for industries with stringent security and compliance demands. Keywords Private Cloud, Data Control, Security, Customization, IT Infrastructure, Cloud Computing, Dedicated Environment, Data Privacy, Regulatory Compliance, Resource Management, Performance Optimization, Legacy System Integration, Operational Predictability, Virtualization, Containerization, Software-Defined Networking, Scalability, Cloud Efficiency, B"
C4_routing,payment transaction routing optimization machine learning,7,W4414956179,10.1109/icngcs64900.2025.11182866,Optimizing SAP Intercompany Payment Settlement Times by Automating Cross-Border Reconciliation Tasks,2025,,conference-paper,0,closed,,"A result-oriented automation framework designed to expedite intercompany payment settlement processes within SAP landscapes by automating cross-border reconciliation is presented in this article. Globally distributed enterprises encounter standstill pacing in intercompany settlement processes owing to multi-currency mismatches, inconsistent document flows, and manual exception handling. To address these issues, the paper proposes a fully automated pipeline that integrates SAP-native transaction orchestration and intelligent engines capable of ""understanding"" remittance messages, predicting invoice matches, and routing exceptions based on machine learning confidence thresholds. The proposed architecture was tested against simulated datasets of over 500,000 intercompany transactions from various regions and currencies. The results demonstrated a 62% reduction in average reconciliation time, a 74% reduction in the need for analyst intervention, and a 41% improvement in the success rates of auto matches compared to manual methods. These results led to improvements in system throughput, reduced latency during volume surges, and heightened volatility in foreign exchange (FX) conditions. Moreover, the solution ensures real-time compliance with SOX, IFRS, and regional standards by embedding audit trails with workflow traceability within the SAP FI process chain. This study presents a responsive and nimble architecture designed for agile intercompany financial operations within SAP, w"
C4_routing,payment transaction routing optimization machine learning,8,W4416894438,10.30574/ijsra.2021.4.1.0214,"Developing Secure, AI-Enabled Multi-Cloud Payment Gateways with Built-In Regulatory Compliance Automation",2021,International Journal of Science and Research Archive,article,0,hybrid,https://ijsra.net/sites/default/files/IJSRA-2021-0214.pdf,"The accelerating digitization of global financial transactions has intensified the demand for payment infrastructures that are secure, resilient, and capable of adapting to fast-evolving regulatory and fraud landscapes. Traditional payment gateways largely centralized and rule-based struggle to meet the operational complexity created by rising transaction volumes, diverse payment channels, cross-border settlement requirements, and increasingly sophisticated cyber threats. At a broader level, the emergence of multi-cloud architectures and AI-driven automation offers a transformative opportunity to redesign payment gateways for scalability, reliability, and regulatory alignment. Multi-cloud environments enhance availability and geographic redundancy, while distributed security frameworks and encrypted routing fabrics reduce single points of failure and mitigate systemic vulnerabilities. Narrowing the focus, this paper proposes a comprehensive framework for building secure, AI-enabled multi-cloud payment gateways that integrate real-time fraud detection, adaptive authentication, and automated regulatory compliance across jurisdictions. The architecture leverages microservice-based orchestration, event-driven payment pipelines, zero-trust security models, and cloud-native machine learning engines to analyze transaction behavior, detect anomalies, and enforce compliance checks within milliseconds. AI-enhanced compliance automation including document intelligence, sanctions screeni"
C4_routing,learning based request routing heterogeneous servers,8,W7167476491,10.2139/ssrn.7069191,Fluctuation-Adaptive Model Scheduling for Dynamic Large-SmallModel Collaboration in Heterogeneous Edge Networks,2026,SSRN Electronic Journal,preprint,0,green,https://papers.ssrn.com/sol3/Delivery.cfm/96de3bc5-51b3-4e1a-a6ed-3b881fce117f-MECA.pdf?abstractid=7069191&mirid=1,
C4_routing,learning based request routing heterogeneous servers,9,W7160827412,10.21917/ijsc.2026.0577,DEEP LEARNING AND MACHINE LEARNING BASED HYBRID OPTIMIZATION FRAMEWORK FOR ENHANCED WEBSITE PERFORMANCE TUNING,2026,ICTACT Journal on Soft Computing,article,0,diamond,https://doi.org/10.21917/ijsc.2026.0577,"The performance of modern websites has become a critical factor in determining user engagement, service reliability, and computational efficiency. Background studies have shown that increasing traffic load, dynamic content delivery, and heterogeneous user behavior have significantly reduced responsiveness and scalability of web systems. The problem of inefficient resource utilization and delayed response time has remained persistent, especially in cloud-hosted and data-intensive web environments. To address this issue, a Hybrid Deep Reinforcement Learning and Gradient Boosted Optimization (HDRL-GBO) method has been proposed to improve website performance through adaptive resource allocation and predictive load balancing. The proposed HDRL-GBO method integrated deep reinforcement learning for real-time decision optimization and gradient boosted machine learning for performance prediction. The reinforcement component dynamically adjusted caching strategies, request routing, and server allocation, while the boosting model estimated workload patterns and latency variations. The system has been trained using historical traffic logs and real-time simulation data. The proposed HDRL-GBO framework has significantly reduced average latency to 85–140 ms, compared to 105–240 ms in baseline methods. Throughput has improved to 520–600 req/s, while existing methods achieve 340–470 req/s. CPU utilization has reached 92% balanced efficiency, outperforming EHGA at 90% and PSO at 88%. These res"
C4_routing,learning based request routing heterogeneous servers,10,W7151566947,10.1109/icosec67334.2025.11459787,Blockchain Validation for Priority-Aware SDN-Enabled Vehicular Networks,2025,,conference-paper,0,closed,,"The growth of Internet of Things enabled Vehicular Ad Hoc Networks (IoT based VANETs) demands real-time and secure information handling for heterogeneous user (vehicle) requests within high mobility and adversarial conditions. Thus, this research introduces a priority-aware model, wherein the messages are shred through the software-defined gateway. The gateway shares the high-priority requests to edge nodes and non-priority requests to cloud servers to balance urgency. Then, the Software-Defined Networking (SDN) controller is devised for continuously updates routes and enforces priority handling. In this, the blockchain based security is employed for validating the user using the proposed LuNet-based Transformer (Lu_TransNet) model that replaces the conventional Transformer MLP with LuNet blocks to capture the spatio-temporal features. Thus, the proposed model with prioritized request handling and deep learning based blockchain validation provides the secure request handling with enhanced quality of service."
C4_routing,learning based request routing heterogeneous servers,11,W7171969085,10.1016/j.future.2026.108741,GNN-enhanced Multi-Agent Reinforcement Learning for joint model caching and task offloading in collaborative Mobile Edge Intelligence networks,2026,Future Generation Computer Systems,article,0,closed,,
C4_routing,learning based request routing heterogeneous servers,12,W4416953195,10.48550/arxiv.2512.00595,IslandRun: Privacy-Aware Multi-Objective Orchestration for Distributed AI Inference,2025,arXiv (Cornell University),preprint,0,green,https://arxiv.org/pdf/2512.00595,"Modern AI inference faces an irreducible tension: no single computational resource simultaneously maximizes performance, preserves privacy, minimizes cost, and maintains trust. Existing orchestration frameworks optimize single dimensions (Kubernetes prioritizes latency, federated learning preserves privacy, edge computing reduces network distance), creating solutions that struggle under real-world heterogeneity. We present IslandRun, a multi-objective orchestration system that treats computational resources as autonomous ""islands"" spanning personal devices, private edge servers, and public cloud. Our key insights: (1) request-level heterogeneity demands policy-constrained multi-objective optimization, (2) data locality enables routing compute to data rather than data to compute, and (3) typed placeholder sanitization preserves context semantics across trust boundaries. IslandRun introduces agent-based routing, tiered island groups with differential trust, and reversible anonymization. This establishes a new paradigm for privacy-aware, decentralized inference orchestration across heterogeneous personal computing ecosystems."
C4_routing,learning based request routing heterogeneous servers,13,W4417119517,10.48550/arxiv.2510.09018,Slim Scheduler: A Runtime-Aware RL and Scheduler System for Efficient CNN Inference,2025,arXiv (Cornell University),preprint,0,green,https://arxiv.org/pdf/2510.09018,"Most neural network scheduling research focuses on optimizing static, end-to-end models of fixed width, overlooking dynamic approaches that adapt to heterogeneous hardware and fluctuating runtime conditions. We present Slim Scheduler, a hybrid scheduling framework that integrates a Proximal Policy Optimization (PPO) reinforcement learning policy with algorithmic, greedy schedulers to coordinate distributed inference for slimmable models. Each server runs a local greedy scheduler that batches compatible requests and manages instance scaling based on VRAM and utilization constraints, while the PPO router learns global routing policies for device selection, width ratio, and batch configuration. This hierarchical design reduces search space complexity, mitigates overfitting to specific hardware, and balances efficiency and throughput. Compared to a purely randomized task distribution baseline, Slim Scheduler can achieve various accuracy and latency trade-offs such as: A 96.45% reduction in mean latency and a 97.31% reduction in energy usage dropping accuracy to the slimmest model available (70.3%). It can then accomplish an overall reduction in average latency plus energy consumption with an increase in accuracy at the cost of higher standard deviations of said latency and energy, effecting overall task throughput."
C4_routing,learning based request routing heterogeneous servers,14,W7115031774,,Predictable Application Performance in Resource Clusters,2025,TU/e Research Portal,other,0,green,https://pure.tue.nl/ws/files/370912207/20251210_Giannakopoulos_hf.pdf,"As applications such as augmented reality, connected vehicles, and real-time analytics grow in complexity, the need for fast and predictable task execution has become critical. Meeting these requirements is especially challenging at the network edge, where hardware is heterogeneous, power-limited, and shared among multiple co-located applications. These factors introduce performance variability, making it difficult to meet Round-Trip Time (RTT) deadlines. Modern distributed systems execute tasks across multiple servers, yet traditional schedulers and load balancers react only after performance degradation occurs, leading to inefficient resource use and possible Service Level Agreements (SLAs) violations. To address this, research has explored performance-aware decision-making, where scheduling and load balancing rely on monitoring data. However, existing methods often use coarse metrics, arbitrary subsets of system state, or high-overhead profiling that assumes homogeneous hardware. Such approaches fail to capture the rapid fluctuations and interference typical of edge clusters. Achieving strict RTT deadlines under these dynamic conditions requires anticipating performance in advance through lightweight, per-request predictions suitable for millisecond-scale workloads. This thesis develops lightweight and accurate performance predictors that enable proactive resource management in heterogeneous clusters, targeting time-sensitive applications. Instead of reacting to slowdowns,"
C4_routing,learning based request routing heterogeneous servers,15,W2287445277,,Αποδοτικοί αλγόριθμοι διαχείρισης μεγάλου όγκου δεδομένων και αποτελεσματικές τεχνικές σχεδιασμού συστημάτων με εφαρμογή σε ιατρικά δεδομένα,2015,,dissertation,0,closed,,"In computer science, a data structure a particular way of organizing data in a computer so that it can be used efficiently. Different kinds of data structures are suited to different kinds of applications, and some are highly specialized to specific tasks. When referring to big data, we get away from the limits of a single computer and look for ways to organize, store and manage them, which are both efficient and cost effective. Big data, such as medical and biological data, are the basis for the understanding of the biological world. They are collected from a variety of sources such as social networks, network sensors, scientific applications, online texts and documents etc. and are characterized by large volumes, heterogeneous structures and complex processing.
Decentralized systems consist the most popular way of big data management. A decentralized system is a type of distributed network architecture, in which, individual nodes in the network act as both suppliers and consumers of resources, in contrast to centralized client-server model where client nodes request access to resources provided by central servers. In a decentralized network, tasks (such as searching for files or streaming audio/video) are shared amongst multiple interconnected nodes, who each make a portion of their resources (such as processing power, disk storage or network bandwidth) directly available to other network participants, without the need for centralized coordination by servers. Decentralized"
C4_routing,learning based request routing heterogeneous servers,16,W7201938584,,Methods and Tools for Building an Automated Educational Software System for Cybersecurity (Cyber Range) : dissertation to obtain the degree of Doctor of Philosophy,2026,Electronic Kyiv-Mohyla Academy Institutional Repository (National University of Kyiv-Mohyla Academy),dissertation,0,closed,,"PhD thesis to obtain the degree of Doctor of Philosophy in the Programme Subject Area 122 ""Computer Science"" (12 – Information Technologies). – National University of Kyiv-Mohyla Academy, Kyiv, 2026. This dissertation solves an important scientific problem of building automated educational software systems for practice-oriented learning in subject areas with elevated requirements for execution environment isolation. A special case of such systems is the cyber range as an automated educational software environment that provides automated deployment of isolated cybersecurity laboratory tasks and automated checking of their completion correctness. The relevance of the work is driven by the cybersecurity workforce gap documented by ENISA and ISC2, which exceeds four million specialists globally and approximately three hundred thousand positions within European Union countries alone. The classical academic training model is structurally incapable of providing the required growth of qualified specialists in a reasonable timeframe; for Ukraine, this problem has been additionally aggravated by the full-scale Russian invasion. The dissertation is dedicated to developing models, methods, and architectural solutions for building such a class of software systems with guaranteed properties of knowledge model integrity, concurrent deployment safety, polymorphic orchestration of heterogeneous execution environments, and provably automated correctness checking of educational task completion."
