origin,seed,direction,openalex_id,doi,title,year,venue,type,cited_by,oa_status,oa_url,abstract
snowball,Predicting query execution time: Are optimizer c,backward,W1480376833,10.1007/978-0-387-21606-5,The Elements of Statistical Learning,2001,Springer series in statistics,book,24399,bronze,https://link.springer.com/content/pdf/bfm:978-0-387-21606-5/1?pdf=chapter%20toc,
snowball,Predicting query execution time: Are optimizer c,backward,W1558832481,,Foundations of databases,1994,,article,3429,closed,,"A. ANTECHAMBER. Database Systems. The Main Principles. Functionalities. Complexity and Diversity. Past and Future. Ties with This Book. Bibliographic Notes. Theoretical Background. Some Basics. Languages, Computability, and Complexity. Basics from Logic. The Relational Model. The Structure of the Relational Model. Named versus Unnamed Perspectives. Notation. Bibliographic Notes. B. BASICS: RELATIONAL QUERY LANGUAGES. Conjunctive Queries. Getting Started. Logic-Based Perspectives. Query Composition and Views. Algebraic Perspectives. Adding Union. Bibliographic Notes. Exercises. Adding Negation: Algebra and Calculus. The Relational Algebras. Nonrecursive Datalog with Negation. The Relational Calculus. Syntactic Restrictions for Domain Independence. Aggregate Functions. Digression: Finite Representations of Infinite Databases. Bibliographic Notes. Exercises. Static Analysis and Optimization. Issues in Practical Query Optimization. Global Optimization. Static Analysis of the Relational Calculus. Computers with Acyclic Joins. Bibliographic Notes. Exercises. Notes on Practical Languages. SQL: The Structured Query Language. Query-by-Example and Microsoft Access. Confronting the Real World. Bibliographic Notes. Exercises. C. CONSTRAINTS. Functional and Join Dependency. Motivation. Functional and Key Dependencies. join and Multivalued Dependencies. The Chase. Bibliographic Notes. Exercises. Inclusion Dependency. Inclusion Dependency in Isolation. Finite versus Infinite Implication. No"
snowball,Predicting query execution time: Are optimizer c,backward,W1588424744,10.1109/icassp.2003.1202783,Kernel independent component analysis,2004,"2003 IEEE International Conference on Acoustics, Speech, and Signal Processing, 2003. Proceedings. (ICASSP '03).",conference-paper,572,closed,,"We present a class of algorithms for independent component analysis (ICA) which use contrast functions based on canonical correlations in a reproducing kernel Hilbert space. On the one hand, we show that our contrast functions are related to mutual information and have desirable mathematical properties as measures of statistical dependence. On the other hand, building on recent developments in kernel methods, we show that these criteria can be computed efficiently. Minimizing these criteria leads to flexible and robust algorithms for ICA. We illustrate with simulations involving a wide variety of source distributions, showing that our algorithms outperform many of the presently known algorithms."
snowball,Predicting query execution time: Are optimizer c,backward,W2151310484,10.1016/b978-012722442-8/50011-2,The History of Histograms (abridged),2003,Elsevier eBooks,conference-paper,416,closed,,
snowball,Predicting query execution time: Are optimizer c,backward,W2100773341,10.1109/icde.2009.130,Predicting Multiple Metrics for Queries: Better Decisions Enabled by Machine Learning,2009,Proceedings - International Conference on Data Engineering,conference-paper,325,closed,,"One of the most challenging aspects of managing a very large data warehouse is identifying how queries will behave before they start executing. Yet knowing their performance characteristics - their runtimes and resource usage - can solve two important problems. First, every database vendor struggles with managing unexpectedly long-running queries. When these long-running queries can be identified before they start, they can be rejected or scheduled when they will not cause extreme resource contention for the other queries in the system. Second, deciding whether a system can complete a given workload in a given time period (or a bigger system is necessary) depends on knowing the resource requirements of the queries in that workload. We have developed a system that uses machine learning to accurately predict the performance metrics of database queries whose execution times range from milliseconds to hours. For training and testing our system, we used both real customer queries and queries generated from an extended set of TPC-DS templates. The extensions mimic queries that caused customer problems. We used these queries to compare how accurately different techniques predict metrics such as elapsed time, records used, disk I/Os, and message bytes. The most promising technique was not only the most accurate, but also predicted these metrics simultaneously and using only information available prior to query execution. We validated the accuracy of this machine learning technique on"
snowball,Predicting query execution time: Are optimizer c,backward,W2102166438,,LEO - DB2's LEarning Optimizer,2001,Very Large Data Bases,article,310,closed,,"Most modern DBMS optimizers rely upon a cost model to choose the best query execution plan (QEP) for any given query. Cost estimates are heavily dependent upon the optimizer’s estimates for the number of rows that will result at each step of the QEP for complex queries involving many predicates and/or operations. These estimates rely upon statistics on the database and modeling assumptions that may or may not be true for a given database. In this paper we introduce LEO, DB2's LEarning Optimizer, as a comprehensive way to repair incorrect statistics and cardinality estimates of a query execution plan. By monitoring previously executed queries, LEO compares the optimizer’s estimates with actuals at each step in a QEP, and computes adjustments to cost estimates and statistics that may be used during future query optimizations. This analysis can be done either on-line or off-line on a separate system, and either incrementally or in batches. In this way, LEO introduces a feedback loop to query optimization that enhances the available information on the database where the most queries have occurred, allowing the optimizer to actually learn from its past mistakes. Our technique is general and can be applied to any operation in a QEP, including joins, derived results after several predicates have been applied, and even to DISTINCT and GROUP-BY operators. As shown by performance measurements on a 10 GB TPCH data set, the runtime overhead of LEO’s monitoring is insignificant, whereas t"
snowball,Predicting query execution time: Are optimizer c,backward,W2168865746,10.1145/375663.375727,Selectivity estimation using probabilistic models,2001,,conference-paper,265,closed,,"Estimating the result size of complex queries that involve selection on multiple attributes and the join of several relations is a difficult but fundamental task in database query processing. It arises in cost-based query optimization, query profiling, and approximate query answering. In this paper, we show how probabilistic graphical models can be effectively used for this task as an accurate and compact approximation of the joint frequency distribution of multiple attributes across multiple relations. Probabilistic Relational Models (PRMs) are a recent development that extends graphical statistical models such as Bayesian Networks to relational domains. They represent the statistical dependencies between attributes within a table, and between attributes across foreign-key joins. We provide an efficient algorithm for constructing a PRM front a database, and show how a PRM can be used to compute selectivity estimates for a broad class of queries. One of the major contributions of this work is a unified framework for the estimation of queries involving both select and foreign-key join operations. Furthermore, our approach is not limited to answering a small set of predetermined queries; a single model can be used to effectively estimate the sizes of a wide collection of potential queries across multiple tables. We present results for our approach on several real-world databases. For both single-table multi-attribute queries and a general class of select-join queries, our appro"
snowball,Predicting query execution time: Are optimizer c,backward,W2058991275,10.1145/335168.335230,Towards estimation error guarantees for distinct values,2000,,conference-paper,235,gold,https://dl.acm.org/doi/pdf/10.1145/335168.335230,"We consider the problem of estimating the number of distinct values in a column of a table. For large tables without an index on the column, random sampling appears to be the only scalable approach for estimating the number of distinct values. We establish a powerful negative result stating that no estimator can guarantee small error across all input distributions, unless it examines a large fraction of the input data. In fact, any estimator must incur a significant error on at least some of a natural class of distributions. We then provide a new estimator which is provably optimal, in that its error is guaranteed to essentially match our negative result. A drawback of this estimator is that while its worst-case error is reasonable, it does not necessarily give the best possible error bound on any given distribution. Therefore, we develop heuristic estimators that are optimized for a class of typical input distributions. While these estimators lack strong guarantees on distribution-independent worst-case error, our extensive empirical comparison indicate their effectiveness both on real data sets and on synthetic data sets."
snowball,Predicting query execution time: Are optimizer c,backward,W2081728040,10.1109/icde.2012.64,Learning-based Query Performance Modeling and Prediction,2012,,conference-paper,216,closed,,"Accurate query performance prediction (QPP) is central to effective resource management, query optimization and query scheduling. Analytical cost models, used in current generation of query optimizers, have been successful in comparing the costs of alternative query plans, but they are poor predictors of execution latency. As a more promising approach to QPP, this paper studies the practicality and utility of sophisticated learning-based models, which have recently been applied to a variety of predictive tasks with great success, in both static (i.e., fixed) and dynamic query workloads. We propose and evaluate predictive modeling techniques that learn query execution behavior at different granularities, ranging from coarse-grained plan-level models to fine-grained operator-level models. We demonstrate that these two extremes offer a tradeoff between high accuracy for static workload queries and generality to unforeseen queries in dynamic workloads, respectively, and introduce a hybrid approach that combines their respective strengths by selectively composing them in the process of QPP. We discuss how we can use a training workload to (i) pre-build and materialize such models offline, so that they are readily available for future predictions, and (ii) build new models online as new predictions are needed. All prediction models are built using only static features (available prior to query execution) and the performance values obtained from the offline execution of the training"
snowball,Predicting query execution time: Are optimizer c,backward,W2057545667,10.1145/1508857.1508858,The design of a query monitoring system,2009,ACM Transactions on Database Systems,article,169,closed,,"Query monitoring refers to the problem of observing and predicting various parameters related to the execution of a query in a database system. In addition to being a useful tool for database users and administrators, it can also serve as an information collection service for resource allocation and adaptive query processing techniques. In this article, we present a query monitoring system from the ground up, describing various new techniques for query monitoring, their implementation inside a real database system, and a novel interface that presents the observed and predicted information in an accessible manner. To enable this system, we introduce several lightweight online techniques for progressively estimating and refining the cardinality of different relational operators using information collected at query execution time. These include binary and multiway joins as well as typical grouping operations and combinations thereof. We describe the various algorithms used to efficiently implement estimators and present the results of an evaluation of a prototype implementation of our framework in an open-source data management system. Our results demonstrate the feasibility and practical utility of the approach presented herein."
snowball,Predicting query execution time: Are optimizer c,backward,W2010149990,10.1145/1989323.1989359,Performance prediction for concurrent database workloads,2011,,conference-paper,147,closed,,"Current trends in data management systems, such as cloud and multi-tenant databases, are leading to data processing environments that concurrently execute heterogeneous query workloads. At the same time, these systems need to satisfy diverse performance expectations. In these newly-emerging settings, avoiding potential Quality-of-Service (QoS) violations heavily relies on performance predictability, i.e., the ability to estimate the impact of concurrent query execution on the performance of individual queries in a continuously evolving workload."
snowball,Predicting query execution time: Are optimizer c,backward,W1983224729,10.1145/1376616.1376711,Automatic virtual machine configuration for database workloads,2008,,conference-paper,116,closed,,"Virtual machine monitors are becoming popular tools for the deployment of database management systems and other enterprise software applications. In this paper, we consider a common resource consolidation scenario, in which several database management system instances, each running in a virtual machine, are sharing a common pool of physical computing resources. We address the problem of optimizing the performance of these database management systems by controlling the configurations of the virtual machines in which they run. These virtual machine configurations determine how the shared physical resources will be allocated to the different database instances. We introduce a virtualization design advisor that uses information about the anticipated workloads of each of the database systems to recommend workload-specific configurations offine. Furthermore, runtime information collected after the deployment of the recommended configurations can be used to refine the recommendation. To estimate the effect of a particular resource allocation on workload performance, we use the query optimizer in a new what-if mode. We have implemented our approach using both PostgreSQL and DB2, and we have experimentally evaluated its effectiveness using DSS and OLTP workloads."
snowball,Predicting query execution time: Are optimizer c,backward,W2396635388,10.14778/3402707.3402724,Lightweight graphical models for selectivity estimation without independence assumptions,2011,Proceedings of the VLDB Endowment,article,99,green,http://www.vldb.org/pvldb/vol4/p852-tzoumas.pdf,"As a result of decades of research and industrial development, modern query optimizers are complex software artifacts. However, the quality of the query plan chosen by an optimizer is largely determined by the quality of the underlying statistical summaries. Small selectivity estimation errors, propagated exponentially, can lead to severely sub-optimal plans. Modern optimizers typically maintain one-dimensional statistical summaries and make the attribute value independence and join uniformity assumptions for efficiently estimating selectivities. Therefore, selectivity estimation errors in today's optimizers are frequently caused by missed correlations between attributes. We present a selectivity estimation approach that does not make the independence assumptions. By carefully using concepts from the field of graphical models, we are able to factor the joint probability distribution of all the attributes in the database into small, usually two-dimensional distributions. We describe several optimizations that can make selectivity estimation highly efficient, and we present a complete implementation inside PostgreSQL's query optimizer. Experimental results indicate an order of magnitude better selectivity estimates, while keeping optimization time in the range of tens of milliseconds."
snowball,Predicting query execution time: Are optimizer c,backward,W1968829657,10.1145/93597.93611,Practical selectivity estimation through adaptive sampling,1990,,conference-paper,278,gold,https://dl.acm.org/doi/pdf/10.1145/93597.93611,"Recently we have proposed an adaptive, random sampling algorithm for general query size estimation. In earlier work we analyzed the asymptotic efficiency and accuracy of the algorithm, in this paper we investigate its practicality as applied to selects and joins. First, we extend our previous analysis to provide significantly improved bounds on the amount of sampling necessary for a given level of accuracy. Next, we provide “sanity bounds” to deal with queries for which the underlying data is extremely skewed or the query result is very small. Finally, we report on the performance of the estimation algorithm as implemented in a host language on a commercial relational system. The results are encouraging, even with this loose coupling between the estimation algorithm and the DBMS."
snowball,Predicting query execution time: Are optimizer c,backward,W1920644729,,Query Optimization in a Heterogeneous DBMS,1992,,article,144,closed,,"We propose a query optimization strategy for heterogeneous DBMSs that extends the traditional optimizer strategy widely used in commercial DBMSs to allow execution of queries over both known (i.e., proprietary) DBMSs and foreign vendor DBMSs that conform to some standard such as providing the usual relational database statistics. We assume that participating DBMSs are autonomous and may not be able, even if willing, to provide the cost model parameters. The novelty of the strategy is to deduce the necessary information by calibrating a given DBMS. As the calibration has to be done as a user, not as a system administrator, it poses unpredictability problems such as inferring the access methods used by the DBMS, idiosyncrasies of the storage subsystem and coincidental clustering of data. In this paper we propose a calibrating database which is synthetically created so as to make the process of deducing the cost model coefficients reasonably devoid of the unpredictability problems. Using this procedure, we calibrate three commercial DBMSs, namely Allbase, DB2, and Informix, and observe that in 80 % of the cases the estimate is quite accurate. 1 Mot ivat ion Heterogeneity of databases and database management systems (DBMSs) h ave gained its due recognition as a result of the advent of open systems. Typically this heterogeneity may result from semantic discrepancies in the data, multiple data models, different systems, etc. All of these are consequences of the need for independent"
snowball,Predicting query execution time: Are optimizer c,backward,W2073479529,10.1006/jcss.1996.0041,Selectivity and Cost Estimation for Joins Based on Random Sampling,1996,Journal of Computer and System Sciences,article,139,closed,,
snowball,Predicting query execution time: Are optimizer c,backward,W2119414841,10.1145/1007568.1007659,Estimating progress of execution for SQL queries,2004,,conference-paper,122,closed,,"Today's database systems provide little feedback to the user/DBA on how much of a SQL query's execution has been completed. For long running queries, such feedback can be very useful, for example, to help decide whether the query should be terminated or allowed to run to completion. Although the above requirement is easy to express, developing a robust indicator of progress for query execution is challenging. In this paper, we study the above problem and present techniques that can form the basis for effective progress estimation. The results of experimentally validating our techniques in Microsoft SQL Server are promising."
snowball,Predicting query execution time: Are optimizer c,backward,W2153231596,10.1145/1007568.1007658,Toward a progress indicator for database queries,2004,,conference-paper,111,closed,,"Many modern software systems provide progress indicators for long-running tasks. These progress indicators make systems more user-friendly by helping the user quickly estimate how much of the task has been completed and when the task will finish. However, none of the existing commercial RDBMSs provides a non-trivial progress indicator for long-running queries. In this paper, we consider the problem of supporting such progress indicators. After discussing the goals and challenges inherent in this problem, we present a set of techniques sufficient for implementing a simple yet useful progress indicator for a large subset of RDBMS queries. We report an initial implementation of these techniques in PostgreSQL. 1."
snowball,Predicting query execution time: Are optimizer c,backward,W2058224784,10.1145/2038916.2038931,ActiveSLA,2011,,conference-paper,84,closed,,"The system overload is a common problem in a Database-as-a-Serice (DaaS) environment because of unpredictable and bursty workloads from various clients. Due to the service delivery nature of DaaS, such system overload usually has direct economic impact on the service provider, who has to pay penalties if the system performance does not meet clients' service level agreements (SLAs). In this paper, we investigate techniques that prevent system overload by using admission control. We propose a profit-oriented admission control framework, called ActiveSLA, for DaaS providers. ActiveSLA is an end-to-end framework that consists of two components. First, a prediction module estimates the probability for a new query to finish the execution before its deadline. Second, based on the predicted probability, a decision module determines whether or not to admit the given query into the database system. The decision is made with the profit optimization objective, where the expected profit is derived from the service level agreements between a service provider and its clients. We present extensive real system experiments with standard database benchmarks, under different traffic patterns, DBMS settings, and SLAs. The results demonstrate that ActiveSLA is able to make admission control decisions that are both more accurate and more profit-effective than several state-of-the-art methods."
snowball,Predicting query execution time: Are optimizer c,backward,W2146732261,10.1109/icde.2010.5447850,Q-Cop: Avoiding bad query mixes to minimize client timeouts under heavy loads,2010,,conference-paper,63,closed,,"In three-tiered web applications, some form of admission control is required to ensure that throughput and response times are not significantly harmed during periods of heavy load. We propose Q-Cop, a prototype system for improving admission control decisions that considers a combination of the load on the system, the number of simultaneous queries being executed, the actual mix of queries being executed, and the expected time a user may wait for a reply before they or their browser give up (i.e., time out). Using TPC-W queries, we show that the response times of different types of queries can vary significantly depending not just on the number of queries being processed but on the mix of other queries that are running simultaneously. We develop a model of expected query execution times that accounts for the mix of queries being executed and integrate this model into a three-tiered system to make admission control decisions. Our results show that this approach makes more informed decisions about which queries to reject and as a result significantly reduces the number of requests that time out. Across the range of workloads examined an average of 47% fewer requests are unsuccessful than the next best approach."
snowball,Predicting query execution time: Are optimizer c,backward,W2082867387,10.14778/2002938.2002942,iCBS,2011,Proceedings of the VLDB Endowment,article,50,closed,,"In a cloud computing environment, it is beneficial for the cloud service provider to offer differentiated services among different customers, who often have different cost profiles. Therefore, cost-aware scheduling of queries is important. A practical cost-aware scheduling algorithm must be able to handle the highly demanding query volumes in the scheduling queues to make online scheduling decisions very quickly. We develop such a highly efficient cost-aware query scheduling algorithm, called iCBS. iCBS takes the query costs derived from the service level agreements (SLAs) between the service provider and its customers into account to make cost-aware scheduling decisions. iCBS is an incremental variation of an existing scheduling algorithm, CBS. Although CBS exhibits an exceptionally good cost performance, it has a prohibitive time complexity. Our main contributions are (1) to observe how CBS behaves under piecewise linear SLAs, which are very common in cloud computing systems, and (2) to efficiently leverage these observations and to reduce the online time complexity from O ( N ) for the original version CBS to O (log 2 N ) for iCBS."
snowball,Predicting query execution time: Are optimizer c,backward,W2086395677,10.1007/s00778-011-0217-y,Interaction-aware scheduling of report-generation workloads,2011,The VLDB Journal,article,41,closed,,
snowball,Predicting query execution time: Are optimizer c,backward,W2125514439,10.1109/icde.2009.137,Adaptive Scheduling of Web Transactions,2009,Proceedings - International Conference on Data Engineering,conference-paper,40,closed,,"In highly interactive dynamic Web database systems, user satisfaction determines their success. In such systems, user requested web pages are dynamically created by executing a number of database queries or Web transactions. In this paper, we model the interrelated transactions generating a web page asworkflowsand quantify the user satisfaction by associating dynamic Web pages withsoft-deadlines. Further, we model the importance of transactions in generating a page by associating different weights to transactions. Using this framework, system success is measured in terms of minimizing the deviation from the deadline (i.e., tardiness) and also minimizing the weighted such deviation (i.e., weighted tardiness). In order to efficiently support the materialization of dynamic Web pages, we proposeASETS*, which is a parameter-free adaptive scheduling algorithm that automatically adapts to, not only system load, but also transactions' characteristics (i.e., interdependencies, deadlines and weights).ASETS* prioritizes the execution of transactions with the objective of minimizing weighted tardiness. It is also capable of balancing the tradeoff between optimizing average- and worst-case performance when needed. The performance advantages ofASETS* are experimentally demonstrated."
snowball,Predicting query execution time: Are optimizer c,backward,W2026965159,10.1109/icde.2012.74,GSLPI: A Cost-Based Query Progress Indicator,2012,,conference-paper,33,closed,,"Progress indicators for SQL queries were first published in 2004 with the simultaneous and independent proposals from Chaudhuri et al. and Luo et al. In this paper, we implement both progress indicators in the same commercial RDBMS to investigate their performance. We summarize common cases in which they are both accurate and cases in which they fail to provide reliable estimates. Although there are differences in their performance, much more striking is the similarity in the errors they make due to a common simplifying uniform future speed assumption. While the developers of these progress indicators were aware that this assumption could cause errors, they neither explored how large the errors might be nor did they investigate the feasibility of removing the assumption. To rectify this we propose a new query progress indicator, similar to these early progress indicators but without the uniform speed assumption. Experiments show that on the TPC-H benchmark, on queries for which the original progress indicators have errors up to 30X the query running time, the new progress indicator is accurate to within 10 percent. We also discuss the sources of the errors that still remain and shed some light on what would need to be done to eliminate them."
snowball,Predicting query execution time: Are optimizer c,backward,W2086586571,10.1109/services.2010.96,CloudDB: One Size Fits All Revived,2010,,conference-paper,30,closed,,"We present a data management platform in the cloud, CloudDB. The guiding principle of CloudDB’s design is establishing data independence for the applications that need to use diverse underlying data stores that are optimized for varying workload needs and characteristics. The applications should not have to be aware of the physical organization of the data and how the data is accessed. Ideally, an application only needs a logical specification of the data access layer and the data access requests are handled in a declarative way. CloudDB hosts variety of specialized databases that deliver high performance, scalability, and cost efficiency for varying application needs. CloudDB’s API layer is designed in such a way to give data independence to the higher level applications. The goal is to let the clients use just a simple, standard, and uniform language API to access data management functions as a service."
snowball,Predicting query execution time: Are optimizer c,backward,W2108717033,10.1145/115302.115300,Statistical estimators for aggregate relational algebra queries,1991,ACM Transactions on Database Systems,article,56,bronze,https://dl.acm.org/doi/pdf/10.1145/115302.115300,"article Free Access Share on Statistical estimators for aggregate relational algebra queries Authors: Wen-Chi Hou Case Western Reserve Univ., Cleveland, OH Case Western Reserve Univ., Cleveland, OHView Profile , Gultekin Ozsoyoglu Case Western Reserve Univ., Cleveland, OH Case Western Reserve Univ., Cleveland, OHView Profile Authors Info & Claims ACM Transactions on Database SystemsVolume 16Issue 4pp 600–654https://doi.org/10.1145/115302.115300Published:01 December 1991Publication History 44citation559DownloadsMetricsTotal Citations44Total Downloads559Last 12 Months24Last 6 weeks2 Get Citation AlertsNew Citation Alert added!This alert has been successfully added and will be sent to:You will be notified whenever a record that you have chosen has been cited.To manage your alert preferences, click on the button below.Manage my AlertsNew Citation Alert!Please log in to your account Save to BinderSave to BinderCreate a New BinderNameCancelCreateExport CitationPublisher SiteeReaderPDF"
snowball,Predicting query execution time: Are optimizer c,backward,W1972539129,10.1145/1031763.1031766,Developing a characterization of business intelligence workloads for sizing new database systems,2004,,conference-paper,25,closed,,"{tedjw, martin, skill} @ cs.queensu.ca Computer system sizing involves estimating the amount of hardware resources needed to support a new workload not yet deployed in a production environment. In order to determine the type and quantity of resources required, a methodology is required for describing the new workload. In this paper, we discuss the sizing process for database management systems and describe an analysis for characterizing business intelligence (BI) workloads, using the TPC-H benchmark as our workload basis. The characterization yields four general classes of queries, each with different characteristics. Our approach for sizing a BI application’s database tier quantifies a new BI workload in terms of the response time goals and mix of the different query classes obtained from the characterization analysis."
snowball,Predicting query execution time: Are optimizer c,backward,W2059542827,10.14778/2095686.2095687,Towards cost-effective storage provisioning for DBMSs,2011,Proceedings of the VLDB Endowment,article,24,closed,,"Data center operators face a bewildering set of choices when considering how to provision resources on machines with complex I/O subsystems. Modern I/O subsystems often have a rich mix of fast, high performing, but expensive SSDs sitting alongside with cheaper but relatively slower (for random accesses) traditional hard disk drives. The data center operators need to determine how to provision the I/O resources for specific workloads so as to abide by existing Service Level Agreements (SLAs), while minimizing the total operating cost (TOC) of running the workload, where the TOC includes the amortized hardware costs and the run time energy costs. The focus of this paper is on introducing this new problem of TOC-based storage allocation, cast in a framework that is compatible with traditional DBMS query optimization and query processing architecture. We also present a heuristic-based solution to this problem, called DOT. We have implemented DOT in PostgreSQL, and experiments using TPC-H and TPC-C demonstrate significant TOC reduction by DOT in various settings."
snowball,Predicting query execution time: Are optimizer c,backward,W2111119607,10.14778/2095686.2095696,A statistical approach towards robust progress estimation,2011,Proceedings of the VLDB Endowment,article,18,closed,,"The need for accurate SQL progress estimation in the context of decision support administration has led to a number of techniques proposed for this task. Unfortunately, no single one of these progress estimators behaves robustly across the variety of SQL queries encountered in practice, meaning that each technique performs poorly for a significant fraction of queries. This paper proposes a novel estimator selection framework that uses a statistical model to characterize the sets of conditions under which certain estimators outperform others, leading to a significant increase in estimation robustness. The generality of this framework also enables us to add a number of novel ""special purpose"" estimators which increase accuracy further. Most importantly, the resulting model generalizes well to queries very different from the ones used to train it. We validate our findings using a large number of industrial real-life and benchmark workloads."
snowball,Predicting query execution time: Are optimizer c,backward,W11135144,,Buffer Pool Aware Query Optimization,2005,Conference on Innovative Data Systems Research,conference-paper,15,closed,,"With the advent of 64-bit processors, large main memories are set to become very common. This in turn translates to larger buffer pool configurations in database servers. Query optimizers however, currently assume all data is disk resident while optimizing queries. This assumption will no longer be valid when buffer pools become 100’s of gigabytes in size. In this paper we examine how data presence in the buffer pool can affect the choice of query plans in an optimizer. We examine the possible benefits of buffer-pool aware query optimization and propose a generic architecture for implementing such an optimizer."
snowball,Predicting query execution time: Are optimizer c,backward,W2107102574,10.1109/icde.2008.4497510,Diagnosing Estimation Errors in Page Counts Using Execution Feedback,2008,,conference-paper,15,closed,,"Errors in estimating page counts can lead to poor choice of access methods and in turn to poor quality plans. Although there is past work in using execution feedback for accurate cardinality estimation, the problem of inaccurate estimation of page counts has not been addressed. In this paper, we present novel mechanisms for diagnosing errors in page count by monitoring query execution at low overhead. Detection of inaccuracy in the optimizer estimates of page count can be leveraged by database administrators to improve plan quality. We have prototyped our techniques in the Microsoft SQL Server engine, and our experiments demonstrate the ability to estimate page counts accurately using execution feedback with low overhead. For queries on several real world databases, we observe significant improvement in plan quality when page counts obtained from execution feedback are used instead of the traditional optimizer estimations."
snowball,Predicting query execution time: Are optimizer c,forward,W2396309311,10.14778/2850583.2850594,"How good are query optimizers, really?",2015,Proceedings of the VLDB Endowment,article,714,green,https://ir.cwi.nl/pub/24379/24379D.pdf,"Finding a good join order is crucial for query performance. In this paper, we introduce the Join Order Benchmark (JOB) and experimentally revisit the main components in the classic query optimizer architecture using a complex, real-world data set and realistic multi-join queries. We investigate the quality of industrial-strength cardinality estimators and find that all estimators routinely produce large errors. We further show that while estimates are essential for finding a good join order, query performance is unsatisfactory if the query engine relies too heavily on these estimates. Using another set of experiments that measure the impact of the cost model, we find that it has much less influence on query performance than the cardinality estimates. Finally, we investigate plan enumeration techniques comparing exhaustive dynamic programming with heuristic algorithms and find that exhaustive enumeration improves performance despite the sub-optimal cardinality estimates."
snowball,Predicting query execution time: Are optimizer c,forward,W2998249308,10.14778/3368289.3368296,An end-to-end learning-based cost estimator,2019,Proceedings of the VLDB Endowment,article,250,closed,,"Cost and cardinality estimation is vital to query optimizer, which can guide the query plan selection. However traditional empirical cost and cardinality estimation techniques cannot provide high-quality estimation, because they may not effectively capture the correlation between multiple tables. Recently the database community shows that the learning-based cardinality estimation is better than the empirical methods. However, existing learning-based methods have several limitations. Firstly, they focus on estimating the cardinality, but cannot estimate the cost. Secondly, they are either too heavy or hard to represent complicated structures, e.g., complex predicates. To address these challenges, we propose an effective end-to-end learning-based cost estimation framework based on a tree-structured model, which can estimate both cost and cardinality simultaneously. We propose effective feature extraction and encoding techniques, which consider both queries and physical operations in feature extraction. We embed these features into our tree-structured model. We propose an effective method to encode string values, which can improve the generalization ability for predicate matching. As it is prohibitively expensive to enumerate all string values, we design a patten-based method, which selects patterns to cover string values and utilizes the patterns to embed string values. We conducted experiments on real-world datasets and experimental results showed that our method outperformed "
snowball,Predicting query execution time: Are optimizer c,forward,W2755385361,10.1007/s00778-017-0480-7,"Query optimization through the looking glass, and what we found running the Join Order Benchmark",2017,The VLDB Journal,article,151,green,https://ir.cwi.nl/pub/27562/27562.pdf,
snowball,Predicting query execution time: Are optimizer c,forward,W2911464154,10.14778/3342263.3342646,Plan-structured deep neural network models for query performance prediction,2019,Proceedings of the VLDB Endowment,article,133,green,https://arxiv.org/pdf/1902.00132,"Query performance prediction, the task of predicting a query's latency prior to execution, is a challenging problem in database management systems. Existing approaches rely on features and performance models engineered by human experts, but often fail to capture the complex interactions between query operators and input relations, and generally do not adapt naturally to workload characteristics and patterns in query execution plans. In this paper, we argue that deep learning can be applied to the query performance prediction problem, and we introduce a novel neural network architecture for the task: a plan-structured neural network . Our neural network architecture matches the structure of any optimizer-selected query execution plan and predict its latency with high accuracy, while eliminating the need for human-crafted input features. A number of optimizations are also proposed to reduce training overhead without sacrificing effectiveness. We evaluated our techniques on various workloads and we demonstrate that our approach can out-perform the state-of-the-art in query performance prediction."
snowball,Predicting query execution time: Are optimizer c,forward,W2944240329,10.1145/3299869.3324957,AI Meets AI,2019,,conference-paper,132,closed,,"State-of-the-art index tuners rely on query optimizer's cost estimates to search for the index configuration with the largest estimated execution cost improvement`. Due to well-known limitations in optimizer's estimates, in a significant fraction of cases, an index estimated to improve a query's execution cost, e.g., CPU time, makes that worse when implemented. Such errors are a major impediment for automated indexing in production systems. We observe that comparing the execution cost of two plans of the same query corresponding to different index configurations is a key step during index tuning. Instead of using optimizer's estimates for such comparison, our key insight is that formulating it as a classification task in machine learning results in significantly higher accuracy. We present a study of the design space for this classification problem. We further show how to integrate this classifier into the state-of-the-art index tuners with minimal modifications, i.e., how artificial intelligence (AI) can benefit automated indexing (AI). Our evaluation using industry-standard benchmarks and a large number of real customer workloads demonstrates up to 5x reduction in the errors in identifying the cheaper plan in a pair, which eliminates almost all query execution cost regressions when the model is used in index tuning."
snowball,Predicting query execution time: Are optimizer c,forward,W3119448165,10.1007/s41019-020-00149-7,"A Survey on Advancing the DBMS Query Optimizer: Cardinality Estimation, Cost Model, and Plan Enumeration",2021,Data Science and Engineering,article,98,gold,https://link.springer.com/content/pdf/10.1007/s41019-020-00149-7.pdf,"Abstract Query optimizer is at the heart of the database systems. Cost-based optimizer studied in this paper is adopted in almost all current database systems. A cost-based optimizer introduces a plan enumeration algorithm to find a (sub)plan, and then uses a cost model to obtain the cost of that plan, and selects the plan with the lowest cost. In the cost model, cardinality, the number of tuples through an operator, plays a crucial role. Due to the inaccuracy in cardinality estimation, errors in cost model, and the huge plan space, the optimizer cannot find the optimal execution plan for a complex query in a reasonable time. In this paper, we first deeply study the causes behind the limitations above. Next, we review the techniques used to improve the quality of the three key components in the cost-based optimizer, cardinality estimation, cost model, and plan enumeration. We also provide our insights on the future directions for each of the above aspects."
snowball,Predicting query execution time: Are optimizer c,forward,W3196849431,10.14778/3476311.3476380,openGauss,2021,Proceedings of the VLDB Endowment,article,92,closed,,"Although learning-based database optimization techniques have been studied from academia in recent years, they have not been widely deployed in commercial database systems. In this work, we build an autonomous database framework and integrate our proposed learning-based database techniques into an open-source database system openGauss. We propose effective learning-based models to build learned optimizers (including learned query rewrite, learned cost/cardinality estimation, learned join order selection and physical operator selection) and learned database advisors (including self-monitoring, self-diagnosis, self-configuration, and self-optimization). We devise an effective validation model to validate the effectiveness of learned models. We build effective training data management and model management platforms to easily deploy learned models. We have evaluated our techniques on real-world datasets and the experimental results validated the effectiveness of our techniques. We also provide our learnings of deploying learning-based techniques."
snowball,Predicting query execution time: Are optimizer c,forward,W3095166039,10.14778/3407790.3407832,"Magic mirror in my hand, which is the best in the land?",2020,Proceedings of the VLDB Endowment,article,89,closed,,"Indexes are essential for the efficient processing of database workloads. Proposed solutions for the relevant and challenging index selection problem range from metadata-based simple heuristics, over sophisticated multi-step algorithms, to approaches that yield optimal results. The main challenges are (i) to accurately determine the effect of an index on the workload cost while considering the interaction of indexes and (ii) a large number of possible combinations resulting from workloads containing many queries and massive schemata with possibly thousands of attributes. In this work, we describe and analyze eight index selection algorithms that are based on different concepts and compare them along different dimensions, such as solution quality, runtime, multi-column support, solution granularity, and complexity. In particular, we analyze the solutions of the algorithms for the challenging analytical Join Order, TPC-H, and TPC-DS benchmarks. Afterward, we assess strengths and weaknesses, infer insights for index selection in general and each approach individually, before we give recommendations on when to use which approach."
snowball,Predicting query execution time: Are optimizer c,forward,W2885801653,10.48550/arxiv.1808.03196,Learning to Optimize Join Queries With Deep Reinforcement Learning,2018,arXiv (Cornell University),preprint,85,green,https://arxiv.org/pdf/1808.03196,"Exhaustive enumeration of all possible join orders is often avoided, and most optimizers leverage heuristics to prune the search space. The design and implementation of heuristics are well-understood when the cost model is roughly linear, and we find that these heuristics can be significantly suboptimal when there are non-linearities in cost. Ideally, instead of a fixed heuristic, we would want a strategy to guide the search space in a more data-driven way---tailoring the search to a specific dataset and query workload. Recognizing the link between classical Dynamic Programming enumeration methods and recent results in Reinforcement Learning (RL), we propose a new method for learning optimized join search strategies. We present our RL-based DQ optimizer, which currently optimizes select-project-join blocks. We implement three versions of DQ to illustrate the ease of integration into existing DBMSes: (1) A version built on top of Apache Calcite, (2) a version integrated into PostgreSQL, and (3) a version integrated into SparkSQL. Our extensive evaluation shows that DQ achieves plans with optimization costs and query execution times competitive with the native query optimizer in each system, but can execute significantly faster after learning (often by orders of magnitude)."
snowball,Predicting query execution time: Are optimizer c,forward,W3037027022,10.14778/3397230.3397238,Query performance prediction for concurrent queries using graph embedding,2020,Proceedings of the VLDB Endowment,article,83,closed,,"Query performance prediction is vital to many database tasks (e.g., database monitoring and query scheduling). Existing methods focus on predicting the performance for a single query but cannot effectively predict the performance for concurrent queries, because it is rather hard to capture the correlations between different queries, e.g., lock conflict and buffer sharing. To address this problem, we propose a performance prediction system for concurrent queries using a graph embedding based model. To the best of our knowledge, this is the first graph-embedding-based performance prediction model for concurrent queries. We first propose a graph model to encode query features, where each vertex is a node in the query plan of a query and each edge between two vertices denotes the correlations between them, e.g., sharing the same table/index or competing resources. We then propose a prediction model, in which we use a graph embedding network to encode the graph features and adopt a prediction network to predict query performance using deep learning. Since workloads may dynamically change, we propose a graph update and compaction algorithm to adapt to workload changes. We have conducted extensive experiments on real-world datasets, and experimental results showed that our method outperformed the state-of-the-art approaches."
snowball,Predicting query execution time: Are optimizer c,forward,W4366492480,10.14778/3583140.3583160,Lero: A Learning-to-Rank Query Optimizer,2023,Proceedings of the VLDB Endowment,article,82,closed,,"A recent line of works apply machine learning techniques to assist or rebuild cost-based query optimizers in DBMS. While exhibiting superiority in some benchmarks, their deficiencies, e.g., unstable performance, high training cost, and slow model updating, stem from the inherent hardness of predicting the cost or latency of execution plans using machine learning models. In this paper, we introduce a learning-to-rank query optimizer, called Lero, which builds on top of a native query optimizer and continuously learns to improve the optimization performance. The key observation is that the relative order or rank of plans, rather than the exact cost or latency, is sufficient for query optimization. Lero employs a pairwise approach to train a classifier to compare any two plans and tell which one is better. Such a binary classification task is much easier than the regression task to predict the cost or latency, in terms of model efficiency and accuracy. Rather than building a learned optimizer from scratch, Lero is designed to leverage decades of wisdom of databases and improve the native query optimizer. With its non-intrusive design, Lero can be implemented on top of any existing DBMS with minimal integration efforts. We implement Lero and demonstrate its outstanding performance using PostgreSQL. In our experiments, Lero achieves near optimal performance on several benchmarks. It reduces the plan execution time of the native optimizer in PostgreSQL by up to 70% and other learne"
snowball,Predicting query execution time: Are optimizer c,forward,W2424452828,10.1145/2882903.2882914,Sampling-Based Query Re-Optimization,2016,,conference-paper,63,closed,,"Despite of decades of work, query optimizers still make mistakes on ""difficult"" queries because of bad cardinality estimates, often due to the interaction of multiple predicates and correlations in the data. In this paper, we propose a low-cost post-processing step that can take a plan produced by the optimizer, detect when it is likely to have made such a mistake, and take steps to fix it. Specifically, our solution is a sampling-based iterative procedure that requires almost no changes to the original query optimizer or query evaluation mechanism of the system. We show that this indeed imposes low overhead and catches cases where three widely used optimizers (PostgreSQL and two commercial systems) make large errors."
snowball,Predicting query execution time: Are optimizer c,forward,W2521550930,10.1145/2987550.2987566,PerfOrator,2016,,conference-paper,62,closed,,"Query Optimization focuses on finding the best query execution plan, given fixed hardware resources. In BigData settings, both pay-as-you-go clouds and on-prem shared clusters, a complementary challenge emerges: Resource Optimization: find the best hardware resources, given an execution plan. In this world, provisioning is almost instantaneous and time-varying resources can be acquired on a per-query basis. This allows us to optimize allocations for completion time, resource usage, dollar cost, etc. These optimizations have a huge impact on performance and cost, and pivot around a core challenge: faithful resource-to-performance models for arbitrary BigData queries. This task is challenging for users and tools alike due to lack of good statistics (high-velocity, unstructured data), frequent use of UDFs, impact on performance of different hardware types and a lack of understanding of parallel execution at such a scale."
snowball,Predicting query execution time: Are optimizer c,forward,W2126378271,10.14778/2536274.2536325,Why it is time for a HyPE,2013,Proceedings of the VLDB Endowment,article,60,closed,,"GPU acceleration is a promising approach to speed up query processing of database systems by using low cost graphic processors as coprocessors. Two major trends have emerged in this area: (1) The development of frameworks for scheduling tasks in heterogeneous CPU/GPU platforms, which is mainly in the context of coprocessing for applications and does not consider specifics of database-query processing and optimization. (2) The acceleration of database operations using efficient GPU algorithms, which typically cannot be applied easily on other database systems, because of their analytical-algorithm-specific cost models. One major challenge is how to combine traditional database query processing with GPU coprocessing techniques and efficient database operation scheduling in a GPU-aware query optimizer. In this thesis, we develop a hybrid query processing engine, which extends the traditional physical optimization process to generate hybrid query plans and to perform a cost-based optimization in a way that the advantages of CPUs and GPUs are combined. Furthermore, we aim at a portable solution between different GPU-accelerated database management systems to maximize applicability. Preliminary results indicate great potential."
snowball,Predicting query execution time: Are optimizer c,forward,W2950480046,10.1109/icde.2019.00113,Efficient Scalable Multi-attribute Index Selection Using Recursive Strategies,2019,,conference-paper,50,closed,,"An efficient selection of indexes is indispensable for database performance. For large problem instances with hundreds of tables, existing approaches are not suitable: They either exhibit prohibitive runtimes or yield far from optimal index configurations by strongly limiting the set of index candidates or not handling index interaction explicitly. We introduce a novel recursive strategy that does not exclude index candidates in advance and effectively accounts for index interaction. Using large real-world workloads, we demonstrate the applicability of our approach. Further, we evaluate our solution end to end with a commercial database system using a reproducible setup. We show that our solutions are near-optimal for small index selection problems. For larger problems, our strategy outperforms state-of-the-art approaches in both scalability and solution quality."
snowball,Predicting query execution time: Are optimizer c,forward,W2487348337,10.1109/tetc.2016.2597546,Distribution Based Workload Modelling of Continuous Queries in Clouds,2016,IEEE Transactions on Emerging Topics in Computing,article,47,closed,,"Resource usage estimation for managing streaming workload in emerging applications domains such as enterprise computing, smart cities, remote healthcare, and astronomy, has emerged as a challenging research problem. Such resource estimation for processing continuous queries over streaming data is challenging due to: (i) uncertain stream arrival patterns, (ii) need to process different mixes of queries, and (iii) varying resource consumption. Existing techniques approximate resource usage for a query as a single point value which may not be sufficient because it is neither expressive enough nor does it capture the aforementioned nature of streaming workload. In this paper, we present a novel approach of using mixture density networks to estimate the whole spectrum of resource usage as probability density functions. We have evaluated our technique using the linear road benchmark and TPC-H in both private and public clouds. The efficiency and applicability of the proposed approach is demonstrated via two novel applications: i) predictable auto-scaling policy setting which highlights the potential of distribution prediction in consistent definition of cloud elasticity rules; and ii) a distribution based admission controller which is able to efficiently admit or reject incoming queries based on probabilistic service level agreements compliance goals."
snowball,Predicting query execution time: Are optimizer c,forward,W4384345711,10.1109/icse48619.2023.00174,Testing Database Engines via Query Plan Guidance,2023,,conference-paper,42,closed,,"Database systems are widely used to store and query data. Test oracles have been proposed to find logic bugs in such systems, that is, bugs that cause the database system to compute an incorrect result. To realize a fully automated testing approach, such test oracles are paired with a test case generation technique; a test case refers to a database state and a query on which the test oracle can be applied. In this work, we propose the concept of Query Plan Guidance (QPG) for guiding automated testing towards “interesting” test cases. SQL and other query languages are declarative. Thus, to execute a query, the database system translates every operator in the source language to one of the potentially many so-called physical operators that can be executed; the tree of physical operators is referred to as the query plan. Our intuition is that by steering testing towards exploring a variety of unique query plans, we also explore more interesting behaviors-some of which are potentially incorrect. To this end, we propose a mutation technique that gradually applies promising mutations to the database state, causing the DBMS to create potentially unseen query plans for subsequent queries. We applied our method to three mature, widely-used, and extensively-tested database systems-SQLite, TiDB, and CockroachDB-and found 53 unique, previously unknown bugs. Our method exercises$4.85-408.48\times$more unique query plans than a naive random generation method and$7.46\times$more than a code "
snowball,Predicting query execution time: Are optimizer c,forward,W1992560344,10.1145/2588555.2588566,Plan bouquets,2014,,conference-paper,38,closed,,"Selectivity estimates for optimizing OLAP queries often differ significantly from those actually encountered during query execution, leading to poor plan choices and inflated response times. We propose here a conceptually new approach to address this problem, wherein the compile-time estimation process is completely eschewed for error-prone selectivities. Instead, a small ""bouquet"" of plans is identified from the set of optimal plans in the query's selectivity error space, such that at least one among this subset is near-optimal at each location in the space. Then, at run time, the actual selectivities of the query are incrementally ""discovered"" through a sequence of partial executions of bouquet plans, eventually identifying the appropriate bouquet plan to execute. The duration and switching of the partial executions is controlled by a graded progression of isocost surfaces projected onto the optimal performance profile. We prove that this construction results in bounded overheads for the selectivity discovery process and consequently, guaranteed worst-case performance. In addition, it provides repeatable execution strategies across different invocations of a query. The plan bouquet approach has been empirically evaluated on both PostgreSQL and a commercial DBMS, over the TPC-H and TPC-DS benchmark environments. Our experimental results indicate that, even with conservative assumptions, it delivers substantial improvements in the worst-case behavior, without impairing the av"
snowball,Predicting query execution time: Are optimizer c,forward,W3009499317,10.1016/j.asoc.2020.106216,Autonomic performance prediction framework for data warehouse queries using lazy learning approach,2020,Applied Soft Computing,article,37,closed,,
snowball,Predicting query execution time: Are optimizer c,forward,W4289533888,10.1109/icde53745.2022.00210,AutoIndex: An Incremental Index Management System for Dynamic Workloads,2022,2022 IEEE 38th International Conference on Data Engineering (ICDE),conference-paper,36,closed,,"Indexes are vital to enhance the lookup on single or multiple columns, and building proper indexes can significantly improve the database performance. Existing works focus on adding new indexes that can benefit the read queries, but they have several limitations. First, real-world workloads may have numerous queries and it is tricky to analyze their index requirements and find the most beneficial indexes within resource limit. Second, they fail to consider the update of existing indexes, which may be redundant or even have negative effects to current workload. Third, they cannot estimate the index maintenance costs, which are affected by multiple index utilization factors and can significantly affect the index benefits, especially for high-write-ratio workloads. To address those challenges, we propose an incremental index management system Autoindex for dynamic workloads. First, to support incremental index management, we map the incoming queries into query templates and efficiently generate promising candidate indexes from matched templates. And then we propose to utilize Monte Carlo Tree Search to incrementally add indexes from the candidate indexes or remove indexes from existing indexes, so as to ensure high workload performance. Besides, we propose a deep index estimation model, which integrates the practical experience to extract critical cost features and applies deep regression to estimate index benefits from historical index management data. We have implemented the m"
snowball,Predicting query execution time: Are optimizer c,forward,W2799995494,10.1016/j.is.2018.04.005,Performance prediction and adaptation for database management system workload using Case-Based Reasoning approach,2018,Information Systems,article,36,closed,,
snowball,Predicting query execution time: Are optimizer c,forward,W3174394491,10.1145/3448016.3457276,MB2: Decomposed Behavior Modeling for Self-Driving Database Management Systems,2021,,conference-paper,35,gold,https://dl.acm.org/doi/pdf/10.1145/3448016.3457276,"Database management systems (DBMSs) are notoriously difficult to deploy and administer. The goal of a self-driving DBMS is to remove these impediments by managing itself automatically. However, a critical problem in achieving full autonomy is how to predict the DBMS's runtime behavior and resource consumption. These predictions guide a self-driving DBMS's decision-making components to tune and optimize all aspects of the system. We present the ModelBot2 end-to-end framework for constructing and maintaining prediction models using machine learning (ML) in self-driving DBMSs. Our approach decomposes a DBMS's architecture into fine-grained operating units that make it easier to estimate the system's behavior for configurations that it has never seen before. ModelBot2 then provides an offline execution environment to exercise the system to produce the training data used to train its models. We integrated ModelBot2 in an in-memory DBMS and measured its ability to predict its performance for OLTP and OLAP workloads running in dynamic environments. We also compare ModelBot2 against state-of-the-art ML models and show that our models are up to 25x more accurate in multiple scenarios."
snowball,Predicting query execution time: Are optimizer c,forward,W2145676903,10.14778/2733085.2733092,Uncertainty aware query execution time prediction,2014,Proceedings of the VLDB Endowment,article,34,closed,,"Predicting query execution time is a fundamental issue underlying many database management tasks. Existing predictors rely on information such as cardinality estimates and system performance constants that are difficult to know exactly. As a result, accurate prediction still remains elusive for many queries. However, existing predictors provide a single, point estimate of the true execution time, but fail to characterize the uncertainty in the prediction. In this paper, we take a first step towards providing uncertainty information along with query execution time predictions. We use the query optimizer's cost model to represent the query execution time as a function of the selectivities of operators in the query plan as well as the constants that describe the cost of CPU and I/O operations in the system. By treating these quantities as random variables rather than constants, we show that with low overhead we can infer the distribution of likely prediction errors. We further show that the estimated prediction errors by our proposed techniques are strongly correlated with the actual prediction errors."
snowball,Predicting query execution time: Are optimizer c,forward,W3168288096,10.1145/3448016.3457546,Efficient Deep Learning Pipelines for Accurate Cost Estimations Over Large Scale Query Workload,2021,,conference-paper,31,gold,https://dl.acm.org/doi/pdf/10.1145/3448016.3457546,"The use of deep learning models for forecasting the resource consumption patterns of SQL queries have recently been a popular area of study. While these models have demonstrated promising accuracy, training them over large scale industry workloads are expensive. Space inefficiencies of encoding techniques over large numbers of queries and excessive padding used to enforce shape consistency across diverse query plans implies 1) longer model training time and 2) the need for expensive, scaled up infrastructure to support batched training. In turn, we developed Prestroid, a tree convolution based data science pipeline that accurately predicts resource consumption patterns of query traces, but at a much lower cost. We evaluated our pipeline over 19K Presto OLAP queries, on a data lake of more than 20PB of data from Grab. Experimental results imply that our pipeline outperforms benchmarks on predictive accuracy, contributing to more precise resource prediction for large-scale workloads, yet also reduces per-batch memory footprint by 13.5x and per-epoch training time by 3.45x. We demonstrate direct cost savings of up to 13.2x for large batched model training over Microsoft Azure VMs."
snowball,Predicting query execution time: Are optimizer c,forward,W3033427183,10.1016/j.future.2020.06.006,A novel deep learning method for query task execution time prediction in graph database,2020,Future Generation Computer Systems,article,28,closed,,
snowball,Predicting query execution time: Are optimizer c,forward,W1995953849,10.1145/2588555.2593681,A software-defined networking based approach for performance management of analytical queries on distributed data stores,2014,,conference-paper,28,closed,,"Nowadays data analytics applications are accessing more and more data from distributed data stores, creating a large amount of data traffic on the network. Therefore, distributed analytic queries are prone to suffer from poor performance when they encounter network contention, which can be quite common in a shared network. Typical distributed query optimizers do not have a way to solve this problem because they treat the network as a black-box: they are unable to monitor it, let alone control it. With the new era of software-defined networking (SDN), we show how SDN can be effectively exploited for performance management for analytical queries in distributed data store environments. More specifically, we present a group of methods to leverage SDN's visibility into and control of the network's state that enable distributed query processors to achieve performance improvements and differentiation for analytical queries. We demonstrate the effectiveness of the methods through detailed experimental studies on a system running on a software-defined network with commercial switches. To the best of our knowledge, this is the first work to analyze and show the opportunities of SDN for distributed query optimization. It is our hope that this will open up a rich area of research and technology development in distributed data intensive computing."
snowball,Predicting query execution time: Are optimizer c,forward,W4398233983,10.1145/3626246.3653391,Stage: Query Execution Time Prediction in Amazon Redshift,2024,,conference-paper,24,gold,https://doi.org/10.1145/3626246.3653391,"Query performance (e.g., execution time) prediction is a critical component of modern DBMSes. As a pioneering cloud data warehouse, Amazon Redshift relies on an accurate execution time prediction for many downstream tasks, ranging from high-level optimizations, such as automatically creating materialized views, to low-level tasks on the critical path of query execution, such as admission, scheduling, and execution resource control. Unfortunately, many existing execution time prediction techniques, including those used in Redshift, suffer from cold start issues, inaccurate estimation, and are not robust against workload/data changes."
snowball,Predicting query execution time: Are optimizer c,forward,W2296067421,10.5441/002/edbt.2014.11,Contender: A Resource Modeling Approach for Concurrent Query Performance Prediction,2014,,article,24,green,https://doi.org/10.5441/002/edbt.2014.11,"Predicting query performance under concurrency is a difficult task that has many applications in capacity planning, cloud computing, and batch scheduling. We introduce Contender, a new resource-modeling approach for predicting the concurrent query perfor-mance of analytical workloads. Contender’s unique feature is that it can generate effective predictions for both static as well as ad-hoc or dynamic workloads with low training requirements. These characteristics make Contender a practical solution for real-world deployment. Contender relies on models of hardware resource contention to predict concurrent query performance. It introduces two key met-rics, Concurrent Query Intensity (CQI) and Query Sensitivity (QS), to characterize the impact of resource contention on query interac-tions. CQI models how aggressively concurrent queries will use the shared resources. QS defines how a query’s performance changes as a function of the scarcity of resources. Contender integrates these two metrics to effectively estimate a query’s concurrent exe-cution latency using only linear time sampling of the query mixes. Contender learns from sample query executions (based on known query templates) and uses query plan characteristics to gen-erate latency estimates for previously unseen templates. Our ex-perimental results, obtained from PostgreSQL/TPC-DS, show that Contender’s predictions have an error of 19 % for known templates and 25 % for new templates, which is competitive with the state-o"
snowball,Predicting query execution time: Are optimizer c,forward,W1987461110,10.1109/icdew.2013.6547460,Packing light: Portable workload performance prediction for the cloud,2013,,conference-paper,22,closed,,"We introduce a new learning-based solution for portable database workload performance prediction. The current state of the art addresses performance prediction for individual, static hardware configurations and thus cannot generalize to new platforms without additional training. In this work, we focus on analytical databases that might be deployed on different hardware configurations, possibly offered by various Infrastructureas-a-Service (IaaS) providers in the cloud. Enabling workload performance predictions that can be ported across hardware configurations and IaaS offerings could significantly help cloud users with their service-purchase decisions and cloud providers with their provisioning decisions. Our solution is based on collaborative filtering modeling and prediction. We applied it to lightweight workload fingerprints that model the characteristics and behavior of concurrent query workloads for carefully selected, abstract hardware configurations. Our preliminary results are derived from experiments with TPC-H and TPC-DS benchmarks on the Amazon and Rackspace clouds. They demonstrate that our techniques can predict analytical workload throughput values for diverse hardware platforms with low training overhead and within approximately 30% of the correct figure."
snowball,Predicting query execution time: Are optimizer c,forward,W2799069368,10.1145/3183713.3196901,Workload-Aware CPU Performance Scaling for Transactional Database Systems,2018,,conference-paper,21,closed,,"Natural short term fluctuations in the load of transactional data systems present an opportunity for power savings. For example, a system handling 1000 requests per second on average can expect more than 1000 requests in some seconds, fewer in others. By quickly adjusting processing capacity to match such fluctuations, power consumption can be reduced. Many systems do this already, using dynamic voltage and frequency scaling (DVFS) to reduce processor performance and power consumption when the load is low. DVFS is typically controlled by frequency governors in the operating system, or by the processor itself. In this paper, we show that transactional database systems can manage DVFS more effectively than the underlying operating system. This is because the database system has more information about the workload, and more control over that workload, than is available to the operating system. We present a technique called POLARIS for reducing the power consumption of transactional database systems. POLARIS directly manages processor DVFS and controls database transaction scheduling. Its goal is to minimize power consumption while ensuring the transactions are completed within a specified latency target. POLARIS is workload-aware, and can accommodate concurrent workloads with different characteristics and latency budgets. We show that POLARIS can simultaneously reduce power consumption and reduce missed latency targets, relative to operating-system-based DVFS governors."
snowball,Predicting query execution time: Are optimizer c,forward,W2434702933,10.1145/2882903.2903728,Operator and Query Progress Estimation in Microsoft SQL Server Live Query Statistics,2016,,conference-paper,21,closed,,"We describe the design and implementation of the new Live Query Statistics (LQS) feature in Microsoft SQL Server 2016. The functionality includes the display of overall query progress as well as progress of individual operators in the query execution plan. We describe the overall functionality of LQS, give usage examples and detail all areas where we had to extend the current state-of-the-art to build the complete LQS feature. Finally, we evaluate the effect these extensions have on progress estimation accuracy with a series of experiments using a large set of synthetic and real workloads."
snowball,Predicting query execution time: Are optimizer c,forward,W3165842875,10.14778/3503585.3503600,Database workload characterization with query plan encoders,2021,Proceedings of the VLDB Endowment,article,20,closed,,"Smart databases are adopting artificial intelligence (AI) technologies to achieve instance optimality , and in the future, databases will come with prepackaged AI models within their core components. The reason is that every database runs on different workloads, demands specific resources, and settings to achieve optimal performance. It prompts the necessity to understand workloads running in the system along with their features comprehensively, which we dub as workload characterization. To address this workload characterization problem, we propose our query plan encoders that learn essential features and their correlations from query plans. Our pretrained encoders captures the structural and the computational performance of queries independently. We show that our pretrained encoders are adaptable to workloads that expedites the transfer learning process. We performed independent assessments of structural encoder and performance encoders with multiple downstream tasks. For the overall evaluation of our query plan encoders, we architect two downstream tasks (i) query latency prediction and (ii) query classification. These tasks show the importance of feature-based workload characterization. We also performed extensive experiments on individual encoders to verify the effectiveness of representation learning, and domain adaptability."
snowball,Predicting query execution time: Are optimizer c,forward,W2949044932,10.1145/3299869.3300087,Exact Cardinality Query Optimization with Bounded Execution Cost,2019,,conference-paper,18,closed,,"Query optimizers often produce sub-optimal query plans due to inaccurate cardinality estimates. The goal of exact cardinality query optimization (ECQO) is to produce optimal plans based on guaranteed exact cardinality values, obtained via probe executions. We propose a novel algorithm for ECQO. It improves over prior work by limiting the overheads of probe executions. Instead of fully generating each relation in the optimizer's plan space, it calculates cardinality bounds based on partially generated relations. Thereby, it is often able to prune relations early if they are too large to participate in any optimal plan. Our algorithm exploits dependencies between relations to propagate exclusions, it selects probing targets for maximum information gain, and it caps probing overheads by conservative bounds on execution cost. Those bounds are iteratively increased once lower bounds on optimal query execution cost have been established. The algorithm is non-intrusive and can be used on top of any database management system supporting SQL limit clauses. We formally prove that probing costs are bounded as a function of the optimal execution cost and evaluate our algorithm experimentally. Our algorithm is in average six times and up to 69 times faster than a state-of-the-art baseline for ECQO on the recently proposed join order benchmark."
snowball,Predicting query execution time: Are optimizer c,forward,W2883510886,10.14778/3231751.3231761,Plan stitch,2018,Proceedings of the VLDB Endowment,article,18,closed,,"Query performance regression due to the query optimizer selecting a bad query execution plan is a major pain point in production workloads. Commercial DBMSs today can automatically detect and correct such query plan regressions by storing previously-executed plans and reverting to a previous plan which is still valid and has the least execution cost. Such reversion-based plan correction has relatively low risk of plan regression since the decision is based on observed execution costs. However, this approach ignores potentially valuable information of efficient subplans collected from other previously-executed plans. In this paper, we propose a novel technique, Plan Stitch, that automatically and opportunistically combines efficient subplans of previously-executed plans into a valid new plan, which can be cheaper than any individual previously-executed plan. We implement Plan Stitch on top of Microsoft SQL Server. Our experiments on TPC-DS benchmark and three real-world customer workloads show that plans obtained via Plan Stitch can reduce execution cost significantly, with a reduction of up to two orders of magnitude in execution cost when compared to reverting to the cheapest previously-executed plan."
snowball,Predicting query execution time: Are optimizer c,forward,W4394769417,10.1145/3597503.3639076,CERT: Finding Performance Issues in Database Systems Through the Lens of Cardinality Estimation,2024,,conference-paper,16,gold,https://dl.acm.org/doi/pdf/10.1145/3597503.3639076,"Database Management Systems (DBMSs) process a given query by creating a query plan, which is subsequently executed, to compute the query's result. Deriving an efficient query plan is challenging, and both academia and industry have invested decades into researching query optimization. Despite this, DBMSs are prone to performance issues, where a DBMS produces an unexpectedly inefficient query plan that might lead to the slow execution of a query. Finding such issues is a longstanding problem and inherently difficult, because no ground truth information on an expected execution time exists. In this work, we propose Cardinality Estimation Restriction Testing (CERT), a novel technique that finds performance issues through the lens of cardinality estimation. Given a query on a database, CERT derives a more restrictive query (e.g., by replacing a LEFT JOIN with an INNER JOIN), whose estimated number of rows should not exceed the estimated number of rows for the original query. CERT tests cardinality estimation specifically, because it was shown to be the most important part for query optimization; thus, we expect that finding and fixing cardinality-estimation issues might result in the highest performance gains. In addition, we found that other kinds of query optimization issues can be exposed by unexpected estimated cardinalities, which can also be found by CERT. CERT is a black-box technique that does not require access to the source code; DBMSs expose query plans via the EXPLAIN"
snowball,Predicting query execution time: Are optimizer c,forward,W2520985585,10.1145/2938503.2938552,Predicting SQL Query Execution Time for Large Data Volume,2016,,conference-paper,15,closed,,"In a production system, increase in data size will increase the execution time of the application's SQL queries and degrade its performance. Tuning SQL queries in production requires additional efforts and cost. Time constraints during application development do not permit testing SQL queries with high data volumes. Having the capability to predict SQL query execution time for large data volumes can alert the developers to tune queries or database design upfront, in such scenarios. Application developers may use 'cost' of SQL query as given by optimizer based relational databases to estimate the SQL query execution time for large data sizes. However, the 'cost' based models may lead to large estimation errors as discussed in this paper. We have presented a modular approach of estimating SQL query execution time for high data volumes using measurements at low data volume. A compound SQL query execution plan is mapped to a sequential execution of a set of elementary steps. The execution time of a SQL query in isolation is predicted as summation of estimated execution time of all its elementary steps. We have built analytical models for estimating execution time of different IO access, DB cache access and SQL operators as function of data size for each such step. The proposed model dynamically adapts itself to the structure of the query execution plans and characteristics of the underlying hardware. We have evaluated the model by generating synthetic queries for all combinations"
snowball,Predicting query execution time: Are optimizer c,forward,W2215987640,10.14778/2735461.2735464,Resource bricolage for parallel database systems,2014,Proceedings of the VLDB Endowment,article,15,closed,,"Running parallel database systems in an environment with heterogeneous resources has become increasingly common, due to cluster evolution and increasing interest in moving applications into public clouds. For database systems running in a heterogeneous cluster, the default uniform data partitioning strategy may overload some of the slow machines while at the same time it may under-utilize the more powerful machines. Since the processing time of a parallel query is determined by the slowest machine, such an allocation strategy may result in a significant query performance degradation. We take a first step to address this problem by introducing a technique we call resource bricolage that improves database performance in heterogeneous environments. Our approach quantifies the performance differences among machines with various resources as they process workloads with diverse resource requirements. We formalize the problem of minimizing workload execution time and view it as an optimization problem, and then we employ linear programming to obtain a recommended data partitioning scheme. We verify the effectiveness of our technique with an extensive experimental study on a commercial database system."
snowball,Predicting query execution time: Are optimizer c,forward,W1736169163,10.48550/arxiv.1501.07020,Resource Usage Estimation of Data Stream Processing Workloads in Datacenter Clouds,2015,arXiv (Cornell University),preprint,14,green,https://arxiv.org/pdf/1501.07020,"Real-time computation of data streams over affordable virtualized infrastructure resources is an important form of data in motion processing architecture. However, processing such data streams while ensuring strict guarantees on quality of services is problematic due to: (i) uncertain stream arrival pattern; (ii) need of processing different types of continuous queries; and (iii) variable resource consumption behavior of continuous queries. Recent work has explored the use of statistical techniques for resource estimation of SQL queries and OLTP workloads. All these techniques approximate resource usage for each query as a single point value. However, in data stream processing workloads in which data flows through the graph of operators endlessly and poses performance and resource demand fluctuations, the single point resource estimation is inadequate. Because it is neither expressive enough nor does it capture the multi-modal nature of the target data. To this end, we present a novel technique which uses mixture density networks, a combined structure of neural networks and mixture models, to estimate the whole spectrum of resource usage as probability density functions. The proposed approach is a flexible and convenient means of modeling unknown distribution models. We have validated the models using both the linear road benchmark and the TPC-H, observing high accuracy under a number of error metrics: mean-square error, continuous ranked probability score, and negative log p"
snowball,Predicting query execution time: Are optimizer c,forward,W2048659529,10.14778/2536360.2536367,Distribution-based query scheduling,2013,Proceedings of the VLDB Endowment,article,14,closed,,"Query scheduling, a fundamental problem in database management systems, has recently received a renewed attention, perhaps in part due to the rise of the ""database as a service"" (DaaS) model for database deployment. While there has been a great deal of work investigating different scheduling algorithms, there has been comparatively little work investigating what the scheduling algorithms can or should know about the queries to be scheduled. In this work, we investigate the efficacy of using histograms describing the distribution of likely query execution times as input to the query scheduler. We propose a novel distribution-based scheduling algorithm, Shepherd, and show that Shepherd substantially outperforms state-of-the-art point-based methods through extensive experimentation with both synthetic and TPC workloads."
snowball,Predicting query execution time: Are optimizer c,forward,W2004261580,10.1145/2463676.2467801,Workload management for big data analytics,2013,,conference-paper,14,closed,,"tutorial Share on Workload management for big data analytics Authors: Ashraf Aboulnaga University of Waterloo, Waterloo, ON, Canada University of Waterloo, Waterloo, ON, CanadaView Profile , Shivnath Babu Duke University, Durham, NC, USA Duke University, Durham, NC, USAView Profile Authors Info & Claims SIGMOD '13: Proceedings of the 2013 ACM SIGMOD International Conference on Management of DataJune 2013Pages 929–932https://doi.org/10.1145/2463676.2467801Published:22 June 2013Publication History 4citation676DownloadsMetricsTotal Citations4Total Downloads676Last 12 Months5Last 6 weeks0 Get Citation AlertsNew Citation Alert added!This alert has been successfully added and will be sent to:You will be notified whenever a record that you have chosen has been cited.To manage your alert preferences, click on the button below.Manage my AlertsNew Citation Alert!Please log in to your account Save to BinderSave to BinderCreate a New BinderNameCancelCreateExport CitationPublisher SiteGet Access"
snowball,Predicting query execution time: Are optimizer c,forward,W4405511988,10.1186/s40537-024-01025-1,A systematic review of deep learning applications in database query execution,2024,Journal Of Big Data,review,13,gold,https://journalofbigdata.springeropen.com/counter/pdf/10.1186/s40537-024-01025-1,"Abstract Modern database management systems (DBMS), primarily designed as general-purpose systems, face the challenging task of efficiently handling data from diverse sources for both analytical services and online transactional processing (OLTP). The volume of data has grown significantly, with distributions ranging from linear to highly skewed, sometimes involving very slow changes or rapid, intensive updates. Recent research in this field has been significantly influenced by advances in machine learning (ML), particularly deep learning (DL), and these developments have led to the application of various ML algorithms to enhance the efficiency of different parts of the query execution engine. While previous research studies were mostly focused on identifying drawbacks to individual components, such as the query optimizer, there is a notable lack of studies examining the applicability and effectiveness of various machine learning approaches across multiple aspects of the query execution engine. This article aims to provide a systematic review of approaches that apply deep learning models at various levels within the query execution engine. We categorize these approaches into three groups based on how such models are applied: improving performance of index structures and consequently data manipulation algorithms, query optimization tasks, and externally controlling query optimizers through parameter tuning. Furthermore, we discuss the key challenges associated with implementin"
snowball,Predicting query execution time: Are optimizer c,forward,W4389628219,10.1145/3626769,Rethinking Learned Cost Models: Why Start from Scratch?,2023,Proceedings of the ACM on Management of Data,article,13,bronze,https://dl.acm.org/doi/pdf/10.1145/3626769,"Recent work has applied learning-based approaches to replace the conventional cost model, but these approaches are expensive to train and result in high inference overheads. Furthermore, due to a lack of explainability, models trained for one database may not be easily transferred to another, requiring a complete re-training process. In this paper, we propose a new approach to tuning the conventional formula-based cost model for DBMS. Our approach involves identifying important parameters within the cost model rules and using a fast-learning model to adjust them for each specific hardware and software configuration of the DBMS deployment. We dynamically partition the search space of hardware and software configurations to gradually refine the cost model estimation. To apply our cost model to a new DBMS instance, we start with a rough estimation and progressively refine it with finer granularity. Our experiments with different hardware and software configurations show that our approach enables the conventional cost model to be quickly transferred to any database instance, achieving comparable results to a fine-tuned learning-based model. Overall, our approach provides a practical solution to tuning the conventional cost model for DBMS, with significant benefits in terms of reduced cost and improved performance."
snowball,Predicting query execution time: Are optimizer c,forward,W2892076037,10.1007/s10115-018-1272-0,Autonomic workload performance tuning in large-scale data repositories,2018,Knowledge and Information Systems,article,13,closed,,
snowball,Predicting query execution time: Are optimizer c,forward,W4400228815,10.1109/tkde.2024.3422006,Automatic Index Tuning: A Survey,2024,IEEE Transactions on Knowledge and Data Engineering,article,12,closed,,"Index tuning plays a crucial role in facilitating the efficiency of data retrieval within database systems, which adjusts index settings to optimize the database performance. Recently, with the growth of data volumes, the complexity of workloads, and the diversification of database applications, various Automatic Index Tuning (AIT) methods have been proposed to address these challenges. In this paper, we provide a comprehensive survey on Automatic Index Tuning. First, we overview the AIT techniques from multiple aspects, includingi)problem definition,ii)workflow,iii)framework,iv)index types,v)index interaction,vi)changing factors,vii)automation level, and show the development history. Second, we summarize techniques in the main modules of AIT, includingpreprocessing,index benefit estimation, andindex selection.Preprocessinginvolves workload compression, index candidate generation, feature representation of workloads and databases, and workload reduction.Index benefit estimationapproaches are categorized into empirical methods and machine learning based methods.Index selectioninvolves algorithms of offline AIT and online AIT. Moreover, we summarize the commonly-used datasets in AIT and discuss the applications of index tuning in commercial and opensource database products. Finally, we outline potential future research directions. Our survey aims to enhance both general knowledge and in-depth insights into AIT, and inspire researchers to address the ongoing challenges."
snowball,Predicting query execution time: Are optimizer c,forward,W3216895209,10.1109/ic2e52221.2021.00030,Forecasting SQL Query Cost at Twitter,2021,,conference-paper,12,green,https://arxiv.org/pdf/2204.05529,"With the advent of the Big Data era, it is usually computationally expensive to calculate the resource usages of a SQL query with traditional DBMS approaches. Can we estimate the cost of each query more efficiently without any computation in a SQL engine kernel? Can machine learning techniques help to estimate SQL query resource utilization? The answers are yes. We propose a SQL query cost predictor service, which employs machine learning techniques to train models from historical query request logs and rapidly forecasts the CPU and memory resource usages of online queries without any computation in a SQL engine. At Twitter, infrastructure engineers are maintaining a large-scale SQL federation system across on-premises and cloud data centers for serving ad-hoc queries. The proposed service can help to improve query scheduling by relieving the issue of imbalanced online analytical processing (OLAP) workloads in the SQL engine clusters. It can also assist in enabling preemptive scaling. Additionally, the proposed approach uses plain SQL statements for the model training and online prediction, indicating it is both hardware and software-agnostic. The method can be generalized to broader SQL systems and heterogeneous environments. The models can achieve 97.9% accuracy for CPU usage prediction and 97% accuracy for memory usage prediction."
snowball,Predicting query execution time: Are optimizer c,forward,W2774489303,10.1016/j.procs.2017.11.036,Identifying New Directions in Database Performance Tuning,2017,Procedia Computer Science,conference-paper,12,diamond,https://www.sciencedirect.com/science/article/pii/S1877050917322275/pdf,"Database performance tuning is a complex and varied active research topic. With enterprise relational database management systems still reliant on the set-based relational concepts that defined early data management products, the disparity between the object-oriented application development model and the object-relational database model, called the object-relational impedance mismatch problem, is addressed by techniques such as object-relational mapping (ORM). This, compounded with changes in the way data is produced, stored and managed can result in generally poor query performance for SQL produced by object-oriented applications and an irregular fit with cost-based optimisation algorithms, and leads to questions about the need for the relational model to better adapt to a more diverse set of queries. This paper discusses existing database performance optimisation techniques and approaches and makes the argument that current database performance tuning approaches need revisiting to support queries developed through ORM tools. This paper also introduces our current research, which includes exploring concepts such as dynamic schema redefinition; query analysis and optimisation modelling driven by machine learning; and augmentation of the cost-based optimiser model."
snowball,"Same Queries, Different Data: Can We Predict Run",backward,W1554944419,10.1007/978-0-387-84858-7,"The Elements of Statistical Learning: Data Mining, Inference, and Prediction",2013,,article,19409,closed,,"Covers supervised learning (prediction) to unsupervised learning. This book contains topics including neural networks, support vector machines, classification trees and boosting"
snowball,"Same Queries, Different Data: Can We Predict Run",backward,W2173213060,10.1145/1327452.1327492,MapReduce,2008,Communications of the ACM,article,18642,bronze,https://dl.acm.org/action/downloadSupplement?doi=10.1145%2F1327452.1327492&file=p107-dean.jp.pdf,"MapReduce is a programming model and an associated implementation for processing and generating large datasets that is amenable to a broad variety of real-world tasks. Users specify the computation in terms of a map and a reduce function, and the underlying runtime system automatically parallelizes the computation across large-scale clusters of machines, handles machine failures, and schedules inter-machine communication to make efficient use of the network and disks. Programmers find the system easy to use: more than ten thousand distinct MapReduce programs have been implemented internally at Google over the past four years, and an average of one hundred thousand MapReduce jobs are executed on Google's clusters every day, processing a total of more than twenty petabytes of data per day."
snowball,"Same Queries, Different Data: Can We Predict Run",backward,W2098935637,10.1145/1376616.1376726,Pig latin,2008,,conference-paper,1746,closed,,"There is a growing need for ad-hoc analysis of extremely large data sets, especially at internet companies where innovation critically depends on being able to analyze terabytes of data collected every day. Parallel database products, e.g., Teradata, offer a solution, but are usually prohibitively expensive at this scale. Besides, many of the people who analyze this data are entrenched procedural programmers, who find the declarative, SQL style to be unnatural. The success of the more procedural map-reduce programming model, and its associated scalable implementations on commodity hardware, is evidence of the above. However, the map-reduce paradigm is too low-level and rigid, and leads to a great deal of custom user code that is hard to maintain, and reuse."
snowball,"Same Queries, Different Data: Can We Predict Run",backward,W2110086534,10.14778/1687553.1687609,Hive,2009,Proceedings of the VLDB Endowment,article,1548,closed,,"The size of data sets being collected and analyzed in the industry for business intelligence is growing rapidly, making traditional warehousing solutions prohibitively expensive. Hadoop [3] is a popular open-source map-reduce implementation which is being used as an alternative to store and process extremely large data sets on commodity hardware. However, the map-reduce programming model is very low level and requires developers to write custom programs which are hard to maintain and reuse."
snowball,"Same Queries, Different Data: Can We Predict Run",backward,W2073404525,10.1111/j.1751-5823.2009.00095_18.x,"The Elements of Statistical Learning: Data Mining, Inference, and Prediction, Second Edition by Trevor Hastie, Robert Tibshirani, Jerome Friedman",2009,International Statistical Review,article,647,closed,,
snowball,"Same Queries, Different Data: Can We Predict Run",backward,W1834532152,,Starfish: A Self-tuning System for Big Data Analytics.,2011,,article,574,closed,,"Timely and cost-effective analytics over ""Big Data"" is now a key ingredient for success in many businesses, scientific and engineering disciplines, and government endeavors. The Hadoop software stack-which consists of an extensible MapReduce execution engine, pluggable distributed storage engines, and a range of procedural to declarative interfaces-is a popular choice for big data analytics. Most practitioners of big data analytics-like computational scientists, systems researchers, and business analysts-lack the expertise to tune the system to get good performance. Unfortunately, Hadoop's performance out of the box leaves much to be desired, leading to suboptimal use of resources, time, and money (in payas-you-go clouds). We introduce Starfish, a self-tuning system for big data analytics. Starfish builds on Hadoop while adapting to user needs and system workloads to provide good performance automatically, without any need for users to understand and manipulate the many tuning knobs in Hadoop. While Starfish's system architecture is guided by work on self-tuning database systems, we discuss how new analysis practices over big data pose new challenges; leading us to different design choices in Starfish."
snowball,"Same Queries, Different Data: Can We Predict Run",backward,W2294316975,10.14778/3402707.3402746,"Profiling, what-if analysis, and cost-based optimization of MapReduce programs",2011,Proceedings of the VLDB Endowment,article,371,closed,,"MapReduce has emerged as a viable competitor to database systems in big data analytics. MapReduce programs are being written for a wide variety of application domains including business data processing, text analysis, natural language processing, Web graph and social network analysis, and computational science. However, MapReduce systems lack a feature that has been key to the historical success of database systems, namely, cost-based optimization. A major challenge here is that, to the MapReduce system, a program consists of black-box map and reduce functions written in some programming language like C++, Java, Python, or Ruby. We introduce, to our knowledge, the first Cost-based Optimizer for simple to arbitrarily complex MapReduce programs. We focus on the optimization opportunities presented by the large space of configuration parameters for these programs. We also introduce a Profiler to collect detailed statistical information from unmodified MapReduce programs, and a What-if Engine for fine-grained cost estimation. All components have been prototyped for the popular Hadoop MapReduce system. The effectiveness of each component is demonstrated through a comprehensive evaluation using representative MapReduce programs from various application domains."
snowball,"Same Queries, Different Data: Can We Predict Run",backward,W2138440835,10.1109/icdew.2010.5452742,Statistics-driven workload modeling for the Cloud,2010,,conference-paper,242,closed,,"A recent trend for data-intensive computations is to use pay-as-you-go execution environments that scale transparently to the user. However, providers of such environments must tackle the challenge of configuring their system to provide maximal performance while minimizing the cost of resources used. In this paper, we use statistical models to predict resource requirements for Cloud computing applications. Such a prediction framework can guide system design and deployment decisions such as scale, scheduling, and capacity. In addition, we present initial design of a workload generator that can be used to evaluate alternative configurations without the overhead of reproducing a real workload. This paper focuses on statistical modeling and its application to data-intensive workloads."
snowball,"Same Queries, Different Data: Can We Predict Run",backward,W1575324001,10.14778/3402755.3402761,Jaql,2011,Proceedings of the VLDB Endowment,article,218,closed,,"This paper describes Jaql, a declarative scripting language for analyzing large semistructured datasets in parallel using Hadoop's MapReduce framework. Jaql is currently used in IBM's InfoSphere BigInsights [5] and Cognos Consumer Insight [9] products. Jaql's design features are: (1) a flexible data model, (2) reusability, (3) varying levels of abstraction, and (4) scalability. Jaql's data model is inspired by JSON and can be used to represent datasets that vary from flat, relational tables to collections of semistructured documents. A Jaql script can start without any schema and evolve over time from a partial to a rigid schema. Reusability is provided through the use of higher-order functions and by packaging related functions into modules. Most Jaql scripts work at a high level of abstraction for concise specification of logical operations (e.g., join), but Jaql's notion of physical transparency also provides a lower level of abstraction if necessary. This allows users to pin down the evaluation plan of a script for greater control or even add new operators. The Jaql compiler automatically rewrites Jaql scripts so they can run in parallel on Hadoop. In addition to describing Jaql's design, we present the results of scale-up experiments on Hadoop running Jaql scripts for intranet data analysis and log processing."
snowball,"Same Queries, Different Data: Can We Predict Run",backward,W2112013978,10.1145/1807167.1807223,ParaTimer,2010,,conference-paper,184,closed,,"Time-oriented progress estimation for parallel queries is a challenging problem that has received only limited attention. In this paper, we present ParaTimer, a new type of time-remaining indicator for parallel queries. Several parallel data processing systems exist. ParaTimer targets environments where declarative queries are translated into ensembles of MapReduce jobs. ParaTimer builds on previous techniques and makes two key contributions. First, it estimates the progress of queries that translate into directed acyclic graphs of MapReduce jobs, where jobs on different paths can execute concurrently (unlike prior work that looked at sequences only). For such queries, we use a new type of critical-path-based progress-estimation approach. Second, ParaTimer handles a variety of real systems challenges such as failures and data skew. To handle unexpected changes in query execution times due to runtime condition changes, ParaTimer provides users with not only one but with a set of time-remaining estimates, each one corresponding to a different carefully selected scenario. We implement our estimator in the Pig system and demonstrate its performance on experiments running on a real, small-scale cluster."
snowball,"Same Queries, Different Data: Can We Predict Run",backward,W2164507334,10.14778/3402707.3402748,Online aggregation for large MapReduce jobs,2011,Proceedings of the VLDB Endowment,article,180,closed,,"In online aggregation, a database system processes a user's aggregation query in an online fashion. At all times during processing, the system gives the user an estimate of the final query result, with the confidence bounds that become tighter over time. In this paper, we consider how online aggregation can be built into a MapReduce system for large-scale data processing. Given the MapReduce paradigm's close relationship with cloud computing (in that one might expect a large fraction of MapReduce jobs to be run in the cloud), online aggregation is a very attractive technology. Since large-scale cloud computations are typically pay-as-you-go, a user can monitor the accuracy obtained in an online fashion, and then save money by killing the computation early once sufficient accuracy has been obtained."
snowball,"Same Queries, Different Data: Can We Predict Run",backward,W1508832460,10.5555/2023718.2023720,FLEX: a slot allocation scheduling optimizer for MapReduce workloads,2010,ACM/IFIP/USENIX international conference on Middleware,conference-paper,135,closed,,
snowball,"Same Queries, Different Data: Can We Predict Run",backward,W2152603468,,Why you should run TPC-DS: a workload analysis,2007,,article,86,closed,,"The Transaction Processing Performance Council (TPC) is completing development of TPC-DS, a new generation industry standard decision support benchmark. The TPC-DS benchmark, first introduced in the “The Making of TPC-DS ” [9] paper at the 32 nd International Conference on Very Large Data Bases (VLDB), has now entered the TPC’s “Formal Review ” phase for new benchmarks; companies and researchers alike can now download the draft benchmark specification and tools for evaluation. The first paper [9] gave an overview of the TPC-DS data model, workload model, and execution rules. This paper details the characteristics of different phases of the workload, namely: database load, query workload and data maintenance; and also their impact to the benchmark’s performance metric. As with prior TPC benchmarks, this workload will be widely used by vendors to demonstrate their capabilities to support complex decision support systems, by customers as a key factor in purchasing servers and software, and by the database community for research and development of optimization techniques."
snowball,"Same Queries, Different Data: Can We Predict Run",backward,W1596568456,,Statistical learning techniques for costing XML queries,2005,,article,66,closed,,"Developing cost models for query optimization is significantly harder for XML queries than for traditional relational queries. The reason is that XML query operators are much more complex than relational operators such as table scans and joins. In this paper, we propose a new approach, called Comet, to modeling the cost of XML operators; to our knowledge, Comet is the first method ever proposed for addressing the XML query costing problem. As in relational cost estimation, Comet exploits a set of system catalog statistics that summarizes the XML data; the set of ""simple path"" statistics that we propose is new, and is well suited to the XML setting."
snowball,"Same Queries, Different Data: Can We Predict Run",backward,W2120451551,10.1007/11687238_54,Multi-query SQL Progress Indicators,2006,Lecture notes in computer science,conference-paper,55,closed,,
snowball,"Same Queries, Different Data: Can We Predict Run",backward,W2262278669,,Jaql: A Scripting Language for Large Scale Semistructured Data Analysis,2011,Max Planck Institute for Plasma Physics,conference-paper,52,closed,,"This paper describes Jaql, a declarative scripting language for analyzing large semistructured datasets in parallel using Hadoop's MapReduce framework. Jaql is currently used in IBM's InfoSphere BigInsights [5] and Cognos Consumer Insight [9] products. Jaql's design features are: (1) a flexible data model, (2) reusability, (3) varying levels of abstraction, and (4) scalability. Jaql's data model is inspired by JSON and can be used to represent datasets that vary from flat, relational tables to collections of semistructured documents. A Jaql script can start without any schema and evolve over time from a partial to a rigid schema. Reusability is provided through the use of higher-order functions and by packaging related functions into modules. Most Jaql scripts work at a high level of abstraction for concise specification of logical operations (e.g., join), but Jaql's notion of physical transparency also provides a lower level of abstraction if necessary. This allows users to pin down the evaluation plan of a script for greater control or even add new operators. The Jaql compiler automatically rewrites Jaql scripts so they can run in parallel on Hadoop. In addition to describing Jaql's design, we present the results of scale-up experiments on Hadoop running Jaql scripts for intranet data analysis and log processing."
snowball,"Same Queries, Different Data: Can We Predict Run",backward,W2105551310,10.1109/icde.2010.5447834,Interaction-aware prediction of business intelligence workload completion times,2010,,conference-paper,16,closed,,"While planning the execution of report-generation workloads, database administrators often need to know how long different query workloads will take to run. Database systems run mixes of multiple queries of different types concurrently. Hence, estimating the completion time of a query workload requires reasoning about query mixes and inter-query interactions in the mixes; rather than considering queries or query types in isolation. This paper presents a novel approach for estimating workload completion time based on experiment-driven modeling and simulation of the impact of inter-query interactions. A preliminary evaluation of this approach with TPC-H queries on IBM DB2 shows how our approach can consistently predict workload completion times with good accuracy."
snowball,"Same Queries, Different Data: Can We Predict Run",backward,W1554754525,10.1137/1.9781611972764.4,Transform Regression and the Kolmogorov Superposition Theorem,2006,,conference-paper,27,closed,,"This paper presents a new predictive modeling algorithm that draws inspiration from the Kolmogorov superposition theorem. An initial version of the algorithm is presented that combines gradient boosting, generalized additive models, and decision-tree methods to construct models that have the same overall mathematical structure as Kolmogorov's superposition equation. Improvements to the algorithm are then presented that significantly increase its rate of convergence. The resulting algorithm, dubbed “transform regression,” generates surprisingly good models compared to those produced by the underlying decision-tree method when the latter is applied directly. Transform regression is highly scalable and a parallelized database-embedded version of the algorithm has been implemented as part of IBM DB2 Intelligent Miner Modeling."
snowball,"Same Queries, Different Data: Can We Predict Run",backward,W2145543344,10.1109/pdis.1996.568684,Building regression cost models for multidatabase systems,2002,,conference-paper,40,closed,,"A major challenge for performing global query optimization in a multidatabase system (MDBS) is the lack of cost models for local database systems at the global level. The authors present a statistical procedure based on multiple regression analysis for building cost models for local database systems in an MDBS. Explanatory variables that can be included in a regression model are identified and a mixed forward and backward method for selecting significant explanatory variables is presented. Measures for developing useful regression cost models, such as removing outliers, eliminating multicollinearity, validating regression model assumptions, and checking significance of regression models, are discussed. Experimental results demonstrate that the presented statistical procedure can develop useful local cost models in an MDBS."
snowball,"Same Queries, Different Data: Can We Predict Run",forward,W2528415359,10.5555/3026877.3026887,Morpheus: towards automated SLOs for enterprise clusters,2016,Operating Systems Design and Implementation,article,172,closed,,"Modern resource management frameworks for large-scale analytics leave unresolved the problematic tension between high cluster utilization and job's performance predictability--respectively coveted by operators and users. We address this in Morpheus, a new system that: 1) codifies implicit user expectations as explicit Service Level Objectives (SLOs), inferred from historical data, 2) enforces SLOs using novel scheduling techniques that isolate jobs from sharing-induced performance variability, and 3) mitigates inherent performance variance (e.g., due to failures) by means of dynamic reprovisioning of jobs. We validate these ideas against production traces from a 50k node cluster, and show that Morpheus can lower the number of deadline violations by 5× to 13×, while retaining cluster-utilization, and lowering cluster footprint by 14% to 28%. We demonstrate the scalability and practicality of our implementation by deploying Morpheus on a 2700-node cluster and running it against production-derived workloads."
snowball,"Same Queries, Different Data: Can We Predict Run",forward,W1963563622,10.1109/tpds.2014.2320498,Cost-Effective Resource Provisioning for MapReduce in a Cloud,2014,IEEE Transactions on Parallel and Distributed Systems,article,101,closed,,"This paper presents a new MapReduce cloud service model, Cura, for provisioning cost-effective MapReduce services in a cloud. In contrast to existing MapReduce cloud services such as a generic compute cloud or a dedicated MapReduce cloud, Cura has a number of unique benefits. First, Cura is designed to provide a cost-effective solution to efficiently handle MapReduce production workloads that have a significant amount of interactive jobs. Second, unlike existing services that require customers to decide the resources to be used for the jobs, Cura leverages MapReduce profiling to automatically create the best cluster configuration for the jobs. While the existing models allow only a per-job resource optimization for the jobs, Cura implements a globally efficient resource allocation scheme that significantly reduces the resource usage cost in the cloud. Third, Cura leverages unique optimization opportunities when dealing with workloads that can withstand some slack. By effectively multiplexing the available cloud resources among the jobs based on the job requirements, Cura achieves significantly lower resource usage costs for the jobs. Cura's core resource management schemes include cost-aware resource provisioning, VM-aware scheduling and online virtual machine reconfiguration. Our experimental results using Facebook-like workload traces show that our techniques lead to more than 80 percent reduction in the cloud compute infrastructure cost with upto 65 percent reduction in jo"
snowball,"Same Queries, Different Data: Can We Predict Run",forward,W2735019080,10.1016/j.future.2017.07.003,Using machine learning to optimize parallelism in big data applications,2017,Future Generation Computer Systems,article,94,closed,,
snowball,"Same Queries, Different Data: Can We Predict Run",forward,W2071678527,10.14778/2556549.2556553,PREDIcT,2013,Proceedings of the VLDB Endowment,article,58,green,https://infoscience.epfl.ch/bitstreams/05e5230f-15d9-43d6-92ce-07d263feb994/download,"Machine learning algorithms are widely used today for analytical tasks such as data cleaning, data categorization, or data filtering. At the same time, the rise of social media motivates recent uptake in large scale graph processing. Both categories of algorithms are dominated by iterative subtasks, i.e., processing steps which are executed repetitively until a convergence condition is met. Optimizing cluster resource allocations among multiple workloads of iterative algorithms motivates the need for estimating their runtime, which in turn requires: i) predicting the number of iterations, and ii) predicting the processing time of each iteration. As both parameters depend on the characteristics of the dataset and on the convergence function, estimating their values before execution is difficult. This paper proposes PREDIcT, an experimental methodology for predicting the runtime of iterative algorithms. PREDIcT uses sample runs for capturing the algorithm's convergence trend and per-iteration key input features that are well correlated with the actual processing requirements of the complete input dataset. Using this combination of characteristics we predict the runtime of iterative algorithms, including algorithms with very different runtime patterns among subsequent iterations. Our experimental evaluation of multiple algorithms on scale-free graphs shows a relative prediction error of 10%-30% for predicting runtime, including algorithms with up to 100× runtime variability amon"
snowball,"Same Queries, Different Data: Can We Predict Run",forward,W2917675345,10.1016/j.engappai.2019.02.013,Reinforcement Learning based scheduling in a workflow management system,2019,Engineering Applications of Artificial Intelligence,article,46,closed,,
snowball,"Same Queries, Different Data: Can We Predict Run",forward,W2090259550,10.1109/bigdata.2013.6691554,HFSP: Size-based scheduling for Hadoop,2013,,conference-paper,40,closed,,"Size-based scheduling with aging has, for long, been recognized as an effective approach to guarantee fairness and near-optimal system response times. We present HFSP, a scheduler introducing this technique to a real, multi-server, complex and widely used system such as Hadoop. Size-based scheduling requires a priori job size information, which is not available in Hadoop: HFSP builds such knowledge by estimating it on-line during job execution. Our experiments, which are based on realistic workloads generated via a standard benchmarking suite, pinpoint at a significant decrease in system response times with respect to the widely used Hadoop Fair scheduler, and show that HFSP is largely tolerant to job size estimation errors."
snowball,"Same Queries, Different Data: Can We Predict Run",forward,W2163782505,10.1109/ipdps.2013.20,Cura: A Cost-Optimized Model for MapReduce in a Cloud,2013,,conference-paper,39,closed,,"We propose a new MapReduce cloud service model, Cura, for data analytics in the cloud. We argue that performing MapReduce analytics in existing cloud service models - either using a generic compute cloud or a dedicated MapReduce cloud - is inadequate and inefficient for production workloads. Existing services require users to select a number of complex cluster and job parameters while simultaneously forcing the cloud provider to use those potentially sub-optimal configurations resulting in poor resource utilization and higher cost. In contrast Cura leverages MapReduce profiling to automatically create the best cluster configuration for the jobs so as to obtain a global resource optimization from the provider perspective. Secondly, to better serve modern MapReduce workloads which constitute a large proportion of interactive real-time jobs, Cura uses a unique instant VM allocation technique that reduces response times by up to 65%. Thirdly, our system introduces deadline-awareness which, by delaying execution of certain jobs, allows the cloud provider to optimize its global resource allocation and reduce costs further. Cura also benefits from a number of additional performance enhancements including cost-aware resource provisioning, VMaware scheduling and online virtual machine reconfiguration. Our experimental results using Facebook-like workload traces show that along with response time improvements, our techniques lead to more than 80% reduction in the compute infrastructure"
snowball,"Same Queries, Different Data: Can We Predict Run",forward,W1919895129,10.1109/tc.2015.2468225,PSBS: Practical Size-Based Scheduling,2015,IEEE Transactions on Computers,article,24,closed,,"Size-based schedulers have very desirable performance properties: optimal or near-optimal response time can be coupled with strong fairness. Despite this, however, such systems are rarely implemented in practical settings, because they require knowinga priorithe amount of work needed to complete jobs: this assumption is difficult to satisfy in concrete systems. It is definitely more likely to inform the system with anestimateof the job sizes, but existing studies point to somewhat pessimistic results if size-based policies use imprecise job size estimations. We take the goal of designing scheduling policies thatexplicitly deal with inexact job sizes. First, we prove that, in the absence of errors, it is always possible to improve any scheduling policy by designing a size-based one thatdominatesit: in the new policy,no jobswill complete later than in the original one. Unfortunately, size-based schedulers can perform badly with inexact job size information when job sizes are heavily skewed; we show that this issue, and the pessimistic results shown in the literature, are due to problematic behavior when large jobs are underestimated. Once the problem is identified, it is possible to amend size-based schedulers to solve the issue. We generalize FSP—a fair and efficient size-based scheduling policy—to solve the problem highlighted above; in addition, our solution deals with different job weights (that can be assigned to a job independently from its size). We provide an efficient "
snowball,"Same Queries, Different Data: Can We Predict Run",forward,W236893983,10.1007/978-3-642-45065-5_6,FlowFlex: Malleable Scheduling for Flows of MapReduce Jobs,2013,Lecture notes in computer science,conference-paper,22,bronze,https://link.springer.com/content/pdf/10.1007/978-3-642-45065-5_6.pdf,
snowball,"Same Queries, Different Data: Can We Predict Run",forward,W2513143408,10.1109/tcc.2016.2603509,PISCES: Optimizing Multi-Job Application Execution in MapReduce,2016,IEEE Transactions on Cloud Computing,article,13,closed,,"Nowadays, many MapReduce applications consist of groups of jobs with dependencies among each other, such as iterative machine learning applications and large database queries. Unfortunately, the MapReduce framework is not optimized for these multi-job applications. It does not explore the execution overlapping opportunities among jobs and can only schedule jobs independently. These issues significantly inflate the application execution time. This paper presents Pipeline Improvement Support with Critical chain Estimation Scheduling (PISCES), a critical chain optimization (a critical chain refers to a series of jobs which will make the application run longer if any one of them is delayed), to provide better support for multi-job applications. PISCES extends the existing MapReduce framework to allow scheduling for multiple jobs with dependencies by dynamically building up a job dependency DAG for current running jobs according to their input and output directories. Then using the dependency DAG, it provides an innovative mechanism to facilitate the data pipelining between the output phase (map phase in the Map-Only job or reduce phase in the Map-Reduce job) of an upstream job and the map phase of a downstream job. This offers a new execution overlapping between dependent jobs in MapReduce which effectively reduces the application runtime. Moreover, PISCES proposes a novel critical chain job scheduling model based on the accurate critical chain estimation. Experiments show that P"
snowball,"Same Queries, Different Data: Can We Predict Run",forward,W4385958576,10.1007/978-3-031-39847-6_1,Data Integration Revitalized: From Data Warehouse Through Data Lake to Data Mesh,2023,Lecture notes in computer science,conference-paper,10,closed,,
snowball,"Same Queries, Different Data: Can We Predict Run",forward,W2122713649,10.1147/jrd.2013.2242693,A platform for eXtreme Analytics,2013,IBM Journal of Research and Development,article,10,closed,,"With the rapid increase in the volume of data that enterprises are producing, enterprises are adopting large-scale data processing platforms such as Hadoop® to store, manage, and run deep analytics to gain actionable insights from their “big data.” At IBM Research - Almaden, we have been helping enterprise customers build solutions exploiting data-intensive analytics. Our deep experience with actual users has led to an extensive understanding of the platform requirements needed to support these solutions, and our goal is to provide a powerful analytics platform, which we call eXtreme Analytics Platform (XAP), that can be used to create solutions for customer problems that have not been economically feasible to solve until now. XAP provides Jaql [i.e., JavaScript® Object Notation (JSON) query language, a scripting language to specify data flows, tools, and techniques to optimize the runtime execution of these flows], an improved task scheduler, connectors to data warehouses, and libraries for advanced analytics. Many of these technologies have been transferred to the IBM InfoSphere BigInsights™ product. In this paper, we describe the overall design principles and technology of XAP."
snowball,"Same Queries, Different Data: Can We Predict Run",forward,W3152828886,10.1109/tsc.2021.3073006,LYRIC: Deadline and Budget Aware Spatio-Temporal Query Processing in Cloud,2021,IEEE Transactions on Services Computing,article,8,closed,,"With the enormous growth of wireless technology, and location acquisition techniques, a huge amount of spatio-temporal traces are being accumulated. This dataset facilitates varied location-aware services and helps to take real-life decisions. Efficiently handling and processing spatio-temporal queries are necessary to respond in real-time. Processing the vast spatio-temporal data requires scalable computing infrastructure. In this regard, an efficient query resolution system can be deployed if we predict the infrastructure requirement of the user query apriori along with the identification of the geospatial service chain. In this work, we propose a framework, namelyLYRIC(deadLine and budget aware spatio-temporal querYpRocessingInCloud), where the spatio-temporal queries are resolved efficiently considering user-defined deadline and budget constraint. Our framework shows high deadline completion accuracy in the range of 1.0 - 0.937, which is more accurate than SparkGIS, GeoSpark, GeoMesa and JUST. This also reduces the resource prediction error by 11 percent, considering the geospatial service chain than without it. The cost of the spatio-temporal query is reduced by$\approx$23% in LYRIC, further, the simulation study (using CloudSim) illustrates the efficacy and scalability of LYRIC in terms of optimal budget usage and execution time compared to four baseline approaches."
snowball,"Same Queries, Different Data: Can We Predict Run",forward,W2284241005,10.1109/hipcw.2015.8,Performance Assurance Model for HiveQL on Large Data Volume,2015,,conference-paper,8,closed,,"Fast growth of application data has led the migration of existing reporting applications to Big data open source technologies such as Hive and Hadoop. Their wide acceptance also considers their use for servicing on-line analytic queries. Ensuring performance assurance of Hive queries will be required to maintain desired level of application performance. Hive query execution time may increase with increase in data size and change in the cluster size. In this paper, we propose a regression based analytical model to predict execution time of Hive query with growth in data volume. A Hive query is executed as DAG of MapReduce (MR) jobs on Hadoop system, this requires predictive model for MR job execution time. We propose multiple linear regression to compute models for various sub phases of MR job execution and build a consolidated model for predicting the execution time of a MR job on large data volume. We introduce ratio of a phase output record size to its input record size and number of map waves as additional sensitive parameters for predicting MR job execution time. The model is validated with MapReduce benchmark and real world financial application for prediction error within 10 %."
snowball,"Same Queries, Different Data: Can We Predict Run",forward,W3211839805,10.1145/3444757.3485109,On Modeling Data for IoT Agroecology Applications by means of a UML Profile,2021,,conference-paper,7,closed,,"The adoption and deployment of the Internet of Things (IoT) technologies in agroecology raise a challenging research agenda. Agroecology IoT projects feature complex requirements involving: heterogeneous hardware and heterogeneous software systems; data collection architectures, stream and queuing systems as well as data management systems for real-time and batch processing with different data models. On top of that, agroecology IoT applications are characterized by complex spatio-temporal data and low quality communication networks."
snowball,"Same Queries, Different Data: Can We Predict Run",forward,W2885567011,10.1007/s10951-018-0576-y,Malleable scheduling for flows of jobs and applications to MapReduce,2018,Journal of Scheduling,article,6,closed,,
snowball,"Same Queries, Different Data: Can We Predict Run",forward,W4312719962,10.2298/csis220301064b,Data-centric UML profile for agroecology applications: Agricultural autonomous robots monitoring case study,2022,Computer Science and Information Systems,article,5,diamond,http://www.doiserbia.nb.rs/ft.aspx?id=1820-02142200064B,"The conceptual design of information systems is mandatory in several application domains. The advent of the Internet of Things (IoT) technologies pushes conceptual design tools and methodologies to consider the complexity of IoT data, architectures, and communication networks. In agroecology applications, the usage of IoT is quite promising, but it raises several methodological and technical issues. These issues are related to the complexity and heterogeneity of data (social, economic, environmental, and agricultural) needed by agroecology practices. Motivated by the lack of a conceptual model for IoT data, in this work, we present a UML profile taking into account different kinds of data (e.g., sensors, stream, or transactional) and non-functional Requirements. We show how the UML profile integrates with classical UML diagrams to support the design of complex systems. Moreover, We prove the feasibility of our conceptual framework through a theoretical quality assessment and its implementation in the agroecology case study concerning the monitoring of autonomous agricultural robots."
snowball,"Same Queries, Different Data: Can We Predict Run",forward,W4312620709,10.1109/access.2022.3226511,SLPA-IF1: Label Propagation Based Overlapping Community Detection,2022,IEEE Access,article,5,gold,https://ieeexplore.ieee.org/ielx7/6287639/6514899/09969537.pdf,"Detection of overlapping communities over a network is imperative due to its applicability in multiple domains starting from geographical to online networks. This paper proposes an effective overlapping community detection method SLPA-IF1. Initially, nodes label initialization is done during pre-processing of data. Label updation and propagation is performed during the evolution phase which consists of selection of listener node, speaker rule and listener rule. Speaker rule is modified to consider the mean of occurring frequency of labels instead of random label selection. We have also proposed a new measure named label specificity for listener rule which is calculated as the mean of occurring frequency of labels minus probability of occurrence of that label. The proposed method leads to more accurate label selection during detection of communities over a network. The run time computation has shown the scalability of the proposed method with respect to increasing network size. For large scale networks, the computing time of the proposed method is less than other state-of-the-art methods."
snowball,"Same Queries, Different Data: Can We Predict Run",forward,W2414419357,10.1007/978-3-319-33313-7_17,Resource Distribution Estimation for Data-Intensive Workloads: Give Me My Share & No One Gets Hurt!,2016,Communications in computer and information science,conference-paper,5,closed,,
snowball,"Same Queries, Different Data: Can We Predict Run",forward,W3004078591,10.1109/cloudcom.2019.00029,Benchmarking and Performance Modelling of MapReduce Communication Pattern,2019,,conference-paper,4,green,https://arxiv.org/pdf/2005.11608,Funding: UK EPSRC EP/R010528/1 and IsDB
snowball,"Same Queries, Different Data: Can We Predict Run",forward,W2033127627,10.1145/2568088.2576800,Run-time performance optimization of a BigData query language,2014,,conference-paper,4,closed,,"JAQL is a query language for large-scale data that connects BigData analytics and MapReduce framework together. Also an IBM product, JAQL's performance is critical for IBM InfoSphere BigInsights, a BigData analytics platform. In this paper, we report our work on improving JAQL performance from multiple perspectives. We explore the parallelism of JAQL, profile JAQL for performance analysis, identify I/O as the dominant performance bottleneck, and improve JAQL performance with an emphasis on reducing I/O data size and increasing (de)serialization efficiency. With TPCH benchmark on a simple Hadoop cluster, we report up to 2x performance improvements in JAQL with our optimization fixes."
snowball,"Same Queries, Different Data: Can We Predict Run",forward,W4280587090,10.1145/3530050.3532916,Evaluating push-down on NoSQL data sources,2022,,conference-paper,3,closed,,"Reducing execution time of data integration processes is a challenging and still only partially solved research and technological problem. A few optimization techniques have been developed and applied in practice. One of them is called push-down. It consists in moving the execution of some data processing tasks into a data source. This technique has been developed and evaluated on relational data sources. In this paper, we report our evaluation of push-down on NoSQL data sources, i.e., MongoDB and Cassandra, deployed on a micro-cluster."
snowball,"Same Queries, Different Data: Can We Predict Run",forward,W2908805957,10.1016/j.datak.2019.01.001,An active learning approach to build adaptive cost models for web services,2019,Data & Knowledge Engineering,article,3,closed,,
snowball,"Same Queries, Different Data: Can We Predict Run",forward,W2962342247,10.48550/arxiv.1907.04824,Scheduling With Inexact Job Sizes: The Merits of Shortest Processing Time First,2019,arXiv (Cornell University),preprint,2,green,https://arxiv.org/pdf/1907.04824,"It is well known that size-based scheduling policies, which take into account job size (i.e., the time it takes to run them), can perform very desirably in terms of both response time and fairness. Unfortunately, the requirement of knowing a priori the exact job size is a major obstacle which is frequently insurmountable in practice. Often, it is possible to get a coarse estimation of job size, but unfortunately analytical results with inexact job sizes are challenging to obtain, and simulation-based studies show that several size-based algorithm are severely impacted by job estimation errors. For example, Shortest Remaining Processing Time (SRPT), which yields optimal mean sojourn time when job sizes are known exactly, can drastically underperform when it is fed inexact job sizes. Some algorithms have been proposed to better handle size estimation errors, but they are somewhat complex and this makes their analysis challenging. We consider Shortest Processing Time (SPT), a simplification of SRPT that skips the update of ""remaining"" job size and results in a preemptive algorithm that simply schedules the job with the shortest estimated processing time. When job size is inexact, SPT performs comparably to the best known algorithms in the presence of errors, while being definitely simpler. In this work, SPT is evaluated through simulation, showing near-optimal performance in many cases, with the hope that its simplicity can open the way to analytical evaluation even when inexact"
snowball,"Same Queries, Different Data: Can We Predict Run",forward,W4411272000,10.1109/scse65633.2025.11031076,AI-Driven Fault-Tolerant ETL Pipelines for Enhanced Data Integration and Quality,2025,,conference-paper,1,closed,,"The reliability and fault tolerance of ETL (Extract, Transform, Load) pipelines are essential for maintaining data integrity in corporate environments. Traditional ETL systems often depend on manual interventions to resolve data inconsistencies, leading to errors, inefficiencies, and increased operational costs. This study introduces an AI-driven framework designed to improve the fault tolerance of ETL processes by automating data cleaning, standardization, and integration tasks. Using machine learning models, the framework reduces the need for human intervention, enhances data quality, and supports scalability across various data formats. Using real-world data sets, the proposed solution demonstrates its ability to improve operational efficiency and reduce errors within corporate data pipelines. This research addresses a crucial gap in ETL automation, offering a scalable and proactive approach to robust data integration in large-scale corporate settings. The findings highlight the ability of the framework to improve fault tolerance, improve data quality, and offer organizations a competitive advantage in managing complex data ecosystems."
snowball,"Same Queries, Different Data: Can We Predict Run",forward,W3198836988,10.1007/978-3-030-86472-9_1,Reference Architecture for Running Large Scale Data Integration Experiments,2021,Lecture notes in computer science,conference-paper,1,closed,,
snowball,"Same Queries, Different Data: Can We Predict Run",forward,W4413473834,10.1007/978-3-032-02088-8_27,Workload-Based Clustering of Large Number of Database-as-a-Service Instances,2025,Lecture notes in computer science,conference-paper,0,closed,,
snowball,"Same Queries, Different Data: Can We Predict Run",forward,W2951632802,10.1007/978-3-030-23502-4_17,On the Optimal Number of Computational Resources in MapReduce,2019,Lecture notes in computer science,conference-paper,0,closed,,
snowball,"Same Queries, Different Data: Can We Predict Run",forward,W54299752,10.1007/978-3-642-41591-3_7,A Parallel Approach for Real-Time OLAP Based on Node Performance Awareness,2013,Communications in computer and information science,conference-paper,0,closed,,
snowball,Towards predicting query execution time for conc,backward,W2133990480,10.1145/1656274.1656278,The WEKA data mining software,2009,ACM SIGKDD Explorations Newsletter,article,17894,green,https://researchcommons.waikato.ac.nz/bitstreams/1294a63d-d92b-4da6-8c98-5e26d406dc63/download,"More than twelve years have elapsed since the first public release of WEKA. In that time, the software has been rewritten entirely from scratch, evolved substantially and now accompanies a text on data mining [35]. These days, WEKA enjoys widespread acceptance in both academia and business, has an active community, and has been downloaded more than 1.4 million times since being placed on Source-Forge in April 2000. This paper provides an introduction to the WEKA workbench, reviews the history of the project, and, in light of the recent 3.6 stable release, briefly discusses what has been added since the last stable version (Weka 3.4) released in 2003."
snowball,Towards predicting query execution time for conc,backward,W2070493638,10.1016/s0167-9473(01)00065-2,Stochastic gradient boosting,2002,Computational Statistics & Data Analysis,article,7186,closed,,
snowball,Towards predicting query execution time for conc,backward,W2128420091,10.1016/s0020-7373(87)80053-6,Simplifying decision trees,1987,International Journal of Man-Machine Studies,article,2543,green,http://hdl.handle.net/1721.1/6453,
snowball,Towards predicting query execution time for conc,backward,W2158237121,10.1145/152610.152611,Query evaluation techniques for large databases,1993,ACM Computing Surveys,article,1266,bronze,https://dl.acm.org/doi/pdf/10.1145/152610.152611,"Database management systems will continue to manage large data volumes. Thus, efficient algorithms for accessing and manipulating large sets and sequences will be required to provide acceptable performance. The advent of object-oriented and extensible database systems will not solve this problem. On the contrary, modern data models exacerbate the problem: In order to manipulate large sets of complex objects as efficiently as today's database systems manipulate simple records, query-processing algorithms and software will become more complex, and a solid understanding of algorithm and architectural issues is essential for the designer of database management software. This survey provides a foundation for the design and implementation of query execution facilities in new database management systems. It describes a wide array of practical query evaluation techniques for both relational and postrelational database systems, including iterative execution of complex query evaluation plans, the duality of sort- and hash-based set-matching algorithms, types of parallel query execution and their implementation, and special operators for emerging database application domains."
snowball,Towards predicting query execution time for conc,backward,W1978006658,10.1145/322186.322195,Mean-Value Analysis of Closed Multichain Queuing Networks,1980,Journal of the ACM,article,1167,bronze,https://dl.acm.org/doi/pdf/10.1145/322186.322195,"It is shown that mean queue sizes, mean waiting times, and throughputs in closed multiple-chain queuing networks which have product-form solution can be computed recursively without computing product terms and normalization constants. The resulting computational procedures have improved properties (avoidance of numerical problems and, in some cases, fewer operations) compared to previous algorithms. Furthermore, the new algorithms have a physically meaningful interpretation which provides the basis for heuristic extensions that allow the approximate solution of networks with a very large number of closed chains, and which is shown to be asymptotically valid for large chain populations."
snowball,Towards predicting query execution time for conc,backward,W1554130893,,Quantitative system performance: computer system analysis using queueing network models,1984,"Prentice-Hall, Inc eBooks",book,1148,closed,,
snowball,Towards predicting query execution time for conc,backward,W2167978511,10.14778/2350229.2350269,Robust estimation of resource consumption for SQL queries using statistical techniques,2012,Proceedings of the VLDB Endowment,article,120,closed,,"The ability to estimate resource consumption of SQL queries is crucial for a number of tasks in a database system such as admission control, query scheduling and costing during query optimization. Recent work has explored the use of statistical techniques for resource estimation in place of the manually constructed cost models used in query optimization. Such techniques, which require as training data examples of resource usage in queries, offer the promise of superior estimation accuracy since they can account for factors such as hardware characteristics of the system or bias in cardinality estimates. However, the proposed approaches lack robustness in that they do not generalize well to queries that are different from the training examples, resulting in significant estimation errors. Our approach aims to address this problem by combining knowledge of database query processing with statistical models. We model resource-usage at the level of individual operators, with different models and features for each operator type, and explicitly model the asymptotic behavior of each operator. This results in significantly better estimation accuracy and the ability to estimate resource usage of arbitrary plans, even when they are very different from the training instances. We validate our approach using various large scale real-life and benchmark workloads on Microsoft SQL Server."
snowball,Towards predicting query execution time for conc,backward,W2088266288,10.1145/1951365.1951419,Predicting completion times of batch query workloads using interaction-aware models and simulation,2011,,conference-paper,65,closed,,"A question that database administrators (DBAs) routinely need to answer is how long a batch query workload will take to complete. This question arises, for example, while planning the execution of different report-generation workloads to fit within available time windows. To answer this question accurately, we need to take into account that the typical workload in a database system consists of mixes of concurrent queries. Interactions among different queries in these mixes need to be modeled, rather than the conventional approach of considering each query separately. This paper presents a new approach for estimating workload completion times that takes the significant impact of query interactions into account. This approach builds performance models using an experiment-driven technique, by sampling the space of possible query mixes and fitting statistical models to the observed performance at these samples. No prior assumptions are made about the internal workings of the database system or the cause of query interactions, making the models robust and portable. We show that a careful choice of sampling and statistical modeling strategies can result in accurate models, and we present a novel interaction-aware workload simulator that uses these models to estimate workload completion times. An experimental evaluation with complex TPC-H queries on IBM DB2 shows that this approach consistently predicts workload completion times with less than 20% error."
snowball,Towards predicting query execution time for conc,backward,W2189610900,,Approximate Mean Value Analysis for Closed Queuing Networks with Multiple-Server Stations,2007,,article,29,closed,,"Closed Queueing Networks are used in modeling various systems such as FMS, CONWIP Material Control, Computer/Communication Systems, and Health Care. Mean Value Analysis (MVA) is often used to compute the performance measures for these models. For networks with multiple-server stations, the exact MVA algorithm becomes computationally complex and existing approximations introduce high errors. The Schweitzer-Bard (S-B) approximation for MVA is simple and computationally efficient. However it has only been developed for networks with single-server stations. We provide an extension to S-B MVA to enable the analysis of networks with multipleserver stations. Comparison with simulation demonstrates the accuracy of our approach."
snowball,Towards predicting query execution time for conc,backward,W2138194829,10.1145/133057.133084,Analysis of the generalized clock buffer replacement scheme for database transaction processing,1992,,conference-paper,63,closed,,"The CLOCK algorithm is a popular buffer replacement algorithm because of its simplicity and its ability to approximate the performance of the Least Recently Used (LRU) replacement policy. The Generalized Clock (GCLOCK) buffer replacement policy uses a circular buffer and a weight associated with each page brought in buffer to decide on which page to replace. We develop an approximate analysis for the GCLOCK policy under the Independent Reference Model (IRM) that applies to many database transaction processing workloads. We validate the analysis for various workloads with data access skew. Comparison with simulations shows that in all cases examined the error is extremely small (less than 1%). To show the usefulness of the model we apply it to a Transaction Processing Council benchmark A (TPC-A) like workload. If knowledge of the different data partitions in this workload is assumed, the analysis shows that, with appropriate choice of weights, the performance of the GCLOCK algorithm can be better than the LRU policy. Performance very close to that for optimal (static) buffer allocation can be achieved by assigning sufficiently high weights, and can be implemented with a reasonably low overhead. Finally, we outline how the model can be extended to capture the effect of page invalidation in a multinode system."
snowball,Towards predicting query execution time for conc,backward,W2035095545,10.1145/183018.183025,Accurate modeling of the hybrid hash join algorithm,1994,,conference-paper,30,closed,,": The join of two relations is an important operation in database systems. It occurs frequently in relational queries, and join performance is a significant factor in overall system performance. Cost models for join algorithms are used by query optimizers to choose efficient query execution strategies. This paper presents an efficient analytical model of an important join method, the hybrid hash join algorithm, that captures several key features of the algorithm's performance -- including its intra--operator parallelism, interference between disk reads and writes, caching of disk pages, and placement of data on disk(s). Validation of the model against a detailed simulation of a database system shows that the response time estimates produced by the model are quite accurate. 1 Introduction Relational database systems organize information into a collection of tables. The relational join operator is used to relate information from two or more tables. Thus, joins are a frequently occurrin..."
snowball,Towards predicting query execution time for conc,backward,W1537563624,,Data base system performance prediction using an analytical model (invited paper),1981,Very Large Data Bases,article,24,closed,,"Much progress has been made recently in developing strategies for data base design at both the logical and physical levels. Various approaches, some built into automated design aids, produce designs that are known to be good (or even optimal in some sense). The measurement criteria by which the designs are judged, however, are difficult to relate to some of the performance measures of importance to computer system managers and data base system users. Such performance measures include device utilizations, transaction throughputs, and the distribution of responsetimes. In this paper, we suggest an overall framework for assessing and predicting the effect on resource consumption, throughputs, and response times of a variety of physical and logical data base design decisions that affect performance. We use ananalytical model based, at the lowest level, on queueing network models. Queueing network models have already proven useful in understanding and predicting performance in many actual computer systems (with and without data base components). At higher levels of the analytical model, we establish a sequence of data base system workload descriptions, each one dependent on more performance related design decisions. By analytical techniques, the workload description at one level and a set of design choices are transformed into the workload description at the next lower (more fully specified) level. By this approach, many data base design alternatives can be represented by changes "
snowball,Towards predicting query execution time for conc,backward,W2022322228,10.1016/j.parco.2003.11.003,Analytical response time estimation in parallel relational database systems,2004,Parallel Computing,article,18,closed,,
snowball,Towards predicting query execution time for conc,backward,W2019999249,10.1016/j.entcs.2009.02.053,Application of Queueing Network Models in the Performance Evaluation of Database Designs,2009,Electronic Notes in Theoretical Computer Science,article,8,diamond,https://www.sciencedirect.com/science/article/pii/S1571066109000589/pdf,"In this paper, we model database designs using queueing networks, giving visibility to the dynamic behaviour of the database design and allowing the database designer to experiment with different design decisions. Our approach is to abstract away the more detailed levels of the database system design by concentrating on the information that is available to the database designer at design time. It differs from other methods of database system performance evaluation in that the performance assessment is specifically targeted at the database design, not at the database system software architecture. We present a bottleneck evaluation of the Transaction Processing Performance Council TPC-C benchmark under different workload conditions and demonstrate how this affects database design decisions."
snowball,Towards predicting query execution time for conc,backward,W2058092827,10.1145/320599.320676,Workload models for DBMS performance evaluation,1985,,conference-paper,7,closed,,"A hierarchy of workload models to support Database Management System Performance Measurement and Evaluation studies is defined herein. The hierarchy is structured so that each successive layer represents database design, DBMS functionality and workload characterization in progressively greater detail. The design of the hierarchy was influenced by the ANSI/X3/SPARC (3) model for DBMS architecture, by Senko's DIAM (20), by Scheuermann's DBMS model (19) and by Sevcik's layered model for database system performance evaluation (21). The hierarchical layers clearly isolate DBMS functionality from organizational activities and underlying machine characteristics."
snowball,Towards predicting query execution time for conc,backward,W1766499933,10.1007/bfb0100632,Some results from a new technique for response time estimation in parallel DBMS,1999,Lecture notes in computer science,conference-paper,5,closed,,
snowball,Towards predicting query execution time for conc,forward,W2966185412,10.14778/3339490.3339503,iBTune,2019,Proceedings of the VLDB Endowment,article,78,closed,,"Tuning the buffer size appropriately is critical to the performance of a cloud database, since memory is usually the resource bottleneck. For large-scale databases supporting heterogeneous applications, configuring the individual buffer sizes for a significant number of database instances presents a scalability challenge. Manual optimization is neither efficient nor effective, and even not feasible for large cloud clusters, especially when the workload may dynamically change on each instance. The difficulty lies in the fact that each database instance requires a different buffer size that is highly individualized, subject to the constraint of the total buffer memory space. It is imperative to resort to algorithms that automatically orchestrate the buffer pool tuning for the entire database instances. To this end, we design iBTune that has been deployed for more than 10, 000 OLTP cloud database instances in our production system. Specifically, it leverages the information from similar workloads to find out the tolerable miss ratio of each instance. Then, it utilizes the relationship between miss ratios and allocated memory sizes to individually optimize the target buffer pool sizes. To provide a guaranteed level of service level agreement (SLA), we design a pairwise deep neural network that uses features from measurements on pairs of instances to predict the upper bounds of the request response times. A target buffer pool size can be adjusted only when the predicted response t"
snowball,Towards predicting query execution time for conc,forward,W2726369860,10.1109/mcc.2017.55,Orchestrating BigData Analysis Workflows,2017,IEEE Cloud Computing,article,40,green,https://figshare.com/articles/journal_contribution/Orchestrating_BigData_analysis_workflows/22954109,"Data analytics has become not only an essential part of day-to-day decision making, but also reinforces long-term strategic decisions. Whether it is real-time fraud detection, resource management, tracking and prevention of disease outbreak, natural disaster management or intelligent traffic management, the extraction and exploitation of insightful information from unparalleled quantities of data (BigData) is now a fundamental part of all decision making processes. Success in making smart decisions by analyzing BigData is possible due to the availability of improved analytical capabilities, increased access to different data sources, and cheaper and improved computing power in the form of cloud computing. However, BigData analysis is far more complicated than the perception created by the recent publicity. For example, one of the myths is that BigData analysis is driven purely by the innovation of new data mining and machine learning algorithms."
snowball,Towards predicting query execution time for conc,forward,W3031623163,10.1109/icde48307.2020.00132,ML-based Cross-Platform Query Optimization,2020,,conference-paper,26,closed,,"Cost-based optimization is widely known to suffer from a major weakness: administrators spend a significant amount of time to tune the associated cost models. This problem only gets exacerbated in cross-platform settings as there are many more parameters that need to be tuned. In the era of machine learning (ML), the first step to remedy this problem is to replace the cost model of the optimizer with an ML model. However, such a solution brings in two major challenges. First, the optimizer has to transform a query plan to a vector million times during plan enumeration incurring a very high overhead. Second, a lot of training data is required to effectively train the ML model. We overcome these challenges in Robopt, a novel vector-based optimizer we have built for Rheem, a cross-platform system. Robopt not only uses an ML model to prune the search space but also bases the entire plan enumeration on a set of algebraic operations that operate on vectors, which are a natural fit to the ML model. This leads to both speed-up and scale-up of the enumeration process by exploiting modern CPUs via vectorization. We also accompany Robopt with a scalable training data generator for building its ML model. Our evaluation shows that (i) the vector-based approach is more efficient and scalable than simply using an ML model and (ii) Robopt matches and, in some cases, improves Rheem's cost-based optimizer in choosing good plans without requiring any tuning effort."
snowball,Towards predicting query execution time for conc,forward,W4281931699,10.1145/3514221.3522566,"Multi-Tenant Cloud Data Services: State-of-the-Art, Challenges and Opportunities",2022,Proceedings of the 2022 International Conference on Management of Data,conference-paper,25,closed,,"Enterprises are moving their business-critical workloads to public clouds at an accelerating pace. Multi-tenancy is a crucial tenet for cloud data service providers allowing them to provide services in cost-effective manner by sharing of resources among tenants of the service. In this tutorial we review architectures of today's cloud data services and identify trends and challenges that arise in multi-tenant cloud data services. We discuss techniques that have been developed for enabling elasticity, providing SLAs, ensuring performance isolation, and reducing cost. We conclude with open research problems in cloud data services."
snowball,Towards predicting query execution time for conc,forward,W2807794151,10.1007/s00778-018-0508-7,Multi-schema-version data management: data independence in the twenty-first century,2018,The VLDB Journal,article,21,green,https://vbn.aau.dk/da/publications/98eb40db-f391-42b8-a050-7d82d30fa21e,
snowball,Towards predicting query execution time for conc,forward,W4210634541,10.1016/j.bdr.2021.100304,Survey on Learnable Databases: A Machine Learning Perspective,2022,Big Data Research,article,18,closed,,
snowball,Towards predicting query execution time for conc,forward,W3120335745,10.1007/s00500-020-05544-w,Achieving query performance in the cloud via a cost-effective data replication strategy,2021,Soft Computing,article,17,closed,,
snowball,Towards predicting query execution time for conc,forward,W2432403016,10.3390/mca21020023,A Recommendation System for Execution Plans Using Machine Learning,2016,Mathematical and Computational Applications,article,15,gold,https://www.mdpi.com/2297-8747/21/2/23/pdf?version=1465994516,"Generating execution plans is a costly operation for the DataBase Management System (DBMS). An interesting alternative to this operation is to reuse the old execution plans, that were already generated by the optimizer for past queries, to execute new queries. In this paper, we present an approach for execution plan recommendation in two phases. We firstly propose a textual representation of our SQL queries and use it to build a Features Extractor module. Then, we present a straightforward solution to identify query similarity.This solution relies only on the comparison of the SQL statements. Next, we show how to build an improved solution enabled by machine learning techniques. The improved version takes into account the features of the queries’ execution plans. By comparing three machine learning algorithms, we find that the improved solution using Classification Based on Associative Rules (CAR) identifies similarity in 91 % of the cases."
snowball,Towards predicting query execution time for conc,forward,W4391055215,10.1145/3641832.3641836,ML-Powered Index Tuning: An Overview of Recent Progress and Open Challenges,2023,ACM SIGMOD Record,article,12,bronze,https://dl.acm.org/doi/pdf/10.1145/3641832.3641836,"The increasing scale and complexity of workloads in modern cloud services highlight a crucial challenge in automated index tuning: recommending high-quality indexes while ensuring scalability. This is further complicated by the need for these automated solutions to minimize query performance regressions in production deployments. This paper directs attention to some of these challenges in automated index tuning and explores ways in which machine learning (ML) techniques provide new opportunities in their mitigation. In particular, we reflect on our recent efforts in developing ML techniques for workload selection, candidate index filtering, speeding up index configuration search, reducing the amount of query optimizer calls, and lowering the chances of performance regressions. We highlight the key takeaways from these efforts and underline the gaps that need to be closed for their effective functioning within the traditional index tuning framework. Additionally, we present a preliminary cross-platform design aimed at democratizing index tuning across multiple SQL-like systems-an imperative in today's continuously expanding data system landscape. We believe our findings will help provide context and impetus to the research and development efforts in automated index tuning."
snowball,Towards predicting query execution time for conc,forward,W4306317394,10.1145/3511808.3557305,Efficient Learning with Pseudo Labels for Query Cost Estimation,2022,Proceedings of the 31st ACM International Conference on Information &amp; Knowledge Management,conference-paper,9,green,https://vbn.aau.dk/ws/files/800154408/Efficient_Learning_with_Pseudo_Labels_for_Query_Cost_Estimation.pdf,"Query cost estimation, which is to estimate the query plan cost and query execution cost, is of utmost importance to query optimizers. Query plan cost estimation heavily relies on accurate cardinality estimation, and query execution cost estimation gives good hints on query latency, both of which are challenging in database management systems. Despite decades of research, existing studies either over-simplify the models only using histograms and polynomial calculation that leads to inaccurate estimates, or over-complicate them by using cumbersome neural networks with the requirements for large amounts of training data hence poor computational efficiency. Besides, most of the studies ignore the diversity of query plan structures. In this work, we propose a plan-based query cost estimation framework, called Saturn, which can eStimate cardinality and latency accurately and efficiently, for any query plan structures. Saturn first encodes each query plan tree into a compressed vector by using a traversal-based query plan autoencoder to cope with diverse plan structures. The compressed vectors can be leveraged to distinguish different query types, which is highly useful for downstream tasks. Then a pseudo label generator is designed to acquire all cardinality and latency labels with the execution part of the query plans in the training workload, which can significantly reduce the overhead of collecting the real cardinality and latency labels. Finally, a chain-wise transfer learning"
snowball,Towards predicting query execution time for conc,forward,W3174902279,10.1109/icde51399.2021.00267,Workload-Aware Performance Tuning for Autonomous DBMSs,2021,,conference-paper,9,green,http://hdl.handle.net/10138/341325,"Optimal configuration is vital for a DataBase Management System (DBMS) to achieve high performance. There is no one-size-fits-all configuration that works for different workloads since each workload has varying patterns with different resource requirements. There is a relationship between configuration, workload, and system performance. If a configuration cannot adapt to the dynamic changes of a workload, there could be a significant degradation in the overall performance of DBMS unless a sophisticated administrator is continuously re-configuring the DBMS. In this tutorial, we focus on autonomous workload-aware performance tuning, which is expected to automatically and continuously tune the configuration as the workload changes. We survey three research directions, including 1) workload classification, 2) workload forecasting, and 3) workload-based tuning. While the first two topics address the issue of obtaining accurate workload information, the third one tackles the problem of how to properly use the workload information to optimize performance. We also identify research challenges and open problems, and give real-world examples about leveraging workload information for database tuning in commercial products (e.g., Amazon Redshift). We will demonstrate workload-aware performance tuning in Amazon Redshift in the presentation."
snowball,Towards predicting query execution time for conc,forward,W4393183958,10.1145/3639305,Wred: Workload Reduction for Scalable Index Tuning,2024,Proceedings of the ACM on Management of Data,article,7,bronze,https://dl.acm.org/doi/pdf/10.1145/3639305,"Modern database systems offer index-tuning advisors that automatically identify a set of indexes to improve workload performance. Advisors leverage the optimizer's what-if API to optimize a query for a hypothetical index configuration. Because what-if calls constitute a major bottleneck of index tuning, existing techniques, such as workload compression, help reduce the number of what-if calls to speed up tuning. Unfortunately, even with small workloads and few what-if calls, tuning can still take hours due to the complexity of the queries (e.g., the number of joins, filters, group-by and order-by clauses), which increases their optimization time. This paper introduces workload reduction, a new complementary technique aimed at expediting index tuning by decreasing individual what-if call time without significantly affecting the quality of index tuning. We present an efficient workload reduction algorithm, called Wred, which rewrites each query in the original workload to eliminate column and table expressions unlikely to benefit from indexes, thereby accelerating what-if calls. We study its complexity and ability to maintain high index quality. We perform an extensive evaluation over industry benchmarks and real-world customer workloads, which shows that Wred results in a 3x median speedup in tuning efficiency over an industrial-strength state-of-the-art index advisor, with only a 3.7% median loss in improvement---where improvement is the total workload cost as estimated by th"
snowball,Towards predicting query execution time for conc,forward,W2949595278,10.1109/icde.2019.00242,Robust Query Processing: Mission Possible,2019,,conference-paper,7,closed,,"Robust query processing with strong performance guarantees is an extremely desirable objective in the design of industrial-strength database engines. However, it has proved to be a largely intractable and elusive challenge in spite of sustained efforts spanning several decades. The good news is that in recent times, there have been a host of exciting technical advances, at different levels in the database architecture, that collectively promise to materially address this problem. In this tutorial, we will present these novel research approaches, characterize their strengths and limitations, and enumerate open technical problems that remain to be solved to make robust query processing a contemporary reality."
snowball,Towards predicting query execution time for conc,forward,W2782815351,10.1109/bigdata.2017.8257979,Drum: A rhythmic approach to interactive analytics on large data,2017,,conference-paper,7,closed,,"In this paper, we study how to progressively answer a time-consuming query on a large data set by generating a sequence of mini-queries. We formulate an optimization problem to produce the predicates of mini-queries by considering both their total running time as well as the smoothness of result delivery in order to show the incremental results at a rhythmic pace to improve the user experience. We develop an adaptive framework called Drum that can collect the runtime behavioral statistics of the database system to decide the predicate of the next mini-query appropriately. The framework is a general middleware solution without any changes to the underlying database system. We have conducted extensive experiments on a large, real data set, and the results show that Drum can reduce the delay of delivering intermediate results to the user without sacrificing much total time."
snowball,Towards predicting query execution time for conc,forward,W2756107289,10.1109/bigdatacongress.2017.13,Adaptive Concurrent Query Execution Framework for an Analytical In-Memory Database System,2017,,conference-paper,7,closed,,"There is a growing need for in-memory database analytic services, especially in cloud settings. Concurrent query execution is common in such environments. A crucial deployment requirement is to employ a concurrent query execution scheduling framework that is flexible, precise, and adaptive to meet specified deployment goals. In addition, the framework must also aim to use all the underlying hardware resources effectively (for high performance and high cost efficiency). This paper focuses on the design and evaluation of such a scheduler framework. Our scheduler framework incorporates a design in which the scheduling policies are cleanly separated from the scheduling mechanisms, allowing the scheduler to support a variety of policies, such as fair and priority scheduling. The scheduler also contains a novel learning component to monitor and quickly adapt to changing resource requirements of concurrent queries. In addition, the scheduler easily incorporates a load controller to protect the system from thrashing in situations when resources are scarce/oversubscribed. We have implemented our scheduling framework in an in-memory database engine, and using this implementation we also demonstrate the effectiveness of our approach. Collectively, we present the design and implementation of a scheduling framework for in-memory database services on contemporary hardware in modern deployment settings."
snowball,Towards predicting query execution time for conc,forward,W2468703436,10.1007/s00778-016-0435-4,Resource bricolage and resource selection for parallel database systems,2016,The VLDB Journal,article,7,closed,,
snowball,Towards predicting query execution time for conc,forward,W1972554000,10.1007/s40595-015-0042-0,Predicting database workloads through mining periodic patterns in database audit trails,2015,Vietnam Journal of Computer Science,article,6,diamond,https://link.springer.com/content/pdf/10.1007%2Fs40595-015-0042-0.pdf,"Information about the periodic changes of intensity and structure of database workloads plays an important role in performance tuning of functional components of database systems. Discovering the patterns in workload information, such as audit trails, traces of user applications, and sequences of dynamic performance views, is a complex and time-consuming task. This work investigates a new approach to analysis of information included in the database audit trails. In particular, it describes the transformations of information included in the audit trails into a format that can be used for discovering the periodic patterns in the fluctuations of database workloads. It presents an algorithm that finds elementary periodic patterns through nested iterations over a four-dimensional space of execution plans of SQL statements and positional parameters of the patterns. It proposes a collection of composition rules for the derivations of complex periodic patterns from the elementary and other complex patterns and it shows how to use such rules to predict the future workload levels."
snowball,Towards predicting query execution time for conc,forward,W2118858467,10.1109/noms.2014.6838359,Memory-aware sizing for in-memory databases,2014,,conference-paper,6,green,http://hdl.handle.net/10044/1/95012,In-memory database systems are among the technological drivers of big data processing. In this paper we apply analytical modeling to enable efficient sizing of in-memory databases. We present novel response time approximations under online analytical processing workloads to model thread-level fork-join and per-class memory occupation.We combine these approximations with a non-linear optimization program to minimize memory swapping in in-memory database clusters. We compare our approach with state-of-the-art response time approximations and trace-driven simulation using real data from an SAP HANA in-memory system and show that our optimization model is significantly more accurate than existing approaches at similar computational costs.
snowball,Towards predicting query execution time for conc,forward,W4405475416,10.1561/1900000089,Robust Query Processing: A Survey,2024,Foundations and Trends in Databases,article,5,closed,,"The primordial function of a database system is to efficiently compute correct answers to user queries. Therefore, robust query processing (RQP), where strong numerical guarantees are provided on query performance, has been a long-standing core objective in the design of industrial-strength database engines. Unfortunately, however, RQP has proved to be a largely intractable and elusive challenge, despite sustained efforts spanning several decades. This problematic situation has arisen from a variety of knotty technical hurdles, including complex query representations, limited metadata coverage, coarse statistical models, and hypersensitive operator behaviors. Its impact is felt acutely since the performance degradation faced by database queries can be huge, reaching orders of magnitude as compared to an oracular ideal. Notwithstanding this daunting history, the good news is that in recent times, there have been a host of exciting technical advances that collectively promise to materially address the robustness objective. The new approaches have been constructed at different levels in the database architecture, and tackle robustness in cost models, database operators, query execution plans and query processing strategies. Although most of this literature is based on statistical and geometric formulations, a significant corpus of machine learning-based techniques is also now available. In this monograph, we present an overview of these novel research paradigms, and highlight th"
snowball,Towards predicting query execution time for conc,forward,W4399156413,10.1145/3654985,Wii: Dynamic Budget Reallocation In Index Tuning,2024,Proceedings of the ACM on Management of Data,article,5,closed,,"Index tuning aims to find the optimal index configuration for an input workload. It is often a time-consuming and resource-intensive process, largely attributed to the huge amount of ""what-if"" calls made to the query optimizer during configuration enumeration. Therefore, in practice it is desirable to set a budget constraint that limits the number of what-if calls allowed. This yields a new problem of budget allocation, namely, deciding on which query-configuration pairs (QCP's) to issue what-if calls. Unfortunately, optimal budget allocation is NP-hard, and budget allocation decisions made by existing solutions can be inferior. In particular, many of the what-if calls allocated by using existing solutions are devoted to QCP's whose what-if costs can be approximated by using cost derivation, a well-known technique that is computationally much more efficient and has been adopted by commercial index tuning software. This results in considerable waste of the budget, as these what-if calls are unnecessary. In this paper, we propose ""Wii,"" a lightweight mechanism that aims to avoid such spurious what-if calls. It can be seamlessly integrated with existing configuration enumeration algorithms. Experimental evaluation on top of both standard industrial benchmarks and real workloads demonstrates that Wii can eliminate significant number of spurious what-if calls. Moreover, by reallocating the saved budget to QCP's where cost derivation is less accurate, existing algorithms can be sig"
snowball,Towards predicting query execution time for conc,forward,W4282568501,10.1145/3514221.3526050,Intelligent Automated Workload Analysis for Database Replatforming,2022,Proceedings of the 2022 International Conference on Management of Data,conference-paper,5,closed,,"Performing a detailed workload analysis is a crucial step in determining the feasibility, timeline and cost of a major data warehouse replatforming project, i.e., migration from one platform to another. A large company's data warehouse applications may include millions of queries, some of which will use features that are unsupported or have different semantics in the new warehouse, or may have poor performance there."
snowball,Towards predicting query execution time for conc,forward,W3085443750,10.14778/3415478.3415561,Robust query processing,2020,Proceedings of the VLDB Endowment,article,5,closed,,"Robust query processing with strong performance guarantees is an extremely desirable objective in the design of industrial-strength database engines. However, it has proved to be a largely intractable and elusive challenge in spite of sustained efforts spanning several decades. The good news is that in recent times, there have been a host of exciting technical advances, at different levels in the database architecture, that collectively promise to materially address this problem. In this tutorial, we will present these novel research approaches, characterize their strengths and limitations, and enumerate open technical problems that remain to be solved to make robust query processing a contemporary reality."
snowball,Towards predicting query execution time for conc,forward,W3088480703,10.1007/978-3-030-59419-0_12,DeepQT : Learning Sequential Context for Query Execution Time Prediction,2020,Lecture notes in computer science,conference-paper,5,closed,,
snowball,Towards predicting query execution time for conc,forward,W2519967598,10.1145/2961888,Contention-Aware Workload Placement for In-Memory Databases in Cloud Environments,2016,ACM Transactions on Modeling and Performance Evaluation of Computing Systems,article,5,closed,,"Big data processing is driven by new types of in-memory database systems. In this article, we apply performance modeling to efficiently optimize workload placement for such systems. In particular, we propose novel response time approximations for in-memory databases based on fork-join queuing models and contention probabilities to model variable threading levels and per-class memory occupation under analytical workloads. We combine these approximations with a nonlinear optimization methodology that seeks optimal load dispatching probabilities in order to minimize memory swapping and resource utilization. We compare our approach with state-of-the-art response time approximations using real data from an SAP HANA in-memory system and show that our models markedly improve accuracy over existing approaches, at similar computational costs."
snowball,Towards predicting query execution time for conc,forward,W4411403367,10.1145/3725364,T3: Accurate and Fast Performance Prediction for Relational Database Systems With Compiled Decision Trees,2025,Proceedings of the ACM on Management of Data,article,4,hybrid,https://dl.acm.org/doi/pdf/10.1145/3725364,"Query performance prediction is used for scheduling, resource scaling, tenant placement, and various other use-cases. Here, the main goal is to estimate the execution time of a query without running it. To be effective, predictors need to be both accurate and fast. In contrast, neural networks that were used in recent work deliver very accurate predictions but suffer from high latency. In this work, we propose the Tuple Time Tree (T3), a new model that is both accurate and fast. It is orders of magnitude faster than comparable methods and has competitive accuracy to state-of-the-art approaches. Additionally, T3 works for new database instances without re-training because it generalizes across database instances. We achieve T3's speed by relying on a low-latency decision tree model that is compiled to native machine code. We maintain high accuracy with two novel techniques: pipeline-based query plan representation and tuple-centric prediction targets. In our pipeline-based query plan representation, T3 decomposes query plans into pipelines. Then, T3 predicts the execution time of each pipeline individually, instead of the whole query in one step. With tuple-centric prediction targets, T3 predicts the expected time it takes to push a single tuple through a pipeline. It then multiplies this predicted value by the input cardinality of the pipeline to estimate its execution time. As a result, T3 achieves state-of-the-art accuracy with a low-latency decision tree model."
snowball,Towards predicting query execution time for conc,forward,W4406949573,10.1109/mc.2024.3521641,Architecture 2.0: Foundations of Artificial Intelligence Agents for Modern Computer System Design,2025,Computer,article,4,closed,,"AI agents could herald a new golden age of modern computer system design, enabling the creation of complex systems with minimal human input. Achieving this vision, however, demands curating datasets, defining benchmarks, and fostering interpretability alongside balancing AI autonomy with human expertise."
snowball,Towards predicting query execution time for conc,forward,W3180454296,10.1109/access.2021.3096039,Autonomic Workload Performance Modeling for Large-Scale Databases and Data Warehouses Through Deep Belief Network With Data Augmentation Using Conditional Generative Adversarial Networks,2021,IEEE Access,article,4,gold,https://ieeexplore.ieee.org/ielx7/6287639/9312710/09478861.pdf,"Databases and warehouses are experiencing workload of different types such as Decision Support System (DSS), Online Transaction Processing (OLTP) and Mixed workloads. Handling variety of workload in autonomic systems is a critical task. After self-configuring the workload, the next challenge is workload performance tuning that motives towards self-predictive systems. Existing studies provide performance modeling solutions on small-scale data repositories of Database Management System (DBMS) and Data Warehouse (DWH) using either classical eager or lazy learning approaches. However, in real-world problems, we normally have to deal with large-scale data repositories. Therefore, there is a need to develop performance models that provide data augmentation to solve large-scale data repositories that are not publicly available. In this study, deep learning approaches have been investigated for performance tuning of large-scale data repositories. We propose a performance prediction model called Optimized GAN-based Deep Learning (OGDL) model. For data augmentation, Conditional Generative Adversarial Networks (CGAN) is applied. For autonomic perspective, we incorporated MAPE-K model to manage the workload autonomically. Different deep learning models are applied, and it was observed that Deep Belief Network (DBN) performed better as compared to other deep learning models such as Deep Neural Network (DNN). We performed a number of experiments and from results it is observed that deep le"
snowball,Towards predicting query execution time for conc,forward,W2931886760,,Scheduling Data-Intensive Tasks on Heterogeneous Many Cores.,2019,IT University Of Copenhagen (IT University of Copenhagen),article,4,green,https://pure.itu.dk/portal/da/publications/da634aae-c0f1-471a-8ba8-3547da2b84ec,"Scheduling various data-intensive tasks over the processing units of a server has been a heavily studied but still challenging effort. In order to utilize modern multicore servers well, a good scheduling mechanism has to be conscious of different dimensions of parallelism offered by these servers. This requires being aware of the micro-architectural features of processors, the hardware topology connecting the processing units of a server, and the characteristics of these units as well as the data-intensive tasks. The increasing levels of parallelism and heterogeneity in emerging server hardware amplify these challenges in addition to the increasing variety of data-intensive applications. This article first surveys the existing scheduling mechanisms targeting the utilization of a multicore server with uniform processing units. Then, it revisits them in the context of emerging server hardware composed of many diverse cores and identifies the main challenges. Finally, it concludes with the description of a preliminary framework targeting these challenges. Even though this article focuses on data-intensive applications on a single server, many of the challenges and opportunities identified here are not unique to such a setup, and would be relevant to other complex software systems as well as resource-constrained or large-scale hardware platforms."
snowball,Towards predicting query execution time for conc,forward,W2904299378,10.1109/tkde.2018.2884724,Scheduling Resources to Multiple Pipelines of One Query in a Main Memory Database Cluster,2018,IEEE Transactions on Knowledge and Data Engineering,article,4,closed,,"To fully utilize the resources of a main memory database cluster, we additionally take the independent parallelism into account to parallelize multiple pipelines of one query. However, scheduling resources to multiple pipelines is an intractable problem. Traditional static approaches to this problem may lead to a serious waste of resources and suboptimal execution order of pipelines, because it is hard to predict the actual data distribution and fluctuating workloads at compile time. In response, we propose a dynamic scheduling algorithm, List with Filling and Preemption (LFPS), based on two novel techniques. (1) Adaptive filling improves resource utilization by issuing more extra pipelines to adaptively fill idle resource “holes” during execution. (2) Rank-based preemption strictly guarantees scheduling the pipelines on the critical path first at run time. Interestingly, the latter facilitates the former filling idle “holes” with best efforts to finish multiple pipelines as soon as possible. We implement LFPS in our prototype database system. Under the workloads of TPC-H, experiments show our work improves the finish time of parallelizable pipelines from one query up to 2.5X than a static approach and 2.1X than a serialized execution."
snowball,Predicting the End-to-End Tail Latency of Contai,backward,W2296335794,,Docker: lightweight Linux containers for consistent development and deployment,2014,Linux journal,article,3299,closed,,"Docker promises the ability to package applications and their dependencies into lightweight containers that move easily between different distros, start up quickly and are isolated from each other."
snowball,Predicting the End-to-End Tail Latency of Contai,backward,W2562162676,10.1111/j.1467-9868.2010.00740.x,Stability Selection,2010,Journal of the Royal Statistical Society Series B (Statistical Methodology),article,2251,closed,,"Summary Estimation of structure, such as in variable selection, graphical modelling or cluster analysis, is notoriously difficult, especially for high dimensional data. We introduce stability selection. It is based on subsampling in combination with (high dimensional) selection algorithms. As such, the method is extremely general and has a very wide range of applicability. Stability selection provides finite sample control for some error rates of false discoveries and hence a transparent principle to choose a proper amount of regularization for structure estimation. Variable selection and structure estimation improve markedly for a range of selection methods if stability selection is applied. We prove for the randomized lasso that stability selection will be variable selection consistent even if the necessary conditions for consistency of the original lasso method are violated. We demonstrate stability selection for variable selection and Gaussian graphical modelling, using real and simulated data."
snowball,Predicting the End-to-End Tail Latency of Contai,backward,W1971536112,10.1137/s1052623497325107,An Interior Point Algorithm for Large-Scale Nonlinear Programming,1999,SIAM Journal on Optimization,article,1749,closed,,"The design and implementation of a new algorithm for solving large nonlinear programming problems is described. It follows a barrier approach that employs sequential quadratic programming and trust regions to solve the subproblems occurring in the iteration. Both primal and primal-dual versions of the algorithm are developed, and their performance is illustrated in a set of numerical tests."
snowball,Predicting the End-to-End Tail Latency of Contai,backward,W2322013807,10.1109/ms.2016.64,Microservices Architecture Enables DevOps: Migration to a Cloud-Native Architecture,2016,IEEE Software,article,735,closed,,This article reports on experiences and lessons learned during incremental migration and architectural refactoring of a commercial mobile back end as a service to microservices architecture. It explains how the researchers adopted DevOps and how this facilitated a smooth migration.
snowball,Predicting the End-to-End Tail Latency of Contai,backward,W2046183884,10.1145/1064212.1064252,An analytical model for multi-tier internet services and its applications,2005,,conference-paper,548,closed,,"Since many Internet applications employ a multi-tier architecture, in this paper, we focus on the problem of analytically modeling the behavior of such applications. We present a model based on a network of queues, where the queues represent different tiers of the application. Our model is sufficiently general to capture (i) the behavior of tiers with significantly different performance characteristics and (ii) application idiosyncrasies such as session-based workloads, concurrency limits, and caching at intermediate tiers. We validate our model using real multi-tier applications running on a Linux server cluster. Our experiments indicate that our model faithfully captures the performance of these applications for a number of workloads and configurations. For a variety of scenarios, including those with caching at one of the application tiers, the average response times predicted by our model were within the 95% confidence intervals of the observed average response times. Our experiments also demonstrate the utility of the model for dynamic capacity provisioning, performance prediction, bottleneck identification, and session policing. In one scenario, where the request arrival rate increased from less than 1500 to nearly 4200 requests/min, a dynamic provisioning technique employing our model was able to maintain response time targets by increasing the capacity of two of the application tiers by factors of 2 and 3.5, respectively."
snowball,Predicting the End-to-End Tail Latency of Contai,backward,W2024758283,10.1145/1342171.1342172,Agile dynamic provisioning of multi-tier Internet applications,2008,ACM Transactions on Autonomous and Adaptive Systems,article,479,closed,,"Dynamic capacity provisioning is a useful technique for handling the multi-time-scale variations seen in Internet workloads. In this article, we propose a novel dynamic provisioning technique for multi-tier Internet applications that employs (1) a flexible queuing model to determine how much of the resources to allocate to each tier of the application, and (2) a combination of predictive and reactive methods that determine when to provision these resources, both at large and small time scales. We propose a novel data center architecture based on virtual machine monitors to reduce provisioning overheads. Our experiments on a forty-machine Xen/Linux-based hosting platform demonstrate the responsiveness of our technique in handling dynamic workloads. In one scenario where a flash crowd caused the workload of a three-tier application to double, our technique was able to double the application capacity within five minutes, thus maintaining response-time targets. Our technique also reduced the overhead of switching servers across applications from several minutes to less than a second, while meeting the performance targets of residual sessions."
snowball,Predicting the End-to-End Tail Latency of Contai,backward,W2130235153,10.1109/icac.2007.1,A Regression-Based Analytic Model for Dynamic Resource Provisioning of Multi-Tier Applications,2007,,conference-paper,272,closed,,"The multi-tier implementation has become the industry standard for developing scalable client-server enterprise applications. Since these applications are performance sensitive, effective models for dynamic resource provisioning and for delivering quality of service to these applications become critical. Workloads in such environments are characterized by client sessions of interdependent requests with changing transaction mix and load over time, making model adaptivity to the observed workload changes a critical requirement for model effectiveness. In this work, we apply a regression-based approximation of the CPU demand of client transactions on a given hardware. Then we use this approximation in an analytic model of a simple network of queues, each queue representing a tier, and show the approximation's effectiveness for modeling diverse workloads with a changing transaction mix over time. Using the TPC- W benchmark and its three different transaction mixes we investigate factors that impact the efficiency and accuracy of the proposed performance prediction models. Experimental results show that this regression-based approach provides a simple and powerful solution for efficient capacity planning and resource provisioning of multi-tier applications under changing workload conditions."
snowball,Predicting the End-to-End Tail Latency of Contai,backward,W1994618472,10.1145/2670979.2670988,Tales of the Tail,2014,,conference-paper,236,closed,,"Interactive services often have large-scale parallel implementations. To deliver fast responses, the median and tail latencies of a service's components must be low. In this paper, we explore the hardware, OS, and application-level sources of poor tail latency in high throughput servers executing on multi-core machines."
snowball,Predicting the End-to-End Tail Latency of Contai,backward,W1743501494,,AGILE: elastic distributed resource scaling for Infrastructure-as-a-Service,2013,,article,219,closed,,"Dynamically adjusting the number of virtual machines (VMs) assigned to a cloud application to keep up with load changes and interference from other uses typically requires detailed application knowledge and an ability to know the future, neither of which are readily available to infrastructure service providers or application owners. The result is that systems need to be over-provisioned (costly), or risk missing their performance Service Level Objectives (SLOs) and have to pay penalties (also costly). AGILE deals with both issues: it uses wavelets to provide a medium-term resource demand prediction with enough lead time to start up new application server instances before performance falls short, and it uses dynamic VM cloning to reduce application startup times. Tests using RUBiS and Google cluster traces show that AGILE can predict varying resource demands over the medium-term with up to 3.42 × better true positive rate and 0.34 × the false positive rate than existing schemes. Given a target SLO violation rate, AGILE can efficiently handle dynamic application workloads, reducing both penalties and user dissatisfaction. 1"
snowball,Predicting the End-to-End Tail Latency of Contai,backward,W1820403722,,Bobtail: avoiding long tails in the cloud,2013,,article,178,closed,,"Highly modular data center applications such as Bing, Facebook, and Amazon’s retail platform are known to be susceptible to long tails in response times. Services such as Amazon’s EC2 have proven attractive platforms for building similar applications. Unfortunately, virtualization used in such platforms exacerbates the long tail problem by factors of two to four. Surprisingly, we find that poor response times in EC2 are a property of nodes rather than the network, and that this property of nodes is both pervasive throughout EC2 and persistent over time. The root cause of this problem is co-scheduling of CPUbound and latency-sensitive tasks. We leverage these observations in Bobtail, a system that proactively detects and avoids these bad neighboring VMs without significantly penalizing node instantiation. With Bobtail, common communication patterns benefit from reductions of up to 40 % in 99.9th percentile response times. 1"
snowball,Predicting the End-to-End Tail Latency of Contai,backward,W2556413364,10.1109/mcc.2016.112,Open Issues in Scheduling Microservices in the Cloud,2016,IEEE Cloud Computing,article,174,closed,,"This article discusses the main advantages and challenges of adopting microservices in cloud computing. The microservices architecture allows software developers to build a distributed application as a set of independent components that work together. This model isn't new, but, applied in cloud systems, it increases datacenter scalability and reliability. The authors discuss available technologies for deploying and controlling microservices-based application architectures in the cloud."
snowball,Predicting the End-to-End Tail Latency of Contai,backward,W2068647313,10.1145/1809049.1809053,Autonomic mix-aware provisioning for non-stationary data center workloads,2010,,conference-paper,149,closed,,"Online Internet applications see dynamic workloads that fluctuate over multiple time scales. This paper argues that the non-stationarity in Internet application workloads, which causes the request mix to change over time, can have a significant impact on the overall pro-cessing demands imposed on data center servers. We propose a novel mix-aware dynamic provisioning technique that handles both the non-stationarity in the workload as well as changes in request volumes when allocating server capacity in Internet data centers. Our technique employs the k-means clustering algorithm to au-tomatically determine the workload mix and a queuing model to predict the server capacity for a given workload mix. We imple-ment a prototype provisioning system that incorporates our tech-nique and experimentally evaluate its efficacy on a laboratory Linux data center running the TPC-W web benchmark. Our results show that our k-means clustering technique accurately captures work-load mix changes in Internet applications. We also demonstrate that mix-aware dynamic provisioning eliminates SLA violations due to under-provisioning with non-stationary web workloads, and that it offers a better resource usage by reducing over-provisioning when compared to a baseline provisioning approach that only reacts to workload volume changes. We also present a case study of our provisioning approach on Amazon’s EC2 cloud platform."
snowball,Predicting the End-to-End Tail Latency of Contai,backward,W2008684356,10.1145/2486001.2486028,Speeding up distributed request-response workflows,2013,,conference-paper,116,gold,https://dl.acm.org/doi/pdf/10.1145/2486001.2486028,"We found that interactive services at Bing have highly variable datacenter-side processing latencies because their processing consists of many sequential stages, parallelization across 10s-1000s of servers and aggregation of responses across the network. To improve the tail latency of such services, we use a few building blocks: reissuing laggards elsewhere in the cluster, new policies to return incomplete results and speeding up laggards by giving them more resources. Combining these building blocks to reduce the overall latency is non-trivial because for the same amount of resource (e.g., number of reissues), different stages improve their latency by different amounts. We present Kwiken, a framework that takes an end-to-end view of latency improvements and costs. It decomposes the problem of minimizing latency over a general processing DAG into a manageable optimization over individual stages. Through simulations with production traces, we show sizable gains; the 99th percentile of latency improves by over 50% when just 0.1% of the responses are allowed to have partial results and by over 40% for 25% of the services when just 5% extra resources are used for reissues."
snowball,Predicting the End-to-End Tail Latency of Contai,backward,W2513730816,10.1145/3007787.3001186,Treadmill,2016,ACM SIGARCH Computer Architecture News,article,67,closed,,"Managing tail latency of requests has become one of the primary challenges for large-scale Internet services. Data centers are quickly evolving and service operators frequently desire to make changes to the deployed software and production hardware configurations. Such changes demand a confident understanding of the impact on one's service, in particular its effect on tail latency (e.g., 95th- or 99th-percentile response latency of the service). Evaluating the impact on the tail is challenging because of its inherent variability. Existing tools and methodologies for measuring these effects suffer from a number of deficiencies including poor load tester design, statistically inaccurate aggregation, and improper attribution of effects. As shown in the paper, these pitfalls can often result in misleading conclusions. In this paper, we develop a methodology for statistically rigorous performance evaluation and performance factor attribution for server workloads. First, we find that careful design of the server load tester can ensure high quality performance evaluation, and empirically demonstrate the inaccuracy of load testers in previous work. Learning from the design flaws in prior work, we design and develop a modular load tester platform, Treadmill, that overcomes pitfalls of existing tools. Next, utilizing Treadmill, we construct measurement and analysis procedures that can properly attribute performance factors. We rely on statistically-sound performance evaluation and quan"
snowball,Predicting the End-to-End Tail Latency of Contai,backward,W2114349882,10.1145/1772690.1772739,Autonomous resource provisioning for multi-service web applications,2010,,conference-paper,63,closed,,"Dynamic resource provisioning aims at maintaining the end-to-end response time of a web application within a pre-defined SLA. Although the topic has been well studied for monolithic applications, provisioning resources for applications composed of multiple services remains a challenge. When the SLA is violated, one must decide which service(s) should be reprovisioned for optimal effect. We propose to assign an SLA only to the front-end service. Other services are not given any particular response time objectives. Services are autonomously responsible for their own provisioning operations and collaboratively negotiate performance objectives with each other to decide the provisioning service(s). We demonstrate through extensive experiments that our system can add/remove/shift both servers and caches within an entire multi-service application under varying workloads to meet the SLA target and improve resource utilization."
snowball,Predicting the End-to-End Tail Latency of Contai,backward,W2798687276,10.1145/3190508.3190546,Service fabric,2018,,conference-paper,54,gold,http://dl.acm.org/ft_gateway.cfm?id=3190546&type=pdf,"We describe Service Fabric (SF), Microsoft's distributed platform for building, running, and maintaining microservice applications in the cloud. SF has been running in production for 10+ years, powering many critical services at Microsoft. This paper outlines key design philosophies in SF. We then adopt a bottom-up approach to describe low-level components in its architecture, focusing on modular use and support for strong semantics like fault-tolerance and consistency within each component of SF. We discuss lessons learned, and present experimental results from production data."
snowball,Predicting the End-to-End Tail Latency of Contai,backward,W2158863857,10.1109/mascots.2015.35,CloudScope: Diagnosing and Managing Performance Interference in Multi-tenant Clouds,2015,,conference-paper,50,closed,,"Virtual machine consolidation is attractive in cloud computing platforms for several reasons including reduced infrastructure costs, lower energy consumption and ease of management. However, the interference between co-resident workloads caused by virtualization can violate the service level objectives (SLOs) that the cloud platform guarantees. Existing solutions to minimize interference between virtual machines (VMs) are mostly based on comprehensive micro-benchmarks or online training which makes them computationally intensive. In this paper, we present CloudScope, a system for diagnosing interference for multi-tenant cloud systems in a lightweight way. CloudScope employs a discrete-time Markov Chain model for the online prediction of performance interference of co-resident VMs. It uses the results to optimally (re)assign VMs to physical machines and to optimize the hypervisor configuration, e.g. the CPU share it can use, for different workloads. We have implemented CloudScope on top of the Xen hypervisor and conducted experiments using a set of CPU, disk, and network intensive workloads and a real system (MapReduce). Our results show that CloudScope interference prediction achieves an average error of 9%. The interference-aware scheduler improves VM performance by up to 10% compared to the default scheduler. In addition, the hypervisor reconfiguration can improve network throughput by up to 30%."
snowball,Predicting the End-to-End Tail Latency of Contai,backward,W2760178975,10.1145/3127479.3132020,Distributed resource management across process boundaries,2017,,conference-paper,42,closed,,"Multi-tenant distributed systems composed of small services, such as Service-oriented Architectures (SOAs) and Micro-services, raise new challenges in attaining high performance and efficient resource utilization. In these systems, a request execution spans tens to thousands of processes, and the execution paths and resource demands on different services are generally not known when a request first enters the system. In this paper, we highlight the fundamental challenges of regulating load and scheduling in SOAs while meeting end-to-end performance objectives on metrics of concern to both tenants and operators. We design Wisp, a framework for building SOAs that transparently adapts rate limiters and request schedulers system-wide according to operator policies to satisfy end-to-end goals while responding to changing system conditions. In evaluations against production as well as synthetic workloads, Wisp successfully enforces a range of end-to-end performance objectives, such as reducing average latencies, meeting deadlines, providing fairness and isolation, and avoiding system overload."
snowball,Predicting the End-to-End Tail Latency of Contai,backward,W1587989274,,Failure recovery: when the cure is worse than the disease,2013,,article,35,closed,,"Cloud services inevitably fail: machines lose power, networks become disconnected, pesky software bugs cause sporadic crashes, and so on. Unfortunately, failure recovery itself is often faulty; e.g. recovery can accidentally recursively replicate small failures to other machines until the entire cloud service fails in a catastrophic outage, amplifying a small cold into a contagious deadly plague! We propose that failure recovery should be engineered foremost according to the maxim of primum non nocere, that it “does no harm. ” Accordingly, we must consider the system holistically when failure occurs and recover only when observed activity safely allows for it."
snowball,Predicting the End-to-End Tail Latency of Contai,backward,W2048137139,10.1145/2491465.2491468,Autonomic Provisioning with Self-Adaptive Neural Fuzzy Control for Percentile-Based Delay Guarantee,2013,ACM Transactions on Autonomous and Adaptive Systems,article,35,closed,,"Autonomic server provisioning for performance assurance is a critical issue in Internet services. It is challenging to guarantee that requests flowing through a multi-tier system will experience an acceptable distribution of delays. The difficulty is mainly due to highly dynamic workloads, the complexity of underlying computer systems, and the lack of accurate performance models. We propose a novel autonomic server provisioning approach based on a model-independent self-adaptive Neural Fuzzy Control (NFC). Existing model-independent fuzzy controllers are designed manually on a trial-and-error basis, and are often ineffective in the face of highly dynamic workloads. NFC is a hybrid of control-theoretical and machine learning techniques. It is capable of self-constructing its structure and adapting its parameters through fast online learning. We further enhance NFC to compensate for the effect of server switching delays. Extensive simulations demonstrate that, compared to a rule-based fuzzy controller and a Proportional-Integral controller, the NFC-based approach delivers superior performance assurance in the face of highly dynamic workloads. It is robust to variation in workload intensity, characteristics, delay target, and server switching delays. We demonstrate the feasibility and performance of the NFC-based approach with a testbed implementation in virtualized blade servers hosting a multi-tier online auction benchmark."
snowball,Predicting the End-to-End Tail Latency of Contai,backward,W2604168487,10.1109/igcc.2016.7892598,Using machine learning for black-box autoscaling,2016,,conference-paper,31,closed,,"Autoscaling is the practice of automatically adding or removing resources for an application deployment to meet performance targets in response to changing workload conditions. However, existing autoscaling approaches typically require expert application and system knowledge to minimize resource costs and performance target violations, thus limiting their applicability. We present MLscale, an application-agnostic, machine learning based autoscaler that is composed of: (i) a neural network based online (black-box) performance modeler, and (ii) a regression based metrics predictor to estimate post-scaling application and system metrics. Implementation results for diverse applications across several traces highlight MLscale's application-agnostic behavior and show that MLscale (i) reduces resource costs by about 50% compared to the optimal static policy, (ii) is within 15% of the cost of the optimal dynamic policy, and (iii) provides similar cost-performance tradeoffs, without requiring any tuning, when compared to carefully tuned threshold-based policies."
snowball,Predicting the End-to-End Tail Latency of Contai,backward,W1556444700,10.1109/icac.2015.41,QoS-Driven Cloud Resource Management through Fuzzy Model Predictive Control,2015,,conference-paper,30,closed,,"Virtualized systems such as public and private clouds are emerging as important new computing platforms with great potential to conveniently deliver computing across the Internet and efficiently utilize resources consolidated via virtualization. Resource management in virtualized systems remains a key challenge because of their intrinsically dynamic and complex nature, where the applications have dynamically changing workloads and virtual machines (VMs) compete for the shared resources in a convolved manner. To address this challenge, this paper proposes a new resource management approach that can effectively capture the nonlinear behaviors in VM resource usages through fuzzy modeling and quickly adapt to the changes in the system through predictive control. The resulting fuzzy-model-predictive-control (FMPC) approach is capable of optimizing the VM resource allocations to applications according to their QoS targets. This approach is incorporated in a two-level cloud resource management framework where at the VM host level the node controllers employ FMPC to optimize dynamic VM resource allocations within individual hosts, and at the cloud zone level the global scheduler coordinates the node controllers to optimize resource utilization across hosts through dynamic VM migrations. The proposed approaches were implemented for Xen-based virtualized systems and evaluated using typical benchmarks (RUBiS, Free Bench) on a test bed with over 100 concurrent VMs. The results demonstrat"
snowball,Predicting the End-to-End Tail Latency of Contai,backward,W2740795965,10.7148/2017-0598,Performance Evaluation Of Massively Distributed Microservices Based Applications,2017,,conference-paper,15,green,http://hdl.handle.net/2318/1645975,"Microservice-based software architectures are a recent trend, stemming from solutions that have been designed and experimented in big software companies, that aims to support devops and agile development strategies. The main point is that software architectures, similarly to what happens in SOA, are decomposed into very elementary tasks, that can be developed, maintained and deployed in isolation by small independent teams, and that compose an application by means of simple interactions. The resulting architecture is advocated to be more maintainable, less prone to failures, more agile, but obviously impacts on performances. In this paper we provide a simulation based approach to explore the impact of microservicebased software architectures in terms of performances and dependability, given a desired configuration. Our approach aims at giving a first approximation estimation of the behavior of different classes of microservice-based applications over a given system configuration, to characterize the infrastructure from the point of view of the service provider under a randomly generated realistic overall workload: to the best of our knowledge, there is not any other analogous decision support tool available in literature."
snowball,Predicting the End-to-End Tail Latency of Contai,backward,W2121514076,10.1109/tpds.2010.92,Online Capacity Identification of Multitier Websites Using Hardware Performance Counters,2010,IEEE Transactions on Parallel and Distributed Systems,article,20,closed,,"Understanding server capacity is crucial to system capacity planning, configuration, and QoS-aware resource management. Conventional stress testing approaches measure server capacity offline in terms of application-level performance metrics like response time and throughput. They are limited in measurement accuracy and timeliness. In a multitier website, resource bottleneck often shifts between tiers as client access pattern changes. This makes the problem of online capacity measurement even more challenge. This paper presents an online measurement approach based on low-level hardware performance metrics such as instructions execution rate and cache access behavior. Such metrics together define a system internal running state. The measurement approach uses machine learning techniques to infer application-level performance at each tier from a set of selected hardware performance counters. A coordinated predictor is induced over individual tier-wide models to make global system performance prediction and identify the bottleneck when the system becomes overloaded. Experiments were conducted on a two-tier Tomcat/MySQL-configured website using TPC-W benchmarks. Experimental results demonstrated that this approach was able to achieve an overload prediction accuracy of higher than 90 percent for a priori known input traffic mix and over 85 percent accuracy even for traffic causing frequent bottleneck shifting. It costs less than 0.5 percent runtime overhead for data collection and n"
snowball,Predicting the End-to-End Tail Latency of Contai,backward,W2803613897,10.1109/ic2e.2018.00038,"Towards an Adaptive, Fully Automated Performance Modeling Methodology for Cloud Applications",2018,,conference-paper,4,closed,,"The advent of the Cloud computing era along with the wide adoption of the distributed paradigm has enabled applications to increase their performance standards and greatly extend their scalability limits. Nevertheless, the ability of modern applications to be deployed in numerous different ways has complicated their structure and enormously increased the difficulty of extracting accurate performance models for them. This capability is crucial for many operations, such as the identification of the most appropriate execution setups for an anticipated workload, finding bottlenecks, etc. In this work, we propose a fully automated performance modeling methodology that aims at the creation of highly accurate performance models for a given maximum number of deployments. The main idea of the proposed methodology lies on the ""smart"" exploration of the application configuration space, the selection and deployment of a set of representative application configurations and the construction of the performance model through the adoption of Machine Learning techniques. Moreover, taking into consideration the often unstable and error-prone nature of the cloud, the proposed system attempts to overcome transient cloud failures that occur during the application deployment phase through the re-execution of the parts that failed. Our evaluation, conducted for a set of real-world applications frequently deployed over cloud infrastructures, indicates that our system is capable of both constructing p"
snowball,Predicting the End-to-End Tail Latency of Contai,forward,W3156127671,10.1145/3445814.3446693,Sinan: ML-based and QoS-aware resource management for cloud microservices,2021,,conference-paper,217,closed,,"Cloud applications are increasingly shifting from large monolithic services, to large numbers of loosely-coupled, specialized microservices. Despite their advantages in terms of facilitating development, deployment, modularity, and isolation, microservices complicate resource management, as dependencies between them introduce backpressure effects and cascading QoS violations."
snowball,Predicting the End-to-End Tail Latency of Contai,forward,W3127529544,10.1109/tnsm.2021.3052837,Machine Learning-Based Scaling Management for Kubernetes Edge Clusters,2021,IEEE Transactions on Network and Service Management,article,168,closed,,"Kubernetes, the container orchestrator for cloud-deployed applications, offers automatic scaling for the application provider in order to meet the ever-changing intensity of processing demand. This auto-scaling feature can be customized with a parameter set, but those management parameters are static while incoming Web request dynamics often change, not to mention the fact that scaling decisions are inherently reactive, instead of being proactive. We set the ultimate goal of making cloud-based applications' management easier and more effective. We propose a Kubernetes scaling engine that makes the auto-scaling decisions apt for handling the actual variability of incoming requests. In this engine various machine learning forecast methods compete with each other via a short-term evaluation loop in order to always give the lead to the method that suits best the actual request dynamics. We also introduce a compact management parameter for the cloud-tenant application provider to easily set their sweet spot in the resource over-provisioning vs. SLA violation trade-off. We motivate our scaling solution with analytical modeling and evaluation of the current Kubernetes behavior. The multi-forecast scaling engine and the proposed management parameter are evaluated both in simulations and with measurements on our collected Web traces to show the improved quality of fitting provisioned resources to service demand. We find that with just a few, but fundamentally different, and competing "
snowball,Predicting the End-to-End Tail Latency of Contai,forward,W4382200919,10.1109/tcc.2022.3163357,Dynamic Multi-Metric Thresholds for Scaling Applications Using Reinforcement Learning,2022,IEEE Transactions on Cloud Computing,article,36,closed,,"Cloud-native applications increasingly adopt the microservices architecture, which favors elasticity to satisfy the application performance requirements in face of variable workloads. To simplify the elasticity management, the trend is to create an auto-scaler instance per microservice, which controls its horizontal scalability by using the classic threshold-based policy. Although easy to implement, setting manually the scaling thresholds, which are usually statically-defined on a single metric, may lead to poor scaling decisions when applications are heterogeneous in terms of resource consumption. In this article, we study dynamic multi-metric threshold-based scaling policies, that exploit Reinforcement Learning (RL) to autonomously update the scaling thresholds, one per controlled resource (CPU and memory). The proposed RL approaches (i.e., QL, MB, and DQL Threshold) use different degrees of knowledge about the system dynamics. To model the thresholds’ adaptation actions, we consider two RL-based architectures. In the single-agent architecture, one agent drives the updates of both scaling thresholds. To speed-up the learning, the multi-agent architecture adopts a distinct agent per threshold. Simulation- and prototype-based results show the benefits of the proposed solutions when compared to the state-of-the-art policies and highlight the advantages of multi-agent MB Threshold and DQL Threshold approaches, in terms of deployment objectives and execution times."
snowball,Predicting the End-to-End Tail Latency of Contai,forward,W3114391123,10.1109/ucc48980.2020.00031,Robust Resource Scaling of Containerized Microservices with Probabilistic Machine learning,2020,,conference-paper,30,closed,,"Large-scale web services are increasingly being built with many small modular components (microservices), which can be deployed, updated and scaled seamlessly. These microservices are packaged to run in a lightweight isolated execution environment (containers) and deployed on computing resources rented from cloud providers. However, the complex interactions and the contention of shared hardware resources in cloud data centers pose significant challenges in managing web service performance. In this paper, we present RScale, a robust resource scaling system that provides end-to-end performance guarantee for containerized microservices deployed in the cloud. RScale employs a probabilistic machine learning-based performance model, which can quickly adapt to changing system dynamics and directly provide confidence bounds in the predictions with minimal overhead. It leverages multi-layered data collected from container-level resource usage metrics and virtual machine-level hardware performance counter metrics to capture changing resource demands in the presence of multi-tenant performance interference. We implemented and evaluated RScale on NSF Cloud's Chameleon testbed using KVM for virtualization, Docker Engine for containerization and Kubernetes for container orchestration. Experimental results with an open-source microservices benchmark, Robot Shop, demonstrate the superior prediction accuracy and adaptiveness of our modeling approach compared to popular machine learning techni"
snowball,Predicting the End-to-End Tail Latency of Contai,forward,W4396629548,10.1109/tnet.2024.3393427,Graph Neural Network-Based SLO-Aware Proactive Resource Autoscaling Framework for Microservices,2024,IEEE/ACM Transactions on Networking,article,18,closed,,"Microservice is an architectural style widely adopted in various latency-sensitive cloud applications. Similar to the monolith, autoscaling has attracted the attention of operators for managing the resource utilization of microservices. However, it is still challenging to optimize resources in terms of latency service-level-objective (SLO) without human intervention. In this paper, we present GRAF, a graph neural network-based SLO-aware proactive resource autoscaling framework for minimizing total CPU resources while satisfying latency SLO. GRAF leverages front-end workload, distributed tracing data, and machine learning approaches to (a) observe/estimate the impact of traffic change (b) find optimal resource combinations (c) make proactive resource allocation. Experiments using various open-source benchmarks demonstrate that GRAF successfully targets latency SLO while saving up to 19% of total CPU resources compared to the fine-tuned autoscaler. GRAF also handles a traffic surge with 36% fewer resources while achieving up to 2.6x faster tail latency convergence compared to the Kubernetes autoscaler. Moreover, we verify the scalability of GRAF on large-scale deployments, where GRAF saves 21.6% and 25.4% for CPU resources and memory resources, respectively."
snowball,Predicting the End-to-End Tail Latency of Contai,forward,W4400975581,10.1109/tsc.2024.3433388,DRPC: Distributed Reinforcement Learning Approach for Scalable Resource Provisioning in Container-Based Clusters,2024,IEEE Transactions on Services Computing,article,16,closed,,"Microservices have transformed monolithic applications into lightweight, self-contained, and isolated application components, establishing themselves as a dominant paradigm for application development and deployment in public clouds such as Google and Alibaba. Autoscaling emerges as an efficient strategy for managing resources allocated to microservices’ replicas. However, the dynamic and intricate dependencies within microservice chains present challenges to the effective management of scaled microservices. Additionally, the centralized autoscaling approach can encounter scalability issues, especially in the management of large-scale microservice-based clusters. To address these challenges and enhance scalability, we propose an innovative distributed resource provisioning approach for microservices based on the Twin Delayed Deep Deterministic Policy Gradient algorithm. This approach enables effective autoscaling decisions and decentralizes responsibilities from a central node to distributed nodes. Comparative results with state-of-the-art approaches, obtained from a realistic testbed and traces, indicate that our approach reduces the average response time by 15% and the number of failed requests by 24%, validating improved scalability as the number of requests increases."
snowball,Predicting the End-to-End Tail Latency of Contai,forward,W4388989557,10.1145/3590140.3592851,Sora,2023,,conference-paper,15,gold,https://dl.acm.org/doi/pdf/10.1145/3590140.3592851,"Fast response time for modern web services that include numerous distributed and lightweight microservices becomes increasingly important due to its business impact. While hardware-only resource scaling approaches (e.g., FIRM [47] and PARSLO [40]) have been proposed to mitigate response time fluctuations on critical microservices, the re-adaptation of soft resources (e.g., threads or connections) that control the concurrency of hardware resource usage has been largely ignored. This paper shows that the soft resource adaptation of critical microservices has a significant impact on system scalability because either under- or over-allocation of soft resources can lead to inefficient usage of underlying hardware resources. We present Sora, an intelligent, fast soft resource adaptation management framework for quickly identifying and adjusting the optimal concurrency level of critical microservices to mitigate service-level objective (SLO) violations. Sora leverages online fine-grained system metrics and the propagated deadline along the critical path of request execution to quickly and accurately provide optimal concurrency setting for critical microservices. Based on six real-world bursty workload traces and two representative microservices benchmarks (Sock Shop and Social Network), our experimental results show that Sora can effectively mitigate large response time fluctuations and reduce the 99th percentile latency by up to 2.5× compared to the hardware-only scaling strategy F"
snowball,Predicting the End-to-End Tail Latency of Contai,forward,W4385565459,10.1145/3580305.3599505,SketchPolymer: Estimate Per-item Tail Quantile Using One Sketch,2023,,conference-paper,15,gold,https://dl.acm.org/doi/pdf/10.1145/3580305.3599505,"1Estimating the quantile of distribution, especially tail distribution, is an interesting topic in data stream models, and has obtained extensive interest from many researchers. In this paper, we propose a novel sketch, namely SketchPolymer to accurately estimate per-item tail quantile. SketchPolymer uses a technique called Early Filtration to filter infrequent items, and another technique called VSS to reduce error. Our experimental results show that the accuracy of SketchPolymer is on average 32.67 times better than state-of-the-art techniques. We also implement our SketchPolymer on P4 and FPGA platforms to verify its deployment flexibility. All our codes are available at GitHub.[1]"
snowball,Predicting the End-to-End Tail Latency of Contai,forward,W4404059931,10.1145/3702986,Deep Configuration Performance Learning: A Systematic Survey and Taxonomy,2024,ACM Transactions on Software Engineering and Methodology,article,14,hybrid,https://doi.org/10.1145/3702986,"Performance is arguably the most crucial attribute that reflects the quality of a configurable software system. However, given the increasing scale and complexity of modern software, modeling and predicting how various configurations can impact performance becomes one of the major challenges in software maintenance. As such, performance is often modeled without having a thorough knowledge of the software system, but relying mainly on data, which fits precisely with the purpose of deep learning. In this article, we conduct a comprehensive review exclusively on the topic of deep learning for performance learning of configurable software, covering 1,206 searched papers spanning six indexing services, based on which 99 primary papers were extracted and analyzed. Our results outline key statistics, taxonomy, strengths, weaknesses, and optimal usage scenarios for techniques related to the preparation of configuration data, the construction of deep learning performance models, the evaluation of these models, and their utilization in various software configuration-related tasks. We also identify the good practices and potentially problematic phenomena from the studies surveyed, together with a comprehensive summary of actionable suggestions and insights into future opportunities within the field. To promote open science, all the raw results of this survey can be accessed at our repository: https://github.com/ideas-labo/DCPL-SLR ."
snowball,Predicting the End-to-End Tail Latency of Contai,forward,W4388041004,10.1145/3620678.3624787,LatenSeer,2023,,conference-paper,13,gold,https://dl.acm.org/doi/pdf/10.1145/3620678.3624787,"End-to-end latency estimation in web applications is crucial for system operators to foresee the effects of potential changes, helping ensure system stability, optimize cost, and improve user experience. However, estimating latency in microservices-based architectures is challenging due to the complex interactions between hundreds or thousands of loosely coupled microservices. Current approaches either track only latency-critical paths or require laborious bespoke instrumentation, which is unrealistic for end-to-end latency estimation in complex systems."
snowball,Predicting the End-to-End Tail Latency of Contai,forward,W2988002821,10.1145/3366615.3368355,A Case for Performance-Aware Deployment of Containers,2019,,conference-paper,11,closed,,"Cloud-native applications are increasingly adopting microservices architectures that support the development agility required by modern software. These applications deploy their components in containers that enable microservices to be deployed across different platforms, supporting the independent scaling of the different components. However, the operational complexity of microservices presents significant challenges in maintaining the performance of such applications, especially in clouds with performance variability and unpredictability. While virtual machine based deployment of applications has been well studied---with sophisticated orchestrators in the literature and practice---there has been little such studies on the opportunity in improving application performance using performance-aware deployment strategies for containers. In this paper, we consider both the runtime and initialization time performance of containerized applications and show that default placement strategies provided by orchestrators are often insufficient. Our experiments on multiple services show that a performance-aware approach is able to outperform the default placement strategy by up to factor of 2x and 2.21x for the 50th and 99th percentiles."
snowball,Predicting the End-to-End Tail Latency of Contai,forward,W3094486128,10.23919/apnoms50412.2020.9237055,Real-time Monitoring System for Container Networks in the Era of Microservices,2020,,conference-paper,10,closed,,"Large-scale web services are increasingly adopting the microservice architecture that mainly utilizes container technologies. Microservices are operated on complex configured infrastructures, such as containers, virtual machines, and physical machines. To ensure service quality of microservices, it is important to monitor not only the quality of services but also the quality of the infrastructures utilized by the services. Therefore, the metrics of the infrastructure related with the services should be traced. An extended Berkeley Packet Filter (eBPF) is a relatively new Linux's function, which is effectively used as a sensor of container-network metrics. There are two key challenges in realizing the service-linked monitoring system. One challenge is making the full-stack topology between microservices, containers, and machines visible to set the sensor related with the services. Another challenge is dynamic sensor management that can relocate the sensor quickly after the topology's change. In this paper, we propose a real-time monitoring system that creates a full-stack topology and relocates the sensor in conjunction with events from a container orchestrator. The system enables a dynamic deployment of the sensors related with the monitored services."
snowball,Predicting the End-to-End Tail Latency of Contai,forward,W4328028894,10.1109/qrs57517.2022.00070,Automated Grey-Box Testing of Microservice Architectures,2022,,conference-paper,9,closed,,"Microservices Architectures (MSA) have found large adoption in companies delivering online services, often in conjunction with agile development practices. Microservices are distributed, independent and polyglot entities – all features favouring black-box testing. However, for real-scale MSA, a pure black-box strategy may not be able to exercise the system to properly cover the interactions involving internal microservices.We propose a grey-box strategy (MACROHIVE) for automated testing and monitoring of (internal) microservices interactions. It uses combinatorial testing to generate valid and invalid tests from microservices specification. Tests execution and monitoring are automated by a service mesh infrastructure. MACROHIVE runs the tests and traces the interactions among microservices, to report about internal coverage and failing behaviour.MACROHIVE is experimented on TrainTicket, an open-source MSA benchmark. It performs comparably to state-of-the-art techniques in terms of edge-level coverage, but exposes internal failures undetected by black-box testing, gives detailed internal coverage information, and requires fewer tests."
snowball,Predicting the End-to-End Tail Latency of Contai,forward,W3128880898,10.24251/hicss.2021.208,End-to-End Latency Prediction of Microservices Workflow on Kubernetes: A Comparative Evaluation of Machine Learning Models and Resource Metrics,2021,Proceedings of the ... Annual Hawaii International Conference on System Sciences/Proceedings of the Annual Hawaii International Conference on System Sciences,conference-paper,8,green,https://scholarspace.manoa.hawaii.edu/bitstreams/ba00be83-fe9a-47bf-9212-d289785a2b03/download,"Application design has been revolutionized with the adoption of microservices architecture. The ability to estimate end-to-end response latency would help software practitioners to design and operate microservices applications reliably and with efficient resource capacity. The objective of this research is to examine and compare data-driven approaches and a variety of resource metrics to predict end-to-end response latency of a containerized microservices workflow running in a cloud Kubernetes platform. We implemented and evaluated the prediction using a deep neural network and various machine learning techniques while investigating the selection of resource utilization metrics. Observed characteristics and performance metrics from both microservices and platform levels were used as prediction indicators. To compare performance models, we experimented with a benchmarking open-source Sock Shop containerized application. A deep neural network technique exhibited the best prediction accuracy using all metrics, while other machine learning techniques demonstrated acceptable performance using a subset of the metrics."
snowball,Predicting the End-to-End Tail Latency of Contai,forward,W4321495318,10.37394/23205.2023.22.4,Multi-tenancy in Cloud-native Architecture: A Systematic Mapping Study,2023,WSEAS Transactions on Computers archive,article,7,diamond,https://doi.org/10.37394/23205.2023.22.4,"Cloud-native architectures has become an essential part of the cloud computing paradigm with the capacity of improved horizontal and vertical scalability, automation, usability and multi-tenancy. However, there are parts that are yet to be fully discovered like multi-tenancy. Multi-tenancy an essential part of the cloud computing, has not been fully. The purpose of this study is to survey existing research on multi-tenancy in cloud-native architecture in order to identify useful trends, opportunity, challenges and finally the needs for further researches. A systematic mapping method was used to systematically compare, classify, analyse, evaluate and appraise existing works of literature on multi-tenancy in cloud-native. We started from over 921 potentially relevant peer reviewed publications. We applied a selection procedure resulting in 64 peer reviewed publications over the last six years between 2015 to 2022 and the selected studies were classified through the characterisation framework. The review shows the emerging challenges and trending concepts in multi-tenancy within cloud native architecture, but also discusses the improvement in multi-tenancy while considering cloud native architecture in the recent years."
snowball,Predicting the End-to-End Tail Latency of Contai,forward,W4280637960,10.1109/wcnc51071.2022.9771942,Machine Learning based Performance Prediction for Cloud-native 5G Mobile Core Network,2022,2022 IEEE Wireless Communications and Networking Conference (WCNC),conference-paper,6,closed,,"Network functions that apply advanced cloud-native technologies are called Cloud-native Network Functions (CNFs). CNFs reap many of the benefits of a microservices architecture. However, CNFs are expected to be used, for example, as a platform for MEC and will require more distributed deployment in various cloud environments from the edge to the private or public cloud than ordinary web services. As a result, the number of combinations of software and hardware resources will explode, making it difficult to design optimal hardware resources in accordance with the requirements of the various network services. To overcome this challenge, we propose an automated CNF provisioning engine that optimizes the hardware resources allocated to CNFs from the viewpoint of performance assurance and minimizing equipment costs even in various clouds. In this paper, we used machine learning for the cloud-native 5G mobile core to build a performance prediction model for both control plane and user plane functions under various hardware conditions on the basis of the performance characteristics data obtained from our test platform. From evaluating the prediction accuracy of the constructed models, we clarify that the models can predict with high accuracy even using features that can be easily fed back to the hardware resource design."
snowball,Predicting the End-to-End Tail Latency of Contai,forward,W4389495320,10.1109/ojcoms.2023.3341002,Proactive and Intelligent Monitoring and Orchestration of Cloud-Native IP Multimedia Subsystem,2023,IEEE Open Journal of the Communications Society,article,5,gold,https://ieeexplore.ieee.org/ielx7/8782661/8901158/10349688.pdf,"As the cloud moves from monolithic infrastructure to a self-isolated cloud native microservice environment, automation is becoming an important aspect for the management of the application life cycle. In this context, there are many tools available that can monitor these applications and raise alarms. However, automated orchestration is still in its early stages, and the available solutions are not capable of monitoring the whole system from application to hardware levels and performing automated operations within the system. Moreover, IP Multimedia Subsystem (IMS), which is the core part of the Telecom industry, has switched to a microservice environment. These IMS services are critical and need to be proactively monitored to provide automated orchestration operations. In this paper, we address the aforementioned problem by proposing a new scheme for monitoring the metrics from different sources and proactively and automatically performing orchestration using machine learning while improving the scalability of the cloud native Virtual IMS. Experiments carried out with a real cloud-native IMS running in a kubernetes cluster explore the relevance, efficiency and scalability of the proposed scheme."
snowball,Predicting the End-to-End Tail Latency of Contai,forward,W3114941919,10.1109/isncc49221.2020.9297238,A Framework for Automated Monitoring and Orchestration of Cloud-Native applications,2020,,conference-paper,5,closed,,In the age of cloud-native implementation both monitoring and automated orchestration plays an important role for managing these applications' life cycle. There are lot of available monitoring tools which are able to monitor these implementations but they lack the application related metrics and also the automated orchestration is still at a premature stage. In this article we are proposing a framework that takes application related metrics along with the absolute and relative metrics and pro-actively performs automated orchestration using machine learning for scalability.
snowball,Predicting the End-to-End Tail Latency of Contai,forward,W4410772371,10.1145/3737289,Tail-Learning: Adaptive Learning Method for Mitigating Tail Latency in Autonomous Edge Systems,2025,ACM Transactions on Autonomous and Adaptive Systems,article,4,bronze,https://dl.acm.org/doi/pdf/10.1145/3737289,"In the field of edge computing, the increasing demand for high Quality of Service (QoS), particularly in dynamic multimedia streaming applications (e.g., Augmented Reality/Virtual Reality and online gaming), has prompted the need for effective solutions. Nevertheless, adopting an edge paradigm grounded in distributed computing has exacerbated the issue of tail latency. Given a limited variety of multimedia services supported by edge servers and the dynamic nature of user requests, employing traditional queuing methods to model tail latency in distributed edge computing is challenging, substantially exacerbating head-of-line (HoL) blocking. In response to this challenge, we have developed a learning-based scheduling method to mitigate the overall tail latency, which adaptively selects appropriate edge servers for execution as incoming distributed tasks vary with unknown size. To optimize the utilization of the edge computing paradigm, we leverage the Laplace transform to theoretically derive an upper bound for the response time of edge servers. Subsequently, we integrate this upper bound into reinforcement learning to facilitate tail-learning and enable informed decisions for autonomous distributed scheduling. The experiment results demonstrate the efficiency in reducing tail latency compared to existing methods."
snowball,Predicting the End-to-End Tail Latency of Contai,forward,W4387006425,10.1109/cloud60044.2023.00029,μP: A Development Framework for Predicting Performance of Microservices by Design,2023,,conference-paper,4,closed,,"Microservice (MS) architecture has become a popular paradigm in software engineering and has been embraced in the industry (e.g., Amazon, Netflix) for cloud-based applications with crucial performance requirements. Surprisingly, assessing how the MS designs affect performance is still a challenging issue, which is generally tackled by extensive and expensive profiling. In this paper, we propose$\mu \mathbf{P}$, a novel development framework for MS applications where performance can be predicted$by$design.$\mu \mathbf{P}$offers an API that automatically generates a per-formance model based on Layered Queuing Networks (LQNs) without requiring any development effort beyond writing the actual system code. The model can then be queried to predict performance metrics such as response time and utilization of individual microservices. We validate$\mu \mathbf{P}$on four benchmarks taken from the literature. The results show the effectiveness of$\mu \mathbf{P}$in accurately predicting performance due to increasing user load, vertical and horizontal scaling. We report prediction errors for response times consistently lower than 10% across a wide range of operating conditions."
snowball,Predicting the End-to-End Tail Latency of Contai,forward,W4383898422,10.1109/seams59076.2023.00018,Towards a Robust On-line Performance Model Identification for Change Impact Prediction,2023,,conference-paper,4,closed,,"In self-adaptive systems, model-based control assumes decisions are taken based on a model that is identified at run-time. The model is built by measuring the control inputs, disturbances, and outputs of the controlled system and fitting the data into a function. Models can be accurate locally, that is, for data already seen by the system and by the model identification method. However, many times an Autonomic Manager (AM) needs to move the cloud-native applications into new operational points, e.g. by adding new applications to the shared environment, scaling applications or consolidating resources. There are no data points yet for these new operational regions to have any certainty that the prediction models are accurate. In this paper, we propose a method to identify a model that predicts metrics at any unexplored operational point of a cloud-native application. The method is based on a lightweight Look-Ahead Scanner (LAS) mechanism that explores different operational points by injecting controlled short-lived load. We evaluate our method on realistic applications deployed on public clouds. We show that the proposed method can build models that outperform the state of the art ML models by 42%."
snowball,Predicting the End-to-End Tail Latency of Contai,forward,W3196042529,10.1007/978-3-030-85172-9_5,Compositional Safe Approximation of Response Time Distribution of Complex Workflows,2021,Lecture notes in computer science,conference-paper,4,closed,,
snowball,Predicting the End-to-End Tail Latency of Contai,forward,W3202455323,10.1007/978-3-030-88224-2_5,Scheduling Microservice Containers on Large Core Machines Through Placement and Coalescing,2021,Lecture notes in computer science,conference-paper,4,closed,,
snowball,Predicting the End-to-End Tail Latency of Contai,forward,W7155184009,10.54097/b5qr1a18,Achieving Resource Isolation in Multi-Tenant Cloud Platforms Without Sacrificing Performance,2026,Journal of Computing and Electronic Information Management,article,3,hybrid,https://jceim.org/index.php/ojs/article/download/183/179,"Multi-tenant cloud (MTC) platforms have become the cornerstone of modern distributed computing infrastructure, enabling diverse workloads from independent clients to coexist on shared physical hardware while each tenant perceives a logically dedicated environment. The central engineering challenge in these environments is achieving robust resource isolation (RI) without incurring performance penalties that undermine the economic and operational advantages of consolidation. This paper provides a comprehensive review of mechanisms, scheduling policies, and architectural innovations that address the isolation-performance trade-off across compute, memory, network, and storage domains. We survey hardware-assisted virtualization techniques, container-based sandboxing, software-defined networking (SDN) overlays, and disaggregated storage architectures, analyzing how each approach positions itself on the spectrum between isolation fidelity and execution efficiency. We further examine the growing role of machine learning (ML) in dynamic resource management, the unique demands imposed by emerging workload classes such as serverless functions and artificial intelligence (AI) training pipelines, and the microarchitectural threat landscape shaped by speculative execution vulnerabilities."
snowball,Predicting the End-to-End Tail Latency of Contai,forward,W4407903326,10.2139/ssrn.5151248,"Containerization in Multi-Cloud Environment: Roles, Strategies, Challenges, and Solutions for Effective Implementation",2025,SSRN Electronic Journal,preprint,3,green,https://doi.org/10.2139/ssrn.5151248,
snowball,Predicting the End-to-End Tail Latency of Contai,forward,W4393928164,10.1145/3603166.3632566,Comparison of Microservice Call Rate Predictions for Replication in the Cloud,2023,,conference-paper,3,gold,https://dl.acm.org/doi/pdf/10.1145/3603166.3632566,"Deploying microservice-based applications on computing clusters in the Cloud is subject to stochastic changes due to dynamic user requirements. To address the problem of estimating dynamic and runtime user requirements, we compare three machine learning (ML) models for predicting the microservice call rates based on the execution times (also referred as microservice times) and aiming at estimating the scalability requirements of microservices. We apply the linear regression (LR), multilayer perceptron (MLP), and gradient boosting regression (GBR) models on the Alibaba microservice traces, supporting the workloads for microservice-based applications from real production environments. The prediction results reveal that the LR model reaches a lower training time than the GBR and MLP models, leading to lower microservice deployment time. However, the GBR reduces the mean absolute error and the mean absolute percentage error compared to LR and MLP models, predicting the required number of replicas for each microservice close to the actual test data without any prediction."
snowball,Predicting the End-to-End Tail Latency of Contai,forward,W4385259214,10.1002/spe.3244,A multi‐faceted analysis of the performance variability of virtual machines,2023,Software Practice and Experience,article,3,green,https://air.unimi.it/bitstream/2434/1227049/2/2309.11959v1.pdf,"Abstract Cloud computing and virtualization solutions allow one to rent the virtual machines (VMs) needed to run applications on a pay‐per‐use basis, but rented VMs do not offer any guarantee on their performance. Cloud platforms are known to be affected by performance variability , but a better understanding is still required. This article moves in that direction and presents an in‐depth, multi‐faceted study on the performance variability of VMs. Unlike previous studies, our assessment covers a wide range of factors: 16 VM types from 4 well‐known cloud providers, 10 benchmarks, and 28 different metrics. We present four new contributions. First, we introduce a new benchmark suite ( VMBS ) that let researchers and practitioners systematically collect a diverse set of performance data. Second, we present a new indicator, called V I , that allows for measuring variability in the performance of VMs. Third, we illustrate an analysis of the collected data across four different dimensions: resources , isolation , time , and cost . Fourth, we present multiple predictive models based on machine learning (ML) that aim to forecast future performance and detect time patterns. Our experiments provide important insights on the resource variability of VMs, highlighting differences and similarities between various cloud providers. To the best of our knowledge, this is the widest analysis ever conducted on the topic."
snowball,Predicting the End-to-End Tail Latency of Contai,forward,W4387401767,10.1007/978-3-031-43185-2_21,A Quantitative Approach to Coordinated Scaling of Resources in Complex Cloud Computing Workflows,2023,Lecture notes in computer science,conference-paper,3,closed,,
snowball,Predicting the End-to-End Tail Latency of Contai,forward,W4288032399,10.1109/tpds.2022.3170834,State Space Model and Queuing Network Based Cloud Resource Provisioning for Meshed Web Systems,2022,IEEE Transactions on Parallel and Distributed Systems,article,3,closed,,"Functions provided by Web applications are increasingly diverse which make their structures complicated and meshed. Cloud computing platforms provide elastic computing capacities for these meshed Web systems to guarantee Service Level Agreement (SLA). Though workloads of meshed Web systems usually change steadily and periodically in total, sometimes there are sudden fluctuations. In this paper, a hybrid State-space-model-and-Queuing-network based Feedback control method (SQF) is developed for auto-scaling Virtual Machines (VMs) allocated to each tier of meshed Web systems. For the case with workloads changing steadily, a State-space-model based static Feedback Control method (SFC) is proposed in SQF to stabilize request response times near the reference time. For unsteadily changing workloads, a Queuing-network based multi-tier collaborative Feedback Control method (QFC) is proposed for effectively eliminating bottlenecks. QFC builds a control system for each tier individually and uses the queuing network to measure the interaction relationships among different tiers. Experimental results show that QFC is able to improve the efficiency of eliminating bottlenecks (decreasing upper-limit SLA violation ratios by 31.99%$\sim$56.52%) with similar or a little bit high VM rental costs compared to existing methods while SFC obtains more stable response times for requests with reasonable additional costs."
snowball,Predicting the End-to-End Tail Latency of Contai,forward,W4406499971,10.1109/cascon62161.2024.10838219,Exploring Approaches to Integrate Performance Prediction and Anomaly Detection in Microservices Systems,2024,,conference-paper,2,closed,,"Numerous algorithms have been proposed over the years to predict performance metrics and detect performance anomalies in microservices based applications. However, most models specialize in either performance prediction or anomaly detection. As a result, multiple models are often required to monitor cloud-native applications effectively. Given the distributed nature of modern cloud-native systems, performance and health monitoring is carried out through various channels, and using separate models for each task adds complexity to the monitoring process. Therefore, this paper aims to investigate the use of multimodal data to integrate performance prediction and anomaly detection methods. For this purpose, we utilize simple Graph Neural Networks to predict latency distribution, as opposed to a single latency value for traces generated by a microservices system. The predicted latency distribution is then fed to several Machine Learning models to predict trace based anomalies. Our results show that all models tested can achieve accuracy of more than 96% and with good precision and recall values in a heavily unbalanced Train Ticket dataset."
snowball,Predicting the End-to-End Tail Latency of Contai,forward,W4403790509,10.1145/3674910,An Intelligent Scheduling Approach on Mobile OS for Optimizing UI Smoothness and Power,2024,ACM Transactions on Architecture and Code Optimization,article,2,diamond,https://doi.org/10.1145/3674910,"Mobile devices need to respond quickly to diverse user inputs. The existing approaches often heuristically raise the CPU/GPU frequency according to the empirical rules when facing burst inputs and various changes. Although doing so can be effective sometimes, the existing approaches still need improvements. For instance, raising processors’ frequency can lead to high power consumption when the frequency is over-provisioned or fail to meet user demands when the frequency is under-provisioned. To this end, we propose MobiRL, a reinforcement learning-based scheduler for intelligently adjusting the CPU/GPU frequency to satisfy user demands accurately on mobile systems. MobiRL monitors the mobile system status and autonomously learns to optimize UI smoothness and power consumption by conducting CPU/GPU frequency-adjusting actions. The experimental results on the latest delivered smartphones show that MobiRL outperforms the widely used commercial scheduler on real devices—reducing the frame drop rate by 4.1% and reducing power consumption by 42.8%, respectively. Moreover, compared with a study using Q-Learning for CPU frequency scheduling, MobiRL achieves up to a 2.5% lower frame drop rate and reduces power consumption by 32.6%, respectively. Our approach has been deployed in mobile phone products."
snowball,Predicting the End-to-End Tail Latency of Contai,forward,W4295113527,10.1007/978-3-031-16336-4_13,Eulero: A Tool for Quantitative Modeling and Evaluation of Complex Workflows,2022,Lecture notes in computer science,conference-paper,2,closed,,
snowball,Predicting the End-to-End Tail Latency of Contai,forward,W4411995880,10.1109/tpds.2025.3585821,Compositional Coordinated Resource Provisioning in Workflows With Stochastic Durations,2025,IEEE Transactions on Parallel and Distributed Systems,article,1,hybrid,https://doi.org/10.1109/tpds.2025.3585821,"In performance engineering of composed services, coordinated provisioning can reduce the amount of resources required to meet end-to-end response time objectives. To this aim, various intertwined aspects of the application architecture need to be taken into account, notably including precedence constraints in the composition of elementary services, along with their durations and sensitivity to the scaling of provisioned resources. We address coordinated provisioning of resources for elementary services with stochastic durations with general distributions (i.e., including non-exponential distributions). We compose services in a workflow where precedence constraints define a Directed Acyclic Graph (DAG) and the distribution of the end-to-end (E2E) response time is subject to a Service Level Objective (SLO). We leverage a surrogate model of service performance, assuming a low workload of workflow requests (i.e., a single-request scenario) and service durations inversely proportional to provisioned resources. Given the total amount of resources, our approach derives the service provisioning that optimizes the workflow E2E response time distribution, by exploiting a compositional approach and by using stochastically ordered approximations to manage dependencies in non-well-nested precedence DAGs. Then, the approach scales provisioned resources up or down to determine the minimum amount of resources needed to satisfy the SLO, while leaving the remaining resources for horizontal sca"
snowball,Predicting the End-to-End Tail Latency of Contai,forward,W4412445265,10.1109/noms57970.2025.11073633,Improved Performance Control of Cloud-Native Microservices in the Edge with Proactive Autoscaling,2025,,conference-paper,1,closed,,"–Shifting from cloud to edge computing offers the advantage of being closer to the user, which improves latency and helps meet performance-related Service Level Agreement (SLA) requirements. However, the limited resources at the edge necessitate efficient resource scaling to handle fluctuating user demand. To maximize resource utilization, microservices architecture is favored over traditional monolithic approaches, allowing independent scaling of components so that only those needing extra resources are adjusted. Yet, standard reactive scaling methods may struggle to cope with unpredictable user traffic, leading to potential SLA violations. This underscores the need for proactive scaling solutions, where machine learning can play a key role in meeting diverse SLA requirements. In this work, we address these challenges by introducing a machine learning (ML) based proactive scaling framework for microservices in the edge. Our contribution is threefold, first we analyze several ML algorithms, identifying those that can be effectively applied in scaling. Second, we design and implement a scaling system that is capable of collecting metrics at multiple levels and making scaling decisions using ML models to ensure that the application meets the requirements specified in the SLA. Third, the system's efficiency is analyzed by measurements executed in a real environment, where we scale our test microservices-based application. Results show that the system can outperform the Kubernete"
snowball,Predicting the End-to-End Tail Latency of Contai,forward,W4411272130,10.1109/seams66627.2025.00014,"SYSTEMLENS: Integrating Performance Prediction, Anomaly Prediction and Root-Cause Localization for Self-Healing Software Systems",2025,,conference-paper,1,closed,,"Engineering self-adaptive systems for software applications necessitates accurate predictions about the state of the underlying application. These predictions can then be used to enable automated cloud operations, such as scaling services in microservices architectures. However, designing an effective selfadaptive system for software applications requires simultaneous predictions across multiple dimensions, including performance, anomalies, and their root causes. While numerous algorithms have been proposed to address performance prediction and anomaly detection, these models typically focus on a single dimension. In this paper, we propose SYSTEMLENS, a novel approach that integrates performance prediction, anomaly detection, and root-cause localization within a unified framework for microservice applications. SYSTEMLENS utilizes Graph Neural Networks (GNNs) and Gated Recurrent Units (GRUs) to first predict latency distributions for traces and the microservice calls involved in generating those traces. These latency distributions are further processed to identify trace-based anomalies and their root causes. By consolidating these tasks into a single model, SYSTEMLENS facilitates comprehensive system monitoring with improved correlations between predictions. We evaluate SYSTEMLENS on benchmark datasets from the domains of performance modeling and anomaly detection, demonstrating its effectiveness in providing an integrated and proactive monitoring solution."
snowball,Predicting the End-to-End Tail Latency of Contai,forward,W4382403767,10.1002/spe.3234,Exploring nonintrusive measurements of spatio‐temporal portrait of microservices,2023,Software Practice and Experience,article,1,closed,,"Abstract As cloud native technology advances, the scale and complexity of applications built on microservice architecture continue to expand, leading to increasingly intricate differences between software within the same application. Microservice applications, offering high flexibility, are deployed in data centers as black boxes from the users' perspective, leaving them with no insight into the orchestration of cloud service providers. Consequently, users face challenges in promptly recognizing performance imbalances within their deployed applications. Meanwhile, cloud service providers may cut costs by offering a mix of qualified and unqualified services, potentially deceiving users. To enhance the understanding of microservice application organization, we propose a non‐intrusive measurement framework, termed NMPI. NMPI facilitates rapid identification of microservice application defects, offering insights into cloud services and detecting fraudulent behavior in microservice‐based applications. We model microservice applications using a queue analysis‐based approach and filter the dominant frequency components of average response time signals by employing k‐means on the fast fourier transform (FFT). Our model constructs a library of performance portraits for various software, with these portraits resembling human fingerprints that carry and mark the software's internal information. Utilizing a two‐tier microservices‐based application incorporating a database as a case study"
snowball,Predicting the End-to-End Tail Latency of Contai,forward,W3172802051,10.1007/978-3-030-76352-7_6,Learning Performance Models Automatically,2021,Lecture notes in computer science,conference-paper,1,closed,,
snowball,Predicting the End-to-End Tail Latency of Contai,forward,W7154686262,10.1109/tsc.2026.3685325,PAHPA: Revolutionizing Kubernetes Autoscaling With Integrated Predictive Analytics and Real-Time Monitoring,2026,IEEE Transactions on Services Computing,article,0,closed,,"Kubernetes provides powerful container orchestration features, like auto-scaling, which dynamically adjusts the scale of containerized applications. However, the default auto scaling mechanism in Kubernetes typically responds to workload changes only after they have occurred, which can result in resource mismatches. While there has been significant research into proactive auto-scaling approaches, most existing solutions struggle to adapt to the constantly evolving characteristics of prediction targets. This paper presents PAHPA, an intelligent, prediction-assisted approach aimed at enhancing Kubernetes' autoscaling capabilities, which integrates an prediction model, SLMD-LightGBM proposed in this paper, featuring a self updating mechanism for continuous prediction optimization, queueing theory analysis to improve resource allocation decisions, and a correction mechanism that refines prediction metrics using real-time data. A central insight of this paper is that while predictions are crucial, they should not be the sole basis for decisions and must be complemented by real-time monitoring data to ensure robust and adaptive autoscaling. Experimental results demonstrate that PAHPA significantly enhances system stability and reduces service latency, achieving a 9.5% lower Violation Rate (16.3%) than HPA (25.8%) and a 63% reduction in 99th percentile latency (880ms vs. 2400ms). This research highlights how combining predictive analytics with real-time monitoring can lead to more e"
snowball,Predicting the End-to-End Tail Latency of Contai,forward,W7147603186,10.1109/lascas67804.2026.11457080,Comparative Analysis of Benchmarks in Machine Learning and Deep Learning,2026,,conference-paper,0,closed,,"This article presents a Systematic Literature Review (SLR) on benchmarks in Machine Learning and Deep Learning, analyzing their characteristics, applications, limitations, and challenges. The methodology followed Kitchenham's guidelines, and five research questions (RQs) were formulated to guide the identification and analysis of studies. These RQs focused on the most used benchmarks, their influence on model generalization and performance, practical purpose, categorization criteria, and employed frameworks. The search was conducted across databases such as Scopus, IEEE Xplore, Web of Science, and ACM Digital Library. This process resulted in the selection of 76 articles, 12 of which were analyzed in depth. The results detail specific benchmarks for embedded systems (EEMBC, MiBench), mobile devices (3DMark, AnTuTu), and AI (AIBench, MLPerf). The findings highlight their importance in hardware and software evaluation, bottleneck identification, and reproducibility promotion."
snowball,Predicting the End-to-End Tail Latency of Contai,forward,W7117966365,10.1007/978-981-95-0375-9_39,Containerizing Penetration Testing Tools Using Docker Containers,2026,Lecture notes in networks and systems,conference-paper,0,closed,,
snowball,Predicting the End-to-End Tail Latency of Contai,forward,W7131796753,10.1134/s0361768825700422,Software Testing on Microservices-Based Systems: A Systematic Literature Review and Thematic Analysis,2025,Programming and Computer Software,review,0,closed,,"Microservice architecture (MSA) has emerged as a significant software architecture in both industry and academia, garnering attention as a key research area. MSA offers numerous benefits, such as facilitating independent development, testing, and system deployment. However, its distributed characteristics introduce various challenges. Testing microservices presents diverse challenges derived from complex dependencies, diverse execution environments, and different development teams, which lessen the effectiveness of conventional testing methods. Through a systematic literature review, we aim to present an overview of various testing strategies, testing tools, innovative testing solutions, and associated challenges. Our research includes academic resources from IEEE Xplore, ACM Digital Library, ScienceDirect, SpringerLink, and Wiley Online Library. From this research, we identified 76 primary studies, which we analyzed through thematic synthesis. Our analysis yielded 16 distinct testing strategies for microservices-based systems, accompanied by 19 distinct categories of proposed solutions for microservices testing. Furthermore, we compiled a total of 95 relevant tools for testing microservices. We also documented 22 distinct categories of challenges specific to testing microservices-based systems, including but not limited to automated testing, performance evaluation, and the creation of MSA-based testing environments. This study aims to serve as a resource for software enginee"
snowball,Predicting the End-to-End Tail Latency of Contai,forward,W7139927912,10.1109/acoit66109.2025.11436425,Enhancing Microservice Performance: A Hybrid Approach using Caching and Batching Techniques,2025,,conference-paper,0,closed,,"Nowadays, microservices play a major role in industries by enabling modular and scalable software design through inter-service communication. However, traditional communication methods—typically involving JSON-based API calls—can lead to high latency, increased network traffic, and redundant database queries. These inefficiencies become more prominent when services repeatedly request the same data or make multiple small API calls rather than batched requests. To address these issues, this paper explores two key optimization techniques: caching and batching, along with their combined effect. The objective is to analyze how these techniques individually and together improve performance in microservice-based systems. We conducted experiments under four scenarios: no optimization, caching only, batching only, and caching combined with batching. The implementation was carried out using Spring Boot, Redis for caching, and JPA for batch data access. The results demonstrate that caching alone reduces response time by up to 98.31%, batching alone by approximately 86.97%, and the hybrid approach of caching with batching offers consistent low latency with minimal database load. This confirms that a combined caching and batching strategy provides the most efficient and scalable solution for optimizing inter-service communication in microservices."
snowball,Predicting the End-to-End Tail Latency of Contai,forward,W7128468488,10.38124/ijsrmt.v4i8.1046,An Introduction to Cloud Native Applications: Leveraging the Cloud for Scalability and Resilience,2025,International Journal of Scientific Research and Modern Technology.,article,0,hybrid,https://www.ijsrmt.com/index.php/ijsrmt/article/download/1046/423,"The paper provides a comprehensive overview of Cloud Native Applications, which represent a new software development approach that optimizes operations within contemporary cloud systems. The paper starts by explaining the essential elements of this architecture through its use of microservices, containerization, Kubernetes orchestration, and DevOps practices based on CI/CD. The research demonstrates that these essential components work together to achieve cloud elasticity as their primary objective. The paper explains how cloud native architectures use specific mechanisms to achieve better scalability through automatic resource distribution based on demand requirements. The paper describes how built-in design patterns, including self-healing, redundancy, and circuit breakers, create unmatched system reliability and fault tolerance. The research evaluates cloud native architecture against monolithic systems to prove its superiority for developing modern digital applications that need robustness, scalability, and agility."
snowball,Predicting the End-to-End Tail Latency of Contai,forward,W4385322737,10.1109/smartworld-uic-atc-scalcom-digitaltwin-pricomp-metaverse56740.2022.00030,Nonintrusive Measurement on Temporal and Spatial Features of Microservice Inferences,2022,,conference-paper,0,closed,,"The high flexibility of microservice architecture provides notable divergence among the internal software stack within the same application. Microservice-based applications are commonly deployed in data centers by users yet they have no clue of what is exactly provided by the service provider. In this case, there could exist those providers could be able to replace the internal software without noticing, making a contract-level fault and offloading risks to users. To better profile the microservice, we propose a framework that provides nonintrusive measurements on microservice inference, or MEME, to detect fraudulent behaviors of cloud service providers on microservice-based applications. We design MEME using performance portrait and fast Fourier transform (FFT). We model the microservice-based application with a set of cohorts and use FFT to obtain the signal formed by the main frequency components of average response time. Our model represents the performance portrait of the microservice-based application. The performance portrait is similar to a fingerprint that carries internal software information. In our experiments, we take a two-tier microservice-based application containing databases as an example. Empirical results show that MEME can provide a distinguishable profile of the performance portrait of data services in a temporal and spatial manner, which allows us to identify the software type."
snowball,Predicting the End-to-End Tail Latency of Contai,forward,W4292971134,10.1109/cloud55607.2022.00031,Konveyor Move2Kube: A Framework For Automated Application Replatforming,2022,,conference-paper,0,closed,,"We present Move2Kube, a replatforming framework that automates the creation and transformation of DevOps artifacts of an application for deployment in a Cloud Native environment. Our contributions include a customizable transformer framework that allows for complete control over the artifacts being processed, and output generated. We provide case studies and open-source benchmark-based evidence comparing Move2Kube with similar state-of-the-art tools to demonstrate its effectiveness in terms of effort reduction, diverse utility, and highlight future lines of work. Move2Kube is being developed as an open-source community project and it is available at: https://move2kube.konveyor.io/"
snowball,Predicting the End-to-End Tail Latency of Contai,forward,W3164110441,10.48550/arxiv.2105.13424,"Sinan: Data-Driven, QoS-Aware Cluster Management for Microservices",2021,arXiv (Cornell University),preprint,0,green,https://arxiv.org/pdf/2105.13424,"Cloud applications are increasingly shifting from large monolithic services, to large numbers of loosely-coupled, specialized microservices. Despite their advantages in terms of facilitating development, deployment, modularity, and isolation, microservices complicate resource management, as dependencies between them introduce backpressure effects and cascading QoS violations. We present Sinan, a data-driven cluster manager for interactive cloud microservices that is online and QoS-aware. Sinan leverages a set of scalable and validated machine learning models to determine the performance impact of dependencies between microservices, and allocate appropriate resources per tier in a way that preserves the end-to-end tail latency target. We evaluate Sinan both on dedicated local clusters and large-scale deployments on Google Compute Engine (GCE) across representative end-to-end applications built with microservices, such as social networks and hotel reservation sites. We show that Sinan always meets QoS, while also maintaining cluster utilization high, in contrast to prior work which leads to unpredictable performance or sacrifices resource efficiency. Furthermore, the techniques in Sinan are explainable, meaning that cloud operators can yield insights from the ML models on how to better deploy and design their applications to reduce unpredictable performance."
snowball,Predicting the End-to-End Tail Latency of Contai,forward,W3158763334,10.1109/ispass51385.2021.00019,ViStA: Video Streaming and Analytics Benchmark,2021,,conference-paper,0,closed,,"With the rapid growth of video streaming across the world, a great need has emerged for the advancement of video analytics and streaming platforms. In this paper, we introduce ViStA, a video streaming and analytics benchmark that can be used to measure the performance of systems running these workloads. We hereby present the design of our benchmark along with select initial studies regarding this benchmark."
snowball,Predicting the End-to-End Tail Latency of Contai,forward,W3124625495,10.1007/978-3-030-67540-0_9,End-to-End QoS Aggregation and Container Allocation for Complex Microservice Flows,2021,"Lecture notes of the Institute for Computer Sciences, Social Informatics and Telecommunications Engineering",conference-paper,0,closed,,
snowball,Runtime prediction of parallel applications with,backward,W2156909104,10.1007/978-1-4757-2440-0,The Nature of Statistical Learning Theory,1995,,book,39411,closed,,
snowball,Runtime prediction of parallel applications with,backward,W2122646361,10.1145/1541880.1541882,Anomaly detection,2009,ACM Computing Surveys,article,11522,closed,,"Anomaly detection is an important problem that has been researched within diverse research areas and application domains. Many anomaly detection techniques have been specifically developed for certain application domains, while others are more generic. This survey tries to provide a structured and comprehensive overview of the research on anomaly detection. We have grouped existing techniques into different categories based on the underlying approach adopted by each technique. For each category we have identified key assumptions, which are used by the techniques to differentiate between normal and anomalous behavior. When applying a given technique to a particular domain, these assumptions can be used as guidelines to assess the effectiveness of the technique in that domain. For each category, we provide a basic anomaly detection technique, and then show how the different existing techniques in that category are variants of the basic technique. This template provides an easier and more succinct understanding of the techniques belonging to each category. Further, for each category, we identify the advantages and disadvantages of the techniques in that category. We also provide a discussion on the computational complexity of the techniques since it is an important issue in real application domains. We hope that this survey will provide a better understanding of the different directions in which research has been done on this topic, and how techniques developed in one area can b"
snowball,Runtime prediction of parallel applications with,backward,W2106053110,10.5555/1577069.1577078,Distance Metric Learning for Large Margin Nearest Neighbor Classification,2009,Journal of Machine Learning Research,article,4256,closed,,"The accuracy of k-nearest neighbor (kNN) classification depends significantly on the metric used to compute distances between different examples. In this paper, we show how to learn a Mahalanobis distance metric for kNN classification from labeled examples. The Mahalanobis metric can equivalently be viewed as a global linear transformation of the input space that precedes kNN classification using Euclidean distances. In our approach, the metric is trained with the goal that the k-nearest neighbors always belong to the same class while examples from different classes are separated by a large margin. As in support vector machines (SVMs), the margin criterion leads to a convex optimization based on the hinge loss. Unlike learning in SVMs, however, our approach requires no modification or extension for problems in multiway (as opposed to binary) classification. In our framework, the Mahalanobis distance metric is obtained as the solution to a semidefinite program. On several data sets of varying size and difficulty, we find that metrics trained in this way lead to significant improvements in kNN classification. Sometimes these results can be further improved by clustering the training examples and learning an individual metric within each cluster. We show how to learn and combine these local metrics in a globally integrated manner."
snowball,Runtime prediction of parallel applications with,backward,W2137226992,,Support Vector Regression Machines,1996,,article,4167,closed,,"A new regression technique based on concept of support vectors is introduced. We compare support vector regression with a committee regression technique (bagging) based on regression trees and ridge regression done in feature space. On the basis of these experiments, it is expected that SVR will have advantages in high dimensionality space because SVR optimization does not depend on the dimension&y of input space. This is a longer version of the paper appear in Advances in Neural Processing Systems 9 (proceedings of the 1996 conference)"
snowball,Runtime prediction of parallel applications with,backward,W2058513103,10.1037/0033-2909.103.2.265,Relation of sample size to the stability of component patterns.,1988,Psychological Bulletin,article,2879,closed,,
snowball,Runtime prediction of parallel applications with,backward,W2046079134,10.1016/s0925-2312(98)00030-7,The self-organizing map,1998,Neurocomputing,article,1983,closed,,
snowball,Runtime prediction of parallel applications with,backward,W1495297318,10.1007/978-3-662-45171-7,Applied Multivariate Statistical Analysis,2015,,book,1651,closed,,
snowball,Runtime prediction of parallel applications with,backward,W2079810998,10.1016/j.neunet.2012.09.018,Essentials of the self-organizing map,2012,Neural Networks,article,1620,closed,,
snowball,Runtime prediction of parallel applications with,backward,W2098339052,10.1016/j.cviu.2010.10.002,"A survey of vision-based methods for action representation, segmentation and recognition",2010,Computer Vision and Image Understanding,article,1010,green,https://inria.hal.science/hal-00640088,
snowball,Runtime prediction of parallel applications with,backward,W2154513453,10.1016/j.future.2008.06.012,Workflows and e-Science: An overview of workflow system features and capabilities,2008,Future Generation Computer Systems,article,830,closed,,
snowball,Runtime prediction of parallel applications with,backward,W66588809,10.1007/978-3-540-24775-3_5,Discriminative Methods for Multi-labeled Classification,2004,Lecture notes in computer science,conference-paper,750,closed,,
snowball,Runtime prediction of parallel applications with,backward,W2112168774,10.1109/71.932708,"Utilization, predictability, workloads, and user runtime estimates in scheduling the IBM SP2 with backfilling",2001,IEEE Transactions on Parallel and Distributed Systems,article,723,closed,,"Scheduling jobs on the IBM SP2 system and many other distributed-memory MPPs is usually done by giving each job a partition of the machine for its exclusive use. Allocating such partitions in the order in which the jobs arrive (FCFS scheduling) is fair and predictable, but suffers from severe fragmentation, leading to low utilization. This situation led to the development of the EASY scheduler which uses aggressive backfilling: Small jobs are moved ahead to fill in holes in the schedule, provided they do not delay the first job in the queue. We compare this approach with a more conservative approach in which small jobs move ahead only if they do not delay any job in the queue and show that the relative performance of the two schemes depends on the workload. For workloads typical on SP2 systems, the aggressive approach is indeed better, but, for other workloads, both algorithms are similar. In addition, we study the sensitivity of backfilling to the accuracy of the runtime estimates provided by the users and find a very surprising result. Backfilling actually works better when users overestimate the runtime by a substantial factor."
snowball,Runtime prediction of parallel applications with,backward,W2115570304,10.1109/mc.2007.421,Examining the Challenges of Scientific Workflows,2007,Computer,article,523,closed,,"Workflows have emerged as a paradigm for representing and managing complex distributed computations and are used to accelerate the pace of scientific progress. A recent National Science Foundation workshop brought together domain, computer, and social scientists to discuss requirements of future scientific applications and the challenges they present to current workflow technologies."
snowball,Runtime prediction of parallel applications with,backward,W2150074609,10.1007/3-540-60153-8_35,The ANL/IBM SP scheduling system,1995,Lecture notes in computer science,conference-paper,503,closed,,
snowball,Runtime prediction of parallel applications with,backward,W2139250332,10.1109/tpds.2007.70606,Backfilling Using System-Generated Predictions Rather than User Runtime Estimates,2007,IEEE Transactions on Parallel and Distributed Systems,article,374,closed,,"The most commonly used scheduling algorithm for parallel supercomputers is FCFS with backfilling, as originally introduced in the EASY scheduler. Backfilling means that short jobs are allowed to run ahead of their time provided they do not delay previously queued jobs (or at least the first queued job). However, predictions have not been incorporated into production schedulers, partially due to a misconception (that we resolve) claiming inaccuracy actually improves performance, but mainly because underprediction is technically unacceptable: users will not tolerate jobs being killed just because system predictions were too short. We solve this problem by divorcing kill-time from the runtime prediction and correcting predictions adaptively as needed if they are proved wrong. The end result is a surprisingly simple scheduler, which requires minimal deviations from current practices (e.g., using FCFS as the basis) and behaves exactly like EASY as far as users are concerned; nevertheless, it achieves significant improvements in performance, predictability, and accuracy. Notably, this is based on a very simple runtime predictor that just averages the runtimes of the last two jobs by the same user; counter intuitively, our results indicate that using recent data is more important than mining the history for similar jobs. All the techniques suggested in this paper can be used to enhance any backfilling algorithm and are not limited to EASY"
snowball,Runtime prediction of parallel applications with,backward,W2053341340,10.1145/2807591.2807646,Improving backfilling by using machine learning to predict running times,2015,,conference-paper,101,green,https://hal.science/hal-01221186/document,"The job management system is the HPC middleware responsible for distributing computing power to applications. While such systems generate an ever increasing amount of data, they are characterized by uncertainties on some parameters like the job running times. The question raised in this work is: To what extent is it possible/useful to take into account predictions on the job running times for improving the global scheduling?"
snowball,Runtime prediction of parallel applications with,backward,W1979626518,10.1155/2012/135054,Holes Detection in Anisotropic Sensornets: Topological Methods,2012,International Journal of Distributed Sensor Networks,article,100,gold,https://doi.org/10.1155/2012/135054,"Wireless sensor networks (WSNs) are tightly linked with the practical environment in which the sensors are deployed. Sensor positioning is a pivotal part of main location-dependent applications that utilize sensornets. The global topology of the network is important to both sensor network applications and the implementation of networking functionalities. This paper studies the topology discovery with an emphasis on boundary recognition in a sensor network. A large mass of sensor nodes are supposed to scatter in a geometric region, with nearby nodes communicating with each other directly. This paper is thus designed to detect the holes in the topological architecture of sensornets only by connectivity information. Existent edges determination methods hold the high costs as assumptions. Without the help of a large amount of uniformly deployed seed nodes, those schemes fail in anisotropic WSNs with possible holes. To address this issue, we propose a solution, named PPA based on Poincare-Perelman Theorem, to judge whether there are holes in WSNs-monitored areas. Our solution can properly detect holes on the topological surfaces and connect them into meaningful boundary cycles. The judging method has also been rigorously proved to be appropriate for continuous geometric domains as well as discrete domains. Extensive simulations have been shown that the algorithm even enables networks with low density to produce good results."
snowball,Runtime prediction of parallel applications with,backward,W2003360522,10.1109/jlt.2012.2235409,Range of Influence and Impact of Physical Impairments in Long-Haul DWDM Systems,2012,Journal of Lightwave Technology,article,82,closed,,"In long-haul dense wavelength-division multiplexing (DWDM) systems with periodic dispersion compensation and amplification, system performance is adversely affected by severe physical impairments due to fiber losses, dispersion and nonlinearity. Fiber modeling is a prerequisite for the development of physical impairment mitigation techniques to improve system performance. The distance between two interacting symbols in time and wavelength, i.e., the range of influence (RoI) of each physical impairment, plays an important role in the development of these mitigation techniques. In this paper, we use the Volterra series transfer function (VSTF) method to define impairment characteristic coefficients that capture intersymbol interference (ISI), self phase modulation (SPM), intrachannel cross phase modulation (IXPM), intrachannel four wave mixing (IFWM), cross phase modulation (XPM) and four wave mixing (FWM), to characterize the impact of these impairments individually on the system output. We then investigate the impact of system parameters, namely, duty cycle, spectral efficiency, frequency chirp, and span length, on the RoI for long-haul DWDM systems."
snowball,Runtime prediction of parallel applications with,backward,W2108905989,10.1007/3-540-63574-2_16,A historical application profiler for use by parallel schedulers,1997,Lecture notes in computer science,conference-paper,199,green,https://utoronto.scholaris.ca/bitstreams/7e85c83a-931c-4a08-a307-1b68c591e1d6/download,
snowball,Runtime prediction of parallel applications with,backward,W1992930088,10.1016/j.jpdc.2004.06.008,Predicting application run times with historical information,2004,Journal of Parallel and Distributed Computing,article,127,closed,,
snowball,Runtime prediction of parallel applications with,backward,W2113078279,10.1109/tpds.2003.1189582,"An integrated approach to parallel scheduling using gang-scheduling, backfilling, and migration",2003,IEEE Transactions on Parallel and Distributed Systems,article,121,closed,,"Effective scheduling strategies to improve response times, throughput, and utilization are an important consideration in large supercomputing environments. Parallel machines in these environments have traditionally used space-sharing strategies to accommodate multiple jobs at the same time by dedicating the nodes to a single job until it completes. This approach, however, can result in low system utilization and large job wait times. This paper discusses three techniques that can be used beyond simple space-sharing to improve the performance of large parallel systems. The first technique we analyze is backfilling, the second is gang-scheduling, and the third is migration. The main contribution of this paper is an analysis of the effects of combining the above techniques. Using extensive simulations based on detailed models of realistic workloads, the benefits of combining the various techniques are shown over a spectrum of performance criteria."
snowball,Runtime prediction of parallel applications with,backward,W1589135661,10.1007/3-540-47954-6_1,Scheduling for Parallel Supercomputing: A Historical Perspective of Achievable Utilization,1999,Lecture notes in computer science,conference-paper,105,closed,,
snowball,Runtime prediction of parallel applications with,backward,W54464883,10.1007/978-81-322-1602-5_75,Text Classification Using Machine Learning Methods-A Survey,2014,Advances in intelligent systems and computing,book-chapter,87,closed,,
snowball,Runtime prediction of parallel applications with,backward,W2127199780,,Tree Decomposition for Large-Scale SVM Problems,2010,,article,67,closed,,"To handle problems created by large data sets, we propose a method that uses a decision tree to decompose a given data space and train SVMs on the decomposed regions. Although there are other means of decomposing a data space, we show that the decision tree has several merits for large-scale SVM training. First, it can classify some data points by its own means, thereby reducing the cost of SVM training for the remaining data points. Second, it is efficient in determining the parameter values that maximize the validation accuracy, which helps maintain good test accuracy. Third, the tree decomposition method can derive a generalization error bound for the classifier. For data sets whose size can be handled by current non-linear, or kernel-based, SVM training techniques, the proposed method can speed up the training by a factor of thousands, and still achieve comparable test accuracy."
snowball,Runtime prediction of parallel applications with,backward,W2188385930,,Experience with the Parallel Workloads Archive,2012,,article,19,closed,,"Workload traces from real computer systems are invaluable for research purposes but regularly suffer from quality issues that might distort the results. As uncovering such issues can be difficult, researchers would benefit if, in addition to the data, the accumulated experience concerning its quality and possible corrections is also made available. We attempt to provide this information for the Parallel Workloads Archive, a repository of job-level usage data from large-scale parallel supercomputers, clusters, and grids, which has been used extensively in research on job scheduling strategies for parallel systems. Data quality problems encountered include missing data, inconsistent data, erroneous data, system configuration changes during the logging period, and unrepresentative user behavior. Some of these may be countered by filtering out the problematic data items. In other cases, being cognizant of the problems may affect the decision of which datasets to use."
snowball,Runtime prediction of parallel applications with,backward,W2036685513,10.1109/pdp.2010.18,Using Historical Data to Predict Application Runtimes on Backfilling Parallel Systems,2010,,conference-paper,33,closed,,"We present in this paper a novel method to predict application runtimes on backfilling parallel systems. The method is based on mining historical data to obtain important parameters. These parameters are then applied to predict the runtime of future applications. It has been shown in previous works that both underestimate and inaccuracy in prediction have adverse impacts on scheduling performance of backfilling systems. In our study, we try to reduce the number of jobs that are underestimated and reduce the prediction error as much as possible. Comparing with other predictors, experimental results show that our predictor is up to 25% better with respect to the problem of underestimate. Moreover, using the metric proposed in for the accuracy, our predictor improves up to 32%."
snowball,Runtime prediction of parallel applications with,backward,W1603527427,10.1007/3-540-63574-2_15,Using queue time predictions for processor allocation,1997,Lecture notes in computer science,conference-paper,99,closed,,
snowball,Runtime prediction of parallel applications with,backward,W2001174761,10.1007/s10766-013-0294-1,A Parallel Job Execution Time Estimation Approach Based on User Submission Patterns within Computational Grids,2013,International Journal of Parallel Programming,article,10,closed,,
snowball,Runtime prediction of parallel applications with,backward,W2582743722,10.32614/r.manuals,R: A Language and Environment for Statistical Computing,2000,,dataset,353393,gold,https://cran.r-project.org/doc/manuals/r-release/R-intro.pdf,This introduction to R is derived from an original set of notes describing the S and S-Plus environments written in 1990-2 by Bill Venables and David M
snowball,Runtime prediction of parallel applications with,forward,W3101165753,10.1007/s11227-020-03506-5,OKCM: improving parallel task scheduling in high-performance computing systems using online learning,2020,The Journal of Supercomputing,article,29,closed,,
snowball,Runtime prediction of parallel applications with,forward,W3183461090,10.1145/3437359.3465574,Ensemble Prediction of Job Resources to Improve System Performance for Slurm-Based HPC Systems,2021,Practice and Experience in Advanced Research Computing,conference-paper,26,bronze,https://dl.acm.org/doi/pdf/10.1145/3437359.3465574,"In this paper, we present a novel methodology for predicting job resources (memory and time) for submitted jobs on HPC systems. Our methodology based on historical jobs data (saccount data) provided from the Slurm workload manager using supervised machine learning. This Machine Learning (ML) prediction model is effective and useful for both HPC administrators and HPC users. Moreover, our ML model increases the efficiency and utilization for HPC systems, thus reduce power consumption as well. Our model involves using Several supervised machine learning discriminative models from the scikit-learn machine learning library and LightGBM applied on historical data from Slurm."
snowball,Runtime prediction of parallel applications with,forward,W4401285154,10.1016/j.asoc.2024.112053,Combining Machine Learning techniques and Genetic Algorithm for predicting run times of High Performance Computing jobs,2024,Applied Soft Computing,article,19,closed,,
snowball,Runtime prediction of parallel applications with,forward,W4380325188,10.1007/s11227-023-05470-2,Job runtime prediction of HPC cluster based on PC-Transformer,2023,The Journal of Supercomputing,article,16,closed,,
snowball,Runtime prediction of parallel applications with,forward,W4381890996,10.1007/s11227-023-05482-y,Analyzing and predicting job failures from HPC system log,2023,The Journal of Supercomputing,article,15,closed,,
snowball,Runtime prediction of parallel applications with,forward,W3011096293,10.1109/pdcat46702.2019.00053,Machine Learning Based Performance Analysis and Prediction of Jobs on a HPC Cluster,2019,,conference-paper,14,closed,,"There are a lot of middle-class or small-class high-performance computing clusters at universities and research institutes, etc. Large volumes of job logs have been accumulated after many years of operation. In this paper, on the basis of accumulated job logs on a high-performance computing cluster, we examine and analyze the job logs. Then, we study machine learning based performance analysis and prediction methods for parallel jobs. Various machine learning methods such as multivariate linear fitting, artificial neural network are used to build performance prediction models. We compare the errors of each model, and select the optimal prediction model for different users. The experimental results show that we can obtain reasonable prediction accuracy using the selected machine learning algorithms."
snowball,Runtime prediction of parallel applications with,forward,W3197632571,10.1002/cpe.6600,Smart resource allocation of concurrent execution of parallel applications,2021,Concurrency and Computation Practice and Experience,article,12,closed,,"Abstract Thread‐level parallelism (TLP) has been widely exploited to optimize computational resource usage in high‐performance systems. However, as many applications do not scale as the number of threads increase, resources will be wasted when the application executes with the maximum possible number of threads (i.e., the default execution) rather than fewer threads (thread throttling) that may use the resources more efficiently. Hence, instead of executing only one application with as many threads as possible, one can run more applications simultaneously by applying thread throttling to each one. The primary outcome of this strategy is a significant reduction in the total execution time and energy consumption when the system needs to execute a list of applications. Given that, we propose a smart resource allocation (SRA) for concurrent parallel application execution. It automatically finds the ideal degree of TLP for each application and guides the simultaneous parallel applications execution. When running 25 well‐known benchmarks on three multicore systems and comparing SRA to state‐of‐the‐art strategies (e.g., Batch, Equal policy, and Scalability), SRA improves the EDP by 87.4% over the Batch strategy; 75.5% over the Equal policy; and 38.8% over the scalability strategy."
snowball,Runtime prediction of parallel applications with,forward,W4413411955,10.1145/3721145.3725757,ORA: Job Runtime Prediction for High-Performance Computing Platforms Using the Online Retrieval-Augmented Language Model,2025,,conference-paper,11,gold,https://dl.acm.org/doi/pdf/10.1145/3721145.3725757,"Accurate job runtime prediction is critical for efficient scheduling in high-performance computing (HPC) platforms.For instance, precise predictions enable techniques such as backfilling, where small jobs are executed ahead of schedule to maximize resource utilization and enhance computational efficiency.However, existing runtime prediction methods primarily rely on job metadata (e.g., submission time, requested runtime, and required memory) while ignoring the content of job scripts, which limits their accuracy.To address this issue, we propose an Online Retrieval-Augmented Language Model (ORA) for job runtime prediction.ORA encodes both metadata and script information from historical jobs into feature vectors to form a database, enabling similarity-based retrieval to assist in predicting the runtime of new jobs.To address distribution shifts, ORA incrementally updates the database without requiring model retraining.Additionally, personalized retrieval mechanisms are employed to mitigate the * Co-corresponding author."
snowball,Runtime prediction of parallel applications with,forward,W3206868782,10.1109/cluster48925.2021.00093,Backfilling HPC Jobs with a Multimodal-Aware Predictor,2021,,conference-paper,11,green,https://www.osti.gov/servlets/purl/1889001,"Job scheduling aims to minimize the turnaround time on the submitted jobs while catering to the resource constraints of High Performance Computing (HPC) systems. The challenge with scheduling is that it must honor job requirements and priorities while actual job run times are unknown. Although approaches have been proposed that use classification techniques or machine learning to predict job run times for scheduling purposes, these approaches do not provide a technique for reducing underprediction, which has a negative impact on scheduling quality. A common cause of underprediction is that the distribution of the duration for a job class is multimodal, causing the average job duration to fall below the expected duration of longer jobs. In this work, we propose the Top Percent predictor, which uses a hierarchical classification scheme to provide better accuracy for job run time predictions than the user-requested time. Our predictor addresses multimodal job distributions by making a prediction that is higher than a specified percentage of the observed job run times. We integrate the Top Percent predictor into scheduling algorithms and evaluate the performance using schedule quality metrics found in literature. To accommodate the user policies of HPC systems, we propose priority metrics that account for job flow time, job resource requirements, and job priority. The experiments demonstrate that the Top Percent predictor outperforms the related approaches when evaluated using ou"
snowball,Runtime prediction of parallel applications with,forward,W3083861441,10.1109/hpcs48598.2019.9188119,Queue Waiting Time Prediction for Large-scale High-performance Computing System,2019,,conference-paper,11,closed,,"Traditionally, high-performance computing (HPC) systems have been extensively utilized in many science fields including big data analysis and machine learning. Such large-scale HPC resources typically use the queue management systems which prefer space-sharing method to allocate resources. In space-sharing method, it is natural that a queue waiting time occurs until the resources are available if resources are not sufficient. When the predicted information on such a waiting time is provided, it is possible to improve the performance of scheduler. For this, in this paper, we propose a prediction method of queue waiting time based on the job log file created in the HPC system actually under operation. The prediction technique presented in this paper largely comprises three phases. The first phase is a pre-processing of data in constant time intervals. In the second phase, major features are selected through a factor analysis and clustering is conducted based on the selected features. In the third phase, a waiting time of the next job is predicted using the sliding window method based on the jobs that were clustered."
snowball,Runtime prediction of parallel applications with,forward,W2964183735,10.1109/access.2019.2929800,EXTES: An Execution-Time Estimation Scheme for Efficient Computational Science and Engineering Simulation via Machine Learning,2019,IEEE Access,article,10,gold,https://ieeexplore.ieee.org/ielx7/6287639/8600701/08766089.pdf,"In recent years, computational science and engineering (CSE) simulations using high-performance computing resources are actively exploited to solve complex domain-specific problems. Thanks to the remarkable advance of IT technology, the CSE community is challenging more complex and difficult problems than ever before, by running these simulations online. In this regard, we often witness that 1) online simulation users suffer from knowing little about the estimated termination time of their launched simulations and 2) the limited computing resources are squandered by wrong input that leads the simulations to run forever. To address such issues, we propose a novel execution time estimation scheme, termed EXTES, using machine learning techniques for more efficient online CSE simulations. With a large amount of existing provenance data, the EXTES scheme trains a suite of models rooted from classification, regression, and a hybrid of the two and utilize these models to estimate the execution time for specified input parameters for simulations. In the experiments on real simulation data, our proposed models achieved about 73% accuracy on average in execution time estimation across 16 simulation programs taken from a variety of CSE fields. In the meantime, the overhead incurred by the training and estimation is almost negligible."
snowball,Runtime prediction of parallel applications with,forward,W4293077635,10.1007/s11227-022-04582-5,Predicting job finish time based on parameter features and running logs in supercomputing system,2022,The Journal of Supercomputing,article,9,closed,,
snowball,Runtime prediction of parallel applications with,forward,W3112079814,10.1109/access.2020.3042596,CLUTCH: A Clustering-Driven Runtime Estimation Scheme for Scientific Simulations,2020,IEEE Access,article,8,gold,https://ieeexplore.ieee.org/ielx7/6287639/6514899/09281033.pdf,"Efficient scheduling among simultaneous simulation jobs is of critical importance in the allocation of limited computing and I/O resources. The difficulty of predicting when a job is completed can cause nontrivial problems for system administrators and users e.g., squandered resources, long waiting times, and simulation plan delays. To alleviate these problems, we propose a novel simulation runtime estimation scheme termed CLUTCH, which employs a well-orchestrated ensemble of clustering, classification, and regression techniques. The proposed scheme trains a runtime estimation model through a series of steps: (i) grouping past simulation provenance records by clustering, (ii) labeling each of the grouped records by classification, and (iii) performing regression on the execution times in each group. Given a simulation and its external arguments, the trained model predicts the simulation's runtime with high accuracy in a black box fashion, using only basic external arguments without needing extra information. We additionally propose two optimization algorithms which significantly reduce training overhead without sacrificing estimation quality. In the experiment with real datasets, our model achieved approximately a 14.2% growth in estimation accuracy, compared to the most recent state-of-the-art method; with our optimizations applied, the model was trained 16 times faster while still retaining accuracy."
snowball,Runtime prediction of parallel applications with,forward,W2810500100,10.1007/s11227-018-02730-4,Reducing the upfront cost of private clouds with clairvoyant virtual machine placement,2019,The Journal of Supercomputing,article,7,green,https://arxiv.org/pdf/1802.03152,
snowball,Runtime prediction of parallel applications with,forward,W4404742951,10.1007/978-981-96-0437-1_11,JREP - A Job Runtime Ensemble Predictor for Improving Scheduling Performance on High Performance Computing Systems,2024,Communications in computer and information science,conference-paper,5,closed,,
snowball,Runtime prediction of parallel applications with,forward,W4224210169,10.1109/pdp55904.2022.00033,Clustering Datasets in Cloud Computing Environment for User Identification,2022,,conference-paper,5,closed,,"Users’ behaviours show a noticeable impact on cloud computing resources. Behaviour prediction models could foster usage awareness of cloud users. This requires training prediction models with datasets that provide user information. Unfortunately, such information is excluded from many relevant datasets. Therefore, in this work, we investigate the ability of extracting these identities via clustering methods. We conduct this by categorising workload datasets according to the availability of users information in their attributes. Then, we focus our attention on shared attributes between user information disclosing and non-disclosing datasets. Eventually, we evaluated the potential of several clustering approaches on user information disclosing datasets. Our results show that users’ identifications can be extracted with relatively high accuracy using clustering. They also show that the highest clustering precision is mostly obtained from the attributes representing request components that strongly relate to the user’s application."
snowball,Runtime prediction of parallel applications with,forward,W3206726941,10.1109/iccma53594.2021.00009,Potential of Applying kNN with Soft Walltime to Improve Scheduling Performance,2021,,conference-paper,4,closed,,"Utilizing performance is one of the most important and difficult tasks on High-Performance Computing (HPC) systems. In order to balance between simplicity and efficiency, many HPC systems are exploiting First-Come-First-Served schedulers with backfilling policies. Previous researches demonstrated the benefits of walltime approximation approaches on backfilling improvement. However, applying predicted values might affect scheduling guarantees due to the risk of early job termination caused by underestimation. The recent soft walltime feature from OpenPBS has eliminated this concern by restricting system-generated walltime only for the scheduling step.In this work, we present our simple k-nearest neighbors approach to improve the performance of the conservative backfilling algorithm. The inaccurate user estimate of a job is refined using the historic data about its most similar jobs. Then, we exploit this correction safely with the soft walltime scheme and perform simulations on real scheduling logs. Our simulation results highlight that even our simple setup can help to correct user estimates significantly. Moreover, the scheduling performance is also improved on some appropriate conditions."
snowball,Runtime prediction of parallel applications with,forward,W4413283156,10.3390/computers14080335,HPC Cluster Task Prediction Based on Multimodal Temporal Networks with Hierarchical Attention Mechanism,2025,Computers,article,2,gold,https://doi.org/10.3390/computers14080335,"In recent years, the increasing adoption of High-Performance Computing (HPC) clusters in scientific research and engineering has exposed challenges such as resource imbalance, node idleness, and overload, which hinder scheduling efficiency. Accurate multidimensional task prediction remains a key bottleneck. To address this, we propose a hybrid prediction model that integrates Informer, Long Short-Term Memory (LSTM), and Graph Neural Networks (GNN), enhanced by a hierarchical attention mechanism combining multi-head self-attention and cross-attention. The model captures both long- and short-term temporal dependencies and deep semantic relationships across features. Built on a multitask learning framework, it predicts task execution time, CPU usage, memory, and storage demands with high accuracy. Experiments show prediction accuracies of 89.9%, 87.9%, 86.3%, and 84.3% on these metrics, surpassing baselines like Transformer-XL. The results demonstrate that our approach effectively models complex HPC workload dynamics, offering robust support for intelligent cluster scheduling and holding strong theoretical and practical significance."
snowball,Runtime prediction of parallel applications with,forward,W3045082111,10.7470/jkst.2020.38.3.218,Pattern Classification of Taxi Drivers Based on Work and Living Conditions for Commercial Vehicle Safety Management System,2020,대한교통학회지,article,2,diamond,https://www.jkst.or.kr/articles/pdf/X0V9/kst-2020-038-03-5.pdf,"The in-depth crash causes analysis for commercial vehicles is necessary to develop more effective safety countermeasures because the crash severity due to commercial vehicles is much higher than other vehicle types. A viable countermeasure to cope with commercial vehicle crashes is to conduct a traffic safety consulting for commercial vehicle drivers. The purpose of this study is to classify the pattern of taxi drivers, which is a fundamental to developing a customized consulting program. A two-stage clustering methodology is adopted to recognize the pattern of taxi drivers based on driver's intrinsic characteristics underlying the cause of the crash occurrence that include working, health, and living conditions. Results show that it is desirable to classify taxi drivers into four groups such as 'overworking', 'life-imbalanced', 'work and life-balanced', and 'unspecified-normal'. Discussions on how to use four driver patterns in conducting the safety consulting are presented. In addition, an example of consulting method is presented, which is expected to be used for developing effective consulting programs."
snowball,Runtime prediction of parallel applications with,forward,W3203345316,,AMPRO-HPCC: A Machine-Learning Tool for Predicting Resources on Slurm HPC Clusters.,2021,PubMed,conference-paper,1,green,https://www.ncbi.nlm.nih.gov/pmc/articles/9906793,"(0.72 using LightGBM for predicting the memory and 0.74 using Random Forest for predicting the time), helps dramatically reduce computational average waiting-time and turnaround time for the submitted jobs, and increases utilization of the HPC resources. Hence, our tool decreases the power consumption of the HPC resources."
snowball,Runtime prediction of parallel applications with,forward,W7155357403,10.1145/3777884.3796991,Are We There Yet? Predicting if Executing Applications are Near Completion,2026,,conference-paper,0,closed,,
snowball,Runtime prediction of parallel applications with,forward,W7165740374,10.1109/aiita69518.2026.11567133,HFICE: A Hybrid Framework Integrating CNN and Ensemble Learning for HPC Job Runtime Prediction,2026,,conference-paper,0,closed,,
snowball,Runtime prediction of parallel applications with,forward,W7160880349,10.1007/978-3-032-22051-6_3,A Machine Learning-Based Plugin for SLURM: Improving Job Scheduling Through Ensemble Learning,2026,Communications in computer and information science,conference-paper,0,closed,,
snowball,Runtime prediction of parallel applications with,forward,W4417327357,10.21203/rs.3.rs-8256818/v1,"Enhancing HPC Job Run Time Predictions leveraging Machine Learning, Historical Job Data, and Metaheuristic Optimization",2025,Research Square,preprint,0,green,https://www.researchsquare.com/article/rs-8256818/latest.pdf,
snowball,Runtime prediction of parallel applications with,forward,W4416576355,10.1007/978-981-95-4724-1_13,HDEM: A Hierarchical Dynamic Ensemble Model for Accurate Runtime Prediction on High Performance Computing Systems,2025,Communications in computer and information science,conference-paper,0,closed,,
snowball,Runtime prediction of parallel applications with,forward,W4417472622,10.1109/aiahpc66801.2025.11290374,Cluster job resource demand prediction method based on Transformer-Ekan,2025,,conference-paper,0,closed,,"In the job scheduling system of distributed computing clusters, accurate prediction of job execution resources is the core element to optimise scheduling efficiency. The current machine learning prediction methods for general-purpose cluster jobs still need to be improved in terms of prediction accuracy and practical application effect. In this paper, we innovatively propose a method combining cluster analysis and deep learning: firstly, we extract job type features by clustering historical job logs; then, we introduce the Transformer-Ekan model based on the attention mechanism, and select seven key dimensional features (based on the criteria of prediction relevance, data completeness and validity) to construct the prediction model. A time-series training strategy is adopted to process jobs hierarchically by continuous resources, which significantly improves the prediction accuracy. The experimental results show that the temporal neural network model outperforms traditional machine learning methods and BP neural networks on different types of job datasets, effectively improving the cluster resource utilisation and job scheduling accuracy."
snowball,Runtime prediction of parallel applications with,forward,W4403060699,10.1109/ipec61310.2024.00082,An Algorithm for Predicting the Running Time of Jobs in Heterogeneous Clusters,2024,,conference-paper,0,closed,,"With the development of deep learning technology, research on resource scheduling in heterogeneous clusters is increasingly focusing on predicting job running times before resource scheduling, in order to improve the prediction accuracy of heterogeneous cluster job running times. Due to the complexity of system applications in heterogeneous clusters, the success rate of jobs is relatively low, which poses problems for load and stability issues. In order to better improve the prediction accuracy of job running time in heterogeneous clusters, we propose an algorithm that clusters data features, designs a prediction network, and optimizes the network structure. Specifically, we first use K-means algorithm to cluster the data features of job logs in heterogeneous clusters, in order to reduce the discreteness of training data. Secondly, we design a TA-GRU network model for predicting job running time, which can acquire better contextual time information while simplifying the model parameters. Finally, a series of simulation experiments are conducted to verify the algorithm proposed in this paper."
snowball,Interference Analysis of Co-Located Container Wo,backward,W2141181087,10.1145/2150976.2150982,Clearing the clouds,2012,,conference-paper,817,closed,,"Emerging scale-out workloads require extensive amounts of computational resources. However, data centers using modern server hardware face physical constraints in space and power, limiting further expansion and calling for improvements in the computational density per server and in the per-operation energy. Continuing to improve the computational resources of the cloud while staying within physical constraints mandates optimizing server efficiency to ensure that server hardware closely matches the needs of scale-out workloads."
snowball,Interference Analysis of Co-Located Container Wo,backward,W2782674619,10.1109/bigdata.2017.8258257,Imbalance in the cloud: An analysis on Alibaba cluster trace,2017,,conference-paper,193,closed,,"To improve resource efficiency and design intelligent scheduler for clouds, it is necessary to understand the workload characteristics and machine utilization in large-scale cloud data centers. In this paper, we perform a deep analysis on a newly released trace dataset by Alibaba in September 2017, consists of detail statistics of 11089 online service jobs and 12951 batch jobs co-locating on 1300 machines over 12 hours. To the best of our knowledge, this is one of the first work to analyze the Alibaba public trace. Our analysis reveals several important insights about different types of imbalance in the Alibaba cloud. Such imbalances exacerbate the complexity and challenge of cloud resource management, which might incur severe wastes of resources and low cluster utilization. 1) Spatial Imbalance: heterogeneous resource utilization across machines and workloads. 2) Temporal Imbalance: greatly time-varying resource usages per workload and machine. 3) Imbalanced proportion of multi-dimensional resources (CPU and memory) utilization per workload. 4) Imbalanced resource demands and runtime statistics (duration and task number) between online service and offline batch jobs. We argue accommodating such imbalances during resource allocation is critical to improve cluster efficiency, and will motivate the emergence of new resource managers and schedulers."
snowball,Interference Analysis of Co-Located Container Wo,backward,W2570897171,10.1007/s11227-016-1952-z,SLA-based task scheduling algorithms for heterogeneous multi-cloud environment,2017,The Journal of Supercomputing,article,76,closed,,
snowball,Interference Analysis of Co-Located Container Wo,backward,W2055209518,10.1007/s11227-014-1276-9,SEATS: smart energy-aware task scheduling in real-time cloud computing,2014,The Journal of Supercomputing,article,59,closed,,
snowball,Interference Analysis of Co-Located Container Wo,backward,W2341210373,10.1007/s11280-016-0382-4,Adaptive task scheduling strategy in cloud: when energy consumption meets performance guarantee,2016,World Wide Web,article,50,green,https://figshare.com/articles/journal_contribution/Adaptive_task_scheduling_strategy_in_cloud_when_energy_consumption_meets_performance_guarantee/27488673,
snowball,Interference Analysis of Co-Located Container Wo,backward,W2156327440,10.1109/tpds.2016.2625244,Understanding Big Data Analytics Workloads on Modern Processors,2016,IEEE Transactions on Parallel and Distributed Systems,article,40,closed,,"Big data analytics workloads are very significant ones in modern data centers, and it is more and more important to characterize their representative workloads and understand their behaviors so as to improve the performance of data center computer systems. In this paper, we embark on a comprehensive study to understand the impacts and performance implications of the big data analytics workloads on the systems equipped with modern superscalar out-of-order processors. After investigating three most important application domains in Internet services in terms of page views and daily visitors, we choose 11 representative data analytics workloads and characterize their micro-architectural behaviors by using hardware performance counters. Our study reveals that the big data analytics workloads share many inherent characteristics, which place them in a different class from the traditional workloads and the scale-out services. To further understand the characteristics of big data analytics workloads, we perform correlation analysis to identify the most key factors that affect cycles per instruction (CPI). Also, we reveal that the increasing complexity of the big data software stacks will put higher pressures on the modern processor pipelines."
snowball,Interference Analysis of Co-Located Container Wo,forward,W3152632047,10.1007/s13369-021-05553-3,Virtualization in Cloud Computing: Moving from Hypervisor to Containerization—A Survey,2021,Arabian Journal for Science and Engineering,article,111,closed,,
snowball,Interference Analysis of Co-Located Container Wo,forward,W4311011822,10.1145/3573009,Performance Interference of Virtual Machines: A Survey,2022,ACM Computing Surveys,article,46,closed,,"The rapid development of cloud computing with virtualization technology has benefited both academia and industry. For any cloud data center at scale, one of the primary challenges is how to effectively orchestrate a large number of virtual machines (VMs) in a performance-aware and cost-effective manner. A key problem here is that the performance interference between VMs can significantly undermine the efficiency of cloud data centers, leading to performance degradation and additional operation cost. To address this issue, extensive studies have been conducted to investigate the problem from different aspects. In this survey, we make a comprehensive investigation into the causes of VM interference and provide an in-depth review of existing research and solutions in the literature. We first categorize existing studies on interference models according to their modeling objectives, metrics used, and modeling methods. Then we revisit interference-aware strategies for scheduling optimization as well as co-optimization-based approaches. Finally, the survey identifies open challenges with respect to VM interference in data centers and discusses possible research directions to provide insights for future research in the area."
snowball,Interference Analysis of Co-Located Container Wo,forward,W3206408938,10.1109/cluster48925.2021.00038,RPTCN: Resource Prediction for High-dynamic Workloads in Clouds based on Deep Learning,2021,,conference-paper,30,closed,,"Resource management is challenging in clouds due to the dynamics and sharing characteristics. The crucial problem is how to allocate resources accurately and satisfy demands of workloads timely. The traditional solution is to use historical data to predict future resource usage. Although these resource prediction methods can predict the periodicity, they can not accurately predict mutation points due to the high dynamics and uncertainty of resource usage. To tackle this issue, in this paper we propose a resource usage prediction method - RPTCN, which is based on a deep learning method - temporal convolutional networks (TCNs) in cloud systems. We add a fully connected layer and attention mechanism to TCNs to improve the prediction accuracy. In order to explore the relationship between the usage of different resources in the temporal dimension, we use correlation analysis to screen performance indicators as multidimensional feature input for prediction. Finally, we evaluate the performance of this method on Alibaba trace v2018. Evaluations show that RPTCN improves the overall MAE and MSE by 6.50%~89.03% and 0.41%~68.82% respectively compared to baselines in dynamic and long-term prediction of resource usage. Moreover, the convergence and generalization of RPTCN are also better than the baselines."
snowball,Interference Analysis of Co-Located Container Wo,forward,W4402897115,10.1109/iwqos61813.2024.10682935,"QoS Perception for Cloud Databases: Necessity, Trends, and Challenges",2024,,conference-paper,6,closed,,"The advantages of resource elasticity and proactive data backup in cloud databases have attracted a large number of users to consider deploying their IT systems in the cloud. Factors such as performance, reliability, security, and ease of use are the most important considerations for users when choosing to migrate to the cloud. This paper mainly discusses the necessity of Quality of Service (QoS) awareness for cloud applications in the current public cloud environment, as well as the technological trends and challenges associated with it."
snowball,Interference Analysis of Co-Located Container Wo,forward,W4388855529,10.1109/cluster52292.2023.00009,PredictDDL: Reusable Workload Performance Prediction for Distributed Deep Learning,2023,,conference-paper,4,closed,,"Accurately predicting the training time of deep learning (DL) workloads is critical for optimizing the utilization of data centers and allocating the required cluster resources for completing critical model training tasks before a deadline. The state-of-the-art prediction models, e.g., Ernest and Cherrypick, treat DL workloads as black boxes, and require running the given DL job on a fraction of the dataset. Moreover, they require retraining their prediction models every time a change occurs in the given DL workload. This significantly limits the reusability of prediction models across DL workloads with different deep neural network (DNN) architectures. In this paper, we address this challenge and propose a novel approach where the prediction model is trained only once for a particular dataset type, e.g., ImageNet, thus completely avoiding tedious and costly retraining tasks for predicting the training time of new DL workloads. Our proposed approach, called PredictDDL, provides an end-to-end system for predicting the training time of DL models in distributed settings. PredictDDL leverages Graph HyperNetworks, a class of neural networks that takes computational graphs as input and produces vector representations of their DNNs. PredictDDL is the first prediction system that eliminates the need of retraining a performance prediction model for each new DL workload and maximizes the reuse of the prediction model by requiring running a DL workload only once for training the predict"
snowball,Interference Analysis of Co-Located Container Wo,forward,W4415124198,10.1109/tsc.2025.3619151,Performance Isolation for Serverless Functions,2025,IEEE Transactions on Services Computing,article,3,hybrid,https://doi.org/10.1109/tsc.2025.3619151,"Serverless computing has emerged as a flexible model for deploying applications in multi-tenant environments, where small, isolated functions often share the same host and compete for local resources. This co-location can lead to resource contention, making performance isolation a fundamental challenge, particularly given the variability of workloads, infrastructure, and fine-grained resource sharing. Although existing surveys address performance isolation in cloud systems, they do not account for the unique characteristics of serverless computing, such as cold starts, fine-grained scaling, and function-level isolation. Therefore, in this paper, we provide insights into state-of-the-art methods that deal with the challenges of performance isolation for serverless functions. The selected approaches are evaluated based on multiple criteria, including the technique used to achieve isolation, the virtualization level at which isolation is enforced, the decision-making approach, and the primary isolation technique. We analyze and classify existing performance isolation techniques, organizing them into runtime, provisioning, and hybrid approaches. Building on this classification, we outline performance and reliability engineering mechanisms applicable to serverless computing that isolate functions while addressing serverless-specific challenges. Our findings show that i) Isolation is often treated as a secondary goal, primarily to reduce latency or SLO violations, rather than a pri"
snowball,Interference Analysis of Co-Located Container Wo,forward,W4385073822,10.1007/s10586-023-04105-8,pHPCe: a hybrid power conservation approach for containerized HPC environment,2023,Cluster Computing,article,2,closed,,
snowball,Interference Analysis of Co-Located Container Wo,forward,W7165744016,10.1016/j.jpdc.2026.105307,Resource allocation and task scheduling policy for co-located clusters,2026,Journal of Parallel and Distributed Computing,article,1,closed,,
snowball,Interference Analysis of Co-Located Container Wo,forward,W7166340903,10.1016/j.pmcj.2026.102267,Multi resource proactive orchestration of real time containers under hardware contention,2026,Pervasive and Mobile Computing,article,0,closed,,
snowball,Interference Analysis of Co-Located Container Wo,forward,W3128659792,10.1007/978-3-030-67720-6_27,Container Performance Prediction: Challenges and Solutions,2021,"Lecture notes of the Institute for Computer Sciences, Social Informatics and Telecommunications Engineering",conference-paper,0,closed,,
snowball,Interference Analysis of Co-Located Container Wo,forward,W4292938011,10.17760/d20420684,Provisioning strategies for centralized bare-metal clusters,2021,,dissertation,0,gold,https://repository.library.northeastern.edu/files/neu:bz61dr40m/fulltext.pdf,"Technological inertia leads many organizations to continue employing static provisioning strategies for bare-metal deployments, resulting in architectural and runtime inefficiencies.However, most performance and security-sensitive organizations currently employ static provisioning strategies to run and manage their workloads on physical servers (also known as bare-metal servers). This dissertation demonstrates the effectiveness of employing dynamic provisioning strategies in centralized bare-metal deployments to improve aggregate resource efficiency in four real-world scenarios. First, it presents a new system architecture for dynamic bare-metal provisioning to reduce the provisioning overhead and operational complexity and improve the fault tolerance and performance of at-scale dynamic bare-metal provisioning. Second, it presents a system that eliminates the performance and operational inefficiencies introduced by software introspection of statically provisioned bare-metal servers via non-intrusive remote software introspection of dynamically provisioned bare-metal servers. Third, it introduces a novel system architecture to enable global-optimization-aware cross-framework dynamic multiplexing of bare-metal servers. Finally, it demonstrates how dynamic workload provisioning can improve the aggregate throughput of high-throughput computing batch workloads hosted on bare-metal deployments.--Author's abstract"
snowball,Rusty: Runtime Interference-Aware Predictive Mon,backward,W2064675550,10.1162/neco.1997.9.8.1735,Long Short-Term Memory,1997,Neural Computation,article,101504,closed,,"Learning to store information over extended time intervals by recurrent backpropagation takes a very long time, mostly because of insufficient, decaying error backflow. We briefly review Hochreiter's (1991) analysis of this problem, then address it by introducing a novel, efficient, gradient-based method called long short-term memory (LSTM). Truncating the gradient where this does not do harm, LSTM can learn to bridge minimal time lags in excess of 1000 discrete-time steps by enforcing constant error flow through constant error carousels within special units. Multiplicative gate units learn to open and close access to the constant error flow. LSTM is local in space and time; its computational complexity per time step and weight is O(1). Our experiments with artificial data involve local, distributed, real-valued, and noisy pattern representations. In comparisons with real-time recurrent learning, back propagation through time, recurrent cascade correlation, Elman nets, and neural sequence chunking, LSTM leads to many more successful runs, and learns much faster. LSTM also solves complex, artificial long-time-lag tasks that have never been solved by previous recurrent network algorithms."
snowball,Rusty: Runtime Interference-Aware Predictive Mon,backward,W2101234009,10.48550/arxiv.1201.0490,Scikit-learn: Machine Learning in Python,2012,ORBi (University of Liège),article,64032,green,https://orbi.uliege.be/handle/2268/225787,"Scikit-learn is a Python module integrating a wide range of state-of-the-art machine learning algorithms for medium-scale supervised and unsupervised problems. This package focuses on bringing machine learning to non-specialists using a general-purpose high-level language. Emphasis is put on ease of use, performance, documentation, and API consistency. It has minimal dependencies and is distributed under the simplified BSD license, encouraging its use in both academic and commercial settings. Source code, binaries, and documentation can be downloaded from http://scikit-learn.org."
snowball,Rusty: Runtime Interference-Aware Predictive Mon,backward,W2165698076,10.1109/tkde.2009.191,A Survey on Transfer Learning,2009,IEEE Transactions on Knowledge and Data Engineering,article,23690,closed,,"A major assumption in many machine learning and data mining algorithms is that the training and future data must be in the same feature space and have the same distribution. However, in many real-world applications, this assumption may not hold. For example, we sometimes have a classification task in one domain of interest, but we only have sufficient training data in another domain of interest, where the latter data may be in a different feature space or follow a different data distribution. In such cases, knowledge transfer, if done successfully, would greatly improve the performance of learning by avoiding much expensive data-labeling efforts. In recent years, transfer learning has emerged as a new learning framework to address this problem. This survey focuses on categorizing and reviewing the current progress on transfer learning for classification, regression, and clustering problems. In this survey, we discuss the relationship between transfer learning and other related machine learning techniques such as domain adaptation, multitask learning and sample selection bias, as well as covariate shift. We also explore some potential future issues in transfer learning research."
snowball,Rusty: Runtime Interference-Aware Predictive Mon,backward,W2189465200,,Spark: cluster computing with working sets,2010,,article,4235,closed,,"MapReduce and its variants have been highly successful in implementing large-scale data-intensive applications on commodity clusters. However, most of these systems are built around an acyclic data flow model that is not suitable for other popular applications. This paper focuses on one such class of applications: those that reuse a working set of data across multiple parallel operations. This includes many iterative machine learning algorithms, as well as interactive data analysis tools. We propose a new framework called Spark that supports these applications while retaining the scalability and fault tolerance of MapReduce. To achieve these goals, Spark introduces an abstraction called resilient distributed datasets (RDDs). An RDD is a read-only collection of objects partitioned across a set of machines that can be rebuilt if a partition is lost. Spark can outperform Hadoop by 10x in iterative machine learning jobs, and can be used to interactively query a 39 GB dataset with sub-second response time. 1"
snowball,Rusty: Runtime Interference-Aware Predictive Mon,backward,W1985229168,10.1145/1807128.1807152,Benchmarking cloud serving systems with YCSB,2010,,conference-paper,3719,closed,,"While the use of MapReduce systems (such as Hadoop) for large scale data analysis has been widely recognized and studied, we have recently seen an explosion in the number of systems developed for cloud data serving. These newer systems address ""cloud OLTP"" applications, though they typically do not support ACID transactions. Examples of systems proposed for cloud serving use include BigTable, PNUTS, Cassandra, HBase, Azure, CouchDB, SimpleDB, Voldemort, and many others. Further, they are being applied to a diverse range of applications that differ considerably from traditional (e.g., TPC-C like) serving workloads. The number of emerging cloud serving systems and the wide range of proposed applications, coupled with a lack of apples-to-apples performance comparisons, makes it difficult to understand the tradeoffs between systems and the workloads for which they are suited. We present the ""Yahoo! Cloud Serving Benchmark"" (YCSB) framework, with the goal of facilitating performance comparisons of the new generation of cloud data serving systems. We define a core set of benchmarks and report results for four widely used systems: Cassandra, HBase, Yahoo!'s PNUTS, and a simple sharded MySQL implementation. We also hope to foster the development of additional cloud benchmark suites that represent other classes of applications by making our benchmark tool available via open source. In this regard, a key feature of the YCSB framework/tool is that it is extensible--it supports easy defi"
snowball,Rusty: Runtime Interference-Aware Predictive Mon,backward,W2036853599,10.1145/1186736.1186737,SPEC CPU2006 benchmark descriptions,2006,ACM SIGARCH Computer Architecture News,article,1984,closed,,"On August 24, 2006, the Standard Performance Evaluation Corporation (SPEC) announced CPU2006 [2], which replaces CPU2000. The SPEC CPU benchmarks are widely used in both industry and academia [3]."
snowball,Rusty: Runtime Interference-Aware Predictive Mon,backward,W2163961697,10.5555/1972457.1972488,Mesos: a platform for fine-grained resource sharing in the data center,2011,,article,1593,closed,,"We present Mesos, a platform for sharing commodity clusters between multiple diverse cluster computing frameworks, such as Hadoop and MPI. Sharing improves cluster utilization and avoids per-framework data replication. Mesos shares resources in a fine-grained manner, allowing frameworks to achieve data locality by taking turns reading data stored on each machine. To support the sophisticated schedulers of today’s frameworks, Mesos introduces a distributed two-level scheduling mechanism called resource offers. Mesos decides how many resources to offer each framework, while frameworks decide which resources to accept and which computations to run on them. Our results show that Mesos can achieve near-optimal data locality when sharing the cluster among diverse frameworks, can scale to 50,000 (emulated) nodes, and is resilient to failures."
snowball,Rusty: Runtime Interference-Aware Predictive Mon,backward,W2160121678,10.1145/2541940.2541941,Quasar,2014,,conference-paper,706,closed,,"Cloud computing promises flexibility and high performance for users and high cost-efficiency for operators. Nevertheless, most cloud facilities operate at very low utilization, hurting both cost effectiveness and future scalability."
snowball,Rusty: Runtime Interference-Aware Predictive Mon,backward,W2102709380,10.1145/2451116.2451125,Paragon,2013,,conference-paper,622,closed,,"Large-scale datacenters (DCs) host tens of thousands of diverse applications each day. However, interference between colocated workloads and the difficulty to match applications to one of the many hardware platforms available can degrade performance, violating the quality of service (QoS) guarantees that many cloud workloads require. While previous work has identified the impact of heterogeneity and interference, existing solutions are computationally intensive, cannot be applied online and do not scale beyond few applications."
snowball,Rusty: Runtime Interference-Aware Predictive Mon,backward,W2150139096,10.1145/2155620.2155650,Bubble-Up,2011,,conference-paper,605,closed,,"As much of the world's computing continues to move into the cloud, the overprovisioning of computing resources to ensure the performance isolation of latency-sensitive tasks, such as web search, in modern datacenters is a major contributor to low machine utilization. Being unable to accurately predict performance degradation due to contention for shared resources on multicore systems has led to the heavy handed approach of simply disallowing the co-location of high-priority, latency-sensitive tasks with other tasks. Performing this precise prediction has been a challenging and unsolved problem."
snowball,Rusty: Runtime Interference-Aware Predictive Mon,backward,W1977661221,10.1145/1840845.1840883,RAPL,2010,,conference-paper,599,closed,,"The drive for higher performance and energy efficiency in data-centers has influenced trends toward increased power and cooling requirements in the facilities. Since enterprise servers rarely operate at their peak capacity, efficient power capping is deemed as a critical component of modern enterprise computing environments. In this paper we propose a new power measurement and power limiting architecture for main memory. Specifically, we describe a new approach for measuring memory power and demonstrate its applicability to a novel power limiting algorithm. We implement and evaluate our approach in the modern servers and show that we achieve up to 40% lower performance impact when compared to the state-of-art baseline across the power limiting range."
snowball,Rusty: Runtime Interference-Aware Predictive Mon,backward,W2103981209,10.1145/1755913.1755938,Q-clouds,2010,,conference-paper,571,closed,,"Cloud computing offers users the ability to access large pools of computational and storage resources on demand. Multiple commercial clouds already allow businesses to replace, or supplement, privately owned IT assets, alleviating them from the burden of managing and maintaining these facilities. However, there are issues that must be addressed before this vision of utility computing can be fully realized. In existing systems, customers are charged based upon the amount of resources used or reserved, but no guarantees are made regarding the application level performance or quality-of-service (QoS) that the given resources will provide. As cloud providers continue to utilize virtualization technologies in their systems, this can become problematic. In particular, the consolidation of multiple customer applications onto multicore servers introduces performance interference between collocated workloads, significantly impacting application QoS. To address this challenge, we advocate that the cloud should transparently provision additional resources as necessary to achieve the performance that customers would have realized if they were running in isolation. Accordingly, we have developed Q-Clouds, a QoS-aware control framework that tunes resource allocations to mitigate performance interference effects. Q-Clouds uses online feedback to build a multi-input multi-output (MIMO) model that captures performance interference interactions, and uses it to perform closed loop resource mana"
snowball,Rusty: Runtime Interference-Aware Predictive Mon,backward,W1734799737,,Distributed caching with memcached,2004,Linux journal,article,513,closed,,"Speed up your database app with a simple, fast caching layer that uses your existing servers' spare memory."
snowball,Rusty: Runtime Interference-Aware Predictive Mon,backward,W2156077332,10.1145/2749469.2749475,Heracles,2015,,conference-paper,459,gold,https://dl.acm.org/doi/pdf/10.1145/2749469.2749475,"User-facing, latency-sensitive services, such as websearch, underutilize their computing resources during daily periods of low traffic. Reusing those resources for other tasks is rarely done in production services since the contention for shared resources can cause latency spikes that violate the service-level objectives of latency-sensitive tasks. The resulting under-utilization hurts both the affordability and energy-efficiency of large-scale datacenters. With technology scaling slowing down, it becomes important to address this opportunity."
snowball,Rusty: Runtime Interference-Aware Predictive Mon,backward,W2150478767,10.1109/hpca.2014.6835958,BigDataBench: A big data benchmark suite from internet services,2014,,conference-paper,417,green,https://arxiv.org/pdf/1401.1406,"As architecture, systems, and data management communities pay greater attention to innovative big data systems and architecture, the pressure of benchmarking and evaluating these systems rises. However, the complexity, diversity, frequently changed workloads, and rapid evolution of big data systems raise great challenges in big data benchmarking. Considering the broad use of big data systems, for the sake of fairness, big data benchmarks must include diversity of data and workloads, which is the prerequisite for evaluating big data systems and architecture. Most of the state-of-the-art big data benchmarking efforts target evaluating specific types of applications or system software stacks, and hence they are not qualified for serving the purposes mentioned above. This paper presents our joint research efforts on this issue with several industrial partners. Our big data benchmark suite-BigDataBench not only covers broad application scenarios, but also includes diverse and representative data sets. Currently, we choose 19 big data benchmarks from dimensions of application scenarios, operations/ algorithms, data types, data sources, software stacks, and application types, and they are comprehensive for fairly measuring and evaluating big data systems and architecture. BigDataBench is publicly available from the project home page http://prof.ict.ac.cn/BigDataBench. Also, we comprehensively characterize 19 big data workloads included in BigDataBench with varying data inputs. On a "
snowball,Rusty: Runtime Interference-Aware Predictive Mon,backward,W2036895660,10.1145/2749469.2750392,Profiling a warehouse-scale computer,2015,,conference-paper,395,gold,https://dl.acm.org/doi/pdf/10.1145/2749469.2750392,"With the increasing prevalence of warehouse-scale (WSC) and cloud computing, understanding the interactions of server applications with the underlying microarchitecture becomes ever more important in order to extract maximum performance out of server hardware. To aid such understanding, this paper presents a detailed microarchitectural analysis of live datacenter jobs, measured on more than 20,000 Google machines over a three year period, and comprising thousands of different applications."
snowball,Rusty: Runtime Interference-Aware Predictive Mon,backward,W2023214828,10.1145/2485922.2485974,Bubble-flux,2013,,conference-paper,348,closed,,"Ensuring the quality of service (QoS) for latency-sensitive applications while allowing co-locations of multiple applications on servers is critical for improving server utilization and reducing cost in modern warehouse-scale computers (WSCs). Recent work relies on static profiling to precisely predict the QoS degradation that results from performance interference among co-running applications to increase the number of ""safe"" co-locations. However, these static profiling techniques have several critical limitations: 1) a priori knowledge of all workloads is required for profiling, 2) it is difficult for the prediction to capture or adapt to phase or load changes of applications, and 3) the prediction technique is limited to only two co-running applications."
snowball,Rusty: Runtime Interference-Aware Predictive Mon,backward,W1656664476,10.1007/978-3-642-11261-4_11,Collecting Performance Data with PAPI-C,2010,,book-chapter,343,closed,,
snowball,Rusty: Runtime Interference-Aware Predictive Mon,backward,W2129573249,10.1145/1735970.1736058,Fairness via source throttling,2010,ACM SIGARCH Computer Architecture News,article,238,closed,,"Cores in a chip-multiprocessor (CMP) system share multiple hardware resources in the memory subsystem. If resource sharing is unfair, some applications can be delayed significantly while others are unfairly prioritized. Previous research proposed separate fairness mechanisms in each individual resource. Such resource-based fairness mechanisms implemented independently in each resource can make contradictory decisions, leading to low fairness and loss of performance. Therefore, a coordinated mechanism that provides fairness in the entire shared memory system is desirable. This paper proposes a new approach that provides fairness in the entire shared memory system , thereby eliminating the need for and complexity of developing fairness mechanisms for each individual resource. Our technique, Fairness via Source Throttling (FST), estimates the unfairness in the entire shared memory system. If the estimated unfairness is above a threshold set by system software, FST throttles down cores causing unfairness by limiting the number of requests they can inject into the system and the frequency at which they do. As such, our source-based fairness control ensures fairness decisions are made in tandem in the entire memory system. FST also enforces thread priorities/weights, and enables system software to enforce different fairness objectives and fairness-performance tradeoffs in the memory system. Our evaluations show that FST provides the best system fairness and performance compared to "
snowball,Rusty: Runtime Interference-Aware Predictive Mon,backward,W2027177485,10.1145/2155620.2155641,Pack & Cap,2011,,conference-paper,235,closed,,"The ability to cap peak power consumption is a desirable feature in modern data centers for energy budgeting, cost management, and efficient power delivery. Dynamic voltage and frequency scaling (DVFS) is a traditional control knob in the tradeoff between server power and performance. Multi-core processors and the parallel applications that take advantage of them introduce new possibilities for control, wherein workload threads are packed onto a variable number of cores and idle cores enter low-power sleep states. This paper proposes Pack & Cap, a control technique designed to make optimal DVFS and thread packing control decisions in order to maximize performance within a power budget. In order to capture the workload dependence of the performance-power Pareto frontier, a multinomial logistic regression (MLR) classifier is built using a large volume of performance counter, temperature, and power characterization data. When queried during runtime, the classifier is capable of accurately selecting the optimal operating point. We implement and validate this method on a real quad-core system running the PARSEC parallel benchmark suite. When varying the power budget during runtime, Pack & Cap meets power constraints 82% of the time even in the absence of a power measuring device. The addition of thread packing to DVFS as a control knob increases the range of feasible power constraints by an average of 21% when compared to DVFS alone and reduces workload energy consumption by an av"
snowball,Rusty: Runtime Interference-Aware Predictive Mon,backward,W2144553551,10.1145/2678373.2665718,Towards energy proportionality for large-scale latency-critical workloads,2014,ACM SIGARCH Computer Architecture News,article,217,closed,,"Reducing the energy footprint of warehouse-scale computer (WSC) systems is key to their affordability, yet difficult to achieve in practice. The lack of energy proportionality of typical WSC hardware and the fact that important workloads (such as search) require all servers to remain up regardless of traffic intensity renders existing power management techniques ineffective at reducing WSC energy use. We present PEGASUS, a feedback-based controller that significantly improves the energy proportionality of WSC systems, as demonstrated by a real implementation in a Google search cluster. PEGASUS uses request latency statistics to dynamically adjust server power management limits in a fine-grain manner, running each server just fast enough to meet global service-level latency objectives. In large cluster experiments, PEGASUS reduces power consumption by up to 20%. We also estimate that a distributed version of PEGASUS can nearly double these savings"
snowball,Rusty: Runtime Interference-Aware Predictive Mon,backward,W2169665207,10.1145/1854273.1854350,A case for NUMA-aware contention management on multicore systems,2010,,conference-paper,217,closed,,"On multicore systems contention for shared resources occurs when memory-intensive threads are co-scheduled on cores that share parts of the memory hierarchy, such as last-level caches and memory controllers. Previous work investigated how contention could be addressed via scheduling. A contention-aware scheduler separates competing threads onto separate memory hierarchy domains to eliminate resource sharing and, as a consequence, mitigate contention. However, all previous work on contention-aware scheduling assumed that the underlying system is UMA (uniform memory access latencies, single memory controller). Modern multicore systems, however, are NUMA, which means that they feature non-uniform memory access latencies and multiple memory controllers. We discovered that contention management is a lot more difficult on NUMA systems, because the scheduler must not only consider the placement of threads, but also the placement of their memory. This is mostly required to eliminate contention for memory controllers contrary to the popular belief that remote access latency is the dominant concern. In this work we quantify the effects on performance imposed by resource contention and remote access latency. This analysis inspires the design of a contention-aware scheduling algorithm for NUMA systems. This algorithm significantly outperforms a NUMA-unaware algorithm proposed before as well as the default Linux scheduler. We also investigate memory migration strategies, which are the nec"
snowball,Rusty: Runtime Interference-Aware Predictive Mon,backward,W2155168119,,Comparing program phase detection techniques,2003,,article,211,closed,,"Detecting program phase changes accurately is an important aspect of dynamically adaptable systems. Three dynamic program phase detection techniques are compared – using instruction working sets, basic block vectors (BBV), and conditional branch counts. Because program phases are difficult to define, we compare the techniques using a variety of metrics. BBV techniques perform better than the other techniques providing higher sensitivity and more stable phases. However, the instruction working set technique yields 30 % longer phases than the BBV method, although there is less stability within phases. On average, the methods agree on phase changes 85 % of the time. Of the 15% of time they disagree, the BBV method is more efficient at detecting performance changes. The conditional branch counter technique provides good sensitivity, but is less effective at detecting major phase changes. Nevertheless, the branch counter technique correlates 83 % of the time with the BBV based technique. As an auxiliary result, we show that techniques based on procedure granularities do not perform as well as those based on instruction or basic block granularities. This is mainly due to their inability to detect changes within procedures. 1."
snowball,Rusty: Runtime Interference-Aware Predictive Mon,backward,W1468576370,,Evaluating the effectiveness of model-based power characterization,2011,,article,194,closed,,"Accurate power characterization is important in computing platforms for several reasons ranging from poweraware adaptation to power provisioning. Power characterization is typically obtained through either direct measurements enabled by physical instrumentation or modeling based on hardware performance counters. We show, however, that linear-regression based modeling techniques commonly used in the literature work well only in restricted settings. These techniques frequently exhibit high prediction error in modern computing platforms due to inherent complexities such as multiple cores, hidden device states, and large dynamic power components. Using a comprehensive measurement framework and an extensive set of benchmarks, we consider several more advanced modeling techniques and observe limited improvement. Our quantitative demonstration of the limitations of a variety of modeling techniques highlights the challenges posed by rising hardware complexity and variability and, thus, motivates the need for increased direct measurement of power consumption. 1"
snowball,Rusty: Runtime Interference-Aware Predictive Mon,backward,W2082545328,10.1145/1810085.1810108,Decomposable and responsive power models for multicore processors using performance counters,2010,,conference-paper,160,closed,,"Power modeling based on performance monitoring counters (PMCs) attracted the interest of researchers since it became a quick approach to understand and analyse power behavior on real systems. As a result, several power-aware policies use power models to guide their decisions and to trigger low-level mechanisms such as voltage and frequency scaling. Hence, the presence of power models that are informative, accurate and capable of detecting power phases is critical to increase the power-aware research chances and to improve the success of power-saving techniques based on them. In addition, the design of current processors has varied considerably with the inclusion of multiple cores with some resources shared on a single die. As a result, PMC-based power models warrant further investigation on current energy-efficient multi-core processors."
snowball,Rusty: Runtime Interference-Aware Predictive Mon,backward,W1964225254,10.1145/1880018.1880019,Contention-Aware Scheduling on Multicore Systems,2010,ACM Transactions on Computer Systems,article,157,closed,,"Contention for shared resources on multicore processors remains an unsolved problem in existing systems despite significant research efforts dedicated to this problem in the past. Previous solutions focused primarily on hardware techniques and software page coloring to mitigate this problem. Our goal is to investigate how and to what extent contention for shared resource can be mitigated via thread scheduling. Scheduling is an attractive tool, because it does not require extra hardware and is relatively easy to integrate into the system. Our study is the first to provide a comprehensive analysis of contention-mitigating techniques that use only scheduling. The most difficult part of the problem is to find a classification scheme for threads, which would determine how they affect each other when competing for shared resources. We provide a comprehensive analysis of such classification schemes using a newly proposed methodology that enables to evaluate these schemes separately from the scheduling algorithm itself and to compare them to the optimal. As a result of this analysis we discovered a classification scheme that addresses not only contention for cache space, but contention for other shared resources, such as the memory controller, memory bus and prefetching hardware. To show the applicability of our analysis we design a new scheduling algorithm, which we prototype at user level, and demonstrate that it performs within 2% of the optimal. We also conclude that the highest "
snowball,Rusty: Runtime Interference-Aware Predictive Mon,backward,W1988184485,10.1109/iiswc.2013.6704667,iBench: Quantifying interference for datacenter applications,2013,,conference-paper,131,closed,,"Interference between co-scheduled applications is one of the major reasons that causes modern datacenters (DCs) to operate at low utilization. DC operators traditionally side-step interference either by disallowing colocation altogether and providing isolated server instances, or by requiring the users to express resource reservations, which are often exaggerated to counter-balance the unpredictability in the quality of allocated resources. Understanding, reducing and managing interference can significantly impact the manner in which these large-scale systems operate. We present iBench, a novel workload suite that helps quantify the pressure different applications put in various shared resources, and similarly the pressure they can tolerate in these resources. iBench consists of a set of carefully-crafted benchmarks that induce interference of increasing intensity in resources that span the CPU, cache hierarchy, memory, storage and networking subsystems. We first validate the effect that iBench workloads have on performance against a wide spectrum of DC applications. Then, we use iBench to demonstrate the importance of considering interference in a set of challenging problems that range from DC scheduling and server provisioning, to resource-efficient application development and scheduling for heterogeneous CMPs. In all cases quantifying interference with iBench results in significant performance and/or efficiency improvements. We plan to release iBench under a free software "
snowball,Rusty: Runtime Interference-Aware Predictive Mon,backward,W2080048189,10.1109/iiswc.2013.6704671,Characterizing data analysis workloads in data centers,2013,,conference-paper,120,closed,,"As the amount of data explodes rapidly, more and more corporations are using data centers to make effective decisions and gain a competitive edge. Data analysis applications play a significant role in data centers, and hence it has became increasingly important to understand their behaviors in order to further improve the performance of data center computer systems. In this paper, after investigating three most important application domains in terms of page views and daily visitors, we choose eleven representative data analysis workloads and characterize their micro-architectural characteristics by using hardware performance counters, in order to understand the impacts and implications of data analysis workloads on the systems equipped with modern superscalar out-of-order processors. Our study on the workloads reveals that data analysis applications share many inherent characteristics, which place them in a different class from desktop (SPEC CPU2006), HPC (HPCC), and service workloads, including traditional server workloads (SPECweb200S) and scale-out service workloads (four among six benchmarks in CloudSuite), and accordingly we give several recommendations for architecture and system optimizations. On the basis of our workload characterization work, we released a benchmark suite named DCBench for typical datacenter workloads, including data analysis and service workloads, with an open-source license on our project home page on http://prof.ict.ac.cnIDCBench. We hope that DCB"
snowball,Rusty: Runtime Interference-Aware Predictive Mon,backward,W2103060820,10.1109/mm.2010.73,Server Engineering Insights for Large-Scale Online Services,2010,IEEE Micro,article,108,closed,,"The rapid growth of online services in the last decade has led to the development of large data centers to host these workloads. These large-scale online, user-facing services have unique engineering and capacity provisioning design requirements. The authors explore these requirements, focusing on system balancing, the impact of technology trends, and the challenges of online service workloads."
snowball,Rusty: Runtime Interference-Aware Predictive Mon,backward,W2006626399,10.5555/2388996.2389066,Measuring interference between live datacenter applications,2012,,article,90,closed,,"Abstract—Application interference is prevalent in datacenters due to contention over shared hardware resources. Unfortunately, understanding interference in live datacenters is more difficult than in controlled environments or on simpler architectures. Most approaches to mitigating interference rely on data that cannot be collected efficiently in a production environment. This work exposes eight specific complexities of live datacenters that constrain measurement of interference. It then introduces new, generic measurement techniques for analyzing interference in the face of these challenges and restrictions. We use the measurement techniques to conduct the first large-scale study of application interference in live production datacenter workloads. Data is measured across 1000 12-core Google servers observed to be running 1102 unique applications. Finally, our work identifies several opportunities to improve performance that use only the available data; these opportunities are applicable to any datacenter. I."
snowball,Rusty: Runtime Interference-Aware Predictive Mon,backward,W2019731328,10.1145/2775111,A Survey on Hypervisor-Based Monitoring,2015,ACM Computing Surveys,article,83,closed,,"When designing computer monitoring systems, one goal has always been to have a complete view of the monitored target and at the same time stealthily protect the monitor itself. One way to achieve this is to use hypervisor-based, or more generally out of virtual machine (VM)-based, monitoring. There are, however, challenges that limit the use of this mechanism; the most significant of these is the semantic gap problem. Over the past decade, a considerable amount of research has been carried out to bridge the semantic gap and develop all kinds of out-of-VM monitoring techniques and applications. By tracing the evolution of out-of-VM security solutions, this article examines and classifies different approaches that have been proposed to overcome the semantic gap—the fundamental challenge in hypervisor-based monitoring—and how they have been used to develop various security applications. In particular, we review how the past approaches address different constraints, such as practicality, flexibility, coverage, and automation, while bridging the semantic gap; how they have developed different monitoring systems; and how the monitoring systems have been applied and deployed. In addition to systematizing all of the proposed techniques, we also discuss the remaining research problems and shed light on the future directions of hypervisor-based monitoring."
snowball,Rusty: Runtime Interference-Aware Predictive Mon,backward,W2028800864,10.1109/micro.2014.17,"PPEP: Online Performance, Power, and Energy Prediction Framework and DVFS Space Exploration",2014,,conference-paper,78,closed,,"Performance, power, and energy (PPE) are critical aspects of modern computing. It is challenging to accurately predict, in real time, the effect of dynamic voltage and frequency scaling (DVFS) on PPE across a wide range of voltages and frequencies. This results in the use of reactive, iterative, and inefficient algorithms for dynamically finding good DVFS states. We propose PPEP, an online PPE prediction framework that proactively and rapidly searches the DVFS space. PPEP uses hardware events to implement both a cycles-per-instruction (CPI) model as well as a per-core power model in order to predict PPE across all DVFS states. We verify on modern AMD CPUs that the PPEP power model achieves an average error of 4.6% (2.8% standard deviation) on 152 benchmark combinations at 5 distinct voltage-frequency states. Predicting average chip power across different DVFS states achieves an average error of 4.2% with a 3.6% standard deviation. Further, we demonstrate the usage of PPEP by creating and evaluating a highly responsive power capping mechanism that can meet power targets in a single step. PPEP also provides insights for future development of DVFS technologies. For example, we find that it is important to carefully consider background workloads for DVFS policies and that enabling north bridge DVFS can offer up to 20% additional energy saving or a 1.4x performance improvement."
snowball,Rusty: Runtime Interference-Aware Predictive Mon,backward,W2111204461,10.1109/hpca.2006.1598119,Phase Characterization for Power: Evaluating Control-Flow-Based and Event-Counter-Based Techniques,2006,,conference-paper,103,closed,,"Computer systems increasingly rely on dynamic, phase-based system management techniques, in which system hardware and software parameters may be altered or tuned at runtime for different program phases. Prior research has considered a range of possible phase analysis techniques, but has focused almost exclusively on performance-oriented phases; the notion of power-oriented phases has not been explored. Moreover, the bulk of phase-analysis studies have focused on simulation evaluation. There is need for real-system experiments that provide direct comparison of different practical techniques (such as control flow sampling, event counters, and power measurements) for gauging phase behavior. In this paper, we propose and evaluate a live, real-system measurement framework for collecting and analyzing power phases in running applications. Our experimental frameworks simultaneously collects control flow, performance counter and live power measurement information. Using this framework, we directly compare between code-oriented techniques (such as ""basic block vectors"") and performance counter techniques for characterizing power phases. Across a collection of both SPEC2000 benchmarks as well as mainstream desktop applications, our results indicate that both techniques are promising, but that performance counters consistently provide better representation of power behavior. For many of the experimented cases, basic block vectors demonstrate a strong relationship between the execution p"
snowball,Rusty: Runtime Interference-Aware Predictive Mon,backward,W2120072148,10.1145/2155620.2155638,Proactive instruction fetch,2011,,conference-paper,93,green,http://infoscience.epfl.ch/record/169659,"Fast access requirements preclude building L1 instruction caches large enough to capture the working set of server workloads. Efforts exist to mitigate limited L1 instruction cache capacity by relying on the stability and repetitiveness of the instruction stream to predict and prefetch future instruction blocks prior to their use. However, dynamic variation in cache miss sequences prevents correct and timely prediction, leaving many instruction-fetch stalls exposed, resulting in a key performance bottleneck for servers."
snowball,Rusty: Runtime Interference-Aware Predictive Mon,backward,W2008441771,10.1109/iiswc.2014.6983059,Deep-dive analysis of the data analytics workload in CloudSuite,2014,,conference-paper,56,closed,,"Exponential growth of digital data has introduced massively-parallel systems, special orchestration layers, and new scale-out applications. While recent works suggest characteristics of scale-out workloads are different from those of traditional ones, their root causes are not understood. Such understanding is extremely important to improve efficiency; even a 1% performance gain for a core can have a large impact on the datacenter as a whole. This paper studies the characteristics of a Big Data Analytics (BDA) workload on a modern cloud server. It is intentionally focused on a single workload-platform in order to enable deep-dive analysis that aims to understand the root causes of the CPU bottlenecks which this paper identify. We choose the Data Analytics benchmark from CloudSuite [1] as a representative of a growing family of important applications. This paper describes a customization of a comprehensive threefold analysis method. The method consists of a System level, where sensitivity to system parameters is examined, as well as Application and Architectural levels; where bottlenecks are attributed back to the application and runtime codes, respectively. The paper also adopts a proof-by-optimization approach to prove bottlenecks' validity. Overall, 65% net speedup is measured with significant power reduction. The paper reveals that BDA workloads suffer from overheads related to managing the data rather than accessing the data. For example, Hash index lookup is found to be "
snowball,Rusty: Runtime Interference-Aware Predictive Mon,backward,W2126584218,10.1145/2678373.2665719,SleepScale,2014,ACM SIGARCH Computer Architecture News,article,48,closed,,"Power consumption in data centers has been growing significantly in recent years. To reduce power, servers are beingequipped with increasingly sophisticated power management mechanisms. Different mechanisms offer dramatically different trade-offs between power savings and performance penalties. Considering the complexity, variety, and temporallyvarying nature of the applications hosted in a typical data center, intelligently determining which power management policy to use and when is a complicated task. In this paper we analyze a system model featuring both performance scaling and low-power states. We reveal the interplay between performance scaling and low-power states via intensive simulation and analytic verification. Based on the observations, we present SleepScale, a runtime power management tool designed to efficiently exploit existing power control mechanisms. At run time, SleepScale characterizes power consumption and quality-of-service (QoS) for each lowpower state and frequency setting, and selects the best policy for a given QoS constraint. We evaluate SleepScale using workload traces from data centers and achieve significant power savings relative to conventional power management strategies"
snowball,Rusty: Runtime Interference-Aware Predictive Mon,backward,W2154198528,10.1145/2400682.2400688,Per-thread cycle accounting in multicore processors,2013,ACM Transactions on Architecture and Code Optimization,article,31,bronze,https://dl.acm.org/doi/pdf/10.1145/2400682.2400688,"While multicore processors improve overall chip throughput and hardware utilization, resource sharing among the cores leads to unpredictable performance for the individual threads running on a multicore processor. Unpredictable per-thread performance becomes a problem when considered in the context of multicore scheduling: system software assumes that all threads make equal progress, however, this is not what the hardware provides. This may lead to problems at the system level such as missed deadlines, reduced quality-of-service, non-satisfied service-level agreements, unbalanced parallel performance, priority inversion, unpredictable interactive performance, etc. This article proposes a hardware-efficient per-thread cycle accounting architecture for multicore processors. The counter architecture tracks per-thread progress in a multicore processor, detects how inter-thread interference affects per-thread performance, and predicts the execution time for each thread if run in isolation. The counter architecture captures the effects of additional conflict misses due to cache sharing as well as increased latency for other memory accesses due to resource and bandwidth contention in the memory subsystem. The proposed method accounts for 74.3% of the interference cycles, and estimates per-thread progress within 14.2% on average across a large set of multi-program workloads. Hardware cost is limited to 7.44KB for an 8-core processor, a reduction by almost 10× compared to prior work w"
snowball,Rusty: Runtime Interference-Aware Predictive Mon,backward,W2089584947,10.1155/2014/906454,Enabling Fair Pricing on High Performance Computer Systems with Node Sharing,2014,Scientific Programming,article,5,hybrid,https://downloads.hindawi.com/journals/sp/2014/906454.pdf,"Co-location, where multiple jobs share compute nodes in large-scale HPC systems, has been shown to increase aggregate throughput and energy efficiency by 10–20%. However, system operators disallow co-location due to fair-pricing concerns, i.e., a pricing mechanism that considers performance interference from co-running jobs. In the current pricing model, application execution time determines the price, which results in unfair prices paid by the minority of users whose jobs suffer from co-location. This paper presents POPPA, a runtime system that enables fair pricing by delivering precise online interference detection and facilitates the adoption of supercomputers with co-locations. POPPA leverages a novel shutter mechanism – a cyclic, fine-grained interference sampling mechanism to accurately deduce the interference between co-runners – to provide unbiased pricing of jobs that share nodes. POPPA is able to quantify inter-application interference within 4% mean absolute error on a variety of co-located benchmark and real scientific workloads."
snowball,Rusty: Runtime Interference-Aware Predictive Mon,backward,W1597841166,10.1109/iolts.2015.7229843,Workload characterization and prediction: A pathway to reliable multi-core systems,2015,,conference-paper,13,closed,,"As a result of technology scaling, power density of multi-core chips increases and leads to temperature hot-spots which accelerate device aging and chip failure. Moreover, intense efforts to reduce power consumption by employing low-power techniques decrease the reliability of new design generations. Traditionally, reactive thermal/power management techniques have been used to take appropriate action when the temperature reaches a threshold. However, these approaches do not always balance temperature and, as a result, may degrade system reliability. Therefore, to distribute temperature evenly across all cores, a proactive mechanism is needed to forecast future workload characteristics and the corresponding temperature, in order to make decisions before hot spots occur. Such proactive methods rely on an engine to precisely predict future workload characteristics. In this work, we first discuss the state-of-the-art methods for predicting workload dynamics and we compare their performance. We, then, introduce a prediction method based on Support Vector Regression (SVR), which accurately predicts the workload behavior several steps ahead. To evaluate the effectiveness of our approach, we use several programs from the PARSEC benchmark suite on an UltraSPARC T1 processor running the Sun Solaris operating system and we extract architectural traces. Then, the extracted traces are used to generate power and thermal profiles for each core using the McPAT and Hot-Spot simulators. Our re"
snowball,Rusty: Runtime Interference-Aware Predictive Mon,backward,W2194775991,10.1109/cvpr.2016.90,Deep Residual Learning for Image Recognition,2016,,conference-paper,228308,green,https://repositorio.unal.edu.co/handle/unal/81443,"Deeper neural networks are more difficult to train. We present a residual learning framework to ease the training of networks that are substantially deeper than those used previously. We explicitly reformulate the layers as learning residual functions with reference to the layer inputs, instead of learning unreferenced functions. We provide comprehensive empirical evidence showing that these residual networks are easier to optimize, and can gain accuracy from considerably increased depth. On the ImageNet dataset we evaluate residual nets with a depth of up to 152 layers - 8× deeper than VGG nets [40] but still having lower complexity. An ensemble of these residual nets achieves 3.57% error on the ImageNet test set. This result won the 1st place on the ILSVRC 2015 classification task. We also present analysis on CIFAR-10 with 100 and 1000 layers. The depth of representations is of central importance for many visual recognition tasks. Solely due to our extremely deep representations, we obtain a 28% relative improvement on the COCO object detection dataset. Deep residual nets are foundations of our submissions to ILSVRC & COCO 2015 competitions1, where we also won the 1st places on the tasks of ImageNet detection, ImageNet localization, COCO detection, and COCO segmentation."
snowball,Rusty: Runtime Interference-Aware Predictive Mon,backward,W2290712622,10.1145/2890784,"Borg, Omega, and Kubernetes",2016,Communications of the ACM,article,633,bronze,https://dl.acm.org/doi/pdf/10.1145/2890784?download=true,Lessons learned from three container-management systems over a decade.
snowball,Rusty: Runtime Interference-Aware Predictive Mon,backward,W2964335273,,How to Construct Deep Recurrent Neural Networks,2014,International Conference on Learning Representations,conference-paper,583,closed,,"Abstract: In this paper, we explore different ways to extend a recurrent neural network (RNN) to a \textit{deep} RNN. We start by arguing that the concept of depth in an RNN is not as clear as it is in feedforward neural networks. By carefully analyzing and understanding the architecture of an RNN, however, we find three points of an RNN which may be made deeper; (1) input-to-hidden function, (2) hidden-to-hidden transition and (3) hidden-to-output function. Based on this observation, we propose two novel architectures of a deep RNN which are orthogonal to an earlier attempt of stacking multiple recurrent layers to build a deep RNN (Schmidhuber, 1992; El Hihi and Bengio, 1996). We provide an alternative interpretation of these deep RNNs using a novel framework based on neural operators. The proposed deep RNNs are empirically evaluated on the tasks of polyphonic music prediction and language modeling. The experimental result supports our claim that the proposed deep RNNs benefit from the depth and outperform the conventional, shallow RNNs."
snowball,Rusty: Runtime Interference-Aware Predictive Mon,backward,W2309679942,,Ernest: efficient performance prediction for large-scale advanced analytics,2016,Networked Systems Design and Implementation,article,344,closed,,"Recent workload trends indicate rapid growth in the deployment of machine learning, genomics and scientific workloads on cloud computing infrastructure. However, efficiently running these applications on shared infrastructure is challenging and we find that choosing the right hardware configuration can significantly improve performance and cost. The key to address the above challenge is having the ability to predict performance of applications under various resource configurations so that we can automatically choose the optimal configuration.

Our insight is that a number of jobs have predictable structure in terms of computation and communication. Thus we can build performance models based on the behavior of the job on small samples of data and then predict its performance on larger datasets and cluster sizes. To minimize the time and resources spent in building a model, we use optimal experiment design, a statistical technique that allows us to collect as few training points as required. We have built Ernest, a performance prediction framework for large scale analytics and our evaluation on Amazon EC2 using several workloads shows that our prediction error is low while having a training overhead of less than 5% for long-running jobs."
snowball,Rusty: Runtime Interference-Aware Predictive Mon,backward,W2953169926,10.1145/3326285.3329074,Who limits the resource efficiency of my datacenter,2019,,conference-paper,279,closed,,"Cloud platform provides great flexibility and cost-efficiency for end-users and cloud operators. However, low resource utilization in modern datacenters brings huge wastes of hardware resources and infrastructure investment. To improve resource utilization, a straightforward way is co-locating different workloads on the same hardware. To figure out the resource efficiency and understand the key characteristics of workloads in co-located cluster, we analyze an 8-day trace from Alibaba's production trace. We reveal three key findings as follows. First, memory becomes the new bottleneck and limits the resource efficiency in Alibaba's datacenter. Second, in order to protect latency-critical applications, batch-processing applications are treated as second-class citizens and restricted to utilize limited resources. Third, more than 90% of latency-critical applications are written in Java applications. Massive self-contained JVMs further complicate resource management and limit the resource efficiency in datacenters."
snowball,Rusty: Runtime Interference-Aware Predictive Mon,backward,W2926143647,10.1145/3297858.3304005,PARTIES,2019,,conference-paper,262,gold,https://dl.acm.org/doi/pdf/10.1145/3297858.3304005,"Multi-tenancy in modern datacenters is currently limited to a single latency-critical, interactive service, running alongside one or more low-priority, best-effort jobs. This limits the efficiency gains from multi-tenancy, especially as an increasing number of cloud applications are shifting from batch jobs to services with strict latency requirements. We present PARTIES, a QoS-aware resource manager that enables an arbitrary number of interactive, latency-critical services to share a physical node without QoS violations. PARTIES leverages a set of hardware and software resource partitioning mechanisms to adjust allocations dynamically at runtime, in a way that meets the QoS requirements of each co-scheduled workload, and maximizes throughput for the machine. We evaluate PARTIES on state-of-the-art server platforms across a set of diverse interactive services. Our results show that PARTIES improves throughput under QoS by 61% on average, compared to existing resource managers, and that the rate of improvement increases with the number of co-scheduled applications per physical host."
snowball,Rusty: Runtime Interference-Aware Predictive Mon,backward,W2930500175,10.1145/3297858.3304004,Seer,2019,,conference-paper,260,gold,https://dl.acm.org/doi/pdf/10.1145/3297858.3304004,"Performance unpredictability is a major roadblock towards cloud adoption, and has performance, cost, and revenue ramifications. Predictable performance is even more critical as cloud services transition from monolithic designs to microservices. Detecting QoS violations after they occur in systems with microservices results in long recovery times, as hotspots propagate and amplify across dependent services. We present Seer, an online cloud performance debugging system that leverages deep learning and the massive amount of tracing data cloud systems collect to learn spatial and temporal patterns that translate to QoS violations. Seer combines lightweight distributed RPC-level tracing, with detailed low-level hardware monitoring to signal an upcoming QoS violation, and diagnose the source of unpredictable performance. Once an imminent QoS violation is detected, Seer notifies the cluster manager to take action to avoid performance degradation altogether. We evaluate Seer both in local clusters, and in large-scale deployments of end-to-end applications built with microservices with hundreds of users. We show that Seer correctly anticipates QoS violations 91% of the time, and avoids the QoS violation to begin with in 84% of cases. Finally, we show that Seer can identify application-level design bugs, and provide insights on how to better architect microservices to achieve predictable performance."
snowball,Rusty: Runtime Interference-Aware Predictive Mon,backward,W2234128234,10.1145/2830772.2830803,The application slowdown model,2015,,conference-paper,153,closed,,"In a multi-core system, interference at shared resources (such as caches and main memory) slows down applications running on different cores. Accurately estimating the slowdown of each application has several benefits: e.g., it can enable shared resource allocation in a manner that avoids unfair application slowdowns or provides slowdown guarantees. Unfortunately, prior works on estimating slowdowns either lead to inaccurate estimates, do not take into account shared caches, or rely on a priori application knowledge. This severely limits their applicability."
snowball,Rusty: Runtime Interference-Aware Predictive Mon,backward,W2928897890,10.1145/3302424.3303958,GrandSLAm,2019,,conference-paper,151,closed,,"The microservice architecture has dramatically reduced user effort in adopting and maintaining servers by providing a catalog of functions as services that can be used as building blocks to construct applications. This has enabled datacenter operators to look at managing datacenter hosting microservices quite differently from traditional infrastructures. Such a paradigm shift calls for a need to rethink resource management strategies employed in such execution environments. We observe that the visibility enabled by a microservices execution framework can be exploited to achieve high throughput and resource utilization while still meeting Service Level Agreements, especially in multi-tenant execution scenarios."
snowball,Rusty: Runtime Interference-Aware Predictive Mon,backward,W2327709439,10.1109/hpca.2016.7446102,Cache QoS: From concept to reality in the Intel® Xeon® processor E5-2600 v3 product family,2016,,conference-paper,123,closed,,"Over the last decade, addressing quality of service (QoS) in multi-core server platforms has been growing research topic. QoS techniques have been proposed to address the shared resource contention between co-running applications or virtual machines in servers and thereby provide better isolation, performance determinism and potentially improve overall throughput. One of the most important shared resources is cache space. Most proposals for addressing shared cache contention are based on simulations and analysis and no commercial platforms were available that integrated such techniques and provided a practical solution. In this paper, we will present the first set of shared cache QoS techniques designed and implemented in state-of-the-art commercial servers (the Intel® Xeon® processor E5-2600 v3 product family). We will describe two key technologies: (i) Cache Monitoring Technology (CMT) to enable monitoring of shared cache usage by different applications and (ii) Cache Allocation Technology (CAT) which enables redistribution of shared cache space between applications to address contention. This is the first paper to describing these techniques as they moved from concept to reality, starting from early research to product implementation. We will also present case studies highlighting the value of these techniques using example scenarios of multi-programmed workloads, virtualized platforms in datacenters and communications platforms. Finally, we will describe initial software "
snowball,Rusty: Runtime Interference-Aware Predictive Mon,backward,W2322202675,10.1145/2872362.2872394,Dirigent,2016,,conference-paper,105,closed,,"Latency-critical applications suffer from both average performance degradation and reduced completion time predictability when collocated with batch tasks. Such variation forces the system to overprovision resources to ensure Quality of Service (QoS) for latency-critical tasks, degrading overall system throughput. We explore the causes of this variation and exploit the opportunities of mitigating variation directly to simultaneously improve both QoS and utilization. We develop, implement, and evaluate Dirigent, a lightweight performance-management runtime system that accurately controls the QoS of latency-critical applications at fine time scales, leveraging existing architecture mechanisms. We evaluate Dirigent on a real machine and show that it is significantly more effective than configurations representative of prior schemes."
snowball,Rusty: Runtime Interference-Aware Predictive Mon,backward,W2326344342,10.1145/2872362.2872407,CloudSeer,2016,,conference-paper,94,closed,,"Cloud infrastructures provide a rich set of management tasks that operate computing, storage, and networking resources in the cloud. Monitoring the executions of these tasks is crucial for cloud providers to promptly find and understand problems that compromise cloud availability. However, such monitoring is challenging because there are multiple distributed service components involved in the executions. CloudSeer enables effective workflow monitoring. It takes a lightweight non-intrusive approach that purely works on interleaved logs widely existing in cloud infrastructures. CloudSeer first builds an automaton for the workflow of each management task based on normal executions, and then it checks log messages against a set of automata for workflow divergences in a streaming manner. Divergences found during the checking process indicate potential execution problems, which may or may not be accompanied by error log messages. For each potential problem, CloudSeer outputs necessary context information including the affected task automaton and related log messages hinting where the problem occurs to help further diagnosis. Our experiments on OpenStack, a popular open-source cloud infrastructure, show that CloudSeer's efficiency and problem-detection capability are suitable for online monitoring."
snowball,Rusty: Runtime Interference-Aware Predictive Mon,backward,W2512094163,10.1145/3007787.3001187,Dynamo,2016,ACM SIGARCH Computer Architecture News,article,92,closed,,"Data center power is a scarce resource that often goes underutilized due to conservative planning. This is because the penalty for overloading the data center power delivery hierarchy and tripping a circuit breaker is very high, potentially causing long service outages. Recently, dynamic server power capping, which limits the amount of power consumed by a server, has been proposed and studied as a way to reduce this penalty, enabling more aggressive utilization of provisioned data center power. However, no real at-scale solution for data center-wide power monitoring and control has been presented in the literature. In this paper, we describe Dynamo -- a data center-wide power management system that monitors the entire power hierarchy and makes coordinated control decisions to safely and efficiently use provisioned data center power. Dynamo has been developed and deployed across all of Facebook's data centers for the past three years. Our key insight is that in real-world data centers, different power and performance constraints at different levels in the power hierarchy necessitate coordinated data center-wide power management. We make three main contributions. First, to understand the design space of Dynamo, we provide a characterization of power variation in data centers running a diverse set of modern workloads. This characterization uses fine-grained power samples from tens of thousands of servers and spanning a period of over six months. Second, we present the detailed d"
snowball,Rusty: Runtime Interference-Aware Predictive Mon,backward,W2798933012,10.1145/3190508.3190543,Model-driven computational sprinting,2018,,conference-paper,33,gold,https://dl.acm.org/doi/pdf/10.1145/3190508.3190543,"Computational sprinting speeds up query execution by increasing power usage for short bursts. Sprinting policy decides when and how long to sprint. Poor policies inflate response time significantly. We propose a model-driven approach that chooses between sprinting policies based on their expected response time. However, sprinting alters query executions at runtime, creating a complex dependency between queuing and processing time. Our performance modeling approach employs offline profiling, machine learning, and first-principles simulation. Collectively, these modeling techniques capture the effects of sprinting on response time. We validated our modeling approach with 3 sprinting mechanisms across 9 workloads. Our performance modeling approach predicted response time with median error below 4% in most tests and median error of 11% in the worst case. We demonstrated model-driven sprinting for cloud providers seeking to colocate multiple workloads on AWS Burstable Instances while meeting service level objectives. Model-driven sprinting uncovered policies that achieved response time goals, allowing more workloads to colocate on a node. Compared to AWS Burstable policies, our approach increased revenue per node by 1.6X."
snowball,Rusty: Runtime Interference-Aware Predictive Mon,backward,W2951202371,10.1145/3307650.3322234,AsmDB,2019,,conference-paper,67,gold,https://dl.acm.org/doi/pdf/10.1145/3307650.3322234,"The large instruction working sets of private and public cloud workloads lead to frequent instruction cache misses and costs in the millions of dollars. While prior work has identified the growing importance of this problem, to date, there has been little analysis of where the misses come from, and what the opportunities are to improve them. To address this challenge, this paper makes three contributions. First, we present the design and deployment of a new, always-on, fleet-wide monitoring system, AsmDB, that tracks front-end bottlenecks. AsmDB uses hardware support to collect bursty execution traces, fleet-wide temporal and spatial sampling, and sophisticated offline post-processing to construct full-program dynamic control-flow graphs. Second, based on a longitudinal analysis of AsmDB data from real-world online services, we present two detailed insights on the sources of front-end stalls: (1) cold code that is brought in along with hot code leads to significant cache fragmentation and a corresponding large number of instruction cache misses; (2) distant branches and calls that are not amenable to traditional cache locality or next-line prefetching strategies account for a large fraction of cache misses. Third, we prototype two optimizations that target these insights. For misses caused by fragmentation, we focus on memcmp, one of the hottest functions contributing to cache misses, and show how fine-grained layout optimizations lead to significant benefits. For misses at t"
snowball,Rusty: Runtime Interference-Aware Predictive Mon,backward,W2745301591,10.1109/icac.2017.29,ESP: A Machine Learning Approach to Predicting Application Interference,2017,,conference-paper,52,closed,,"Independent applications co-scheduled on the same hardware will interfere with one another, affecting performance in complicated ways. Predicting this interference is key to efficiently scheduling applications on shared hardware, but forming accurate predictions is difficult because there are many shared hardware features that could lead to the interference. In this paper we investigate machine learning approaches (specifically, regularization) to understand the relation between those hardware features and application interference. We propose ESP, a highly accurate and fast regularization technique for application interference prediction. To demonstrate this practicality, we implement ESP and integrate it into a scheduler for both single and multi-node Linux/x86 systems and compare the scheduling performance to state-of-the-art heuristics. We find that ESP-based schedulers increase throughput by 1.25-1.8× depending on the scheduling scenario. Additionally, we find that ESP's accurate predictions allow schedulers to avoid catastrophic decisions, which heuristic approaches fundamentally cannot detect."
snowball,Rusty: Runtime Interference-Aware Predictive Mon,backward,W4233798301,10.1145/2775054.2694347,Sirius,2015,ACM SIGPLAN Notices,article,41,closed,,"As user demand scales for intelligent personal assistants (IPAs) such as Apple's Siri, Google's Google Now, and Microsoft's Cortana, we are approaching the computational limits of current datacenter architectures. It is an open question how future server architectures should evolve to enable this emerging class of applications, and the lack of an open-source IPA workload is an obstacle in addressing this question. In this paper, we present the design of Sirius, an open end-to-end IPA web-service application that accepts queries in the form of voice and images, and responds with natural language. We then use this workload to investigate the implications of four points in the design space of future accelerator-based server architectures spanning traditional CPUs, GPUs, manycore throughput co-processors, and FPGAs. To investigate future server designs for Sirius, we decompose Sirius into a suite of 7 benchmarks (Sirius Suite) comprising the computationally intensive bottlenecks of Sirius. We port Sirius Suite to a spectrum of accelerator platforms and use the performance and power trade-offs across these platforms to perform a total cost of ownership (TCO) analysis of various server design points. In our study, we find that accelerators are critical for the future scalability of IPA services. Our results show that GPU- and FPGA-accelerated servers improve the query latency on average by 10x and 16x. For a given throughput, GPU- and FPGA-accelerated servers can reduce the TCO of "
snowball,Rusty: Runtime Interference-Aware Predictive Mon,backward,W2903485826,10.1145/3274808.3274820,Pythia,2018,,conference-paper,36,gold,https://dl.acm.org/doi/pdf/10.1145/3274808.3274820,"With the increase in the number cores in modern architectures, the need for co-locating multiple workloads has become crucial for improving the overall compute utilization. However, co-locating multiple workloads on the same server is often avoided to protect the performance of the latency sensitive (LS) workloads from the contentions created by other co-located workloads on the shared resources, such as cache and memory bandwidth."
snowball,Rusty: Runtime Interference-Aware Predictive Mon,backward,W2949380140,10.1145/3307681.3325409,GAugur,2019,,conference-paper,30,closed,,"Cloud gaming has been very popular recently, but providing satisfactory gaming experiences to players at a modest cost is still challenging. Colocating several games onto one server could improve server utilization. To enable efficient colocations while providing Quality of Service (QoS) guarantees, a precise quantification of performance interference among colocated games is required. However, achieving such precise interference prediction is very challenging for games due to the complexity introduced by the contention on many shared resources across CPU and GPU. Moreover, the distinctive properties of cloud gaming require that the prediction model should be constructed beforehand and the prediction should be made instantaneously at request arrivals, which further increases the difficulty. The existing solutions are either not applicable or not effective due to many limitations. In this paper, we present GAugur, a novel methodology that enables highly accurate prediction of the performance interference among games arbitrarily colocated. By leveraging machine learning technologies, GAugur is able to capture the complex relationship between the interference and the contention features of colocated games. We evaluate GAugur through extensive experiments using a large number of real popular games. The results show that GAugur is able to identify whether a colocated game satisfies QoS requirement within an average error of 5%, and is able to quantify the performance degradation o"
snowball,Rusty: Runtime Interference-Aware Predictive Mon,backward,W2573182830,10.1109/tpds.2017.2652467,"ATOM: Efficient Tracking, Monitoring, and Orchestration of Cloud Resources",2017,IEEE Transactions on Parallel and Distributed Systems,article,28,closed,,"The emergence of Infrastructure as a Service framework brings new opportunities, which also accompanies with new challenges in auto scaling, resource allocation, and security. A fundamental challenge underpinning these problems is the continuous tracking and monitoring of resource usage in the system. In this paper, we present ATOM, an efficient and effective framework to automatically track, monitor, and orchestrate resource usage in an Infrastructure as a Service (IaaS) system that is widely used in cloud infrastructure. We use novel tracking method to continuously track important system usage metrics with low overhead, and develop a Principal Component Analysis (PCA) based approach to continuously monitor and automatically find anomalies based on the approximated tracking results. We show how to dynamically set the tracking threshold based on the detection results, and further, how to adjust tracking algorithm to ensure its optimality under dynamic workloads. Lastly, when potential anomalies are identified, we use introspection tools to perform memory forensics on VMs guided by analyzed results from tracking and monitoring to identify malicious behavior inside a VM. We demonstrate the extensibility of ATOM through virtual machine (VM) clustering. The performance of our framework is evaluated in an open source IaaS system."
snowball,Rusty: Runtime Interference-Aware Predictive Mon,backward,W2963380445,,Learning Memory Access Patterns,2018,International Conference on Machine Learning,conference-paper,18,closed,,"The explosion in workload complexity and the recent slow-down in Moore's law scaling call for new approaches towards efficient computing. Researchers are now beginning to use recent advances in machine learning in software optimizations, augmenting or replacing traditional heuristics and data structures. However, the space of machine learning for computer hardware architecture is only lightly explored. In this paper, we demonstrate the potential of deep learning to address the von Neumann bottleneck of memory performance. We focus on the critical problem of learning memory access patterns, with the goal of constructing accurate and efficient memory prefetchers. We relate contemporary prefetching strategies to n-gram models in natural language processing, and show how recurrent neural networks can serve as a drop-in replacement. On a suite of challenging benchmark datasets, we find that neural networks consistently demonstrate superior performance in terms of precision and recall. This work represents the first step towards practical neural-network based prefetching, and opens a wide range of exciting directions for machine learning in computer architecture research."
snowball,Rusty: Runtime Interference-Aware Predictive Mon,backward,W2904654489,10.1109/micro.2018.00056,CounterMiner: Mining Big Performance Data from Hardware Counters,2018,,conference-paper,22,closed,,"Modern processors typically provide a small number of hardware performance counters to capture a large number of microarchitecture events. These counters can easily generate a huge amount (e.g., GB or TB per day) of data, which we call big performance data in cloud computing platforms with more than thousands of servers and millions of complex workloads running in a ""24/7/365"" manner. The big performance data provides a precious foundation for root cause analysis of performance bottlenecks, architecture and compiler optimization, and many more. However, it is challenging to extract value from the big performance data due to: 1) the many unperceivable errors (e.g., outliers and missing values); and 2) the difficulty of obtaining insights, e.g., relating events to performance. In this paper, we propose CounterMiner, a rigorous methodology that enables the measurement and understanding of big performance data by using data mining and machine learning techniques. It includes three novel components: 1) using data cleaning to improve data quality by replacing outliers and filling in missing values; 2) iteratively quantifying, ranking, and pruning events based on their importance with respect to performance; 3) quantifying interaction intensity between two events by residual variance. We use sixteen benchmarks (eight from CloudSuite and eight from the Spark version of HiBench) to evaluate CounterMiner. The experimental results show that CounterMiner reduces the average error from 28"
snowball,Rusty: Runtime Interference-Aware Predictive Mon,backward,W2889265917,10.1145/3210560,QuMan,2018,ACM Transactions on Architecture and Code Optimization,article,21,bronze,https://dl.acm.org/doi/pdf/10.1145/3210560,"Modern data centers consolidate workloads to increase server utilization and reduce total cost of ownership, and cope with scaling limitations. However, server resource sharing introduces performance interference across applications and, consequently, increases performance volatility, which negatively affects user experience. Thus, a challenging problem is to increase server utilization while maintaining application QoS. In this article, we present QuMan , a server resource manager that uses application isolation and profiling to increase server utilization while controlling degradation of application QoS. Previous solutions, either estimate interference across applications and then restrict colocation to “compatible” applications, or assume that application requirements are known. Instead, QuMan estimates the required resources of applications. It uses an isolation mechanism to create properly-sized resource slices for applications, and arbitrarily colocates applications. QuMan ’s mechanisms can be used with a variety of admission control policies, and we explore the potential of two such policies: (1) A policy that allows users to specify a minimum performance threshold and (2) an automated policy, which operates without user input and is based on a new combined QoS-utilization metric. We implement QuMan on top of Linux servers, and we evaluate its effectiveness using containers and real applications. Our single-node results show that QuMan balances highly effectively the t"
snowball,Rusty: Runtime Interference-Aware Predictive Mon,backward,W2950722551,10.1145/3323090,Caliper,2019,ACM Transactions on Architecture and Code Optimization,article,13,bronze,https://dl.acm.org/doi/pdf/10.1145/3323090,"We introduce Caliper , a technique for accurately estimating performance interference occurring in shared servers. Caliper overcomes the limitations of prior approaches by leveraging a micro-experiment-based technique. In contrast to state-of-the-art approaches that focus on periodically pausing co-running applications to estimate slowdown, Caliper utilizes a strategic phase-triggered technique to capture interference due to co-location. This enables Caliper to orchestrate an accurate and low-overhead interference estimation technique that can be readily deployed in existing production systems. We evaluate Caliper for a broad spectrum of workload scenarios, demonstrating its ability to seamlessly support up to 16 applications running simultaneously and outperform the state-of-the-art approaches."
snowball,Rusty: Runtime Interference-Aware Predictive Mon,backward,W2790429602,10.1109/igcc.2017.8323597,Investigation of LSTM based prediction for dynamic energy management in chip multiprocessors,2017,,conference-paper,9,green,https://epublications.marquette.edu/cgi/viewcontent.cgi?article=1322&context=electric_fac,"In this paper, we investigate the effectiveness of using long short-term memory (LSTM) instead of Kalman filtering to do prediction for the purpose of constructing dynamic energy management (DEM) algorithms in chip multi-processors (CMPs). Either of the two prediction methods is employed to estimate the workload in the next control period for each of the processor cores. These estimates are then used to select voltage-frequency (VF) pairs for each core of the CMP during the next control period as part of a dynamic voltage and frequency scaling (DVFS) technique. The objective of the DVFS technique is to reduce energy consumption under performance constraints that are set by the user. We conduct our investigation using a custom Sniper system simulation framework. Simulation results for 16 and 64 core network-on-chip based CMP architectures and using several benchmarks demonstrate that the LSTM is slightly better than Kalman filtering."
snowball,Rusty: Runtime Interference-Aware Predictive Mon,backward,W4213009904,10.1145/2494232.2465756,Reuse-based online models for caches,2013,ACM SIGMETRICS Performance Evaluation Review,article,9,closed,,"We develop a reuse distance/stack distance based analytical modeling framework for efficient, online prediction of cache performance for a range of cache configurations and replacement policies LRU, PLRU, RANDOM, NMRU. Our framework unifies existing cache miss rate prediction techniques such as Smith's associativity model, Poisson variants, and hardware way-counter based schemes. We also show how to adapt LRU way-counters to work when the number of sets in the cache changes. As an example application, we demonstrate how results from our models can be used to select, based on workload access characteristics, last-level cache configurations that aim to minimize energy-delay product."
snowball,Rusty: Runtime Interference-Aware Predictive Mon,backward,W2858805479,10.1109/infcomw.2018.8406842,Online metrics prediction in monitoring systems,2018,,conference-paper,2,closed,,"Monitoring thousands of machines and services in a datacenter produces a lot of time series points, giving a general idea of the health of a cluster. However, there is a lack of tools to further exploit this data, for instance for prediction purposes. We propose to apply linear regression algorithms to predict the future behavior of monitored systems and anticipate downtimes, giving system administrators the information they need ahead of the problems arising. This problem is quite challenging when dealing with a high number of monitoring metrics, given our three main constraints: a low number of false positives (thus blacklisting volatile metrics), a high availability (due to the nature of monitoring systems), and a good scalability. We implemented and evaluated such a system using production metrics from Coservit, a company specialized in infrastructure monitoring. The results we obtained are promising: sub-second latency per predicted metric per CPU core, for the entire end-to-end process. This latency is constant when scaling the system up to 125 cores on 4 machines dedicated for monitoring predictions, and the performances don't decrease with time: during 15 minutes, it is able to handle more than 100 000 monitoring metrics."
snowball,Rusty: Runtime Interference-Aware Predictive Mon,backward,W4378832451,10.1007/978-1-4842-9303-4_1,Overview of Amazon Web Services,2023,Apress eBooks,book-chapter,91,closed,,"With today’s technological boom, the demand for cloud computing services is increasing day by day. Individuals, companies, and multinational businesses are shifting from self-owned web services to cloud services. Among cloud services providers, the most prominent are Amazon Web Services (AWS), Google Cloud Platform GCP, IBM, and Oracle Cloud."
snowball,Rusty: Runtime Interference-Aware Predictive Mon,forward,W4378976234,10.1109/access.2023.3281860,Toward the Observability of Cloud-Native Applications: The Overview of the State-of-the-Art,2023,IEEE Access,article,57,gold,https://ieeexplore.ieee.org/ielx7/6287639/6514899/10141603.pdf,"The Cloud-native model, established to enhance the Twelve-Factor patterns, is an approach to developing and deploying applications according to DevOps concepts, Continuous Integration/Continuous Delivery, containers, and microservices. The notion of observability can help us cope with the complexity of such applications. We present a Systematic Mapping Study (SMS) in the observability of Cloud-native applications. We have chosen 56 studies published between 2018 and 2022. The selected studies were thoroughly analyzed, compared, and classified according to the chosen comparative criteria. The presented SMS assesses engineering approaches, maturity, and efficiency of observability by deliberating around four research questions: (1) What provides the motivations for equipping Cloud-native applications with observability capabilities? (2) Which research areas are addressed in the related literature? (3) How are observability approaches implemented? (4) What are the future trends in the Cloud-native applications observability research?."
snowball,Rusty: Runtime Interference-Aware Predictive Mon,forward,W3100676516,10.1145/3418899,A Black-box Monitoring Approach to Measure Microservices Runtime Performance,2020,ACM Transactions on Architecture and Code Optimization,article,43,diamond,https://dl.acm.org/doi/pdf/10.1145/3418899,"Microservices changed cloud computing by moving the applications’ complexity from one monolithic executable to thousands of network interactions between small components. Given the increasing deployment sizes, the architectural exploitation challenges, and the impact on data-centers’ power consumption, we need to efficiently track this complexity. Within this article, we propose a black-box monitoring approach to track microservices at scale, focusing on architectural metrics, power consumption, application performance, and network performance. The proposed approach is transparent w.r.t. the monitored applications, generates less overhead w.r.t. black-box approaches available in the state-of-the-art, and provides fine-grain accurate metrics."
snowball,Rusty: Runtime Interference-Aware Predictive Mon,forward,W4391429974,10.1016/j.jnca.2024.103839,Detection of quality of service degradation on multi-tenant containerized services,2024,Journal of Network and Computer Applications,article,30,closed,,
snowball,Rusty: Runtime Interference-Aware Predictive Mon,forward,W4322811257,10.1145/3543507.3583274,CausIL: Causal Graph for Instance Level Microservice Data,2023,,conference-paper,21,gold,https://dl.acm.org/doi/pdf/10.1145/3543507.3583274,"AI-based monitoring has become crucial for cloud-based services due to its scale. A common approach to AI-based monitoring is to detect causal relationships among service components and build a causal graph. Availability of domain information makes cloud systems even better suited for such causal detection approaches. In modern cloud systems, however, auto-scalers dynamically change the number of microservice instances, and a load-balancer manages the load on each instance. This poses a challenge for off-the-shelf causal structure detection techniques as they neither incorporate the system architectural domain information nor provide a way to model distributed compute across varying numbers of service instances. To address this, we develop CausIL, which detects a causal structure among service metrics by considering compute distributed across dynamic instances and incorporating domain knowledge derived from system architecture. Towards the application in cloud systems, CausIL estimates a causal graph using instance-specific variations in performance metrics, modeling multiple instances of a service as independent, conditional on system assumptions. Simulation study shows the efficacy of CausIL over baselines by improving graph estimation accuracy by ∼ 25% as measured by Structural Hamming Distance whereas the real-world dataset demonstrates CausIL’s applicability in deployment settings."
snowball,Rusty: Runtime Interference-Aware Predictive Mon,forward,W4391043367,10.1145/3607888,Proceedings of the 2023 International Conference on Hardware/Software Codesign and System Synthesis,2023,,paratext,15,gold,https://dl.acm.org/doi/pdf/10.1145/3607888,"CODES+ISSS 2023 Message from the Program ChairWelcome to CODES+ISSS 2023, the ACM/IEEE International Conference on Hardware/Software Codesign and System Synthesis.CODES+ISSS 2023 is part of the Embedded Systems Week (ESWEEK) 2023.CODES+ISSS is the leading conference in the domain of hardware/software codesign, embedded systems, cyber-physical systems, and Internet-of-Things, offering unique opportunities for sharing ideas and disseminating results on system-level design, modeling, analysis, and implementation aspects.The conference spans a wide range of design abstractions --from system-level specification and optimization down to synthesis of multiprocessor systems and hardware/software implementations and optimizations.Following ESWEEK's publication model, CODES+ISSS 2023 papers are categorized into three tracks, namely the Journal track, the Late Breaking (LB) track, and the Work-in-Progress (WiP) track.Journaltrack papers, which are full-length papers (25 pages) describing mature work, have been published in ACM Transactions on Embedded Computing Systems (TECS).The LB papers, which have been introduced in ESWEEK 2023 for the first time to disseminate complete and mature works written in a condensed form (4 pages), have been published in IEEE Embedded Systems Letters (ESL).The WiP-track papers, which are short (2-page) papers representing not-yet-mature but promising research work, have been published in the ESWEEK proceedings and are listed as regular publications within "
snowball,Rusty: Runtime Interference-Aware Predictive Mon,forward,W4385237531,10.1016/j.comcom.2023.07.029,RUMP: Resource Usage Multi-Step Prediction in Extreme Edge Computing,2023,Computer Communications,article,11,closed,,
snowball,Rusty: Runtime Interference-Aware Predictive Mon,forward,W4280585635,10.23919/date54114.2022.9774698,"EVOLVE: Towards Converging Big-Data, High-Performance and Cloud-Computing Worlds",2022,,conference-paper,11,closed,,"EVOLVE is a pan European Innovation Action that aims to fully-integrate High-Performance-Computing (HPC) hardware with state-of-the-art software technologies under a unique testbed, that enables the convergence of HPC, Cloud and Big-Data worlds and increases our ability to extract value from massive and demanding datasets. EVOLVE's advanced compute platform combines HPC-enabled capabilities, with transparent deployment in high abstraction level, and a versatile Big-Data processing stack for end-to-end workflows. Hence, domain experts have the potential to improve substantially the efficiency of existing services or introduce new models in the respective domains, e.g., automotive services, bus transportation, maritime surveillance and others. In this paper, we describe EVOLVE's testbed, and evaluate the performance of the integrated pilots from different domains."
snowball,Rusty: Runtime Interference-Aware Predictive Mon,forward,W4387005619,10.1109/cloud60044.2023.00079,Darly: Deep Reinforcement Learning for QoS-aware scheduling under resource heterogeneity Optimizing serverless video analytics,2023,,conference-paper,10,closed,,"Today, video analytics are becoming extremely popular due to the increasing need for extracting valuable information from videos available in public sharing services through camera-driven streams. Typically, video analytics are organized as a set of separate tasks, each of which has different resource requirements (e.g., computational- vs. memory-intensive tasks). The serverless computing paradigm forms a very promising approach for mapping such types of applications, as it enables fine-grained deployment and management in a per-function manner. However, modern serverless frameworks suffer from performance variability issues, due to i) the interference introduced due to co-location of third-party workloads with the serverless funcations and ii) the increasing hardware heterogeneity introduced in public clouds. To this end, this work introduces Darly, a QoS- and heterogeneity-aware Deep Reinforcement Learning-based Scheduler for serverless video analytics deployments. The proposed framework incorporates a DRL agent which exploits low-level performance counters to identify the levels of interference and the degree of heterogeneity in the underlying infrastructure and combines this information along with user-defined QoS requirements to dynamically optimize resource allocations by deciding the placement, migration, or horizontal scaling of serverless functions. Promising results are produced withing our experiments, which are accompanied with the intent to further build upon thi"
snowball,Rusty: Runtime Interference-Aware Predictive Mon,forward,W4315629748,10.1109/globecom48099.2022.10001375,Detection of Service Provider Hardware Over-commitment in Container Orchestration Environments,2022,GLOBECOM 2022 - 2022 IEEE Global Communications Conference,conference-paper,9,closed,,"The deployment of container-based services continues to increase as time passes, mainly due to its fast provision time and lower allocation overheads. Yet, the literature still neglects the performance degradation in containers due to multi-tenancy and service provider hardware over-commitment. This paper proposes a new hardware over-commitment detection for container orchestration environments, implemented twofold. First, the containerized hardware usage of deployed containers is continuously monitored in a non-intrusive manner, leveraging the container engine resource management interface. Second, collected features are used by a recurrent neural network model for detecting both container and service level hardware over-commitment, following a time-series rationale. Experiments run on a containerized Apache Spark distribution have shown that multi-tenancy and hardware over-commitment significantly affect its performance. In addition, our proposed model is able to detect hardware over-commitment with up to 91% of true-positive at the container level, and up to 93% true-positive at the service level."
snowball,Rusty: Runtime Interference-Aware Predictive Mon,forward,W4387006422,10.1109/cloud60044.2023.00021,IRIS: Interference and Resource Aware Predictive Orchestration for ML Inference Serving,2023,,conference-paper,8,closed,,"Over the last years, the ever-growing number of Machine Learning(ML) and Artificial Intelligence(AI) applications deployed in the Cloud has led to high demands on the computing resources required for efficient processing. Multiple users deploy multiple applications on the same server node to maximize Quality of Service(QoS); however, this leads to increased interference. In addition, Cloud providers aim to minimize their operating costs by efficiently utilizing the available resources. These conflicting optimization goals form a complex paradigm where efficient scheduling is required. In this work, we present IRIS, an interference- and resource-aware predictive inference scheduling framework for ML inference serving in the cloud. We target the multi-objective problem of QoS maximization with effective CPU utilization based on Queries per Second(QPS) predictions by proposing a modelless ML-based solution and integrating it into the Kubernetes platform. Our approach is evaluated over real hardware infrastructure and a set of ML applications. Our experimental analysis shows that under various QoS constraints, the model specific interference-aware scheduler violates QoS constraints less frequently by achieving 1.8x fewer violations, on average, compared to over-provisioning and 3.1 x fewer violations compared to under-provisioning, through efficient exploitation of available CPU resources. The model-less feature is able to cause, on average, 1.5x fewer violations compared to the "
snowball,Rusty: Runtime Interference-Aware Predictive Mon,forward,W4367147529,10.1109/hipc56025.2022.00022,Energy Consumption Evaluation of Optane DC Persistent Memory for Indexing Data Structures,2022,,conference-paper,8,green,https://lirias.kuleuven.be/handle/20.500.12942/721612,"The Intel Optane DC Persistent Memory (DCPM) is an attractive novel technology for building storage systems for data intensive HPC applications, as it provides lower cost per byte, low standby power and larger capacities than DRAM, with comparable latency. This work provides an in-depth evaluation of the energy consumption of the Optane DCPM, using well-established indexes specifically designed to address the challenges and constraints of the persistent memories. We study the energy efficiency of the Optane DCPM for several indexing data structures and for the LevelDB key-value store, under different types of YCSB workloads. By integrating an Optane DCPM in a memory system, the energy drops by 71.2% and the throughput increases by 37.3% for the LevelDB experiments, compared to a typical SSD storage solution."
snowball,Rusty: Runtime Interference-Aware Predictive Mon,forward,W4401540135,10.3390/info15080480,AI-Driven QoS-Aware Scheduling for Serverless Video Analytics at the Edge,2024,Information,article,7,gold,https://www.mdpi.com/2078-2489/15/8/480/pdf?version=1723542460,"Today, video analytics are becoming extremely popular due to the increasing need for extracting valuable information from videos available in public sharing services through camera-driven streams in IoT environments. To avoid data communication overheads, a common practice is to have computation close to the data source rather than Cloud offloading. Typically, video analytics are organized as separate tasks, each with different resource requirements (e.g., computational- vs. memory-intensive tasks). The serverless computing paradigm forms a promising approach for mapping such types of applications, enabling fine-grained deployment and management in a per-function, and per-device manner. However, there is a tradeoff between QoS adherence and resource efficiency. Performance variability due to function co-location and prevalent resource heterogeneity make maintaining QoS challenging. At the same time, resource efficiency is essential to avoid waste, such as unnecessary power consumption and CPU reservation. In this paper, we present Darly, a QoS-, interference- and heterogeneity-aware Deep Reinforcement Learning-based Scheduler for serverless video analytics deployments on top of distributed Edge nodes. The proposed framework incorporates a DRL agent that exploits performance counters to identify the levels of interference and the degree of heterogeneity in the underlying Edge infrastructure. It combines this information along with user-defined QoS requirements to improve resou"
snowball,Rusty: Runtime Interference-Aware Predictive Mon,forward,W4360831983,10.1109/hpca56546.2023.10070939,Adrias: Interference-Aware Memory Orchestration for Disaggregated Cloud Infrastructures,2023,,conference-paper,7,closed,,"Workload co-location has become the de-facto approach for hosting applications in Cloud environments, leading, however, to interference and fragmentation in shared resources of the system. To this end, hardware disaggregation is introduced as a novel paradigm, that allows fine-grained tailoring of cloud resources to the characteristics of the deployed applications. Towards the realization of hardware disaggregated clouds, novel orchestration frameworks must provide additional knobs to manage the increased scheduling complexity.We present Adrias, a memory orchestration framework for disaggregated cloud systems. Adrias exploits information from low-level performance events and applies deep learning techniques to effectively predict the system state and performance of arriving workloads on memory disaggregated systems, thus, driving cognitive scheduling between local and remote memory allocation modes. We evaluate Adrias on a state-of-art disaggregated testbed and show that it achieves 0.99 and 0.942 R2score for system state and application’s performance prediction on average respectively. Moreover, Adrias manages to effectively utilize disaggregated memory, by offloading almost 1/3 of deployed applications with less than 15% performance overhead compared to a conventional local memory scheduling, while clearly outperforms naive scheduling approaches (random and round-robin), by providing up to ×2 better performance."
snowball,Rusty: Runtime Interference-Aware Predictive Mon,forward,W4307561137,10.1145/3564929,Learning-based Phase-aware Multi-core CPU Workload Forecasting,2022,ACM Transactions on Design Automation of Electronic Systems,article,7,bronze,https://dl.acm.org/doi/pdf/10.1145/3564929,"Predicting workload behavior during workload execution is essential for dynamic resource optimization in multi-processor systems. Recent studies have proposed advanced machine learning techniques for dynamic workload prediction. Workload prediction can be cast as a time series forecasting problem. However, traditional forecasting models struggle to predict abrupt workload changes. These changes occur because workloads are known to go through phases. Prior work has investigated machine-learning-based approaches for phase detection and prediction, but such approaches have not been studied in the context of dynamic workload forecasting. In this article, we propose phase-aware CPU workload forecasting as a novel approach that applies long-term phase prediction to improve the accuracy of short-term workload forecasting. Phase-aware forecasting requires machine learning models for phase classification, phase prediction, and phase-based forecasting that have not been explored in this combination before. Furthermore, existing prediction approaches have only been studied in single-core settings. This work explores phase-aware workload forecasting with multi-threaded workloads running on multi-core systems. We propose different multi-core settings differentiated by the number of cores they access and whether they produce specialized or global outputs per core. We study various advanced machine learning models for phase classification, phase prediction, and phase-based forecasting in is"
snowball,Rusty: Runtime Interference-Aware Predictive Mon,forward,W4221012617,10.1155/2022/5082544,A Study on the Design and Implementation of an Improved AdaBoost Optimization Mathematical Algorithm Based on Recognition of Packaging Bottles,2022,Mathematical Problems in Engineering,article,7,hybrid,https://downloads.hindawi.com/journals/mpe/2022/5082544.pdf,"In this paper, a special design system is developed based on the design of the packaging bottle to achieve the effective acquisition of the image of the cross-section of the packaging bottle to be measured under the condition of limited space size, avoiding the distortion of the object to be measured. At the same time, the image of the area where the target packaging bottle is located is segmented, and the curve features are quickly determined and effectively matched with the template library to realize the recognition of the shape features of the bottle. In this paper, the design of the packaging bottle is first designed by mechanism design and 3D modeling, followed by rapid prototyping methods such as 3D printing, and the prototype is made for functional verification. Finally, the transmission speed and stability of the design system for packaging bottle recognition are improved through structural analysis and optimization methods. To realize the intelligent control of the packaging bottle transmission and identification system, the hardware control circuit is designed and the relevant intelligent control program is prepared based on the embedded system so that the packaging bottles in the transmission process can be quickly and accurately positioned and identified. An improved AdaBoost algorithm is proposed for packaging bottle detection. In the process of algorithm learning, the Haar features are too large and time-consuming, and the training sample is cropped to remove t"
snowball,Rusty: Runtime Interference-Aware Predictive Mon,forward,W4226109017,10.1007/978-3-031-04580-6_8,Interference-Aware Workload Placement for Improving Latency Distribution of Converged HPC/Big Data Cloud Infrastructures,2022,Lecture notes in computer science,conference-paper,7,closed,,
snowball,Rusty: Runtime Interference-Aware Predictive Mon,forward,W4401247270,10.1109/tcc.2024.3437484,Sparkle: Deep Learning Driven Autotuning for Taming High-Dimensionality of Spark Deployments,2024,IEEE Transactions on Cloud Computing,article,6,closed,,"The exponential growth of data in the Cloud has highlighted the need for more efficient data processing. In-Memory Computing frameworks (e.g., Spark) offer improved efficiency for large-scale data analytics, however, they also provide a plethora of configuration parameters that affect the resource consumption and performance of applications. Manually optimizing these parameters is a time-consuming process, due toi)the high-dimensional configuration space,ii)the complex inter-relationship between different parameters,iii)the diverse nature of workloads andiv)the inherent data heterogeneity. We introduceSparkle, an end-to-end deep learning-based framework for automating the performance modeling and tuning of Spark applications. We introduce a modular DNN architecture that expands to the entire Spark parameter configuration space and provides a universal performance modeling approach, completely eliminating the need for human or statistical reasoning. By employing a genetic optimization process,Sparklequickly traverses the design space and identifies highly optimized Spark configurations. Our experiments on the HiBench benchmark suite show thatSparkledelivers an average prediction accuracy of 93%, with high generalization capabilities, i.e.,$\approx 80\%$accuracy for unseen workloads, dataset sizes and configurations, outperforming state-of-art. Regarding end-to-end optimization,Sparkleefficiently explores Spark's high-dimensional parameter space, delivering new dominant Spark c"
snowball,Rusty: Runtime Interference-Aware Predictive Mon,forward,W4306763800,10.1145/3551659.3559051,Multi-step Prediction of Worker Resource Usage at the Extreme Edge,2022,,conference-paper,5,gold,https://dl.acm.org/doi/pdf/10.1145/3551659.3559051,"Democratizing the edge by leveraging the prolific yet underutilized computational resources of end devices, referred to as Extreme Edge Devices (EEDs), can open a new edge computing tech market that is people-owned, democratically managed, and accessible/lucrative to all. Parallel computing at EEDs can also move the computing service much closer to end-users, which can help satisfy the stringent Quality-of-Service (QoS) requirements of delay-critical and/or data-intensive IoT applications. However, EEDs are heterogeneous user-owned devices, and are thus subject to a highly dynamic user access behavior (i.e., dynamic resource usage). This makes the process of determining the computational capability of EEDs increasingly challenging. Estimating the dynamic resource usage of EEDs (i.e., workers) has been mostly overlooked. The complexity of Machine Learning (ML)-based models renders them impractical for deployment at the edge for the purpose of such estimations. In this paper, we propose the Resource Usage Multi-step Prediction (RUMP) scheme to estimate the dynamic resource usage of workers over multiple steps ahead in a computationally efficient way while providing a relatively high prediction accuracy. Towards that end, RUMP exploits the use of the Hierarchical Dirichlet Process-Hidden Semi-Markov Model (HDP-HSMM) to estimate the dynamic resource usage of workers in EED-based computing paradigms. Extensive evaluations on a real testbed of heterogeneous workers for multi-step s"
snowball,Rusty: Runtime Interference-Aware Predictive Mon,forward,W4399408455,10.1109/les.2024.3410892,FEARLESS: A Federated Reinforcement Learning Orchestrator for Serverless Edge Swarms,2024,IEEE Embedded Systems Letters,article,4,closed,,"The rise of edge computing, characterized by swarms of edge devices, marks a significant shift in cloud-edge computing landscapes, moving data processing closer to the source of data generation. However, this paradigm introduces complexities in orchestration, as traditional centralized methods become inadequate for effectively managing distributed, dynamic edge environments. In this letter, we introduce FEARLESS, a distributed orchestration framework tailored for swarms of edge devices. FEARLESS employs a vertical federated reinforcement learning approach to efficiently orchestrate function invocation requests in serverless swarms. Experimental results demonstrate that FEARLESS significantly reduces the quality-of-service violations of the scheduled tasks by up to 57%, compared to a centralized “least-CPU-utilization” and a “local-execution” approach, while it also achieves approximately up to 20% average total energy reduction."
snowball,Rusty: Runtime Interference-Aware Predictive Mon,forward,W4292972799,10.1109/cloud55607.2022.00024,Sequence Clock: A Dynamic Resource Orchestrator for Serverless Architectures,2022,,conference-paper,4,closed,,"Function-as-a-service (FaaS) represents the next frontier in the evolution of cloud computing being an emerging paradigm that removes the burden of configuration and management issues from users. This is achieved by replacing the well-established monolithic approach with graphs of standalone, small, stateless, event-driven components called functions. At the same time, from the cloud providers’ perspective, problems such as availability, load balancing and scalability need to be resolved without being aware of the functionality, behavior or resource requirements of their tenants’ code. However, in this context, functions’ containers coexist with others inside a host of finite resources, where a passive resource allocation technique does not guarantee a well-defined quality of service (QoS) in regards to time latency. In this paper, we present Sequence Clock, an expandable latency targeting tool that actively monitors serverless invocations in a cluster and offers execution of a sequential chain of functions, also known as pipelines or sequences, while achieving the targeted time latency. Two regulation methods were utilized, with one of them achieving up to 82% decrease in the severity of time violations and in some cases even eliminating them completely."
snowball,Rusty: Runtime Interference-Aware Predictive Mon,forward,W4414194901,10.1007/s10586-025-05437-3,Performance prediction and resource adaptive adjustment for cloud-native microservices,2025,Cluster Computing,book-chapter,3,closed,,
snowball,Rusty: Runtime Interference-Aware Predictive Mon,forward,W4413411913,10.1145/3721145.3725777,PIM-CARE: A Compiler-Assisted Dynamic Resource Allocation Framework for Real-world DRAM PIM,2025,,conference-paper,3,gold,https://doi.org/10.1145/3721145.3725777,"Processing-In-Memory (PIM) has recently emerged as a promising solution to alleviate the memory bottleneck by integrating computing capabilities into memory chips. Since PIM provides numerous Processing Elements (PEs) and high-bandwidth on-chip data transfers, full utilization of the PEs becomes a critical mission to maximize the performance of PIM applications. However, due to the diverse and complex characteristics of PIM applications, using more resources does not always improve performance. It is therefore important to find the suitable amount of resources to achieve the best performance and to fully utilize the PIM resources.To address this, we introduce PIM-CARE, a framework for dynamic resource allocation across multiple applications with compiler support on real-world PIM systems. PIM-CARE first determines the best amount of PIM resources to allocate for each application. To enable spatial multitasking, the PIM-CARE daemon monitors resource allocation and deallocation requests and estimates total PIM resource utilization at runtime. It then dynamically schedules applications using a priority-based out-of-order policy, considering both available PIM resources and resource requirements for best performance. Evaluation on real-world PIM systems shows that PIM-CARE improves throughput by 5.49x and average turnaround time by 5.71x compared to the baseline."
snowball,Rusty: Runtime Interference-Aware Predictive Mon,forward,W4405756105,10.1109/sc41406.2024.00103,Fast and Efficient Scaling for Microservices with SurgeGuard,2024,,conference-paper,3,closed,,"The microservice architecture is increasingly popular for flexible, large-scale online applications. However, existing resource management mechanisms incur high latency in detecting Quality of Service (QoS) violations, and hence, fail to allocate resources effectively under commonly-observed varying load conditions. This results in over-allocation coupled with a late response that increase both the total cost of ownership and the magnitude of each QoS violation event. We present SurgeGuard, a decentralized resource controller for microservice applications specifically designed to guard application QoS during surges in load and network latency. SurgeGuard uses the key insight that for rapid detection and effective management of QoS violations, the controller must be aware of any available slack in latency and communication patterns between microservices within a task-graph. Our experiments show that for the workloads in DeathStarBench, SurgeGuard on average reduces the combined violation magnitude and duration by $61.1 \%$ and $93.7 \%$, respectively, compared to the well-known Parties and Caladan algorithms, and requires $8 \%$ fewer resources than Parties."
snowball,Rusty: Runtime Interference-Aware Predictive Mon,forward,W4400410043,10.1109/ipdps57955.2024.00020,FEDGE: An Interference-Aware QoS Prediction Framework for Black-Box Scenario in IaaS Clouds with Domain Generalization,2024,,conference-paper,3,closed,,"Public cloud providers embrace multi-tenancy as a strategy to enhance the utilization and efficiency of resources. However, co-located virtual machines (VMs) suffer from qualityof-service (QoS) degradation caused by shared resource interference. Existing solutions for predicting QoS degradation often rely on the assumption of online access to application-level information. However, in a production environment, this assumption proves invalid as the VMs are black boxes to the providers. This intrinsic characteristic of the IaaS cloud necessitates the prediction model to generalize to unfamiliar applications and imposes specific criteria on the monitorable metrics.To meet the black-box scenario under Infrastructure as a Service (IaaS) cloud computing, we present a novel framework, FEDGE, that can predict interference-aware QoS (IA-QoS) of co-located VMs using only low-level monitorable metrics before migration. Specifically, FEDGE utilizes a stochastic gates layer to select the most informative features from the high-dimensional resource and hardware metrics, which helps to reduce the monitoring overhead. Furthermore, we design a multi-domain MMD-based adversarial denoising autoencoder to regularize the learned hidden representations and prevent over-fitting on the source domains. Next, we employ a multi-layer perceptron (MLP) to accurately predict complex QoS degradation using the learned representations with domain generalization. Experimental results demonstrate that FEDGE ou"
snowball,Rusty: Runtime Interference-Aware Predictive Mon,forward,W4391043369,10.1145/3607888.3608962,Special Session: Machine Learning for Embedded System Design,2023,,conference-paper,3,gold,https://dl.acm.org/doi/pdf/10.1145/3607888.3608962,"Embedded systems are becoming increasingly complex, which has led to a productivity crisis in their design and verification. Although conventional design automation coupled with IP and platform reuse techniques have led to leaps in design productivity improvement, they face fundamental limits given that most design optimization and verification problems remain NP-hard and that reuse of pre-designed IP blocks and platforms inherently limits flexibility and optimality. At the same time, machine learning (ML) has recently made unprecedented advances and created phenomenal impact in various computing applications. In particular, application of ML techniques as a way to extract knowledge and learn from existing design, optimization and verification data has recently seen a lot of excitement and promise at lower physical and integrated circuit levels of abstraction. Using ML has the potential to similarly close the complexity gap in embedded system design, but corresponding ML-based approaches for embedded system optimization and verification at higher levels of abstraction are still at their infancy."
snowball,Rusty: Runtime Interference-Aware Predictive Mon,forward,W4385575004,10.1109/ipdpsw59300.2023.00157,On the Implications of Heterogeneous Memory Tiering on Spark In-Memory Analytics,2023,,conference-paper,3,green,https://doi.org/10.5281/zenodo.10683723,"Today, the rise of big data has driven a growing demand for efficient and scalable computing solutions that can handle the massive amounts of data generated by modern applications. To address this challenge, application developers have embraced the use of novel distributed frameworks, such as Apache Spark, which enable efficient, in-memory processing for large amounts of data. Moreover, providers are seeking for new alternatives to cope with this increasing need for “infinite” memory resources, that can provide analogous performance efficiency, while also reducing operational costs. In this direction, novel multi-tier and disaggregated memory architectures emerge, which combine heterogeneous memory technologies that tradeoff between performance, cost and energy efficiency. This diptych of evolution imposes new challenges and open questions on how to optimally configure software and hardware as a whole, for maximizing resource efficiency. In this paper, we examine the implications of heterogeneous memory tiering on Spark in-memory analytics. Our study considers a multi-tier heterogeneous DRAM/NVM memory system with contrasting access latency, bandwidth and energy consumption capabilities. By using a set of 7 diverse applications from the HiBench benchmarking suite, we first explore the impact of these memory configuration setups on their performance and energy efficiency. Then, we perform a detailed analysis on how the system's low-level performance metrics correlate to higher"
snowball,Rusty: Runtime Interference-Aware Predictive Mon,forward,W3157182018,10.1145/3457388.3458621,EVOLVE,2021,,conference-paper,3,closed,,"EVOLVE is a pan-European Innovation Action building a converged infrastructure to bring together the HPC, Cloud, and Big Data worlds. EVOLVE's platform and software stack supports large-scale, data-intensive applications, driven primarily by industry requirements set by pilot and proof-of-concept use cases from diverse fields. Given the unprecedented data growth we are experiencing, EVOLVE's infrastructure is key in enabling the cost-effective processing of massive amounts of data and the adaptation of multiple high-end technologies, in an environment that fosters interoperability and enforces increased security."
snowball,Rusty: Runtime Interference-Aware Predictive Mon,forward,W4399106247,10.1007/s10766-024-00771-2,Orchestration Extensions for Interference- and Heterogeneity-Aware Placement for Data-Analytics,2024,International Journal of Parallel Programming,article,2,closed,,
snowball,Rusty: Runtime Interference-Aware Predictive Mon,forward,W4385809270,10.21203/rs.3.rs-3243462/v1,Performance interference of co-allocated applications: a systematic literature review,2023,Research Square,preprint,2,green,https://www.researchsquare.com/article/rs-3243462/latest.pdf,"Abstract Several efforts have been made to study the nature of performance interference in co-allocated applications running in different environments. Such performance interference degrades the performance of co-allocated applications. Many researchers propose techniques, methods and approaches that use mathematical equations, machine learning algorithms or other kind of techniques to predict/analyze performance degradation. Hardware counters, virtual machine monitor metrics and third-party tools are commonly used to provide the input data for prediction techniques. Performance prediction/analysis is useful for understanding, preventing, and minimizing performance degradation. This paper presents a systematic literature review of methods for the prediction/analysis of performance degradation due to performance interference of co-allocated applications, which were published in the open literature during the period 2006-2023. We classified and categorized each analyzed article depending on the method used and the environment employed, among others features. In addition, we identify some directions and trends in performance interference, as well as some unresolved issues."
snowball,Rusty: Runtime Interference-Aware Predictive Mon,forward,W4386417494,10.4995/thesis/10251/195840,Interference Analysis and Resource Management in Server Processors: from HPC to Cloud Computing,2023,,dissertation,2,gold,https://riunet.upv.es/bitstreams/06598d13-d5d0-4a0d-881b-796bb0f6f716/download,"[ES] Una de las principales preocupaciones de los centros de datos actuales es maximizar la utilización de los servidores. En cada servidor se ejecutan simultáneamente varias aplicaciones para aumentar la eficiencia de los recursos. Sin embargo, las prestaciones dependen en gran medida de la proporción de recursos que recibe cada aplicación. El mayor número de núcleos (y de aplicaciones ejecutándose) con cada nueva generación de procesadores hace que crezca la preocupación por la interferencia en los recursos compartidos. Esta tesis se centra en mitigar la interferencia cuando diferentes aplicaciones se consolidan en un mismo procesador desde dos perspectivas: computación de alto rendimiento (HPC) y computación en la nube. En el contexto de HPC, esta tesis propone políticas de gestión para dos de los recursos más críticos: la caché de último nivel (LLC) y los núcleos del procesador. La LLC desempeña un papel clave en las prestaciones de los procesadores actuales al reducir considerablemente el número de accesos de alta latencia a memoria principal. Se proponen estrategias de particionado de la LLC tanto para cachés inclusivas como no inclusivas, ambos diseños presentes en los procesadores para servidores actuales. Para los esquemas, se detectan nuevos comportamientos problemáticos y se asigna un mayor espacio de caché a las aplicaciones que hacen mejor uso de este. En cuanto a los núcleos del procesador, muchas aplicaciones paralelas (como aplicaciones de grafos) no escalan b"
snowball,Rusty: Runtime Interference-Aware Predictive Mon,forward,W4293080807,10.5195/ledger.2022.230,HLF-Kubed: Blockchain-Based Resource Monitoring for Edge Clusters,2022,Ledger,article,2,diamond,https://ledger.pitt.edu/ojs/ledger/article/download/230/224,"In the past several years, there has been an increased usage of smart, always- connected devices at the edge of the network, which provide real-time contextual information with low overhead to optimize processes and improve how companies and individuals interact, work, and live. The efficient management of this huge pool of devices requires runtime moni- toring to identify potential performance bottlenecks and physical defects. Typical solutions, where monitoring data are aggregated in a centralized manner, soon become inefficient, as they are unable to handle the increased load and become single points of failure. In addition, the resource-constrained nature of edge devices calls for low-overhead monitoring systems. In this paper, we propose HLF-Kubed, a blockchain-based, highly available framework for monitoring edge devices, leveraging distributed ledger technology. HLF-Kubed builds upon Kubernetes container orchestrator and HyperLedger Fabric frameworks and implements a smart contract through an external chaincode for resource usage storing and querying. Our experimental results show that our proposed setup forms a low-overhead monitoring solution, with an average of 448 MB of memory and 6.8% CPU usage, while introducing 1.1s end-to- end latency for store operation and 0.6s for ledger querying respectively."
snowball,Rusty: Runtime Interference-Aware Predictive Mon,forward,W4313341319,10.1007/978-3-031-13074-8_18,ML for System-Level Modeling,2022,,book-chapter,2,closed,,
snowball,Rusty: Runtime Interference-Aware Predictive Mon,forward,W7129056915,10.1016/j.jnca.2026.104450,A semi-supervised performance prediction and resource adaptive allocation for cloud-native microservices,2026,Journal of Network and Computer Applications,article,1,closed,,
snowball,Rusty: Runtime Interference-Aware Predictive Mon,forward,W4388145484,10.1109/tpds.2023.3329298,Optimizing I/O Performance Through Effective vCPU Scheduling Interference Management,2023,IEEE Transactions on Parallel and Distributed Systems,article,1,closed,,"Virtual machines (VMs) heavily rely on virtual CPUs (vCPUs) scheduling to achieve efficient I/O performance. The vCPU scheduling interference can cause inconsistent scheduling latency and degraded I/O performance, potentially compromising the services provided by affected VMs. Existing solutions have limitations, such as inefficiency in diagnosing interference issues or imposing undesired side effects on cloud systems. To address these challenges, we present Otter, a holistic technique for optimizing I/O performance in the presence of vCPU scheduling interference. Otter employs innovative methods to enhance interference diagnosis efficiency. First, we propose lightweight methods to measure the dynamic changes in scheduling latencies for co-running vCPUs, ensuring both flexibility and accuracy. Second, we propose fine-grained quantification methods to timely determine the interference, with low false positive and false negative rates. Third, we identify interference patterns that aid in analyzing the root causes of interference and preventing similar issues from recurring. Otter has been operational for one year in the production cloud at the National Supercomputing Center (Wuxi). It diagnoses and helps fix more than 470 vCPU scheduling interference-related issues, resulting in a 19.6% improvement in cloud service I/O performance with negligible overhead in production."
snowball,Rusty: Runtime Interference-Aware Predictive Mon,forward,W4318464619,10.3390/s23031484,NetAP-ML: Machine Learning-Assisted Adaptive Polling Technique for Virtualized IoT Devices,2023,Sensors,article,1,gold,https://www.mdpi.com/1424-8220/23/3/1484/pdf?version=1674969601,"To maximize the performance of IoT devices in edge computing, an adaptive polling technique that efficiently and accurately searches for the workload-optimized polling interval is required. In this paper, we propose NetAP-ML, which utilizes a machine learning technique to shrink the search space for finding an optimal polling interval. NetAP-ML is able to minimize the performance degradation in the search process and find a more accurate polling interval with the random forest regression algorithm. We implement and evaluate NetAP-ML in a Linux system. Our experimental setup consists of a various number of virtual machines (2-4) and threads (1-5). We demonstrate that NetAP-ML provides up to 23% higher bandwidth than the state-of-the-art technique."
snowball,Rusty: Runtime Interference-Aware Predictive Mon,forward,W7166688609,10.1007/s10586-026-06233-3,Performance modeling in FaaS workloads at the edge using machine learning,2026,Cluster Computing,article,0,hybrid,https://link.springer.com/content/pdf/10.1007/s10586-026-06233-3.pdf,"Abstract The Function as a Service (FaaS) paradigm has emerged as a compelling architectural model for both cloud and edge computing environments, enabling the execution of self-contained functions triggered by specific events while abstracting from developers infrastructure management complexities such as load balancing and auto-scaling. In FaaS-enabled clusters, particularly within resource-constrained edge environments, precise resource consumption estimation becomes critical to optimize resource utilization, minimize latency, prevent system overloads, and ensure scalability. This paper addresses performance modeling challenges in FaaS-enabled distributed and decentralized edge computing systems, operating at the granularity level of both nodes and individual functions. We propose a Machine Learning-based framework designed to predict key performance indicators, including CPU utilization, memory, and energy consumption, based on incoming workload patterns, while simultaneously forecasting potential system overload conditions. Moreover, our approach introduces a profiling methodology that characterizes serverless functions according to their resource consumption profiles, thereby enabling accurate prediction of node-level resource demands without requiring detailed knowledge of individual deployed functions. Experimental validation demonstrates that our predictive models achieve 97% accuracy in anticipating node overload scenarios, providing a robust foundation for proactiv"
snowball,Rusty: Runtime Interference-Aware Predictive Mon,forward,W7165799151,10.1007/s44443-026-00981-3,Temporal-aware semi-supervised performance prediction and resource allocation for cloud-native microservices,2026,Journal of King Saud University - Computer and Information Sciences,article,0,gold,https://doi.org/10.1007/s44443-026-00981-3,"Cloud-native loosely coupled microservices support elastic and scalable deployments while accelerating development cycles and reducing update complexity. However, due to scarce labeled performance data and complex inter-node interactions, optimizing resource allocation remain significant challenges. Accordingly, we propose TSPRA (Time-aware Semi-supervised Performance Prediction and Resource Allocation), a novel resource adjustment method for microservice systems. Specifically, TSPRA first collects limited labeled resource-performance data and augments the dataset using TabDDPM, a denoising diffusion probabilistic model tailored for tabular data. TSPRA then constructs a temporal-aware semi-supervised prediction model (TSMD) that captures resource usage patterns through contrastive learning and effectively predicts microservice response times. When predictions indicate that current resource configurations may violate QoS targets, a hyper-heuristic resource allocation model (HHA) is activated to adaptively adjust CPU, memory, and I/O allocations. HHA employs a two-tier optimization framework: the high-level Ant Colony Optimization (ACO) dynamically schedules three complementary low-level heuristics—Whale Optimization Algorithm (WOA), Quantum-behaved Particle Swarm Optimization (QPSO), and Simulated Annealing (SA)—to search for optimal resource configurations that minimize end-to-end latency while maximizing resource utilization. The simulation tests based on Docker and DeathSta"
snowball,Rusty: Runtime Interference-Aware Predictive Mon,forward,W7165158987,10.1109/tcc.2026.3705455,TASADOR: A Machine Learning Framework for Network Bandwidth to CPU Translations,2026,IEEE Transactions on Cloud Computing,article,0,closed,,
snowball,Rusty: Runtime Interference-Aware Predictive Mon,forward,W7204221960,10.1109/iwqos70441.2026.11661147,LocMore: Locating More Bursty Latency-critical Jobs on Resource-constrained Nodes,2026,,conference-paper,0,closed,,
snowball,Rusty: Runtime Interference-Aware Predictive Mon,forward,W7155494406,10.1145/3767295.3803617,Prediction-Informed Power Management for General-Purpose Compute Servers,2026,,conference-paper,0,gold,https://doi.org/10.1145/3767295.3803617,"This paper presents PIP (Prediction-Informed Power), a power control framework for general-purpose compute servers. PIP introduces two key innovations: (1) a machine learning-based power model that predicts the impact of hypothetical CPU throttling actions before execution, and (2) a prediction-informed control loop that selects CPU configurations to maximize performance and power utilization based on these predictions. By leveraging finegrained runtime CPU metrics, PIP can accurately estimate counterfactual power usage, allowing the control system to align power demand with the budget more quickly. Unlike traditional reactive approaches, PIP maintains effective control under frequent budget fluctuations, achieving safe oversubscription by up to 70%. Our evaluation on diverse application workloads, none of which are included in the model's training set, shows that PIP yields up to a 3.2× speedup over a state-of-the-art feedback-based system for single-application runs, and up to a 3.4× speedup for multi-application scenarios under power constraints."
snowball,Rusty: Runtime Interference-Aware Predictive Mon,forward,W7148544504,10.1016/j.jpdc.2026.105268,Performance interference of co-allocated applications in cloud computing: A systematic literature review,2026,Journal of Parallel and Distributed Computing,review,0,closed,,
snowball,Rusty: Runtime Interference-Aware Predictive Mon,forward,W7130546581,10.1109/tc.2026.3665984,$\Omega$Ωkypous: Harnessing Timing Slacks and Coordinated DVFS for Power-Efficient Serverless Workflows,2026,IEEE Transactions on Computers,article,0,closed,,"Serverless workflows have emerged in Function-as-a-Service (FaaS) platforms to represent the operational structure of traditional applications. With latency propagation effects becoming increasingly prominent, step-wise resource tuning is required to address Service-Level-Objectives (SLOs). Modern processors’ allowance for fine-grained Dynamic Voltage and Frequency Scaling (DVFS), coupled with serverless workflows’ intermittent nature, presents a unique opportunity to reduce power while meeting SLOs. We introduce Ωkypous, an SLOdriven DVFS framework for serverless workflows. Ωkypous employs a grey-box model that predicts functions’ execution latency and power under different Core and Uncore frequency combinations. Based on these predictions and the timing slacks between workflow functions, Ωkypous uses a closed-loop control mechanism to dynamically adjust Core and Uncore frequencies, reducing power consumption without compromising predefined end-to-end latency constraints. Our evaluation on real-world traces from Azure demonstrates an average power consumption reduction of 16% compared to state-of-the-art power management frameworks, while consistently maintaining low SLO violation rates (1.8%), even when operating under power caps."
snowball,Rusty: Runtime Interference-Aware Predictive Mon,forward,W7129020258,10.1002/spe.70059,C‐Koordinator: Interference‐Aware Management for Large‐Scale and Co‐Located Microservice Clusters,2026,Software Practice and Experience,article,0,closed,,"ABSTRACT Objective Microservices transform traditional monolithic applications into lightweight, loosely coupled application components and have been widely adopted in many enterprises. Cloud platform infrastructure providers enhance the resource utilization efficiency of microservices systems by co‐locating different microservices. However, this approach also introduces resource competition and interference among microservices. Designing interference‐aware strategies for large‐scale, co‐located microservice clusters is crucial for enhancing resource utilization and mitigating competition‐induced interference. These challenges are further exacerbated by unreliable metrics, application diversity, and node heterogeneity. Methods In this paper, we first analyze the characteristics of large‐scale and co‐located microservices clusters at Alibaba and further discuss why cycle per instruction (CPI) is adopted as a metric for interference measurement in large‐scale production clusters, as well as how to achieve accurate prediction of CPI through multi‐dimensional metrics. Based on CPI interference prediction and analysis, we also present the design of the C‐Koordinator platform, an open‐source solution utilized in Alibaba cluster, which incorporates co‐location and interference mitigation strategies. Results The interference prediction models consistently achieve over 90.3% accuracy, enabling precise prediction and rapid mitigation of interference in operational environments. As a re"
snowball,Rusty: Runtime Interference-Aware Predictive Mon,forward,W7117964139,10.1007/978-981-95-5015-9_10,DIJS: A Dual Interference-Aware Job Scheduling Framework for Co-located Data Centers,2026,Lecture notes in computer science,conference-paper,0,closed,,
snowball,Rusty: Runtime Interference-Aware Predictive Mon,forward,W7124166493,10.1109/icpads67057.2025.11322940,A Self-Training and Semi-Supervised-Based Microservice Performance Prediction Method for Cloud-Native Microservices,2025,,conference-paper,0,closed,,"Cloud-native microservices, with a loosely-coupled architecture, enable elastic deployment, scalability, and streamlined development cycles while reducing software updating complexity. However, due to scarce labeled performance data and intricate node interactions, ensuring quality of service (QoS) and optimizing resource allocation remain challenging. To address these limitations, we propose a self-training and semi-supervised learning-based microservice performance prediction method (SMPP). Specifically, SMPP collects limited microservices labeled resource-performance data, and then constructs a self-training and semi-supervised microservice performance prediction model, which predicts the performance of microservice nodes under dynamic resource constraints. To validate the effectiveness of our proposed method, we deploy SMPP on Docker Engine and DeathStarBench, and the experimental results demonstrate that SMPP outperforms conventional methods in predicting critical resource metrics, confirming its efficacy for microservice performance prediction."
snowball,Rusty: Runtime Interference-Aware Predictive Mon,forward,W4414909313,10.1109/cluster59342.2025.11186461,TRACE: A Targeted Recommender for VM Assignment in Cloud Environment,2025,,conference-paper,0,closed,,"Multi-tenancy in modern cloud service colocates multiple virtual machines (VMs) into physical machines (PMs) to improve resource efficiency. However, co-location introduces interference among VMs, potentially degrading the quality-ofservice (QoS) for users. Previous methods predict QoS degradation and schedule VMs accordingly, but they often overlook important information provided by VM metrics and are hard to integrate with real-world cloud schedulers. Considering the above factors, we present TRACE, a novel QoS-aware, lightweight, and decoupled recommender for VM scheduling. Firstly, TRACE employs a dual-tower feature extraction mechanism that independently extracts metrics from VMs and PMs, thereby reducing the time complexity of the model. Secondly, the dual-tower is enhanced by Deep & Cross Networks to explicitly model cross-feature interactions, and we further incorporate a Set Transformer to process overlooked multi-VM metrics from the PM. Thirdly, TRACE designs a trainable similarity gate and an adaptive mask to filter suboptimal migrations, decoupling it from the scheduler for easy integration. Experimental results on data collected from real-world clusters show that TRACE outperforms state-of-the-art methods in QoS prediction accuracy and ranking quality, achieving at least 6.3 % QoS improvements."
snowball,Rusty: Runtime Interference-Aware Predictive Mon,forward,W4390267202,10.1007/s11227-023-05856-2,A modular approach to build a hardware testbed for cloud resource management research,2023,The Journal of Supercomputing,article,0,green,https://riunet.upv.es/bitstream/10251/202043/3/Pons-EscatPetitPons%20-%20A%20modular%20approach%20to%20build%20a%20hardware%20testbed%20for%20cloud%20resource%20managemen....pdf,
snowball,"KVM, Xen and Docker: A performance analysis for ",backward,W2131726714,10.1145/1165389.945462,Xen and the art of virtualization,2003,ACM SIGOPS Operating Systems Review,article,5960,closed,,"Numerous systems have been designed which use virtualization to subdivide the ample resources of a modern computer. Some require specialized hardware, or cannot support commodity operating systems. Some target 100% binary compatibility at the expense of performance. Others sacrifice security or functionality for speed. Few offer resource isolation or performance guarantees; most provide only best-effort provisioning, risking denial of service.This paper presents Xen, an x86 virtual machine monitor which allows multiple commodity operating systems to share conventional hardware in a safe and resource managed fashion, but without sacrificing either performance or functionality. This is achieved by providing an idealized virtual machine abstraction to which operating systems such as Linux, BSD and Windows XP, can be ported with minimal effort.Our design is targeted at hosting up to 100 virtual machine instances simultaneously on a modern server. The virtualization approach taken by Xen is extremely efficient: we allow operating systems such as Linux and Windows XP to be hosted simultaneously for a negligible performance overhead --- at most a few percent compared with the unvirtualized case. We considerably outperform competing commercial and freely available solutions in a range of microbenchmarks and system-wide tests."
snowball,"KVM, Xen and Docker: A performance analysis for ",backward,W1522250664,,"QEMU, a fast and portable dynamic translator",2005,USENIX Annual Technical Conference,conference-paper,2029,closed,,"We present the internals of QEMU, a fast machine emulator using an original portable dynamic translator. It emulates several CPUs (x86, PowerPC, ARM and Sparc) on several hosts (x86, PowerPC, ARM, Sparc, Alpha and MIPS). QEMU supports full system emulation in which a complete and unmodified operating system is run in a virtual machine and Linux user mode emulation where a Linux process compiled for one target CPU can be run on another CPU."
snowball,"KVM, Xen and Docker: A performance analysis for ",backward,W2075174112,10.1109/ispass.2015.7095802,An updated performance comparison of virtual machines and Linux containers,2015,,conference-paper,1058,closed,,"Cloud computing makes extensive use of virtual machines because they permit workloads to be isolated from one another and for the resource usage to be somewhat controlled. In this paper, we explore the performance of traditional virtual machine (VM) deployments, and contrast them with the use of Linux containers. We use KVM as a representative hypervisor and Docker as a container manager. Our results show that containers result in equal or better performance than VMs in almost all cases. Both VMs and containers require tuning to support I/Ointensive applications. We also discuss the implications of our performance results for future cloud architectures."
snowball,"KVM, Xen and Docker: A performance analysis for ",backward,W2149886445,10.1145/361011.361073,Formal requirements for virtualizable third generation architectures,1974,Communications of the ACM,article,956,bronze,https://dl.acm.org/doi/pdf/10.1145/361011.361073,"Virtual machine systems have been implemented on a limited number of third generation computer systems, e.g. CP-67 on the IBM 360/67. From previous empirical studies, it is known that certain third generation computer systems, e.g. the DEC PDP-10, cannot support a virtual machine system. In this paper, model of a third-generation-like computer system is developed. Formal techniques are used to derive precise sufficient conditions to test whether such an architecture can support virtual machines."
snowball,"KVM, Xen and Docker: A performance analysis for ",backward,W2125895608,10.1109/mc.1974.6323581,Survey of virtual machine research,1974,Computer,article,804,closed,,"The complete instruction-by-instruction simulation of one computer system on a different system is a well-known computing technique. It is often used for software development when a hardware base is being altered. For example, if a programmer is developing software for some new special purpose (e.g., aerospace) computer X which is under construction and as yet unavailable, he will likely begin by writing a simulator for that computer on some available general-purpose machine G. The simulator will provide a detailed simulation of the special-purpose environment X, including its processor, memory, and I/O devices. Except for possible timing dependencies, programs which run on the “simulated machine X” can later run on the “real machine X” (when it is finally built and checked out) with identical effect. The programs running on X can be arbitrary — including code to exercise simulated I/O devices, move data and instructions anywhere in simulated memory, or execute any instruction of the simulated machine. The simulator provides a layer of software filtering which protects the resources of the machine G from being misused by programs on X."
snowball,"KVM, Xen and Docker: A performance analysis for ",backward,W2140953464,10.1145/1272996.1273025,Container-based operating system virtualization,2007,,conference-paper,663,closed,,"Hypervisors, popularized by Xen and VMware, are quickly becoming commodity. They are appropriate for many usage scenarios, but there are scenarios that require system virtualization with high degrees of both isolation and efficiency. Examples include HPC clusters, the Grid, hosting centers, and PlanetLab. We present an alternative to hypervisors that is better suited to such scenarios. The approach is a synthesis of prior work on resource containers and security containers applied to general-purpose, time-shared operating systems. Examples of such container-based systems include Solaris 10, Virtuozzo for Linux, and Linux-VServer. As a representative instance of container-based systems, this paper describes the design and implementation of Linux-VServer. In addition, it contrasts the architecture of Linux-VServer with current generations of Xen, and shows how Linux-VServer provides comparable support for isolation and superior system efficiency."
snowball,"KVM, Xen and Docker: A performance analysis for ",backward,W2136290019,10.1109/mc.2005.176,Virtual machine monitors: current technology and future trends,2005,Computer,article,624,closed,,"Developed more than 30 years ago to address mainframe computing problems, virtual machine monitors have resurfaced on commodity platforms, offering novel solutions to challenges in security, reliability, and administration. Stanford University researchers began to look at the potential of virtual machines to overcome difficulties that hardware and operating system limitations imposed: This time the problems stemmed from massively parallel processing (MPP) machines that were difficult to program and could not run existing operating systems. With virtual machines, researchers found they could make these unwieldy architectures look sufficiently similar to existing platforms to leverage the current operating systems. From this project came the people and ideas that underpinned VMware Inc., the original supplier of VMMs for commodity computing hardware. The implications of having a VMM for commodity platforms intrigued both researchers and entrepreneurs."
snowball,"KVM, Xen and Docker: A performance analysis for ",backward,W2117648703,10.1145/1168857.1168860,A comparison of software and hardware techniques for x86 virtualization,2006,,conference-paper,617,closed,,"Until recently, the x86 architecture has not permitted classical trap-and-emulate virtualization. Virtual Machine Monitors for x86, such as VMware ® Workstation and Virtual PC, have instead used binary translation of the guest kernel code. However, both Intel and AMD have now introduced architectural extensions to support classical virtualization.We compare an existing software VMM with a new VMM designed for the emerging hardware support. Surprisingly, the hardware VMM often suffers lower performance than the pure software VMM. To determine why, we study architecture-level events such as page table updates, context switches and I/O, and find their costs vastly different among native, software VMM and hardware VMM execution.We find that the hardware support fails to provide an unambiguous performance advantage for two primary reasons: first, it offers no support for MMU virtualization; second, it fails to co-exist with existing software techniques for MMU virtualization. We look ahead to emerging techniques for addressing this MMU virtualization problem in the context of hardware-assisted virtualization."
snowball,"KVM, Xen and Docker: A performance analysis for ",backward,W1971739358,10.1145/1400097.1400108,virtio,2008,ACM SIGOPS Operating Systems Review,article,557,closed,,"The Linux Kernel currently supports at least 8 distinct virtualization systems: Xen, KVM, VMware's VMI, IBM's System p, IBM's System z, User Mode Linux, lguest and IBM's legacy iSeries. It seems likely that more such systems will appear, and until recently each of these had its own block, network, console and other drivers with varying features and optimizations. The attempt to address this is virtio: a series of efficient, well-maintained Linux drivers which can be adapted for various different hypervisor implementations using a shim layer. This includes a simple extensible feature mechanism for each driver. We also provide an obvious ring buffer transport implementation called vring, which is currently used by KVM and lguest. This has the subtle effect of providing a path of least resistance for any new hypervisors: supporting this efficient transport mechanism will immediately reduce the amount of work which needs to be done. Finally, we provide an implementation which presents the vring transport and device configuration as a PCI device: this means guest operating systems merely need a new PCI driver, and hypervisors need only add vring support to the virtual devices they implement (currently only KVM does this). This paper will describe the virtio API layer as implemented in Linux, then the vring implementation, and finally its embodiment in a PCI device for simple adoption on otherwise fully-virtualized guests. We'll wrap up with some of the preliminary work to integrat"
snowball,"KVM, Xen and Docker: A performance analysis for ",backward,W1984712701,10.1109/pdp.2013.41,Performance Evaluation of Container-Based Virtualization for High Performance Computing Environments,2013,,conference-paper,447,closed,,"The use of virtualization technologies in high performance computing (HPC) environments has traditionally been avoided due to their inherent performance overhead. However, with the rise of container-based virtualization implementations, such as Linux VServer, OpenVZ and Linux Containers (LXC), it is possible to obtain a very low overhead leading to near-native performance. In this work, we conducted a number of experiments in order to perform an in-depth performance evaluation of container-based virtualization for HPC. We also evaluated the trade-off between performance and isolation in container-based virtualization systems and compared them with Xen, which is a representative of the traditional hypervisor-based virtualization systems used today."
snowball,"KVM, Xen and Docker: A performance analysis for ",backward,W1485749815,,Denali: Lightweight Virtual Machines for Distributed and Networked Applications,2001,,article,258,closed,,"The goal of Denali is to safely execute many independent, untrusted server applications on a single physical machine. This would enable any developer to inject a new service into third-party Internet infrastructure; for example, dynamic content generation code could be introduced into content-delivery networks or caching systems. We believe that virtual machine monitors (VMMs) are ideally suited to this application domain. A VMM provides strong isolation by default, since one virtual machine cannot directly name a resource in another. In addition, VMMs defer the implementation of high-level abstractions to guest OSs, which greatly simplifies the kernel and avoids ""layer-below"" attacks. The main challenge in using a VMM for this application domain is in scaling the number of concurrent virtual machines that can simultaneously execute on it."
snowball,"KVM, Xen and Docker: A performance analysis for ",backward,W2096272573,10.1109/cloud.2011.29,Analysis of Virtualization Technologies for High Performance Computing Environments,2011,,conference-paper,209,closed,,"As Cloud computing emerges as a dominant paradigm in distributed systems, it is important to fully understand the underlying technologies that make Clouds possible. One technology, and perhaps the most important, is virtualization. Recently virtualization, through the use of hyper visors, has become widely used and well understood by many. However, there are a large spread of different hyper visors, each with their own advantages and disadvantages. This paper provides an in-depth analysis of some of today's commonly accepted virtualization technologies from feature comparison to performance analysis, focusing on the applicability to High Performance Computing environments using Future Grid resources. The results indicate virtualization sometimes introduces slight performance impacts depending on the hyper visor type, however the benefits of such technologies are profound and not all virtualization technologies are equal. From our experience, the KVM hyper visor is the optimal choice for supporting HPC applications within a Cloud infrastructure."
snowball,"KVM, Xen and Docker: A performance analysis for ",backward,W2144838723,10.1109/ccnc08.2007.64,Xen on ARM: System Virtualization Using Xen Hypervisor for ARM-Based Secure Mobile Phones,2008,,conference-paper,198,closed,,"Mobile phones security is becoming an important issue because they are being connected to an Internet through wireless modem technologies. System virtualization technology provides trusted computing capability by running isolated multiple virtual machines under hypervisor. In this paper, we propose a design of system virtualization for ARM CPU architecture and describe implementation of prototype called Xen on ARM using Xen hypervisor. Secure and nonsecure guest Linux virtual machines are executing under Xen on ARM isolated with each other and virtualization overhead is shown to be moderate compared to native Linux running on bare metal H/W."
snowball,"KVM, Xen and Docker: A performance analysis for ",backward,W2055184282,10.1145/2541940.2541946,KVM/ARM,2014,,conference-paper,169,closed,,"As ARM CPUs become increasingly common in mobile devices and servers, there is a growing demand for providing the benefits of virtualization for ARM-based devices. We present our experiences building the Linux ARM hypervisor, KVM/ARM, the first full system ARM virtualization solution that can run unmodified guest operating systems on ARM multicore hardware. KVM/ARM introduces split-mode virtualization, allowing a hypervisor to split its execution across CPU modes and be integrated into the Linux kernel. This allows KVM/ARM to leverage existing Linux hardware support and functionality to simplify hypervisor development and maintainability while utilizing recent ARM hardware virtualization extensions to run virtual machines with comparable performance to native execution. KVM/ARM has been successfully merged into the mainline Linux kernel, ensuring that it will gain wide adoption as the virtualization platform of choice for ARM. We provide the first measurements on real hardware of a complete hypervisor using ARM hardware virtualization support. Our results demonstrate that KVM/ARM has modest virtualization performance and power costs, and can achieve lower performance and power costs compared to x86-based Linux virtualization on multicore hardware."
snowball,"KVM, Xen and Docker: A performance analysis for ",backward,W114793137,,Solaris Zones: Operating System Support for Consolidating Commercial Workloads,2004,,article,136,closed,,"Server consolidation, which allows multiple workloads to run on the same system, has become increasingly important as a way to improve the utilization of computing resources and reduce costs. Consolidation is common in mainframe environments, where technology to support running multiple workloads and even multiple operating systems on the same hardware has been evolving since the late 1960’s. This technology is now becoming an important differentiator in the UNIX and Linux server market as well, both at the low end (virtual web hosting) and high end (traditional data center server consolidation). This paper introduces Solaris Zones (zones), a fully realized solution for server consolidation projects in a commercial UNIX operating system. By creating virtualized application execution environments within a single instance of the operating system, the facility strikes a unique balance between competing requirements. On the one hand, a system with multiple workloads needs to run those workloads in isolation, to ensure that applications can neither observe data from other applications nor affect their operation. It must also prevent applications from over-consuming system resources. On the other hand, the system as a whole has to be flexible, manageable, and observable, in order to reduce administrative costs and increase efficiency. By focusing on the support of multiple application environments rather than multiple operating system instances, zones meets isolation requirements w"
snowball,"KVM, Xen and Docker: A performance analysis for ",backward,W200304987,,Quantitative Comparison of Xen and KVM,2008,,article,126,closed,,"initial results from and quantitative analysis of two leading open source hypervisors, Xen and KVM. This study focuses on the overall performance, performance isolation, and scalability of virtual machines running on these hypervisors. Our comparison was carried out using a benchmark suite that we developed to make the results easily repeatable. Our goals are to understand how the different architectural decisions taken by different hypervisor developers affect the resulting hypervisors, to help hypervisor developers realize areas of improvement for their hypervisors, and to help users make informed decisions about their choice of hypervisor."
snowball,"KVM, Xen and Docker: A performance analysis for ",backward,W2036685675,10.1109/iccwamtip.2014.7073453,The research and implementation of cloud computing platform based on docker,2014,,conference-paper,77,closed,,"Cloud computing is now leading-edge Internet technology and virtualization technology is one of the important part of cloud computing system. Virtualization, in computing, refers to the act of creating a virtual (rather than actual) version of something, including but not limited to a virtual computer hardware platform, operating system (OS), storage device, or computer network resources. Docker is a new type of virtualization technology. In this paper, through an application instance, we will describe docker's applications and advantages in the cloud Computing."
snowball,"KVM, Xen and Docker: A performance analysis for ",backward,W1963479629,10.1109/pdp.2015.108,Embedded Hypervisor Xvisor: A Comparative Analysis,2015,,conference-paper,67,closed,,"Virtualization technology has shown immense popularity within embedded systems due to its direct relationship with cost reduction, better resource utilization, and higher performance measures. Efficient hypervisors are required to achieve such high performance measures in virtualized environments, while taking into consideration the low memory footprints as well as the stringent timing constraints of embedded systems. Although there are a number of open-source hypervisors available such as Xen, Linux KVM and OKL4 Micro visor, this is the first paper to present the open-source embedded hypervisor Extensible Versatile hyper Visor (Xvisor) and compare it against two of the commonly used hypervisors KVM and Xen in-terms of comparison factors that affect the whole system performance. Experimental results on ARM architecture prove Xvisor's lower CPU overhead, higher memory bandwidth, lower lock synchronization latency and lower virtual timer interrupt overhead and thus overall enhanced virtualized embedded system performance."
snowball,"KVM, Xen and Docker: A performance analysis for ",backward,W135313748,,Linux containers and the future cloud,2014,Linux journal,article,55,closed,,
snowball,"KVM, Xen and Docker: A performance analysis for ",backward,W2051242358,10.1088/1742-6596/219/4/042005,A quantitative comparison between xen and kvm,2010,Journal of Physics Conference Series,conference-paper,40,diamond,https://iopscience.iop.org/article/10.1088/1742-6596/219/4/042005/pdf,"Virtualization is a proven software technology that is rapidly transforming the IT landscape and fundamentally changing the way that people compute. Recently all major software producers (e.g. Microsoft and RedHat) developed or acquired virtualization technologies. Our institute is a Tier1 for LHC experiments and is experiencing lots of benefits from virtualization technologies, like improving fault tolerance, providing efficient hardware resource usage and increasing security. Currently the virtualization solution adopted is xen, which is well supported by the Scientific Linux distribution, widely adopted by the HEP community. Since the HEP linux distribution is based on RedHat ES, we feel the need to investigate performance and usability differences with the new kvm technology recently acquired by RedHat. The case study of this work will be the LHCb experiment Tier2 site hosted at our institute, where all major grid elements run on xen virtual machines smoothly. We will investigate the impact on performance and stability that a migration to kvm would entail on the Tier2 site, as well as the effort required by a system administrator to deploy the migration. Several quantitative test results will be shown and explained in detail."
snowball,"KVM, Xen and Docker: A performance analysis for ",backward,W2225384077,10.6084/m9.figshare.1101910.v1,Using Docker to Support Reproducible Research,2014,Figshare,article,37,green,https://figshare.com/articles/journal_contribution/Using_Docker_to_Support_Reproducible_Research/1101910,"Reproducible research is a growing movement among scientists, but the tools for creating sustainable software to support the computational side of research are still in their infancy and are typically only being used by scientists with expertise in com- puter programming and system administration. Docker is a new platform developed for the DevOps community that enables the easy creation and management of consistent computational environments. This article describes how we have applied it to computational science and suggests that it could be a powerful tool for reproducible research."
snowball,"KVM, Xen and Docker: A performance analysis for ",backward,W1966691914,10.1109/sbac-pad.2013.18,"HPC Performance and Energy-Efficiency of Xen, KVM and VMware Hypervisors",2013,,conference-paper,34,green,http://orbilu.uni.lu/handle/10993/12424,"With a growing concern on the considerable energy consumed by HPC platforms and data centers, research efforts are targeting green approaches with higher energy efficiency. In particular, virtualization is emerging as the prominent approach to mutualize the energy consumed by a single server running multiple VMs instances. Even today, it remains unclear whether the overhead induced by virtualization and the corresponding hypervisor middleware suits an environment as high-demanding as an HPC platform. In this paper, we analyze from an HPC perspective the three most widespread virtualization frameworks, namely Xen, KVM, and VMware ESXi and compare them with a baseline environment running in native mode. We performed our experiments on the Grid'5000 platform by measuring the results of the reference HPL benchmark. Power measures were also performed in parallel to quantify the potential energy efficiency of the virtualized environments. In general, our study offers novel incentives toward in-house HPC platforms running without any virtualized frameworks."
snowball,"KVM, Xen and Docker: A performance analysis for ",backward,W2161958717,10.1109/hpcs.2005.59,Virtualization of Linux Based Computers: The Linux-VServer Project,2005,,conference-paper,47,closed,,"This article presents the available programs that can provide, with different technology, a virtualization of Linux computers. We define some usage criteria that allows the reader to chose the relevant virtualization technology according to its specific needs. We focus on the Linux-VServer technology, which is a very lightweight and effective technology for the regular Linux user not interested in Kernel hacking. The Linux-VServer project also supports additional security options and resources limitation that can be very useful. This is also the most mature open-source technology and several users have production servers using this technology for years now."
snowball,"KVM, Xen and Docker: A performance analysis for ",backward,W2101994684,10.1145/2668138.2668143,Performance overhead of KVM on Linux 3.9 on ARM cortex-a15,2014,ACM SIGBED Review,article,13,closed,,"A number of simple performance measurements on network, CPU and disk speed were done on a dual ARM Cortex-A15 machine running Linux inside a KVM virtual machine that uses virtio disk and networking. Unexpected behaviour was observed in the CPU and memory intensive benchmarks, and in the networking benchmarks. The average overhead of running inside KVM is between zero and 30 percent when the host is lightly loaded (running only the system software and the necessary qemu-system-arm virtualization code), but the relative overhead increases when both host and VM is busy. We conjecture that this is related to the scheduling inside the host Linux."
snowball,"KVM, Xen and Docker: A performance analysis for ",backward,W2042467471,10.1117/12.2018086,Introduction on performance analysis and profiling methodologies for KVM on ARM virtualization,2013,"Proceedings of SPIE, the International Society for Optical Engineering/Proceedings of SPIE",conference-paper,7,closed,,"The introduction of hardware virtualization extensions on ARM Cortex-A15 processors has enabled the implementation of full virtualization solutions for this architecture, such as KVM on ARM. This trend motivates the need to quantify and understand the performance impact, emerged by the application of this technology. In this work we start looking into some interesting performance metrics on KVM for ARM processors, which can provide us with useful insight that may lead to potential improvements in the future. This includes measurements such as interrupt latency and guest exit cost, performed on ARM Versatile Express and Samsung Exynos 5250 hardware platforms. Furthermore, we discuss additional methodologies that can provide us with a deeper understanding in the future of the performance footprint of KVM. We identify some of the most interesting approaches in this field, and perform a tentative analysis on how these may be implemented in the KVM on ARM port. These take into consideration hardware and software based counters for profiling, and issues related to the limitations of the simulators which are often used, such as the ARM Fast Models platform."
snowball,"KVM, Xen and Docker: A performance analysis for ",backward,W2044664651,10.1109/3pgcic.2014.92,Performance Overhead of Xen on Linux 3.13 on ARM Cortex-A7,2014,"2014 Ninth International Conference on P2P, Parallel, Grid, Cloud and Internet Computing",conference-paper,7,closed,,"A number of simple performance measurements on disk speed, CPU, memory and network throughput were done on a dual ARM Cortex-A7 machine running Linux inside a Xen virtual machine that communicate with the outside through fronted-driver and backend-driver. The average performance overhead of Xen virtual machine is between 3 and 7 percent when the host is lightly loaded (running only the system software and the necessary xenstored demon and so on)."
snowball,"KVM, Xen and Docker: A performance analysis for ",backward,W2056073119,10.1109/ederc.2014.6924360,Processor virtualization on embedded linux systems,2014,,conference-paper,5,closed,,"The advent of increasingly powerful low-power processors offers new opportunities for embedded systems. Instead of multiple small microprocessors devoted to a single task, a centralized multi-core processor can be used to run all applications, while ensuring isolation and resources allocation for critical tasks. Seeing a growing interest for bringing virtualization on embedded systems, IP suppliers, such as ARM, added hardware extensions to their architectures for providing a native virtualization support.KVM is an open source hypervisor integrated in the Linux Kernel and offering ARM support. A prototype running KVM/ARM on the TI OMAP5432 uEVM board, with complete software stack for simplifying virtual machines management has been created during this work. The benchmarks executed show an overhead of 1% to 3% for CPU intensive applications but also demonstrate a performance degradation of about 60% for memory-intensive applications such as matrix multiplication. Paravirtualized vs. emulated devices have been analyzed, pointing out the extremely poor performance of emulated devices, while paravirtualized devices achieve near native performance."
snowball,"KVM, Xen and Docker: A performance analysis for ",backward,W2003309944,10.1145/1133373.1133375,Denali,2002,,conference-abstract,96,closed,,"The Denali project provides system support for running several mutually distrusting Internet services on the same physical infrastructure. For example, this would enable a developer to push dynamic content into third party hosting infrastructure such as content distribution networks. To accomplish this, we propose a new kernel architecture called an isolation kernel to isolate untrusted applications. An isolation kernel is a simple, thin software layer that runs directly on hardware (and hence below operating systems), whose function is to subdivide a physical machine into a set of fully isolated protection domains. Isolation kernels resemble virtual machine monitors in that they expose a virtualized hardware interface to a set of virtual machines. Unlike VMMs, however, isolation kernels do not attempt to precisely emulate the underlying physical architecture. By selectively modifying the hardware architecture, we enable our system to scale up to 1000's of virtual machines on commodity hardware. In this paper, we describe a set of design principles that govern isolation kernels, briefly discuss a prototype isolation kernel, and present future work and applications of isolation kernels."
snowball,"KVM, Xen and Docker: A performance analysis for ",backward,W1954328490,10.48550/arxiv.1507.07816,Comparison between security majors in virtual machine and linux containers,2015,arXiv (Cornell University),preprint,14,green,https://arxiv.org/pdf/1507.07816,"Virtualization started to gain traction in the domain of information technology in the early 2000s when managing resource distribution was becoming an uphill task for developers. As a result, tools like VMWare, Hyper V (hypervisor) started making inroads into the software repository on different operating systems. VMWare and Hyper V could support multiple virtual machines running on them with each having their own isolated environment. Due to this isolation, the security aspects of virtual machines (VMs) did not differ much from that of physical machines (having a dedicated operating system on hardware). The advancement made in the domain of linux containers (LXC) has taken virtualization to an altogether different level where resource utilization by various applications has been further optimized. But the container security has assumed primary importance amongst the researchers today and this paper is inclined towards providing a brief overview about comparisons between security of container and VMs."
snowball,"KVM, Xen and Docker: A performance analysis for ",forward,W2605945764,10.1109/comst.2017.2694469,A Survey on Network Methodologies for Real-Time Analytics of Massive IoT Data and Open Research Issues,2017,IEEE Communications Surveys & Tutorials,article,430,closed,,"With the widespread adoption of the Internet of Things (IoT), the number of connected devices is growing at an exponential rate, which is contributing to ever-increasing, massive data volumes. Real-time analytics on the massive IoT data, referred to as the “real-time IoT analytics” in this paper, is becoming the mainstream with an aim to provide an immediate or non-immediate actionable insights and business intelligence. However, the analytics network of the existing IoT systems does not adequately consider the requirements of the real-time IoT analytics. In fact, most researchers overlooked an appropriate design of the IoT analytics network while focusing much on the sensing and delivery networks of the IoT system. Since much of the IoT analytics network has often been taken as granted, the survey, in this paper, we aim to review the state-of-theart of the analytics network methodologies, which are suitable for real-time IoT analytics. In this vein, we first describe the basics of the real-time IoT analytics, use cases, and software platforms, and then explain the shortcomings of the network methodologies to support them. To address those shortcomings, we then discuss the relevant network methodologies which may support the real-time IoT analytics. Also, we present a number of prospective research problems and future research directions focusing on the network methodologies for the real-time IoT analytics."
snowball,"KVM, Xen and Docker: A performance analysis for ",forward,W2979907307,10.1109/access.2019.2945930,"Emerging Trends, Techniques and Open Issues of Containerization: A Review",2019,IEEE Access,article,145,gold,https://doi.org/10.1109/access.2019.2945930,"Containerization is revolutionizing the way that many industries operate, provisioning major impact to modern computing technologies because it is extra lightweight, highly portable, energy, resource and storage efficient, cost-effective, performance efficient, and extremely quick during boot up. These often facilitate efficient load balancing, low-level system maintenance, server consolidation (for efficient energy and resource utilization) and replication of instances over geographical locations for better fault tolerance to escalate application reliability. However, some recent literature have addressed various challenges (such as complex networking, persistent storage facilities, cross data centers and multicloud supports, security issues, and lack of available, capable container management APIs, etc.) regarding successful container adoption in industries, which might have resulted in a seemingly meager increase in industrial deployments of containerization over the past few years despite bestowing efficient lightweight virtualization. Moreover, a comprehensive overview of containerizations along with their popularity dynamics has still not been found in contemporary literature, which further extends knowledge gap between developers and available technologies. Hence, current study touches upon different technicalities involved in containerization with potential problems and possible solutions along with various important industrial applications to manifest its existing su"
snowball,"KVM, Xen and Docker: A performance analysis for ",forward,W2906562101,10.1016/j.future.2018.12.035,Combining containers and virtual machines to enhance isolation and extend functionality on cloud computing,2018,Future Generation Computer Systems,article,99,closed,,
snowball,"KVM, Xen and Docker: A performance analysis for ",forward,W2779209348,10.1007/s10586-017-1511-2,A performance comparison of linux containers and virtual machines using Docker and KVM,2017,Cluster Computing,article,93,closed,,
snowball,"KVM, Xen and Docker: A performance analysis for ",forward,W2566899386,10.1145/2996890.3007869,Modelling performance & resource management in kubernetes,2016,,conference-paper,81,closed,,"Containers are rapidly replacing Virtual Machines (VMs) as the compute instance of choice in cloud-based deployments. The significantly lower overhead of deploying containers (compared to VMs) has often been cited as one reason for this. We analyse performance of the Kubernetes system and develop a Reference net-based model of resource management within this system. Our model is characterised using real data from a Kubernetes deployment, and can be used as a basis to design scalable applications that make use of Kubernetes."
snowball,"KVM, Xen and Docker: A performance analysis for ",forward,W4288083139,10.1145/3365199,The Ideal Versus the Real: Revisiting the History of Virtual Machines and Containers,2019,arXiv (Cornell University),preprint,53,green,https://arxiv.org/pdf/1904.12226,"The common perception in both academic literature and the industry today is that virtual machines offer better security, while containers offer better performance. However, a detailed review of the history of these technologies and the current threats they face reveals a different story. This survey covers key developments in the evolution of virtual machines and containers from the 1950s to today, with an emphasis on countering modern misperceptions with accurate historical details and providing a solid foundation for ongoing research into the future of secure isolation for multitenant infrastructures, such as cloud and container deployments."
snowball,"KVM, Xen and Docker: A performance analysis for ",forward,W4409634917,10.3390/app15084592,"Comprehensive Review of Edge Computing for Power Systems: State of the Art, Architecture, and Applications",2025,Applied Sciences,article,50,gold,https://www.mdpi.com/2076-3417/15/8/4592/pdf?version=1745244196,"The increasing complexity of conventional energy distribution systems, combined with the growing demand for efficient data processing, has necessitated the implementation of smart grid technologies and the integration of advanced computing paradigms such as edge computing. Traditional cloud-based solutions face significant challenges, including high latency, limited bandwidth, and cybersecurity vulnerabilities, rendering them less effective for real-time smart grid applications. Edge computing enables localized data processing, which significantly reduces latency and optimizes bandwidth usage. These capabilities enhance the resilience and intelligence of modern energy systems. This paper presents a systematic review of edge computing in energy distribution systems, examining its architectures, methodologies, and real-world applications. Key application areas consist of real-time data transmission, smart metering, microgrid management, anomaly and fault detection, state estimation, and energy management. The analysis shows how edge computing improves secure communication, supports decentralized intelligence, and facilitates scalable energy optimization. Beyond these advantages, the review also identifies critical challenges such as interoperability issues, resource constraints, and security vulnerabilities. By categorizing edge computing applications, the findings provide a comprehensive reference for both researchers and industry professionals working on the development of ne"
snowball,"KVM, Xen and Docker: A performance analysis for ",forward,W2953763743,10.1007/s11227-019-02911-9,The survey on ARM processors for HPC,2019,The Journal of Supercomputing,article,37,closed,,
snowball,"KVM, Xen and Docker: A performance analysis for ",forward,W2747005099,10.1109/cbi.2017.69,Performance and Overhead Study of Containers Running on Top of Virtual Machines,2017,,conference-paper,37,closed,,"Cloud computing is a widespread and commonly used computing paradigm. Cloud relied on virtualization technology to be a scalable and efficient distributed system. In traditional cloud infrastructures, hypervisors like KVM create and manage Virtual Machines according to users' demands. Recently a more lightweight virtualization technique is being rapidly adopted and it is based on containers. Although running a container on top of Virtual Machine is a common case, according to our research it has never been studied before how this affects the container's performance. In this work, we conducted several experiments to study how the container performance is affected by the additional virtualization layer of the Virtual Machine. We used Docker to deploy and run our containers, KVM hypervisor for the Virtual Machines and we executed a series of well-known benchmarks on different operating systems."
snowball,"KVM, Xen and Docker: A performance analysis for ",forward,W2764020494,10.1007/978-3-319-68066-8_13,Client-Side Scheduling Based on Application Characterization on Kubernetes,2017,Lecture notes in computer science,conference-paper,35,closed,,
snowball,"KVM, Xen and Docker: A performance analysis for ",forward,W2614731962,10.23919/inm.2017.7987466,Lightweight virtualization as enabling technology for future smart cars,2017,,conference-paper,33,closed,,"Modern vehicles are equipped with several interconnected sensors on board for monitoring and diagnosis purposes; their availability is a main driver for the development of novel applications in the smart vehicle domain. In this paper, we propose a Docker container-based platform as solution for implementing customized smart car applications. Through a proof-of-concept prototype-developed on a Raspberry Pi3 board-we show that a container-based virtualization approach is not only viable but also effective and flexible in the management of several parallel processes running on On Board Unit. More specifically, the platform can take priority-based decisions by handling multiple inputs, e.g., data from the CANbus based on the OBD II codes, video from the on-board webcam, and so on. Results are promising for the development of future in-vehicle virtualized platforms."
snowball,"KVM, Xen and Docker: A performance analysis for ",forward,W4362653717,10.1109/access.2023.3264825,A Comprehensive Survey on the Use of Hypervisors in Safety-Critical Systems,2023,IEEE Access,article,31,gold,https://ieeexplore.ieee.org/ielx7/6287639/6514899/10092745.pdf,"Virtualization has become one of the main tools for making efficient use of the resources offered by multicore embedded platforms. In recent years, even sectors such as space, aviation, and automotive, traditionally wary of adopting this type of technology due to the impact it could have on the safety of their systems, have been forced to introduce it into their day-to-day work, as their applications are becoming increasingly complex and demanding. This article provides a comprehensive review of the research work that uses or considers the use of a hypervisor as the basis for building a virtualized safety-critical embedded system. Once the hypervisors developed or adapted for this type of system have been identified, an exhaustive qualitative comparison is made between them. an exhaustive qualitative comparison is made between them. To the best of our knowledge, this is the first time that all this information is collected in a single article. Therefore, the main contribution of this article is that it collects and categorizes the information of each hypervisor and compares them with each other, so that this article can be used as a starting point for future researchers in this area, who will be able to quickly check which hypervisor is best suited to their research needs."
snowball,"KVM, Xen and Docker: A performance analysis for ",forward,W2786128551,10.1109/cloudtech.2017.8284700,Performance evaluation of container and virtual machine running cassandra workload,2017,,conference-paper,29,closed,,"Today, scalable and high-available NoSQL distributed databases are largely used as Big Data platforms. Such distributed databases typically run on a virtualized infrastructure that could be implemented using Hypervisor-based virtualization or Container-based virtualization. Hypervisor-based virtualization is a mature technology but imposes overhead on CPU, memory, networking, and disk. Recently, by sharing the operating system resources and simplifying the deployment of applications, container-based virtualization is getting more popular. Container-based virtualization is lightweight in resource consumption while also providing isolation. However, disadvantages are security issues and I/O performance. As a result, today these two technologies are competing to provide virtual instances for running big data platforms. Hence, a key issue becomes the assessment of the performance of those virtualization technologies while running distributed databases. This paper presents an extensive performance comparison between VMware and Docker container, while running Apache Cassandra as workload. Apache Cassandra is a leading NoSQL distributed database when it comes to Big Data platforms. As baseline for comparisons we used the Cassandra's performance when running on a physical infrastructure. Our study shows that Docker had lower overhead compared to the VMware when running Cassandra. In fact, the Cassandra's performance on the Dockerized infrastructure was as good as on the Non-Virtualiz"
snowball,"KVM, Xen and Docker: A performance analysis for ",forward,W3006140534,10.1002/cpe.5693,Performance evaluation of containers and virtual machines when running Cassandra workload concurrently,2020,Concurrency and Computation Practice and Experience,article,24,hybrid,https://onlinelibrary.wiley.com/doi/pdfdirect/10.1002/cpe.5693,"Summary NoSQL distributed databases are often used as Big Data platforms. To provide efficient resource sharing and cost effectiveness, such distributed databases typically run concurrently on a virtualized infrastructure that could be implemented using hypervisor‐based virtualization or container‐based virtualization. Hypervisor‐based virtualization is a mature technology but imposes overhead on CPU, networking, and disk. Recently, by sharing the operating system resources and simplifying the deployment of applications, container‐based virtualization is getting more popular. This article presents a performance comparison between multiple instances of VMware VMs and Docker containers running concurrently. Our workload models a real‐world Big Data Apache Cassandra application from Ericsson. As a baseline, we evaluated the performance of Cassandra when running on the nonvirtualized physical infrastructure. Our study shows that Docker has lower overhead compared with VMware; the performance on the container‐based infrastructure was as good as on the nonvirtualized. Our performance evaluations also show that running multiple instances of a Cassandra database concurrently affected the performance of read and write operations differently; for both VMware and Docker, the maximum number of read operations was reduced when we ran several instances concurrently, whereas the maximum number of write operations increased when we ran instances concurrently."
snowball,"KVM, Xen and Docker: A performance analysis for ",forward,W2899369790,10.1109/camad.2018.8514997,Scalable and Flexible IoT data analytics: when Machine Learning meets SDN and Virtualization,2018,,conference-paper,23,closed,,"This paper deals with Internet of Things (IoT) data analytics in a collaborative platform where computing resources are available both at the network edge and at the backend cloud. Thereby, the requirements of both low-latency and delay tolerant IoT applications can be met. Moreover, this platform faces the challenging heterogeneous features of IoT data, i.e. its high dimensionality or its geo-distributed and streaming data nature. The proposed approach relies on two pillars. On the one hand, recent advances of machine learning (ML) techniques are leveraged to describe how the IoT data analytics can be performed in our platform. On the other hand, the virtualization, centralized management, global view and programmability of the computing and network resources is considered to fulfill the requirements of the ML methods. Unlike the related work, herein the interplay and synergies between those two pillars is explained. Also the ML methods for this collaborative platform are described in more detail."
snowball,"KVM, Xen and Docker: A performance analysis for ",forward,W2892341489,10.1109/icuas.2018.8453368,Enabling High-Performance Onboard Computing with Virtualization for Unmanned Aerial Systems,2018,,conference-paper,22,closed,,"In recent years, unmanned aerial systems (UAS) have attracted significant attentions because of their broad civilian and commercial applications. Nevertheless, most existing UAS platforms only have limited computing capabilities to perform various delay-sensitive operations. To tackle this issue, in this paper, we develop a high-performance onboard UAS computing platform with the virtualization technique. Specifically, we first discuss the selection of microcomputers that are suitable for UAS onboard computing. We then investigate virtualization schemes that can effectively manage constrained resources in UAS, flexibly support UAS applications, and enable resource sharing among multiple UAS to achieve higher computing power. In our study, we compare the performance (such as computing, network, isolation, etc.) of two representative virtualization techniques including virtual machine (VM) and container, using KVM and Docker, respectively. Extensive experimental results demonstrate the performance trade-offs between VM and container, and validate the benefits of virtualization in supporting real UAS applications."
snowball,"KVM, Xen and Docker: A performance analysis for ",forward,W4285049756,10.14569/ijacsa.2022.0130460,Framework to Deploy Containers using Kubernetes and CI/CD Pipeline,2022,International Journal of Advanced Computer Science and Applications,article,17,diamond,http://thesai.org/Downloads/Volume13No4/Paper_60-Framework_to_Deploy_Containers_using_Kubernetes_and_CICD_Pipeline.pdf,"Containers are continuously replacing the usage of virtual machines and gaining popularity in terms of scalability and agility in IT Industry. The key concept behind containers is Operating system based virtualization. In cloud, computing containers are getting deployed in terms of computing instances whereas in premises they are getting deployed using Docker as a part of CI/CD pipelines using Jenkin Server. When containers are going to be increased in number, its deployment and resource management is always a concern which is managed using the Kubernetes. Kubernetes is used to deploy and manage the containers in an autonomous manner and Rancher is used to manage the Kubernetes Cluster in an efficient manner. First Analysis is done for the scheduler, resource management which is used by Kubernetes to deploy the containers and proposed a framework which will automate the whole process using the helm-charts, ansible scripts from container deployment to the management of Kubernetes Cluster in a scalable manner. It is fully automated framework and can be used to deploy the scalable applications in form of containers as Docker images. CI/CD pipeline is also considered using Jenkin Server."
snowball,"KVM, Xen and Docker: A performance analysis for ",forward,W2994818176,10.1049/iet-com.2019.0515,Computing in the air: An open airborne computing platform,2019,IET Communications,article,16,closed,,"In recent years, we have witnessed fast‐growing unmanned aerial systems (UAS) based applications. To better facilitate these applications, many efforts have been made to enhance the capability of UAS from various aspects, including communications, control and networking, and so on. Nevertheless, most of these studies neglect the computation aspect. Recently, the UAS‐enabled mobile edge computing (MEC) has attracted increasing research attention, which utilises UAS with onboard computing capability to provide on‐demand computing services for mobile users. However, existing research on UAS‐enabled MEC remains at the theory stage and how to design a UAS platform with advanced onboard computing capability has not been addressed. In this study, the authors aim to fill this research gap and design an open UAS‐based airborne computing platform with advanced onboard computing capability. This platform was designed from three aspects: hardware, software, and applications. In particular, feasible computing hardware to perform UAS onboard computing is first considered and a prototype is then designed. To enhance the flexibility and programmability of the platform, two key virtualisation techniques are then investigated. Finally, they test the performance of their prototype by executing real UAS onboard computing tasks, the results of which verify the feasibility and potentials of the proposed airborne computing platform."
snowball,"KVM, Xen and Docker: A performance analysis for ",forward,W2888337026,10.1109/eucnc.2018.8443248,A Performance Benchmarking Analysis of Hypervisors Containers and Unikernels on ARMv8 and x86 CPUs,2018,,conference-paper,16,closed,,"Network Functions Virtualization paradigm has emerged as a new concept in networking which aims at cost reduction and ease of network scalability by leveraging on virtualization technologies and commercial-off-the-shelf hardware to disintegrate the software implementation of network functions from the underlying hardware. Recently, lightweight virtualization techniques have emerged as efficient alternatives to traditional Virtual Network Functions (VNFs) developed as VMs. At the same time ARMv8 servers are gaining traction in the server world, mostly because of their interesting performance per watt characteristics. In this paper, the CPU, memory and Input/Output (I/O) performance of such lightweight techniques are compared with that of classic virtual machines on both x86 and ARMv8 platforms. More in particular, we selected KVM as hypervisor solution, Docker and rkt as container engines and finally Rumprun and OSv as unikernels. On x86, our results for CPU and memory related workloads highlight a slightly better performance for containers and unikernels whereas both of them perform almost twice as better as KVM for network I/O operations. This highlights performance issues of the Linux tap bridge with KVM but that can easily be overcome by using a user space virtual switch such as VOSYSwitch and OVS/DPDK. On ARM, both KVM and containers produce similar results for CPU and memory workloads, but have an exception for network I/O operations where KVM proves to be the fastest. W"
snowball,"KVM, Xen and Docker: A performance analysis for ",forward,W2872518031,10.1109/noms.2018.8406141,Performance evaluation of Open5GCore over KVM and Docker by using Open5GMTC,2018,,conference-paper,15,closed,,"Virtualizing the EPC (Evolved Packet Core) in modern carrier-grade networks provides more flexible and reliable network services by decoupling dependence on the hardware. Hy- pervisor and container are two popular virtualization techniques nowadays to enable virtualization of EPC. In this paper, we compared the Open5GCore, a 5G EPC prototype, over KVM and Docker, which are representatives of the hypervisor and container techniques. Moreover, to verify how each supports new services for Internet of Things (IoT) and Machine-to-Machine (M2M) communications, we also analyze the performance of two systems with the IoT and M2M traffic generated by Open5GMTC, a prototype tool for IoT/M2M platforms."
snowball,"KVM, Xen and Docker: A performance analysis for ",forward,W2782561088,10.1109/tcc.2018.2791509,Speeding Up VM Startup by Cooperative VM Image Caching,2018,IEEE Transactions on Cloud Computing,article,14,closed,,"Virtual machine (VM) management is at the core of virtualized cloud data centers. Among others, how to reduce the startup delay of VMs is a key issue for improving user experience and resource utility. In this paper, we study this issue by jointly considering VM placement and VM image caching. We formulate the joint placement problem and design several joint algorithms, including both online and offline algorithms, to speed up VM startup. In our design, we adopt the cooperative caching approach, where image cache copies are shared among physical machines (PMs) so as to reduce image retrieval time. The key point of our algorithms lies in how to appropriately place VM image cache among PMs so as to speed up VM startup as much as possible. The proposed algorithms are evaluated by extensive simulations via SimGrid. The results show that our algorithms can achieve shorter startup delay in most cases, compared with existing ones."
snowball,"KVM, Xen and Docker: A performance analysis for ",forward,W2782694310,10.1109/icsai.2017.8248375,Performance comparison between hypervisor- and container-based virtualizations for cloud users,2017,,conference-paper,14,closed,,"To outsourcing their services to public clouds, cloud users should understand the performance of various virtualization technologies so that they can choose suitable cloud on which to deploy their services, as various cloud providers use different virtualization technologies. In this paper, we compare the performance between a representative hypervisor-based virtualization, Xen, and a very popular container-based virtualization, Docker. We use extensive micro-benchmarks to compare virtualization overheads of various components on a host system between these two virtualization technologies, and two macro-benchmarks, HPL, a case of high performance computing applications, and YCSB, a case of online transaction processing applications, to study on virtualization impact on real-world applications. We found that although the virtualization overheads of Xen are much higher than that of Docker on latencies of host systems and both of virtualization solutions have few impacts on bandwidths overall, Xen has comparable, more, and less overheads than Docker for HPL, YCSB in term of transaction latency under certain loads, and YCSB in term of transaction throughput, respectively."
snowball,"KVM, Xen and Docker: A performance analysis for ",forward,W4387247764,10.1109/access.2023.3321274,Benchmarking Container Technologies on ARM-Based Edge Devices,2023,IEEE Access,article,13,gold,https://ieeexplore.ieee.org/ielx7/6287639/6514899/10268421.pdf,"Internet-of-Things (IoT) devices continuously gather data and send the data to the cloud for further processing. However, with the recent trend of increasing number of IoT devices, billions of devices are anticipated to send data to the cloud, eventually impacting performance and cost. To solve this problem, one way is to process data locally inside edge nodes. The edge nodes are closer to the IoT devices and improve the overall performance of the system by distributing cloud tasks in edge devices. Edge devices are generally resource-constrained with limited RAM, CPU, and storage. Container technologies are ideal in edge nodes due to their isolation and being lightweight. A benchmarking scheme for containers on edge devices can help compare container technologies, hardware devices and architectures, and software. However, there is not sufficient research in this direction. So, in this work, we take a step towards developing this benchmark. We explore and evaluate the performance, efficiency, and suitability of different container technologies, including Docker, Podman, and Singularity, in the context of edge computing on ARM-based devices. Our experiments include evaluating computer vision applications that employ Haar Cascades, HOG, CNN with YOLO algorithm, and data science workloads commonly encountered in edge computing scenarios. We devised sets of performance metrics to assess container technology, including waiting time, receiving time, processing time, resource utiliza"
snowball,"KVM, Xen and Docker: A performance analysis for ",forward,W3035785102,10.23919/date48585.2020.9116268,A Distributed Safety Mechanism using Middleware and Hypervisors for Autonomous Vehicles,2020,,conference-paper,13,closed,,"Autonomous vehicles use cyber-physical systems to provide comfort and safety to passengers. Design of safety mechanisms for such systems is hindered by the growing quantity and complexity of SoCs (System-on-a-Chip) and software stacks required for autonomous operation. Our study tackles two challenges: (1) fault handling in an autonomous driving system distributed across multiple processing cores and SoCs, and (2) isolation of multiple software modules consolidated in one SoC. To address the first challenge, we extend the state-of-the-art E-Gas layered monitoring concept. Similar to E-Gas, our safety mechanism has function, controller and vehicle layers. We propose to distribute these safety layers on processors with different ASILs (Automotive Safety Integrity Level). Besides, we implement seif-test, fault injection and challenge-response protocols to detect faults at runtime in the safety mechanism itself. To facilitate distributed operation, our mechanism is built on top of the DDS (Data Distribution Service) software middleware for safety-critical embedded applications, as well as DDS-XRCE (eXtremely Resource Constrained Environment) for resource- constrained processor cores of the highest ASIL. To address the second challenge, our safety mechanism employs hardware- assisted hypervisors to isolate software modules and implement fail-silent behavior of faulty software stacks. We validate our safety mechanism on the NXP BiueBox hardware platform using the LG SVL simulator, "
snowball,"KVM, Xen and Docker: A performance analysis for ",forward,W2887079165,10.1109/smartcomp.2018.00019,Performance Improvement of File Operations on OverlayFS for Containers,2018,,conference-paper,13,closed,,"Server consolidation with virtualization is a popular method to address the issue of a large amount of power consumption of inter-connected computers in data centers. The more computers are consolidated, the more energy is saved. However, highly consolidating, wherein many servers are consolidated into one physical computer, results in large performance decline. Especially, I/O performance is severely decreased as reported. In this work, we focus on Docker, a popular container-based virtualizing system, and OverlayFS. OverlayFS is widely recognized method for improving I/O performance in Docker. First, we evaluate the performance of file operations on OverlayFS. In particular, we focus on the performance of file writing involving copy_up and show that the performance is severely low. Second, we investigate the performance and behavior the filesystem during copy_up and demonstrate that synchronization is the most important issue. Third, we discuss a method for improving the performance by disabling this synchronization. Fourth, we evaluate the improving method and show that the method can significantly improve the writing performance with copy_up by 680 times at most."
snowball,"KVM, Xen and Docker: A performance analysis for ",forward,W4385366942,10.1109/iv55152.2023.10186789,Bare-Metal vs. Hypervisors and Containers: Performance Evaluation of Virtualization Technologies for Software-Defined Vehicles,2023,,conference-paper,12,green,https://mediatum.ub.tum.de/1712763,"Software-defined vehicles (SDV) play an important role in future electrical and electronic (E&E) architectures. Their increased flexibility compared to traditional architectures is a crucial factor in the rapid development cycles of autonomous driving. Containerization and virtualization are two key technologies that enable rapid software installation and updates under the SDV framework. These two technologies have been widely adopted in cloud computing, but their performance and suitability in intelligent vehicles still has to be evaluated. In this work, we look at generic performance experiments of containerization and virtualization on both embedded and general-purpose computer systems regarding CPU, memory, network, and disk. We further investigate the impact of virtualization and containerization on the Autoware framework to evaluate scenarios that are close to real-world automotive applications. Additionally, we evaluate performance by splitting the Autoware framework into several dependent service parts, which are installed in separate containers. Extensive experimental results show that virtualization and containerization have no significant performance drop with 0-5% loss compared to a bare-metal setup in terms of CPU, memory, and network. However, both technologies suffer dramatic performance degradation on the disk side, losing 5-15% in containers and 35% in virtualization."
snowball,"KVM, Xen and Docker: A performance analysis for ",forward,W2913867548,10.1016/j.comnet.2019.01.033,Performance assessment of 40 Gbit/s off-the-shelf network cards for virtual network probes in 5G networks,2019,Computer Networks,article,11,bronze,https://www.sciencedirect.com/science/article/pii/S138912861930101X,
snowball,"KVM, Xen and Docker: A performance analysis for ",forward,W2897026555,10.1109/comst.2018.2874827,Virtualization of Residential Gateways: A Comprehensive Survey,2018,IEEE Communications Surveys & Tutorials,article,11,closed,,"The residential gateway (RGW) is a key device, located in the customer premises, standing between the home network and the access network. It imposes a considerable cost for the operator and constitutes a single point of failure for all the services offered to residential customers-such as Internet access, voice over IP, IPTV, and video-on-demand. RGW virtualization promises to tackle these issues, but its success has been hampered by scalability and implementation restrictions. However, developments such as the rise of software-defined networking and network function virtualization technologies, together with the evolution of the access network, namely through the deployment of Fiber-to-the-Premises accesses, have finally enabled RGW virtualization in an unprecedented scale. In this paper we revisit the virtual RGW concept, considering its evolution up to the most recent proposals as well as future challenges and developments."
snowball,"KVM, Xen and Docker: A performance analysis for ",forward,W2582702318,10.1109/cloudcom.2016.0098,Containers or Hypervisors: Which Is Better for Database Consolidation?,2016,,conference-paper,11,closed,,"Database management systems (DBMS) is a common service in clouds. Cloud platforms use virtualization to consolidate servers for efficient resource utilization and to isolate collocated users' workloads. The underlying virtualization technologies have critical impact on the performance and isolation, especially in disk I/O, in DBMS. There are two major virtualization approaches: the hypervisor-based (virtual machines) and the operating-system-level virtualization (containers). Containers are widely believed to outperform virtual machines because of negligible virtualization overheads, while virtual machines are expected to provide stronger performance isolation. This paper argues against the above beliefs by investigating MySQL I/O performance and isolation in KVM and LXC. Contrary to the general belief, our results show that KVM outperforms LXC by up to 86% without compromising the isolation. Our analysis reveals that file system journaling has negative impact on both the performance and isolation in LXC. Since containers share a journaling mechanism unlike virtual machines, journaling activities are serialized and bundled with each other, resulting in inferior performance and isolation."
snowball,"KVM, Xen and Docker: A performance analysis for ",forward,W2430885779,10.1109/daas.2016.7492588,OpenStack and Docker: Building a high-performance IaaS platform for interactive social media applications,2016,,conference-paper,11,closed,,"The current development and broad adoption of cloud technologies brought in new alternative technologies that are being used to make the launch of applications in the cloud faster and easier. Interactive social media applications are faced with the challenge of efficiently provisioning new resources in order to meet the demands of the growing number of application users. This paper describes how Docker can run as a hypervisor, and how we managed to enable for the fast provisioning of computing resources inside of an OpenStack IaaS using the nova-docker plugin that we developed."
snowball,"KVM, Xen and Docker: A performance analysis for ",forward,W4392667161,10.1109/access.2024.3376570,Performance Analysis of Container Technologies for Computer Vision Applications on Edge Devices,2024,IEEE Access,article,9,gold,https://ieeexplore.ieee.org/ielx7/6287639/6514899/10466754.pdf,"In the evolving tech landscape, various container technologies coexist and offer compelling advantages in quickly deploying applications and efficiently utilizing resources on edge devices. Despite the potential benefits of containerization in general, limited research has explored how various container technologies perform in specific domains. In response, this paper provides an extensive evaluation of container technologies (e.g., RunC, LXC, Containerd, Docker, Podman, and Singularity) in the context of OpenCV-based computer vision applications on ARM-based edge devices. Experiments verify that the performance of containerized computer vision applications is comparable to that of non-containerized ones. While the performance is roughly equivalent across all container runtimes/engines, Docker consistently demonstrates superior efficiency for computer vision applications on ARM-based edge devices. These insights contribute to bridge the existing gap to the integration of containers in IoT and ARM-based edge computing scenarios."
snowball,"KVM, Xen and Docker: A performance analysis for ",forward,W3081856432,10.1109/access.2020.3021044,Container Image Access Control Architecture to Protect Applications,2020,IEEE Access,article,9,gold,https://ieeexplore.ieee.org/ielx7/6287639/8948470/09184912.pdf,"A container platform allows various applications to be deployed or run after installation. A user can download or execute a container image with the required application. To apply the configuration management system, a container image uses a union filesystem composed of multiple layers. To provide stability, important application files must be protected from unauthorized access. However, the container image used for distributing an application does not have its own protection function, and it is not protected by the container platform. The access control function provided by the operating system cannot protect the applications because the container environment is not considered. In this study, a container image access control architecture is proposed that can ensure a safe application operating environment by denying unauthorized direct access to container images. The proposed architecture enforces the access control function after the container image is downloaded, denying unauthorized access to the container image layer directory. Because the access control function is provided at the kernel level, there is a security advantage that users cannot bypass. To verify this approach, the functions and performance were determined empirically according to the proposed architecture. Functional verification confirmed that the proposed architecture denies unauthorized access to the container base image and allows access only to authorized users. It was also confirmed that the proposed"
snowball,"KVM, Xen and Docker: A performance analysis for ",forward,W4313287740,10.3390/electronics11244201,seL4 Microkernel for Virtualization Use-Cases: Potential Directions towards a Standard VMM,2022,Electronics,article,8,gold,https://www.mdpi.com/2079-9292/11/24/4201/pdf?version=1671156556,"Virtualization plays an essential role in providing security to computational systems by isolating execution environments. Many software solutions, called hypervisors, have been proposed to provide virtualization capabilities. However, only a few were designed for being deployed at the edge of the network in devices with fewer computation resources when compared with servers in the Cloud. Among the few lightweight software that can play the hypervisor role, seL4 stands out by providing a small Trusted Computing Base and formally verified components, enhancing its security. Despite today being more than a decade with seL4 microkernel technology, its existing userland and tools are still scarce and not very mature. Over the last few years, the main effort has been to increase the maturity of the kernel itself, and not the tools and applications that can be hosted on top. Therefore, it currently lacks proper support for a full-featured userland Virtual Machine Monitor, and the existing one is quite fragmented. This article discusses the potential directions to a standard VMM by presenting our view of design principles and the feature set needed. This article does not intend to define a standard VMM, we intend to instigate this discussion through the seL4 community."
snowball,"KVM, Xen and Docker: A performance analysis for ",forward,W2979718858,10.1109/qrs-c.2019.00082,A Flexible Cyber Security Experimentation Platform Architecture Based on Docker,2019,,conference-paper,7,closed,,"With the rising trends in interconnectivity, ensuring cyber security is of paramount importance. Cyber security experimentation platform can help researchers simulate real-world cyber topologies, analyze various attacks and experiment defense strategies. While traditional platforms does not scale well with the evolving cyber topologies and does not have much flexibility in-terms of functionalities. This paper presents a new architecture for experimentation platform of cyber security, based on Docker. It possesses the scalability factor necessary for large cyber simulations and also provides a flexible extension mechanism. This feature enables users to customize cyber node's topologies, software environment, and also support the customization of important experiment indicators. Kubernetes enables virtual nodes to be deployed on distributed servers readily, and the important experiment indicators can be relayed back in real-time which reduces the overall cost and helps speedup the experimental analysis."
snowball,"KVM, Xen and Docker: A performance analysis for ",forward,W4407716544,10.1007/s42979-024-03624-4,Resource Utilization-Based Container Orchestration: Closing the Gap for Enhanced Cloud Application Performance,2025,SN Computer Science,article,6,closed,,
snowball,"KVM, Xen and Docker: A performance analysis for ",forward,W3211112757,10.1145/3487923.3487934,Comparing the performance between Virtual Machines and Containers using deep learning credit models,2021,,conference-paper,6,gold,https://dl.acm.org/doi/pdf/10.1145/3487923.3487934,"The cloud computing paradigm utilizes neutralization to isolate data, workloads and network bandwidth in an elastic mode. The providers hence have historically used Virtual Machines (VM) to perform this workload isolation. However these virtual machines require huge resources and are costly to set-up and deploy. Containerization has of late been used as a different approach for neutralization albeit as a Software as a service approach. Docker containerization has been one of the most popular approaches and its a solution where containers all share the same resources and operating system as opposed to virtual machines which use hyper-visor technology to abstract hardware and operating systems. The study uses different cloud vendors to compare docker containers for response time, download time, CPU processing time as well as memory usage against virtual machines. The study did a performance comparison for Virtual Machines and Docker Containers in various cloud providers namely AWS, Google Cloud as well as Microsoft Azure cloud platforms. The dataset used included deep learning big data downloaded from Kaggle website and classified for loan defaulting with Keras and tensorflow python implementation frameworks. The comparisons do prove that docker containers are faster than KVMs and Xen virtual machines. The study also proves that by using Kubernetes framework for scaling the containers, the performance of the docker containers improves compared to the docker and bare metal as we"
snowball,"KVM, Xen and Docker: A performance analysis for ",forward,W2788208237,10.1155/2018/6263153,Empirical Experience and Experimental Evaluation of Open5GCore over Hypervisor and Container,2018,Wireless Communications and Mobile Computing,article,6,hybrid,http://downloads.hindawi.com/journals/wcmc/2018/6263153.pdf,"One of the most important technologies for future 5G networks is to utilize Network Function Virtualization (NFV) to virtualize the network components. NFV provides flexibility, short time to market, and low cost solution to build network services, which are important features of 5G networks. Although the idea of virtualization is just being applied to cellular networks, it has been used in the community of cloud computing. There are two main virtualization techniques, hypervisor and container. In this paper, we present our practical experience of virtualizing Open5GCore, a commercial product of SDN‐enabled Evolved Packet Core (EPC), over hypervisor and container. In addition to describing how to virtualize Open5GCore, we also present the experimental performance evaluation of the systems. Finally, some important lessons learned are provided."
snowball,"KVM, Xen and Docker: A performance analysis for ",forward,W2754731976,10.1109/cloud.2017.40,A Formal Framework of Resource Management for VNFaaS in Cloud,2017,,conference-paper,6,closed,,"Modern computer networks heavily depend on expensive and proprietary hardware deployed at fixed locations. Network functions virtualization (NFV), one of the fastest emerging topics in networking, reduces the limitations of these vendor specific hardware by introducing flexibility in the network architecture and elasticity in the deployment of innovative network functions. Service providers are offering virtual network functions as a service (VNFaaS), where consumers can use softwarized network applications running on a cloud infrastructure. NFV allows a flexible and dynamic implementation of virtual network functions in virtual machines deployed on commercial off-the-shelf (COTS) servers in various locations, as well as in the core cloud infrastructure. However, allocating resources to these virtual machines is a large combinatorial problem, and requires a solution in a timely manner in terms of various requirements. In this work, we propose VNFSynth, an automated synthesis framework, to solve this problem. VNFSynth models the resource specifications, incoming packet processing requirements, bandwidth constraints, etc., with respect to the physical network, existing resources, and VNF properties, and determines the VM network architecture. It uses satisfiability modulo theories (SMT) to model this synthesis problem. The evaluation results demonstrate the scalability and usability of the solution."
snowball,"KVM, Xen and Docker: A performance analysis for ",forward,W2518240769,10.1109/itsc.2016.7795942,Systematic evaluation of sandboxed software deployment for real-time software on the example of a self-driving heavy vehicle,2016,,conference-paper,6,green,https://arxiv.org/pdf/1608.06759,"Companies developing and maintaining software-only products like web shops aim for establishing persistent links to their software running in the field. Monitoring data from real usage scenarios allows for a number of improvements in the software life-cycle, such as quick identification and solution of issues, and elicitation of requirements from previously unexpected usage. While the processes of continuous integration, continuous deployment, and continuous experimentation using sandboxing technologies are becoming well established in said software-only products, adopting similar practices for the automotive domain is more complex mainly due to real-time and safety constraints. In this paper, we systematically evaluate sandboxed software deployment in the context of a self-driving heavy vehicle that participated in the 2016 Grand Cooperative Driving Challenge (GCDC) in The Netherlands. We measured the system's scheduling precision after deploying applications in four different execution environments. Our results indicate that there is no significant difference in performance and overhead when sandboxed environments are used compared to natively deployed software. Thus, recent trends in software architecting, packaging, and maintenance using microservices encapsulated in sandboxes will help to realize similar software and system engineering for cyber-physical systems."
snowball,"KVM, Xen and Docker: A performance analysis for ",forward,W3205013438,10.1145/3464298.3493404,A fresh look at the architecture and performance of contemporary isolation platforms,2021,,conference-paper,5,gold,https://dl.acm.org/doi/pdf/10.1145/3464298.3493404,"With the ever-increasing pervasiveness of the cloud computing paradigm, strong isolation guarantees and low performance overhead from isolation platforms are paramount. An ideal isolation platform offers both: an impermeable isolation boundary while imposing a negligible performance overhead. In this paper, we examine various isolation platforms (containers, secure containers, hypervisors, unikernels), and conduct a wide array of experiments to measure the performance overhead and degree of isolation offered by the platforms. We find that container platforms have the best, near-native, performance while the newly emerging secure containers suffer from various overheads. The highest degree of isolation is achieved by unikernels, closely followed by traditional containers."
snowball,"KVM, Xen and Docker: A performance analysis for ",forward,W2997033204,10.1109/sensorsnano44414.2019.8940058,Advanced resource allocation and Service level monitoring for container orchestration platform,2019,,conference-paper,5,closed,,"Containerization becomes the first choice for faster deployment of application. Lightweight and instant start of containers find its place across various domains including big data and cloud. Due to this wide range in heterogeneity of resources, the orchestration framework is required for the management of containers. Resource selection becomes one of the major challenges in such environment. Although various open-source orchestration available in market for addressing the management of containers across varied platform, they provide only a basic scheduling scheme. In this paper, we highlighted various factors affecting the resource selection and proposed an architecture of resource-aware placement and SLA (Service Level Agreement) based monitoring which provides advanced scheduling and minimizes container migration."
snowball,"KVM, Xen and Docker: A performance analysis for ",forward,W2589952638,10.2991/icwcsn-16.2017.92,A Light-weight Multilevel Recoverable Container for Event-driven System: A Self-healing CPS Approach,2017,,conference-paper,5,gold,https://download.atlantis-press.com/article/25870996.pdf,"Cyber Physical Systems (CPS) is regarded as a new technological revolution, which tightly integrates computing, communication, and control technologies, to build a kind of smart networked distributed embedded control system. CPS is designed to interact autonomously with the volatile external environment, which implies that the requirements is constantly changing during run-time. So guaranteeing the reliability of system becomes extremely difficult. Flexible self-healing mechanisms are needed urgently to improve the reliability and availability of CPS. This paper presents a light-weight container-based virtualization for event-driven CPS. By providing a unique run-time stack for each application, the container isolates faults and limits the effect of failures. Furthermore, a multilevel fault detection and recovery method is integrated to protect applications and to limit the fault propagation. And the analysis shows the container has very low memory footprint (939 bytes) and constant performance overhead. Also the testing manifests that the multilevel recovery is high reliable on WCET violation failure recovery even if the application is not well designed or malicious."
snowball,"KVM, Xen and Docker: A performance analysis for ",forward,W4225463312,10.4018/ijssoe.297136,Integration With Docker Container Technologies for Distributed and Microservices Applications,2022,International Journal of Systems and Service-Oriented Engineering,article,4,closed,,"Docker containerization is a newly emerging technology, which brings virtualization to software applications. Specifically, lightweight-ness has brought higher advantage for the Docker containers. Often, the deployment of distributed net centric applications on cloud hosted Docker containers is a new approach for enterprise applications. This emerging approach has been discussed on many online forums, but currently there is no secondary research study to consolidate this approach. This research study aims to identify, systematically compare and taxonomically classify the existing research studies and their practical approaches. The systematic study was conducted of fifty-seven (57) selected research studies. Selected research studies were classified and compared based on the characterization framework. The study brings the results in a discussion of emerging concerns in the Docker based deployments. Furthermore, the study is moving closer to current concerns in distributed, microservices based net centric software applications"
snowball,"KVM, Xen and Docker: A performance analysis for ",forward,W3132441784,10.1109/sec50012.2020.00008,TinyEdge: Enabling Rapid Edge System Customization for IoT Applications,2020,,conference-paper,4,closed,,"Customizing and deploying an edge system is a time-consuming and complex task, considering the hardware heterogeneity, third-party software compatibility, diverse performance requirements, etc. In this paper, we present TinyEdge, a holistic system for the rapid customization of edge systems. The key idea of TinyEdge is to use a top-down approach for designing the software and estimating the performance of the customized edge systems under different hardware specifications. Developers select and conFigure modules to specify the critical logic of their interactions, without dealing with the specific hardware or software. Taking the configuration as input, TinyEdge automatically generates the deployment package and estimate the performance after sufficient profiling. TinyEdge provides a unified customization framework for modules to specify their dependencies, functionalities, interactions, and configurations. We implement TinyEdge and evaluate its performance using real-world edge systems. Results show that: 1) TinyEdge achieves rapid customization of edge systems, reducing 44.15% of customization time and 67.79% lines of code on average compared with the state-of-the-art edge platforms; 2) TinyEdge builds compact modules and optimizes the latent circular dependency detection and message queuing efficiency; 3) TinyEdge performance estimation has low average absolute error in various settings."
snowball,"KVM, Xen and Docker: A performance analysis for ",forward,W2783594595,10.1109/bigdata.2017.8258205,Highly consolidated servers with container-based virtualization,2017,,conference-paper,4,closed,,"A huge number of inter-connected computers run in data centers. These computers consume large amount of power. Server consolidation with virtualization is a popular method to address this problem. The more computers are consolidated, the more energy is saved. However, highly consolidating, wherein many servers are consolidated into one physical computer, may result in large performance decline. Achieving high consolidation without large performance decline is important. Container-based operating system virtualization is an emerging method for constructing low-overhead virtualized environment. In this work, we focus on Docker, a popular container-based virtualizing system, and investigate its performance, especially performance in highly consolidated environment. First, we compare the performance with and without container-based virtualization, then show that container-based virtualization can provide similar performance to that without virtualization in CPU processing and networking but cannot provide comparable performance in I/O processing with the default setup. Second, we explore the relationship between the number of containers and the obtained performance. We then demonstrate that the I/O performance severely decreases as the number of consolidated servers increase. Third, we discuss the reason why the I/O performance drops largely and applications of highly consolidated servers."
snowball,"KVM, Xen and Docker: A performance analysis for ",forward,W4411584418,10.1109/msn63567.2024.00124,Reliability-Aware SFC Scheduling in Container Environment via Priority-Based Node Selection,2024,,conference-paper,3,closed,,"Advances in containerization technology and edge device performance enable applications to run on a wide range of devices through virtualization, enhancing service quality in decentralized edge networks. However, edge devices often lack the computational power of cloud infrastructure and may experience connection fluctuations, which makes node reliability crucial when providing Virtual Network Functions (VNFs). To provide Service Function Chain (SFC) which combines a series of ordered VNFs, it is necessary to determine the redundancy of VNFs to meet reliability requirement and decide whether to deal with these VNF requests immediately or defer them. Therefore, this paper addresses this problem and formulates it as a reliability-aware SFC scheduling problem in container environment (RASCE) and prove it to be NP-hard. To solve this problem, we propose a reliability-aware scheduling algorithm via priority-based node selection (SSAP) using Deep Reinforcement Learning (DRL), which consists of long-task prioritization redundancy strategy considering dynamic node reliability, priority-based node selection, and SFC scheduling based on DRL. The simulation demonstrates that our approach can enhance the success rate by a minimum of 5.78% in comparison to the state-of-the-art algorithm."
snowball,"KVM, Xen and Docker: A performance analysis for ",forward,W3099579814,10.1109/icimu49871.2020.9243558,A Generic Log Analyzer for automated troubleshooting in container orchestration system,2020,,conference-paper,3,closed,,"Containerization becomes the proven technology for modernization of any application. Hence the adaptability of the container orchestration platform also increases widely across the industry. Many orchestration systems are available in the market, which could deploy and manage containerized application. Log analyzes in such environment become complex and challenging as a large number of components been involved. Troubleshooting is also a difficult task in such environment because of the dependency of each system or component. In this paper we propose a generic log analyzer which could analyses the log and automates the process of troubleshooting in an orchestration environment."
snowball,"KVM, Xen and Docker: A performance analysis for ",forward,W2799003506,10.1109/candar.2017.84,A Study on the Performance of Web Applications Based on RoR in a Highly Consolidated Server with Container-Based Virtualization,2017,,conference-paper,3,closed,,"Virtualization technologies which can flexibly allocate computational resources are widely deployed for a variety of purposes. In particular, Docker, which is one of the most popular container-based virtualization systems, is increasing its importance because of its low virtualizing overhead by sharing the kernel. In this paper, we present a performance evaluation of web applications based on Ruby on Rails (RoR) consolidated by Docker. First, we investigate the relation between the number of containers and their performance. Second, we show the issues of highly consolidating servers. Third, we discuss a method for relieving the issues."
snowball,"KVM, Xen and Docker: A performance analysis for ",forward,W4400411257,10.1109/ipdps57955.2024.00016,CKSM: An Efficient Memory Deduplication Method for Container-based Cloud Computing Systems,2024,,conference-paper,2,closed,,"Memory deduplication techniques are widely used to improve memory utilization in cloud computing platforms, and they can be categorized into virtualized and containerized environments. In virtualized environments, prevalent memory deduplication approaches often rely on scanning the virtual address space of different processes. However, the complexity of virtual address spaces can reduce scanning efficiency in containerized environments. Additionally, the many-to-one mapping between virtual and physical pages can decrease the efficiency of merging operations.To solve the above problems, we proposed a Container-based Kernel Samepage Merging method called CKSM. This method leverages potential duplicate candidates and efficiently performs merging operations. It employs layered sampling to construct the priority of physical pages. Additionally, a physical page scanning mechanism is designed to directly obtain valid pages within the system. CKSM uses the physical page merge mechanism to merge all virtual pages at once and release the corresponding memory directly. We conduct several experiments to demonstrate the efficiency of CKSM. It reduces the scanning overhead by up to 80.99% and increases page comparison efficiency by up to 42.51%. Besides, CKSM achieves an average of 3.02×memory usage reduction compared to UKSM and 2.79×response speedup compared to KSM in the containerized environment. In cloud computing emulation, CKSM has been proven to be optimal in high-density deploymen"
