transaction_id,source_row_index,step,type,amount,oldbalanceOrg,oldbalanceDest,node_profile,cpu_limit,memory_mb,service_time_ms,mean_service_time_ms,std_service_time_ms,min_service_time_ms,max_service_time_ms,n_successful_runs
006ca6d7-2113-5e40-8812-de583cc5c117,3193205,245,TRANSFER,688034.32,688034.32,0.0,High,1.0,4096,35.192886,35.111688,0.52835244904467,34.405211,35.787747,5
006ca6d7-2113-5e40-8812-de583cc5c117,3193205,245,TRANSFER,688034.32,688034.32,0.0,Low,0.6,1024,59.519256,58.5882156,7.952344481344778,50.561866,70.762442,5
006ca6d7-2113-5e40-8812-de583cc5c117,3193205,245,TRANSFER,688034.32,688034.32,0.0,Medium,0.75,2048,48.003524,47.9123434,3.115734796431141,44.633785,51.88434,5
006ec7c4-7bbd-55ba-9138-807e1c4c988e,2136672,184,TRANSFER,300278.56,390680.0,305395.59,High,1.0,4096,36.525243,36.19819,0.8299281742657011,35.142679,37.191285,5
006ec7c4-7bbd-55ba-9138-807e1c4c988e,2136672,184,TRANSFER,300278.56,390680.0,305395.59,Low,0.6,1024,58.628935,57.697193,2.596197545830729,53.186442,59.788606,5
006ec7c4-7bbd-55ba-9138-807e1c4c988e,2136672,184,TRANSFER,300278.56,390680.0,305395.59,Medium,0.75,2048,46.216302,45.2102094,2.808253175410437,42.319246,48.731046,5
0087127e-c89f-572e-972a-057dd92716c6,1488025,142,DEBIT,4286.35,6012.0,877488.66,High,1.0,4096,32.302378,32.5168568,0.8103839046882054,31.719374,33.757021,5
0087127e-c89f-572e-972a-057dd92716c6,1488025,142,DEBIT,4286.35,6012.0,877488.66,Low,0.6,1024,51.480569,51.5549172,1.604672335621108,50.222276,54.208598,5
0087127e-c89f-572e-972a-057dd92716c6,1488025,142,DEBIT,4286.35,6012.0,877488.66,Medium,0.75,2048,40.907439,41.0525424,0.4602006024678807,40.640676,41.756217,5
01c21ab9-0508-5411-a641-0f98dacce6ba,77865,10,DEBIT,518.88,100087.0,487718.81,High,1.0,4096,30.659332,30.7145002,0.1968318179352616,30.523647,31.047895,5
01c21ab9-0508-5411-a641-0f98dacce6ba,77865,10,DEBIT,518.88,100087.0,487718.81,Low,0.6,1024,52.632105,52.3228462,1.2305070447255468,50.189957,53.240325,5
01c21ab9-0508-5411-a641-0f98dacce6ba,77865,10,DEBIT,518.88,100087.0,487718.81,Medium,0.75,2048,40.643008,41.3503028,1.315939415880799,40.318512,43.348859,5
027edc78-b22f-5a49-8bea-93a58d26fd20,423942,18,CASH_IN,307940.66,99324.0,71066.14,High,1.0,4096,20.522681,20.5628596,0.1379227627978788,20.404101,20.743942,5
027edc78-b22f-5a49-8bea-93a58d26fd20,423942,18,CASH_IN,307940.66,99324.0,71066.14,Low,0.6,1024,37.720026,36.7284362,2.578695706638767,32.664714,39.401316,5
027edc78-b22f-5a49-8bea-93a58d26fd20,423942,18,CASH_IN,307940.66,99324.0,71066.14,Medium,0.75,2048,27.884205,27.946095,2.6385435451368817,23.717398,30.400594,5
02f15c4d-03d8-5ae0-8951-33b67a411614,3103570,235,CASH_IN,189548.42,267911.0,755.42,High,1.0,4096,21.638728,21.6527196,0.1130188750753602,21.531786,21.833357,5
02f15c4d-03d8-5ae0-8951-33b67a411614,3103570,235,CASH_IN,189548.42,267911.0,755.42,Low,0.6,1024,39.44726,38.0462852,4.413749049714958,30.87485,41.730492,5
02f15c4d-03d8-5ae0-8951-33b67a411614,3103570,235,CASH_IN,189548.42,267911.0,755.42,Medium,0.75,2048,28.885096,27.4550714,3.743015611813596,21.680863,30.522684,5
0331c0ca-4ed3-5b7e-9af1-ea42c5f3eea7,3578930,261,CASH_IN,41326.83,4682433.83,595446.11,High,1.0,4096,20.584487,20.54554,0.1079891530316817,20.409809,20.67214,5
0331c0ca-4ed3-5b7e-9af1-ea42c5f3eea7,3578930,261,CASH_IN,41326.83,4682433.83,595446.11,Low,0.6,1024,35.328827,35.137698,1.3372952756842813,33.270148,36.94394,5
0331c0ca-4ed3-5b7e-9af1-ea42c5f3eea7,3578930,261,CASH_IN,41326.83,4682433.83,595446.11,Medium,0.75,2048,28.191534,28.2735994,2.805190314836464,23.774981,31.007723,5
034ace7a-2692-5f1c-b3e6-e789af5d2944,5871550,403,TRANSFER,80448.74,172982.23,1177259.79,High,1.0,4096,34.49264,34.4232438,0.2402864981000801,34.053365,34.702518,5
034ace7a-2692-5f1c-b3e6-e789af5d2944,5871550,403,TRANSFER,80448.74,172982.23,1177259.79,Low,0.6,1024,59.85752,57.6213666,3.446096303589729,52.301768,60.112535,5
034ace7a-2692-5f1c-b3e6-e789af5d2944,5871550,403,TRANSFER,80448.74,172982.23,1177259.79,Medium,0.75,2048,44.567274,45.1980196,2.075921353712443,43.489869,48.452739,5
03800b45-8301-53c2-9f30-6b7dd80497ae,5136689,356,CASH_IN,123162.39,31436.0,0.0,High,1.0,4096,21.161629,21.3726102,0.4536129702518431,21.145517,22.182278,5
03800b45-8301-53c2-9f30-6b7dd80497ae,5136689,356,CASH_IN,123162.39,31436.0,0.0,Low,0.6,1024,31.401046,34.1293706,4.7500436173349305,29.377978,39.493273,5
03800b45-8301-53c2-9f30-6b7dd80497ae,5136689,356,CASH_IN,123162.39,31436.0,0.0,Medium,0.75,2048,27.246777,27.58417,2.481420549720563,25.594352,31.653118,5
03c2d846-b2d7-57e1-8ffc-2c800782ab44,753450,38,CASH_OUT,4057.77,253560.0,0.0,High,1.0,4096,27.190341,27.2756368,0.1415585773282568,27.175079,27.501438,5
03c2d846-b2d7-57e1-8ffc-2c800782ab44,753450,38,CASH_OUT,4057.77,253560.0,0.0,Low,0.6,1024,42.573071,43.7133062,2.980839513069631,42.001267,49.024331,5
03c2d846-b2d7-57e1-8ffc-2c800782ab44,753450,38,CASH_OUT,4057.77,253560.0,0.0,Medium,0.75,2048,37.59729,37.6251184,0.6676252466592333,36.840438,38.614434,5
04147f2c-067b-5551-99e6-2a9106a91ad3,801755,40,CASH_IN,176042.2,12346.0,1439362.22,High,1.0,4096,21.250065,21.2332944,0.0881482853026641,21.086013,21.318973,5
04147f2c-067b-5551-99e6-2a9106a91ad3,801755,40,CASH_IN,176042.2,12346.0,1439362.22,Low,0.6,1024,35.748624,34.943516,4.433869348471434,29.337902,39.119511,5
04147f2c-067b-5551-99e6-2a9106a91ad3,801755,40,CASH_IN,176042.2,12346.0,1439362.22,Medium,0.75,2048,27.548608,28.4004872,2.196477322183227,25.79823,31.500174,5
044c92c1-f354-5ff1-b135-2fda326aba5d,5334917,374,TRANSFER,198545.14,200879.52,1886080.78,High,1.0,4096,35.492888,35.3902542,0.6709040791735446,34.616479,36.314746,5
044c92c1-f354-5ff1-b135-2fda326aba5d,5334917,374,TRANSFER,198545.14,200879.52,1886080.78,Low,0.6,1024,57.666637,55.9875962,2.57783253632382,52.385239,58.013391,5
044c92c1-f354-5ff1-b135-2fda326aba5d,5334917,374,TRANSFER,198545.14,200879.52,1886080.78,Medium,0.75,2048,47.761104,46.6660744,2.8890589010089966,43.408516,49.984475,5
048c2934-3022-5d0d-a6ea-c03796b449ed,2543820,206,CASH_OUT,173165.71,241797.0,2711350.54,High,1.0,4096,28.174795,28.0341458,0.4791862830045317,27.486008,28.470981,5
048c2934-3022-5d0d-a6ea-c03796b449ed,2543820,206,CASH_OUT,173165.71,241797.0,2711350.54,Low,0.6,1024,45.633336,46.1367882,1.7023337273656711,44.467275,47.99058,5
048c2934-3022-5d0d-a6ea-c03796b449ed,2543820,206,CASH_OUT,173165.71,241797.0,2711350.54,Medium,0.75,2048,36.958512,36.804744,0.2751434120454272,36.371948,37.02058,5
05089c32-86d3-566e-8442-8504f02a4fdf,1619522,157,PAYMENT,160.04,101598.0,0.0,High,1.0,4096,24.204766,24.1884654,0.3574575986110798,23.830404,24.750404,5
05089c32-86d3-566e-8442-8504f02a4fdf,1619522,157,PAYMENT,160.04,101598.0,0.0,Low,0.6,1024,39.51519,41.3163088,2.6338072532828227,39.210909,44.567281,5
05089c32-86d3-566e-8442-8504f02a4fdf,1619522,157,PAYMENT,160.04,101598.0,0.0,Medium,0.75,2048,33.547559,33.693662,1.7891164863297764,31.213527,36.003266,5
052c87ae-edb7-509d-ad69-c6647c7988eb,4322427,308,DEBIT,970.96,1855.0,217958.82,High,1.0,4096,31.480106,31.8504878,0.8134645256492141,31.324959,33.281244,5
052c87ae-edb7-509d-ad69-c6647c7988eb,4322427,308,DEBIT,970.96,1855.0,217958.82,Low,0.6,1024,51.042453,51.5428538,2.838969710860209,49.003254,56.334105,5
052c87ae-edb7-509d-ad69-c6647c7988eb,4322427,308,DEBIT,970.96,1855.0,217958.82,Medium,0.75,2048,40.121395,40.124714,0.4271505670802755,39.496843,40.700873,5
0531499a-3c32-5e9e-a341-4315f9e6ccf4,736258,38,TRANSFER,52883.82,102642.0,4141971.55,High,1.0,4096,34.18875,34.188603,0.0598094997805542,34.128865,34.261486,5
0531499a-3c32-5e9e-a341-4315f9e6ccf4,736258,38,TRANSFER,52883.82,102642.0,4141971.55,Low,0.6,1024,57.113029,56.7490626,2.6304167324126224,54.124599,60.48118,5
0531499a-3c32-5e9e-a341-4315f9e6ccf4,736258,38,TRANSFER,52883.82,102642.0,4141971.55,Medium,0.75,2048,44.596166,45.1472114,1.2616243025438667,43.870364,46.672005,5
056650cb-a96b-5432-815e-2fcc7faddedd,3501725,259,DEBIT,3174.0,17374.0,1938247.6,High,1.0,4096,31.488615,31.5872668,0.5184336726252451,31.018268,32.392286,5
056650cb-a96b-5432-815e-2fcc7faddedd,3501725,259,DEBIT,3174.0,17374.0,1938247.6,Low,0.6,1024,51.421558,52.9490452,4.551003421492691,48.518075,58.434765,5
056650cb-a96b-5432-815e-2fcc7faddedd,3501725,259,DEBIT,3174.0,17374.0,1938247.6,Medium,0.75,2048,40.377996,41.4212392,2.3329813361455973,39.318311,44.073294,5
060ffd69-8ab6-5349-a202-db2e986ce3b8,6223887,590,TRANSFER,686122.25,695873.0,116394.92,High,1.0,4096,34.075977,34.1080196,0.0794706111798568,34.043251,34.244366,5
060ffd69-8ab6-5349-a202-db2e986ce3b8,6223887,590,TRANSFER,686122.25,695873.0,116394.92,Low,0.6,1024,57.117874,57.2397002,2.5418429695423166,53.490769,60.421612,5
060ffd69-8ab6-5349-a202-db2e986ce3b8,6223887,590,TRANSFER,686122.25,695873.0,116394.92,Medium,0.75,2048,44.450174,45.7139054,2.7584799794384605,44.109984,50.6056,5
070e8076-9505-57fa-9781-f3f170b49d1c,3130057,236,TRANSFER,151851.62,215681.69,860254.62,High,1.0,4096,36.986262,36.6937022,0.8080366879332896,35.289279,37.264832,5
070e8076-9505-57fa-9781-f3f170b49d1c,3130057,236,TRANSFER,151851.62,215681.69,860254.62,Low,0.6,1024,58.010082,57.0536418,2.4398587044160363,52.715455,58.594926,5
070e8076-9505-57fa-9781-f3f170b49d1c,3130057,236,TRANSFER,151851.62,215681.69,860254.62,Medium,0.75,2048,43.985017,44.8899602,2.032214419542065,43.002943,47.672056,5
077472d9-90f6-5173-aaeb-5fa51f9684f5,479380,19,TRANSFER,21092.96,30476.0,202524.97,High,1.0,4096,34.133379,34.227947,0.4670225240526424,33.834613,35.033746,5
077472d9-90f6-5173-aaeb-5fa51f9684f5,479380,19,TRANSFER,21092.96,30476.0,202524.97,Low,0.6,1024,57.530325,57.0511596,1.3241701418223408,54.720598,58.027751,5
077472d9-90f6-5173-aaeb-5fa51f9684f5,479380,19,TRANSFER,21092.96,30476.0,202524.97,Medium,0.75,2048,43.769847,44.8240352,2.2537156912539333,43.625105,48.83624,5
07960d88-70bc-5a15-bc6d-8b89673096e9,4607952,329,CASH_OUT,129103.27,510528.0,364339.77,High,1.0,4096,28.038303,28.261486,0.4433159748610461,27.882173,28.84989,5
07960d88-70bc-5a15-bc6d-8b89673096e9,4607952,329,CASH_OUT,129103.27,510528.0,364339.77,Low,0.6,1024,48.015214,47.3038688,3.158092897373223,41.886512,49.566878,5
07960d88-70bc-5a15-bc6d-8b89673096e9,4607952,329,CASH_OUT,129103.27,510528.0,364339.77,Medium,0.75,2048,36.260674,35.8989438,0.9816630576968368,34.157278,36.548391,5
07b89b9e-50a4-5022-8e6d-b89b3f761a1c,2106303,183,CASH_OUT,76126.11,112716.0,1564368.15,High,1.0,4096,29.875414,29.712294,0.7480188677810875,28.432461,30.392716,5
07b89b9e-50a4-5022-8e6d-b89b3f761a1c,2106303,183,CASH_OUT,76126.11,112716.0,1564368.15,Low,0.6,1024,44.096905,45.7370632,3.217339606852485,43.1479,50.179484,5
07b89b9e-50a4-5022-8e6d-b89b3f761a1c,2106303,183,CASH_OUT,76126.11,112716.0,1564368.15,Medium,0.75,2048,35.731551,36.2520896,2.00529129520434,34.223498,39.579358,5
082079e6-26f0-5c4a-88c0-058ade7de1c8,1507877,144,DEBIT,3141.73,100045.0,1025002.4,High,1.0,4096,31.983782,31.828363,0.4559139698682206,31.333018,32.376899,5
082079e6-26f0-5c4a-88c0-058ade7de1c8,1507877,144,DEBIT,3141.73,100045.0,1025002.4,Low,0.6,1024,52.912644,53.8449582,3.852688926916263,49.450121,59.237362,5
082079e6-26f0-5c4a-88c0-058ade7de1c8,1507877,144,DEBIT,3141.73,100045.0,1025002.4,Medium,0.75,2048,40.30579,41.7249638,2.155275906518629,40.067935,44.137309,5
08d70150-f884-57a0-933c-1f31c5bcee5f,5505344,380,CASH_OUT,131175.63,275838.12,2297103.45,High,1.0,4096,27.420095,27.3658548,0.1170205709680995,27.182098,27.467085,5
08d70150-f884-57a0-933c-1f31c5bcee5f,5505344,380,CASH_OUT,131175.63,275838.12,2297103.45,Low,0.6,1024,46.868344,45.6351368,2.883895091161034,42.113067,49.007527,5
08d70150-f884-57a0-933c-1f31c5bcee5f,5505344,380,CASH_OUT,131175.63,275838.12,2297103.45,Medium,0.75,2048,38.250091,36.6937054,2.5937248644957136,33.011669,38.823556,5
092b61d7-aa22-505b-add5-4f5b5d3a74d7,4336211,308,PAYMENT,6864.21,504766.0,0.0,High,1.0,4096,25.128322,25.2558544,0.534464974086516,24.802481,26.170714,5
092b61d7-aa22-505b-add5-4f5b5d3a74d7,4336211,308,PAYMENT,6864.21,504766.0,0.0,Low,0.6,1024,39.552689,39.6485678,0.1901098929927109,39.529177,39.976999,5
092b61d7-aa22-505b-add5-4f5b5d3a74d7,4336211,308,PAYMENT,6864.21,504766.0,0.0,Medium,0.75,2048,31.253999,31.3740796,2.501263887701335,29.332268,35.502255,5
09ac347b-27bc-511e-b961-ac76c23466ef,2674555,210,CASH_IN,88479.57,31472.0,0.0,High,1.0,4096,21.808168,22.008965,0.5862403562699351,21.481553,23.013428,5
09ac347b-27bc-511e-b961-ac76c23466ef,2674555,210,CASH_IN,88479.57,31472.0,0.0,Low,0.6,1024,35.080446,34.0526926,2.940321763335061,29.190766,36.319307,5
09ac347b-27bc-511e-b961-ac76c23466ef,2674555,210,CASH_IN,88479.57,31472.0,0.0,Medium,0.75,2048,28.039591,27.6023612,2.406520817259785,23.572127,30.019734,5
0a867ee4-d35f-5013-a1a6-110ac16ed1a1,2149117,184,CASH_IN,136784.77,11612.0,6100141.65,High,1.0,4096,21.225072,21.2892756,0.3954522483395441,20.913777,21.762225,5
0a867ee4-d35f-5013-a1a6-110ac16ed1a1,2149117,184,CASH_IN,136784.77,11612.0,6100141.65,Low,0.6,1024,32.144327,33.7823938,3.90186421957674,30.191444,38.167596,5
0a867ee4-d35f-5013-a1a6-110ac16ed1a1,2149117,184,CASH_IN,136784.77,11612.0,6100141.65,Medium,0.75,2048,27.408373,26.8767812,0.9382561665729678,25.645506,27.631211,5
0ab40aab-3aaf-5c69-844a-986afe70651d,198774,13,TRANSFER,13398.07,119040.2,485670.99,High,1.0,4096,34.709768,34.808705,0.4611373939104278,34.233829,35.508746,5
0ab40aab-3aaf-5c69-844a-986afe70651d,198774,13,TRANSFER,13398.07,119040.2,485670.99,Low,0.6,1024,55.992337,57.0914174,2.425828739689345,54.550584,59.823252,5
0ab40aab-3aaf-5c69-844a-986afe70651d,198774,13,TRANSFER,13398.07,119040.2,485670.99,Medium,0.75,2048,47.416098,46.8062,1.0168965181435607,45.625044,47.667707,5
0b09dc7b-5678-5f2c-85d5-aae0d3822444,6299721,681,TRANSFER,3479.08,6480.0,0.0,High,1.0,4096,37.382746,37.3553118,0.4055458627137012,36.797888,37.743878,5
0b09dc7b-5678-5f2c-85d5-aae0d3822444,6299721,681,TRANSFER,3479.08,6480.0,0.0,Low,0.6,1024,58.074827,56.9516618,1.937649292058084,54.852663,58.884297,5
0b09dc7b-5678-5f2c-85d5-aae0d3822444,6299721,681,TRANSFER,3479.08,6480.0,0.0,Medium,0.75,2048,44.231505,44.6962378,2.0622322197448324,42.206189,47.210777,5
0b1b6c93-e198-5fe7-8c52-ce99b8aa8761,1672469,158,CASH_OUT,19508.04,619376.0,0.0,High,1.0,4096,29.37451,29.9814754,1.112154966594494,29.048599,31.257496,5
0b1b6c93-e198-5fe7-8c52-ce99b8aa8761,1672469,158,CASH_OUT,19508.04,619376.0,0.0,Low,0.6,1024,43.432928,45.3018528,5.595870593532851,38.11496,51.622539,5
0b1b6c93-e198-5fe7-8c52-ce99b8aa8761,1672469,158,CASH_OUT,19508.04,619376.0,0.0,Medium,0.75,2048,39.216224,37.5579492,2.695054440917884,34.013338,39.992424,5
0ba231bc-5c82-5feb-a1e8-c4074ee665f2,1222880,133,CASH_IN,430106.25,12897.0,935075.56,High,1.0,4096,20.728207,20.727144,0.1520955819000021,20.550879,20.925588,5
0ba231bc-5c82-5feb-a1e8-c4074ee665f2,1222880,133,CASH_IN,430106.25,12897.0,935075.56,Low,0.6,1024,36.776397,35.5507018,4.647024402712633,28.741718,41.408395,5
0ba231bc-5c82-5feb-a1e8-c4074ee665f2,1222880,133,CASH_IN,430106.25,12897.0,935075.56,Medium,0.75,2048,27.901964,28.1075688,1.3848247692057285,26.599747,29.99272,5
0bd78f65-b6c9-5916-8278-ccecc0039ab2,1106008,130,CASH_IN,39677.4,9012003.18,935374.96,High,1.0,4096,20.465832,20.4910582,0.1483665220347904,20.294577,20.704801,5
0bd78f65-b6c9-5916-8278-ccecc0039ab2,1106008,130,CASH_IN,39677.4,9012003.18,935374.96,Low,0.6,1024,33.431226,33.0784414,1.9932105009540024,31.064711,36.043711,5
0bd78f65-b6c9-5916-8278-ccecc0039ab2,1106008,130,CASH_IN,39677.4,9012003.18,935374.96,Medium,0.75,2048,27.521194,26.7914376,2.4831610745548303,23.166782,29.826007,5
0bdb3baa-dd01-5350-90a7-4d8ca40094a2,3716934,278,PAYMENT,5056.15,7777.0,0.0,High,1.0,4096,25.198903,25.3617424,0.4684916437470359,24.957262,26.160127,5
0bdb3baa-dd01-5350-90a7-4d8ca40094a2,3716934,278,PAYMENT,5056.15,7777.0,0.0,Low,0.6,1024,39.962074,40.6174754,1.7540133490064438,39.406512,43.705067,5
0bdb3baa-dd01-5350-90a7-4d8ca40094a2,3716934,278,PAYMENT,5056.15,7777.0,0.0,Medium,0.75,2048,31.465343,31.8792442,1.7972673366301677,29.344424,33.850063,5
0ca950b2-a3e8-556d-92b0-6dcc731da193,1198284,133,DEBIT,2787.4,61418.0,1421413.06,High,1.0,4096,31.238993,31.1961238,0.2215721638083181,30.815004,31.381717,5
0ca950b2-a3e8-556d-92b0-6dcc731da193,1198284,133,DEBIT,2787.4,61418.0,1421413.06,Low,0.6,1024,52.936157,51.5665034,2.7137384785367207,46.924489,53.424065,5
0ca950b2-a3e8-556d-92b0-6dcc731da193,1198284,133,DEBIT,2787.4,61418.0,1421413.06,Medium,0.75,2048,40.429323,42.142668,4.011253868622689,40.051732,49.310022,5
0d16b314-ccdd-53d5-91dc-8cead500f4c4,5432927,378,CASH_OUT,17234.14,32397.0,2751653.28,High,1.0,4096,29.495682,29.2335924,0.7484650633137802,28.263199,30.139652,5
0d16b314-ccdd-53d5-91dc-8cead500f4c4,5432927,378,CASH_OUT,17234.14,32397.0,2751653.28,Low,0.6,1024,46.413155,46.2476202,2.170513019607508,43.75049,48.540869,5
0d16b314-ccdd-53d5-91dc-8cead500f4c4,5432927,378,CASH_OUT,17234.14,32397.0,2751653.28,Medium,0.75,2048,37.413018,37.4273628,3.73945679892397,31.875084,42.400485,5
0d72aa38-cac4-521a-9625-5e0d947720f7,5396886,377,CASH_IN,450934.19,7226194.47,550907.29,High,1.0,4096,20.76558,20.850588,0.203383610963372,20.673792,21.18428,5
0d72aa38-cac4-521a-9625-5e0d947720f7,5396886,377,CASH_IN,450934.19,7226194.47,550907.29,Low,0.6,1024,33.259435,33.1899016,1.760457002714864,30.82736,35.475985,5
0d72aa38-cac4-521a-9625-5e0d947720f7,5396886,377,CASH_IN,450934.19,7226194.47,550907.29,Medium,0.75,2048,27.560799,27.5429656,2.7059627958680075,23.129405,29.819476,5
0d7abbb4-76d9-502c-a2c5-a9575d2221c7,2268174,187,CASH_IN,420643.4,872.0,0.0,High,1.0,4096,21.649278,21.6568232,0.0730957724406827,21.583983,21.760372,5
0d7abbb4-76d9-502c-a2c5-a9575d2221c7,2268174,187,CASH_IN,420643.4,872.0,0.0,Low,0.6,1024,36.42601,35.7305968,2.866504224513405,31.753815,38.665987,5
0d7abbb4-76d9-502c-a2c5-a9575d2221c7,2268174,187,CASH_IN,420643.4,872.0,0.0,Medium,0.75,2048,29.539636,27.406375,3.3496106351971715,23.508866,30.102225,5
0dbf7d7d-d5df-52eb-aded-78f268f117a9,5894092,403,TRANSFER,60847.02,359686.02,3681247.35,High,1.0,4096,37.938169,37.9521302,0.0852079733810158,37.844585,38.054583,5
0dbf7d7d-d5df-52eb-aded-78f268f117a9,5894092,403,TRANSFER,60847.02,359686.02,3681247.35,Low,0.6,1024,58.32452,58.9368804,1.368676992558981,57.873677,61.198553,5
0dbf7d7d-d5df-52eb-aded-78f268f117a9,5894092,403,TRANSFER,60847.02,359686.02,3681247.35,Medium,0.75,2048,45.983925,45.026791,1.9584071628842927,41.818614,46.702379,5
0e2b52b3-6428-5b97-bb81-fd999255da72,4286119,307,DEBIT,7666.08,11638.0,190953.91,High,1.0,4096,30.663181,30.712509,0.1107684159767568,30.634071,30.898915,5
0e2b52b3-6428-5b97-bb81-fd999255da72,4286119,307,DEBIT,7666.08,11638.0,190953.91,Low,0.6,1024,50.119744,51.8621632,5.373267887840945,45.669022,57.6904,5
0e2b52b3-6428-5b97-bb81-fd999255da72,4286119,307,DEBIT,7666.08,11638.0,190953.91,Medium,0.75,2048,41.036471,42.0470626,2.922103516310603,40.398805,47.244693,5
0e45fbc3-44a1-5dda-8128-81337380c3ce,1145558,131,PAYMENT,12367.39,645110.0,0.0,High,1.0,4096,25.352374,25.8367318,0.7549694446712402,25.20484,26.802002,5
0e45fbc3-44a1-5dda-8128-81337380c3ce,1145558,131,PAYMENT,12367.39,645110.0,0.0,Low,0.6,1024,39.855854,39.8857014,0.0933475169744774,39.801997,40.038639,5
0e45fbc3-44a1-5dda-8128-81337380c3ce,1145558,131,PAYMENT,12367.39,645110.0,0.0,Medium,0.75,2048,33.130017,32.5196798,3.348469623064498,27.952961,37.093126,5
0efdb3bc-4c33-5b83-ad74-4ad1996df7e6,1185853,132,TRANSFER,707995.07,1022679.8,872785.63,High,1.0,4096,34.097444,34.1316628,0.1392927487333772,34.007609,34.333315,5
0efdb3bc-4c33-5b83-ad74-4ad1996df7e6,1185853,132,TRANSFER,707995.07,1022679.8,872785.63,Low,0.6,1024,57.412132,56.7353566,1.360339513983294,54.435444,57.651369,5
0efdb3bc-4c33-5b83-ad74-4ad1996df7e6,1185853,132,TRANSFER,707995.07,1022679.8,872785.63,Medium,0.75,2048,46.119156,45.6690258,1.9023028905134167,43.671951,48.261125,5
0f15a669-11dc-56eb-a4b1-9ce1e392828d,460733,19,DEBIT,2208.26,335412.0,116219.0,High,1.0,4096,33.649441,33.313179000000005,0.8614930682266112,31.836794,34.055345,5
0f15a669-11dc-56eb-a4b1-9ce1e392828d,460733,19,DEBIT,2208.26,335412.0,116219.0,Low,0.6,1024,51.669278,51.9154736,3.4768039979717416,47.187887,55.757759,5
0f15a669-11dc-56eb-a4b1-9ce1e392828d,460733,19,DEBIT,2208.26,335412.0,116219.0,Medium,0.75,2048,42.050703,41.8566512,2.824211010500402,38.785506,45.852373,5
0f5f0b8e-bba3-5114-b251-37d5ed152644,5033388,354,PAYMENT,26008.25,208279.7,0.0,High,1.0,4096,23.913389,23.9682912,0.1408171699836346,23.800491,24.137693,5
0f5f0b8e-bba3-5114-b251-37d5ed152644,5033388,354,PAYMENT,26008.25,208279.7,0.0,Low,0.6,1024,39.290522,40.0499694,1.7774071219191154,38.868857,43.14827,5
0f5f0b8e-bba3-5114-b251-37d5ed152644,5033388,354,PAYMENT,26008.25,208279.7,0.0,Medium,0.75,2048,31.537826,32.210633200000004,2.014120191348496,29.774519,35.03155,5
10eaaf9e-0c47-53a1-b244-c94929cb486f,1006214,46,DEBIT,1244.85,11505.0,2561622.17,High,1.0,4096,31.050119,31.1323456,0.3223825287260456,30.824763,31.618353,5
10eaaf9e-0c47-53a1-b244-c94929cb486f,1006214,46,DEBIT,1244.85,11505.0,2561622.17,Low,0.6,1024,51.11192,50.6999432,4.819436875482001,43.62907,56.344258,5
10eaaf9e-0c47-53a1-b244-c94929cb486f,1006214,46,DEBIT,1244.85,11505.0,2561622.17,Medium,0.75,2048,40.361686,40.919851,1.0397361090375274,40.193373,42.635239,5
11856bc6-cfc7-5941-b98d-541105d1ce12,2612746,208,TRANSFER,130155.03,191613.27,4300203.36,High,1.0,4096,34.719272,34.832345,0.390134848454352,34.354241,35.390273,5
11856bc6-cfc7-5941-b98d-541105d1ce12,2612746,208,TRANSFER,130155.03,191613.27,4300203.36,Low,0.6,1024,59.776267,57.7673288,3.3972759469997738,52.383351,60.426802,5
11856bc6-cfc7-5941-b98d-541105d1ce12,2612746,208,TRANSFER,130155.03,191613.27,4300203.36,Medium,0.75,2048,47.014016,46.9620694,2.3504844652499406,43.317034,49.529089,5
122118bd-1707-5e1c-9522-d9f0df13190e,1291135,135,CASH_IN,92664.78,26941.0,0.0,High,1.0,4096,20.794562,21.001935,0.5535460059376283,20.671757,21.987995,5
122118bd-1707-5e1c-9522-d9f0df13190e,1291135,135,CASH_IN,92664.78,26941.0,0.0,Low,0.6,1024,36.070337,34.7677106,4.153293432585314,29.11553,39.887893,5
122118bd-1707-5e1c-9522-d9f0df13190e,1291135,135,CASH_IN,92664.78,26941.0,0.0,Medium,0.75,2048,28.54896,28.035255,2.925204650014422,23.243869,30.803906,5
122580d8-53f8-5ed8-a06f-6182625c2c80,4985792,352,DEBIT,2892.71,67398.0,1301302.65,High,1.0,4096,30.845391,30.8526352,0.1353668534804595,30.668833,31.01441,5
122580d8-53f8-5ed8-a06f-6182625c2c80,4985792,352,DEBIT,2892.71,67398.0,1301302.65,Low,0.6,1024,50.697943,51.968462,3.3920992727444625,48.371879,57.30622,5
122580d8-53f8-5ed8-a06f-6182625c2c80,4985792,352,DEBIT,2892.71,67398.0,1301302.65,Medium,0.75,2048,41.369509,40.2765124,1.8519003353194536,37.870416,41.779577,5
12436bc8-1fda-500d-a0fb-3e1bfe9790b5,6253005,596,TRANSFER,89374.56,147872.78,1083419.44,High,1.0,4096,36.125666,36.0317542,0.3558247871476919,35.416291,36.334935,5
12436bc8-1fda-500d-a0fb-3e1bfe9790b5,6253005,596,TRANSFER,89374.56,147872.78,1083419.44,Low,0.6,1024,58.408397,55.9964314,4.566634389823683,50.995194,60.292025,5
12436bc8-1fda-500d-a0fb-3e1bfe9790b5,6253005,596,TRANSFER,89374.56,147872.78,1083419.44,Medium,0.75,2048,44.14001,44.9404042,1.7796075445623405,43.66572,47.917248,5
12e33a49-5163-501c-a70e-c442ef7c445a,5887150,403,CASH_OUT,35621.14,191256.0,756442.68,High,1.0,4096,29.36989,29.007713,0.6025220419038626,28.246754,29.500866,5
12e33a49-5163-501c-a70e-c442ef7c445a,5887150,403,CASH_OUT,35621.14,191256.0,756442.68,Low,0.6,1024,47.1495,46.819597,2.09005516966933,43.502799,48.604265,5
12e33a49-5163-501c-a70e-c442ef7c445a,5887150,403,CASH_OUT,35621.14,191256.0,756442.68,Medium,0.75,2048,36.962273,36.2975824,3.528636829339808,32.279648,41.254166,5
134d33e6-a3a2-5550-b005-c20a8cc38221,1004340,46,DEBIT,3239.22,25449.0,338620.55,High,1.0,4096,34.666645,33.9116018,1.1659214503553426,32.544988,34.926157,5
134d33e6-a3a2-5550-b005-c20a8cc38221,1004340,46,DEBIT,3239.22,25449.0,338620.55,Low,0.6,1024,53.748781,51.4890692,4.077020976249595,46.541517,55.072575,5
134d33e6-a3a2-5550-b005-c20a8cc38221,1004340,46,DEBIT,3239.22,25449.0,338620.55,Medium,0.75,2048,42.70481,41.6666022,2.8388242289096017,38.684114,45.066919,5
1382dd1c-b770-563c-aae3-0e74118a32de,3090137,235,PAYMENT,2447.79,29018.0,0.0,High,1.0,4096,24.138385,24.2390634,0.2469083973750175,24.104375,24.679774,5
1382dd1c-b770-563c-aae3-0e74118a32de,3090137,235,PAYMENT,2447.79,29018.0,0.0,Low,0.6,1024,40.92956,39.394503,2.206122439000611,36.939028,41.11696,5
1382dd1c-b770-563c-aae3-0e74118a32de,3090137,235,PAYMENT,2447.79,29018.0,0.0,Medium,0.75,2048,31.019282,32.187115,3.262119333902961,28.729838,37.369551,5
16532eb4-80bf-5b0d-bc9d-e6a55497353d,2547310,206,TRANSFER,169504.89,213626.57,183862.47,High,1.0,4096,34.065696,34.032667000000004,0.1128493012162673,33.842958,34.126122,5
16532eb4-80bf-5b0d-bc9d-e6a55497353d,2547310,206,TRANSFER,169504.89,213626.57,183862.47,Low,0.6,1024,57.67756,56.331832,3.917871858353396,52.259964,61.477453,5
16532eb4-80bf-5b0d-bc9d-e6a55497353d,2547310,206,TRANSFER,169504.89,213626.57,183862.47,Medium,0.75,2048,44.295857,45.0470054,1.3453687396681642,43.6834,46.722759,5
1697fa3b-b1ac-5e46-977c-0fbca9c9c898,5714818,398,CASH_IN,93321.14,608049.16,409842.44,High,1.0,4096,20.545762,20.6146608,0.2110620392484162,20.471631,20.978814,5
1697fa3b-b1ac-5e46-977c-0fbca9c9c898,5714818,398,CASH_IN,93321.14,608049.16,409842.44,Low,0.6,1024,32.850858,33.6045866,1.352645122967513,32.458876,35.432157,5
1697fa3b-b1ac-5e46-977c-0fbca9c9c898,5714818,398,CASH_IN,93321.14,608049.16,409842.44,Medium,0.75,2048,28.836844,28.0070914,2.786770673300066,23.337373,30.080099,5
16bfca3f-5607-51f9-93ee-686dcdf2f39c,5171975,358,DEBIT,917.09,15097.0,1295614.1,High,1.0,4096,30.90902,30.9758308,0.1674212764785282,30.850984,31.261235,5
16bfca3f-5607-51f9-93ee-686dcdf2f39c,5171975,358,DEBIT,917.09,15097.0,1295614.1,Low,0.6,1024,51.113928,51.2284644,2.493282813976945,49.011259,55.314437,5
16bfca3f-5607-51f9-93ee-686dcdf2f39c,5171975,358,DEBIT,917.09,15097.0,1295614.1,Medium,0.75,2048,40.535523,41.4393544,2.275530977756026,40.159774,45.498886,5
16df337f-4b88-57ad-884d-d1c8ced9d24f,6206435,586,PAYMENT,18911.09,107088.0,0.0,High,1.0,4096,23.91908,24.106034,0.3467790012176343,23.874706,24.700105,5
16df337f-4b88-57ad-884d-d1c8ced9d24f,6206435,586,PAYMENT,18911.09,107088.0,0.0,Low,0.6,1024,41.429598,40.114386,3.8199991527723554,34.085691,43.527019,5
16df337f-4b88-57ad-884d-d1c8ced9d24f,6206435,586,PAYMENT,18911.09,107088.0,0.0,Medium,0.75,2048,31.670213,32.239549,2.0531005008831147,29.686031,35.129718,5
16e116a9-c09b-5d1a-a396-cd2733e1f526,6074059,515,TRANSFER,290211.26,290211.26,0.0,High,1.0,4096,34.597064,34.6910566,0.459758050358881,34.054055,35.293102,5
16e116a9-c09b-5d1a-a396-cd2733e1f526,6074059,515,TRANSFER,290211.26,290211.26,0.0,Low,0.6,1024,58.601456,57.4233982,3.148064307049604,52.648395,60.214773,5
16e116a9-c09b-5d1a-a396-cd2733e1f526,6074059,515,TRANSFER,290211.26,290211.26,0.0,Medium,0.75,2048,45.7018,45.8163722,2.073268444411673,43.74143,47.967402,5
171872c1-d8e5-5c5b-8c2f-9996888502b1,3613827,273,TRANSFER,128147.94,171364.68,4887162.29,High,1.0,4096,34.317332,34.433746,0.4332707436793999,33.989574,35.157649,5
171872c1-d8e5-5c5b-8c2f-9996888502b1,3613827,273,TRANSFER,128147.94,171364.68,4887162.29,Low,0.6,1024,57.166015,57.2443244,2.987316930553704,52.822623,61.193823,5
171872c1-d8e5-5c5b-8c2f-9996888502b1,3613827,273,TRANSFER,128147.94,171364.68,4887162.29,Medium,0.75,2048,47.194865,46.6255752,1.8336704412330207,43.627462,48.089134,5
174a421a-ff17-5579-b9a9-1eaf6ceff1cb,2539497,206,CASH_OUT,16903.49,49659.0,1998532.26,High,1.0,4096,28.6187,28.4837254,0.5128648105415304,27.943942,29.198826,5
174a421a-ff17-5579-b9a9-1eaf6ceff1cb,2539497,206,CASH_OUT,16903.49,49659.0,1998532.26,Low,0.6,1024,47.771928,46.6961738,2.88568450454484,42.256622,49.6461,5
174a421a-ff17-5579-b9a9-1eaf6ceff1cb,2539497,206,CASH_OUT,16903.49,49659.0,1998532.26,Medium,0.75,2048,36.683421,37.5925336,3.479201756043373,34.139336,43.394791,5
184d4859-a155-50e2-ae74-c7bbd96d08ef,2336608,189,TRANSFER,41976.98,82320.0,478949.12,High,1.0,4096,35.417041,35.3661846,0.4115927932882231,34.694143,35.724597,5
184d4859-a155-50e2-ae74-c7bbd96d08ef,2336608,189,TRANSFER,41976.98,82320.0,478949.12,Low,0.6,1024,57.781136,56.0857138,2.862044829816646,52.052326,58.271416,5
184d4859-a155-50e2-ae74-c7bbd96d08ef,2336608,189,TRANSFER,41976.98,82320.0,478949.12,Medium,0.75,2048,45.447349,45.6151382,2.236325072095892,43.345624,48.043516,5
18970099-0877-505c-abd4-294473da83f6,5006445,353,CASH_OUT,57516.66,67180.5,266571.49,High,1.0,4096,28.017637,28.4726942,0.9033779320877828,27.792739,29.913081,5
18970099-0877-505c-abd4-294473da83f6,5006445,353,CASH_OUT,57516.66,67180.5,266571.49,Low,0.6,1024,45.494045,45.2262066,2.132019338748196,41.812657,47.706768,5
18970099-0877-505c-abd4-294473da83f6,5006445,353,CASH_OUT,57516.66,67180.5,266571.49,Medium,0.75,2048,36.310117,36.6337384,2.842293611046334,32.991837,40.712955,5
18c8cec2-85b7-5054-b1f9-ea93bfff7091,4926463,350,PAYMENT,7799.8,11333.0,0.0,High,1.0,4096,24.527857,24.6847358,0.3692346033644464,24.491704,25.344431,5
18c8cec2-85b7-5054-b1f9-ea93bfff7091,4926463,350,PAYMENT,7799.8,11333.0,0.0,Low,0.6,1024,38.546762,40.0821352,2.2464294580104665,38.356138,42.559776,5
18c8cec2-85b7-5054-b1f9-ea93bfff7091,4926463,350,PAYMENT,7799.8,11333.0,0.0,Medium,0.75,2048,30.893933,30.591035,1.4330259997585528,29.171465,32.628253,5
18f186df-5850-574e-bc12-5ac0d788a23e,3752696,279,PAYMENT,2963.58,17200.0,0.0,High,1.0,4096,26.172499,26.6436228,1.4880751080409893,25.738225,29.282993,5
18f186df-5850-574e-bc12-5ac0d788a23e,3752696,279,PAYMENT,2963.58,17200.0,0.0,Low,0.6,1024,39.869095,40.0167552,0.2630623148128597,39.780548,40.411622,5
18f186df-5850-574e-bc12-5ac0d788a23e,3752696,279,PAYMENT,2963.58,17200.0,0.0,Medium,0.75,2048,31.848137,31.9472208,2.540376807147849,29.877408,36.140234,5
193d27d2-7329-5b7a-82be-a2c4e5a06c47,2413669,202,CASH_OUT,107337.97,322587.0,815100.07,High,1.0,4096,27.68782,28.0437434,0.7258682798864415,27.505195,29.265053,5
193d27d2-7329-5b7a-82be-a2c4e5a06c47,2413669,202,CASH_OUT,107337.97,322587.0,815100.07,Low,0.6,1024,47.682547,46.0603634,3.859513447195553,40.156734,49.766675,5
193d27d2-7329-5b7a-82be-a2c4e5a06c47,2413669,202,CASH_OUT,107337.97,322587.0,815100.07,Medium,0.75,2048,37.502207,37.420632,2.7219707330899983,33.978361,41.37471,5
19af3230-a76d-59ef-8e4e-9776da7276fb,6044102,490,DEBIT,56148.35,171389.0,1204495.74,High,1.0,4096,31.248852,31.272321,0.2140608092949294,31.070594,31.571708,5
19af3230-a76d-59ef-8e4e-9776da7276fb,6044102,490,DEBIT,56148.35,171389.0,1204495.74,Low,0.6,1024,51.413956,51.5404516,1.5126266194921656,49.165731,52.884834,5
19af3230-a76d-59ef-8e4e-9776da7276fb,6044102,490,DEBIT,56148.35,171389.0,1204495.74,Medium,0.75,2048,40.217037,40.404441,0.4270620080708417,40.090319,41.139016,5
19d15394-28c3-519e-a032-838abad9b520,761104,38,PAYMENT,16027.89,46817.0,0.0,High,1.0,4096,24.525964,24.8109052,0.4152112220734172,24.498973,25.392547,5
19d15394-28c3-519e-a032-838abad9b520,761104,38,PAYMENT,16027.89,46817.0,0.0,Low,0.6,1024,38.348476,40.086882,5.809248681523282,34.786447,46.502735,5
19d15394-28c3-519e-a032-838abad9b520,761104,38,PAYMENT,16027.89,46817.0,0.0,Medium,0.75,2048,30.9977,32.73596,4.359494067610084,28.604532,37.765658,5
19d1d7ea-8f37-54b2-8ff2-8ff6fef08ed8,147893,12,PAYMENT,19563.25,49963.0,0.0,High,1.0,4096,24.234512,24.2975582,0.191272264252295,24.160202,24.634147,5
19d1d7ea-8f37-54b2-8ff2-8ff6fef08ed8,147893,12,PAYMENT,19563.25,49963.0,0.0,Low,0.6,1024,41.126355,40.4518862,4.171210895495541,36.183468,46.696308,5
19d1d7ea-8f37-54b2-8ff2-8ff6fef08ed8,147893,12,PAYMENT,19563.25,49963.0,0.0,Medium,0.75,2048,32.951318,32.3820468,1.1985166718930955,30.598961,33.553248,5
19f1d0d1-9e4e-5555-9e8e-4adf8816013d,1770718,162,DEBIT,1815.98,20717.0,328325.26,High,1.0,4096,30.759606,30.8779586,0.3341896055322487,30.603552,31.410588,5
19f1d0d1-9e4e-5555-9e8e-4adf8816013d,1770718,162,DEBIT,1815.98,20717.0,328325.26,Low,0.6,1024,50.402676,51.8036342,3.305451267196236,48.659732,57.079156,5
19f1d0d1-9e4e-5555-9e8e-4adf8816013d,1770718,162,DEBIT,1815.98,20717.0,328325.26,Medium,0.75,2048,40.548664,41.875961,2.977209421998391,40.380244,47.19385,5
19f29c8c-7363-5cd3-8d5b-15110c3009ee,3207565,249,CASH_IN,138219.28,14732173.0,148842.09,High,1.0,4096,21.717309,21.8079434,0.2356926538254857,21.630584,22.204321,5
19f29c8c-7363-5cd3-8d5b-15110c3009ee,3207565,249,CASH_IN,138219.28,14732173.0,148842.09,Low,0.6,1024,36.105928,35.5120336,3.3491849602697834,31.231762,40.157839,5
19f29c8c-7363-5cd3-8d5b-15110c3009ee,3207565,249,CASH_IN,138219.28,14732173.0,148842.09,Medium,0.75,2048,28.292714,27.978064,2.999848834563418,23.633464,31.27254,5
1a22f1b1-b2ba-5168-9b0d-f21599564ca5,221378,14,TRANSFER,56505.5,104314.0,0.0,High,1.0,4096,36.098397,36.0642202,0.6068121882392445,35.06494,36.551082,5
1a22f1b1-b2ba-5168-9b0d-f21599564ca5,221378,14,TRANSFER,56505.5,104314.0,0.0,Low,0.6,1024,57.604871,57.2274146,4.285203572898525,50.747978,62.726541,5
1a22f1b1-b2ba-5168-9b0d-f21599564ca5,221378,14,TRANSFER,56505.5,104314.0,0.0,Medium,0.75,2048,47.735563,46.0369382,3.402786894723749,40.949573,48.759092,5
1a2618d9-d569-5862-a7ae-8a5fec39364e,3118735,236,CASH_IN,7408.28,31004.0,84668.51,High,1.0,4096,21.148525,21.173762,0.0692444567312075,21.130909,21.295815,5
1a2618d9-d569-5862-a7ae-8a5fec39364e,3118735,236,CASH_IN,7408.28,31004.0,84668.51,Low,0.6,1024,34.78863,33.643992600000004,4.958529162932623,25.591415,38.946783,5
1a2618d9-d569-5862-a7ae-8a5fec39364e,3118735,236,CASH_IN,7408.28,31004.0,84668.51,Medium,0.75,2048,27.122878,27.2795264,3.3241244646586714,22.936302,31.244351,5
1a483f13-0b45-5dea-947d-b36a12a6fc5c,5701867,398,CASH_IN,120134.04,31981.0,0.0,High,1.0,4096,20.621965,20.610657,0.1094559166034429,20.474585,20.743858,5
1a483f13-0b45-5dea-947d-b36a12a6fc5c,5701867,398,CASH_IN,120134.04,31981.0,0.0,Low,0.6,1024,32.774613,33.8595992,4.287910320839125,28.88468,39.923697,5
1a483f13-0b45-5dea-947d-b36a12a6fc5c,5701867,398,CASH_IN,120134.04,31981.0,0.0,Medium,0.75,2048,25.9941,26.3946316,0.9191149170200644,25.852553,28.030811,5
1c455fd7-6cc3-5e27-941c-8ceaa589c546,3697536,277,TRANSFER,191427.4,191427.4,0.0,High,1.0,4096,34.040218,34.0853618,0.1804897790269578,33.931018,34.394179,5
1c455fd7-6cc3-5e27-941c-8ceaa589c546,3697536,277,TRANSFER,191427.4,191427.4,0.0,Low,0.6,1024,57.028507,58.0038968,3.089671740745237,53.866242,61.200809,5
1c455fd7-6cc3-5e27-941c-8ceaa589c546,3697536,277,TRANSFER,191427.4,191427.4,0.0,Medium,0.75,2048,45.829592,45.9700306,1.743464281359472,44.058223,48.427805,5
1d3b687c-0475-5ea3-bdb3-c18d5515fabf,4307665,307,CASH_OUT,4407.63,5873.0,116072.7,High,1.0,4096,27.319504,27.3335516,0.0974952244102252,27.232981,27.434619,5
1d3b687c-0475-5ea3-bdb3-c18d5515fabf,4307665,307,CASH_OUT,4407.63,5873.0,116072.7,Low,0.6,1024,42.435716,44.9425432,3.68293125720542,42.051918,49.011323,5
1d3b687c-0475-5ea3-bdb3-c18d5515fabf,4307665,307,CASH_OUT,4407.63,5873.0,116072.7,Medium,0.75,2048,38.460411,36.9705798,3.278284109399108,31.112817,38.624362,5
1d620def-950c-5657-80e7-9cc476dd6d8b,3147667,236,CASH_OUT,31552.24,501608.0,0.0,High,1.0,4096,29.927631,29.5101084,0.9600220357756386,28.445773,30.618393,5
1d620def-950c-5657-80e7-9cc476dd6d8b,3147667,236,CASH_OUT,31552.24,501608.0,0.0,Low,0.6,1024,46.341047,46.8673014,2.5021150791645854,43.290165,49.662775,5
1d620def-950c-5657-80e7-9cc476dd6d8b,3147667,236,CASH_OUT,31552.24,501608.0,0.0,Medium,0.75,2048,35.521977,35.7603438,2.823320587270368,32.26999,39.912735,5
1d659387-cf37-50bc-8c0f-296ee420f630,1364149,138,PAYMENT,16172.03,62351.0,0.0,High,1.0,4096,24.318857,24.477799,0.4546370366325202,24.078954,25.225378,5
1d659387-cf37-50bc-8c0f-296ee420f630,1364149,138,PAYMENT,16172.03,62351.0,0.0,Low,0.6,1024,41.25949,40.991447,4.271115455673611,33.925454,44.579462,5
1d659387-cf37-50bc-8c0f-296ee420f630,1364149,138,PAYMENT,16172.03,62351.0,0.0,Medium,0.75,2048,33.005772,32.2497022,1.1776662683620107,30.950666,33.233747,5
1e3aaaad-794a-5c0e-8bd1-30a486532bb6,1446730,140,CASH_IN,317813.54,3627668.94,8091209.21,High,1.0,4096,21.003666,21.0606568,0.4034690330269471,20.697661,21.705564,5
1e3aaaad-794a-5c0e-8bd1-30a486532bb6,1446730,140,CASH_IN,317813.54,3627668.94,8091209.21,Low,0.6,1024,34.612988,35.00822,2.577044861203816,32.315503,39.208805,5
1e3aaaad-794a-5c0e-8bd1-30a486532bb6,1446730,140,CASH_IN,317813.54,3627668.94,8091209.21,Medium,0.75,2048,27.687523,27.603398,2.738387686589228,23.114378,29.922151,5
1e511552-e132-544b-8ef7-190c634d380c,1213292,133,DEBIT,191.72,31526.43,565564.28,High,1.0,4096,33.240385,32.7889732,0.7942568823732041,31.764763,33.485709,5
1e511552-e132-544b-8ef7-190c634d380c,1213292,133,DEBIT,191.72,31526.43,565564.28,Low,0.6,1024,51.481321,51.44437,2.0209994152514006,49.530999,54.688042,5
1e511552-e132-544b-8ef7-190c634d380c,1213292,133,DEBIT,191.72,31526.43,565564.28,Medium,0.75,2048,40.82542,41.7700026,2.767620284296836,39.148277,46.04891,5
1eae0c5e-b84b-5a44-97f4-2c5c3fa03d68,3061076,234,CASH_OUT,87956.98,218394.0,0.0,High,1.0,4096,28.003654,28.3569796,0.5222693472302384,27.965455,29.042706,5
1eae0c5e-b84b-5a44-97f4-2c5c3fa03d68,3061076,234,CASH_OUT,87956.98,218394.0,0.0,Low,0.6,1024,41.815232,43.4918136,3.4390290575800324,41.544231,49.589333,5
1eae0c5e-b84b-5a44-97f4-2c5c3fa03d68,3061076,234,CASH_OUT,87956.98,218394.0,0.0,Medium,0.75,2048,36.35596,36.009532,3.093832169706852,32.379075,40.561635,5
1f0e89d2-468e-5779-8367-5b3085635d2c,170154,12,TRANSFER,283569.59,763653.13,4660082.83,High,1.0,4096,37.958776,38.0144374,0.2496418917575705,37.765196,38.280435,5
1f0e89d2-468e-5779-8367-5b3085635d2c,170154,12,TRANSFER,283569.59,763653.13,4660082.83,Low,0.6,1024,58.112343,57.2009812,2.203894325968738,53.267288,58.368533,5
1f0e89d2-468e-5779-8367-5b3085635d2c,170154,12,TRANSFER,283569.59,763653.13,4660082.83,Medium,0.75,2048,46.183762,45.8270674,2.180160760724493,42.405795,48.445744,5
1f5df9f9-78fd-5097-a37f-eb5a97bd64ac,883545,42,TRANSFER,55952.43,1035784.38,557281.09,High,1.0,4096,37.865091,37.6664286,0.9324063906469656,36.050734,38.402912,5
1f5df9f9-78fd-5097-a37f-eb5a97bd64ac,883545,42,TRANSFER,55952.43,1035784.38,557281.09,Low,0.6,1024,57.935907,56.1741128,2.504223054590028,53.048911,58.088309,5
1f5df9f9-78fd-5097-a37f-eb5a97bd64ac,883545,42,TRANSFER,55952.43,1035784.38,557281.09,Medium,0.75,2048,46.033641,45.671237,3.386983221401532,42.167381,49.461692,5
1f95b840-821b-5ab7-b822-988987b0c7f4,1324113,137,PAYMENT,2424.27,469788.68,0.0,High,1.0,4096,25.325275,25.874941,0.8363986515032756,25.219899,26.899229,5
1f95b840-821b-5ab7-b822-988987b0c7f4,1324113,137,PAYMENT,2424.27,469788.68,0.0,Low,0.6,1024,40.479483,40.2030986,0.5067380294913713,39.577451,40.682525,5
1f95b840-821b-5ab7-b822-988987b0c7f4,1324113,137,PAYMENT,2424.27,469788.68,0.0,Medium,0.75,2048,33.400191,32.44404,2.4465915507117244,28.548525,34.426785,5
1ff689b3-6ba5-56fe-b8fb-8fdc609c53b6,5235468,371,DEBIT,2567.17,20709.0,204977.56,High,1.0,4096,30.769615,30.865783,0.2048783835827975,30.63103,31.110263,5
1ff689b3-6ba5-56fe-b8fb-8fdc609c53b6,5235468,371,DEBIT,2567.17,20709.0,204977.56,Low,0.6,1024,50.912139,51.061401,4.317744813554411,46.209191,57.978371,5
1ff689b3-6ba5-56fe-b8fb-8fdc609c53b6,5235468,371,DEBIT,2567.17,20709.0,204977.56,Medium,0.75,2048,40.383442,41.0907158,1.3102782867452982,40.238778,43.341131,5
203f57be-2e8b-5fb6-99a1-74ba85ecd0d3,3719208,278,CASH_OUT,20548.87,21725.0,0.0,High,1.0,4096,28.315148,28.36253,0.4812821004229217,27.896272,28.937675,5
203f57be-2e8b-5fb6-99a1-74ba85ecd0d3,3719208,278,CASH_OUT,20548.87,21725.0,0.0,Low,0.6,1024,47.439363,45.676492,3.446856729658488,41.878851,49.420471,5
203f57be-2e8b-5fb6-99a1-74ba85ecd0d3,3719208,278,CASH_OUT,20548.87,21725.0,0.0,Medium,0.75,2048,36.671611,36.9313364,2.1093721252686306,34.533896,40.342352,5
205bedf2-553d-5d61-85bc-40b67037f983,6261941,610,CASH_OUT,207509.31,420723.38,1695394.1,High,1.0,4096,29.532123,29.2334578,0.6083149798646256,28.579093,29.905858,5
205bedf2-553d-5d61-85bc-40b67037f983,6261941,610,CASH_OUT,207509.31,420723.38,1695394.1,Low,0.6,1024,46.200699,45.757084,2.3657089827681688,43.121899,48.000614,5
205bedf2-553d-5d61-85bc-40b67037f983,6261941,610,CASH_OUT,207509.31,420723.38,1695394.1,Medium,0.75,2048,37.214789,36.3362,1.2361315841638794,34.96688,37.279668,5
20f343cb-54fe-5bc8-baeb-fb0a8dba8eee,1489418,142,PAYMENT,1703.77,29842.0,0.0,High,1.0,4096,25.590331,25.5994384,0.6088067078640811,24.85924,26.265208,5
20f343cb-54fe-5bc8-baeb-fb0a8dba8eee,1489418,142,PAYMENT,1703.77,29842.0,0.0,Low,0.6,1024,39.518611,40.198429,4.474374108943285,35.315915,47.548693,5
20f343cb-54fe-5bc8-baeb-fb0a8dba8eee,1489418,142,PAYMENT,1703.77,29842.0,0.0,Medium,0.75,2048,32.549122,32.470303,1.963326573355537,30.426364,35.514025,5
2182c8ab-233e-5794-bf9a-b805cccd087f,1547627,154,CASH_OUT,19109.57,179763.0,1580886.45,High,1.0,4096,27.436275,27.5439364,0.3232437065107371,27.312877,28.114741,5
2182c8ab-233e-5794-bf9a-b805cccd087f,1547627,154,CASH_OUT,19109.57,179763.0,1580886.45,Low,0.6,1024,45.932927,45.5751282,2.837835342388402,42.503774,48.833757,5
2182c8ab-233e-5794-bf9a-b805cccd087f,1547627,154,CASH_OUT,19109.57,179763.0,1580886.45,Medium,0.75,2048,34.330715,34.8954722,2.56827014610938,32.47334,38.150453,5
2218b09a-1ca3-5e7d-b0d9-8c2ea5ffcc42,1902814,165,PAYMENT,24130.26,34292.59,0.0,High,1.0,4096,25.825584,26.4457976,1.417324981898754,25.753092,28.979607,5
2218b09a-1ca3-5e7d-b0d9-8c2ea5ffcc42,1902814,165,PAYMENT,24130.26,34292.59,0.0,Low,0.6,1024,39.953201,40.1353772,0.4732254824876842,39.773308,40.95177,5
2218b09a-1ca3-5e7d-b0d9-8c2ea5ffcc42,1902814,165,PAYMENT,24130.26,34292.59,0.0,Medium,0.75,2048,32.085617,32.2253858,2.679713193972388,29.876473,36.418329,5
2266b497-5505-5551-b181-d6b93d0a6dfe,1016067,47,CASH_IN,93648.72,6631552.96,182598.83,High,1.0,4096,20.476577,20.5440844,0.2024554897312007,20.419249,20.90152,5
2266b497-5505-5551-b181-d6b93d0a6dfe,1016067,47,CASH_IN,93648.72,6631552.96,182598.83,Low,0.6,1024,35.438203,34.8943584,1.1095279560756,32.979846,35.620969,5
2266b497-5505-5551-b181-d6b93d0a6dfe,1016067,47,CASH_IN,93648.72,6631552.96,182598.83,Medium,0.75,2048,27.81563,27.8642732,1.3332814503752386,26.184281,29.850668,5
22c04ab7-ed0b-5c39-81b4-ddbf10ca8eed,5543716,382,CASH_IN,172367.13,80706.0,0.0,High,1.0,4096,20.753346,20.8412692,0.2695672424066032,20.602334,21.303688,5
22c04ab7-ed0b-5c39-81b4-ddbf10ca8eed,5543716,382,CASH_IN,172367.13,80706.0,0.0,Low,0.6,1024,34.214549,34.0425808,2.6953499174128024,30.430771,36.678106,5
22c04ab7-ed0b-5c39-81b4-ddbf10ca8eed,5543716,382,CASH_IN,172367.13,80706.0,0.0,Medium,0.75,2048,27.226333,27.6074004,2.561198188237841,25.631339,31.884204,5
22f7e957-ac0b-575f-b24b-e832d58b10e9,2877551,227,CASH_IN,7575.71,2619860.45,458699.85,High,1.0,4096,21.886365,21.960151,0.2507875768205032,21.761816,22.387669,5
22f7e957-ac0b-575f-b24b-e832d58b10e9,2877551,227,CASH_IN,7575.71,2619860.45,458699.85,Low,0.6,1024,36.335286,35.3455102,2.571497242342427,31.532473,37.992913,5
22f7e957-ac0b-575f-b24b-e832d58b10e9,2877551,227,CASH_IN,7575.71,2619860.45,458699.85,Medium,0.75,2048,26.5737,27.463151,2.731579665999969,24.802053,31.653251,5
2460f192-8a40-5a1b-b3d7-f3da9a6294ea,637913,35,CASH_IN,308850.82,103630.23,515368.45,High,1.0,4096,22.470312,22.4766796,0.1648313401110359,22.257535,22.689073,5
2460f192-8a40-5a1b-b3d7-f3da9a6294ea,637913,35,CASH_IN,308850.82,103630.23,515368.45,Low,0.6,1024,36.338176,34.8894642,4.314220818253651,29.604456,40.471719,5
2460f192-8a40-5a1b-b3d7-f3da9a6294ea,637913,35,CASH_IN,308850.82,103630.23,515368.45,Medium,0.75,2048,29.410263,28.3680564,3.490961158329866,22.349079,30.919193,5
24897818-2c71-5573-a17b-c7596e94bc4e,3039934,234,CASH_OUT,4981.85,45307.0,8800925.01,High,1.0,4096,29.55279,29.526478,1.1957945529565266,28.257215,31.083674,5
24897818-2c71-5573-a17b-c7596e94bc4e,3039934,234,CASH_OUT,4981.85,45307.0,8800925.01,Low,0.6,1024,48.547107,47.3958356,3.1509388552913555,42.532055,50.775667,5
24897818-2c71-5573-a17b-c7596e94bc4e,3039934,234,CASH_OUT,4981.85,45307.0,8800925.01,Medium,0.75,2048,37.320882,37.5398158,2.751708467484647,33.631521,41.319347,5
24e0142f-f228-502b-94c9-4c72ad8d53e0,2672914,210,PAYMENT,17370.61,619671.41,0.0,High,1.0,4096,25.376708,25.7456874,0.8998653995569558,24.8746,27.079777,5
24e0142f-f228-502b-94c9-4c72ad8d53e0,2672914,210,PAYMENT,17370.61,619671.41,0.0,Low,0.6,1024,39.676986,39.9065956,0.4475078627787447,39.614084,40.680752,5
24e0142f-f228-502b-94c9-4c72ad8d53e0,2672914,210,PAYMENT,17370.61,619671.41,0.0,Medium,0.75,2048,31.259021,31.9811296,2.072899555615828,29.344505,34.558702,5
24e99fc4-e985-5c76-a39c-3790a00e9184,1231812,133,PAYMENT,1414.71,320200.12,0.0,High,1.0,4096,24.434293,24.4578286,0.2730226027297008,24.214897,24.906924,5
24e99fc4-e985-5c76-a39c-3790a00e9184,1231812,133,PAYMENT,1414.71,320200.12,0.0,Low,0.6,1024,41.08248,41.4983234,3.239222395993413,37.260881,46.299509,5
24e99fc4-e985-5c76-a39c-3790a00e9184,1231812,133,PAYMENT,1414.71,320200.12,0.0,Medium,0.75,2048,32.821712,32.2225492,1.3805170090457763,30.640467,33.841108,5
25897c4f-10c0-567d-bec4-4239ab833b1a,1779465,162,TRANSFER,106228.85,239396.0,0.0,High,1.0,4096,34.100292,34.203356,0.3550101784857719,33.903024,34.803573,5
25897c4f-10c0-567d-bec4-4239ab833b1a,1779465,162,TRANSFER,106228.85,239396.0,0.0,Low,0.6,1024,56.361402,56.6899148,2.5427776493726686,53.839062,60.813568,5
25897c4f-10c0-567d-bec4-4239ab833b1a,1779465,162,TRANSFER,106228.85,239396.0,0.0,Medium,0.75,2048,44.099382,44.8380944,1.2636689931500265,43.918587,46.795737,5
260ddc4b-781d-51f7-82c7-b79f8cc3b60d,1028215,48,DEBIT,2219.47,46081.0,239123.34,High,1.0,4096,32.865083,33.6456384,2.6119397980581027,31.969409,38.238599,5
260ddc4b-781d-51f7-82c7-b79f8cc3b60d,1028215,48,DEBIT,2219.47,46081.0,239123.34,Low,0.6,1024,51.614755,51.2655066,3.461381928903295,46.476519,54.668416,5
260ddc4b-781d-51f7-82c7-b79f8cc3b60d,1028215,48,DEBIT,2219.47,46081.0,239123.34,Medium,0.75,2048,40.851936,40.1421776,1.8202917086031296,36.914657,41.320294,5
265e4888-dd8e-55a1-87f4-ce90d23a768c,5968619,406,CASH_OUT,421526.82,517112.0,735103.35,High,1.0,4096,27.559041,27.7816702,0.3940726229677725,27.403902,28.256479,5
265e4888-dd8e-55a1-87f4-ce90d23a768c,5968619,406,CASH_OUT,421526.82,517112.0,735103.35,Low,0.6,1024,44.42498,44.8361052,3.067955087381446,40.242008,47.77455,5
265e4888-dd8e-55a1-87f4-ce90d23a768c,5968619,406,CASH_OUT,421526.82,517112.0,735103.35,Medium,0.75,2048,36.413756,37.5073072,4.39566919857491,33.041597,43.111925,5
2673d003-770b-5f1b-b738-748a9c1028c9,297909,15,CASH_OUT,145280.31,443605.0,0.0,High,1.0,4096,27.358539,27.3043962,0.160741704484866,27.042345,27.45691,5
2673d003-770b-5f1b-b738-748a9c1028c9,297909,15,CASH_OUT,145280.31,443605.0,0.0,Low,0.6,1024,47.066017,45.8209396,3.540830218195277,41.995425,49.079669,5
2673d003-770b-5f1b-b738-748a9c1028c9,297909,15,CASH_OUT,145280.31,443605.0,0.0,Medium,0.75,2048,37.032992,36.7317662,1.2523298989656029,34.546322,37.691516,5
2691afbd-411c-5c58-8821-16c9bf02fc55,3787738,280,TRANSFER,298263.36,336504.0,454331.07,High,1.0,4096,34.129504,34.126194,0.1296454625141202,33.940914,34.29386,5
2691afbd-411c-5c58-8821-16c9bf02fc55,3787738,280,TRANSFER,298263.36,336504.0,454331.07,Low,0.6,1024,56.472968,56.4073206,3.171077392190277,51.852983,60.75794,5
2691afbd-411c-5c58-8821-16c9bf02fc55,3787738,280,TRANSFER,298263.36,336504.0,454331.07,Medium,0.75,2048,45.905061,45.1763602,2.139107925020779,41.458039,46.96217,5
26f4c5cf-a165-5c19-967e-4b8a0efe3f25,5592488,394,TRANSFER,475673.08,611535.56,3531633.53,High,1.0,4096,34.343927,34.4509384,0.3550841222214821,34.091364,34.989983,5
26f4c5cf-a165-5c19-967e-4b8a0efe3f25,5592488,394,TRANSFER,475673.08,611535.56,3531633.53,Low,0.6,1024,56.318463,55.828158,1.2659989514292638,53.704421,56.940219,5
26f4c5cf-a165-5c19-967e-4b8a0efe3f25,5592488,394,TRANSFER,475673.08,611535.56,3531633.53,Medium,0.75,2048,46.081623,45.7853,2.241071321773586,42.226237,48.191059,5
26ffec8b-241c-5f3f-aeb7-3df362d2eb95,5972896,407,DEBIT,4388.14,6600.0,436840.08,High,1.0,4096,32.703303,32.35591,0.6621318017271941,31.541466,32.971501,5
26ffec8b-241c-5f3f-aeb7-3df362d2eb95,5972896,407,DEBIT,4388.14,6600.0,436840.08,Low,0.6,1024,51.727176,51.737048,2.254575180067965,49.748858,55.382318,5
26ffec8b-241c-5f3f-aeb7-3df362d2eb95,5972896,407,DEBIT,4388.14,6600.0,436840.08,Medium,0.75,2048,40.827736,40.8217334,2.983841462391611,36.472559,44.82813,5
273dc82e-7675-5d7d-bedf-e22a53bae41d,3863069,283,CASH_IN,146344.85,100531.0,1288323.9,High,1.0,4096,21.998932,22.2027884,0.6366000429463539,21.765904,23.328342,5
273dc82e-7675-5d7d-bedf-e22a53bae41d,3863069,283,CASH_IN,146344.85,100531.0,1288323.9,Low,0.6,1024,36.568598,35.1532654,2.5311963336458705,31.40123,37.482405,5
273dc82e-7675-5d7d-bedf-e22a53bae41d,3863069,283,CASH_IN,146344.85,100531.0,1288323.9,Medium,0.75,2048,25.847059,27.3667224,2.8700616646457795,24.73351,31.80337,5
27b99791-804b-500a-9037-8264f5165329,1822246,163,TRANSFER,183557.29,371430.0,91.0,High,1.0,4096,36.683039,36.5366626,0.7047221180286598,35.359293,37.221217,5
27b99791-804b-500a-9037-8264f5165329,1822246,163,TRANSFER,183557.29,371430.0,91.0,Low,0.6,1024,57.741359,56.4546032,2.029077109571788,53.718688,58.098843,5
27b99791-804b-500a-9037-8264f5165329,1822246,163,TRANSFER,183557.29,371430.0,91.0,Medium,0.75,2048,46.09745,45.1633686,2.404014300963766,42.073887,48.102887,5
27ed83b2-be03-55c4-bb3e-2747d6f11d3e,3382400,255,PAYMENT,2405.52,430181.08,0.0,High,1.0,4096,24.014697,23.9429578,0.1262058191495152,23.739465,24.040265,5
27ed83b2-be03-55c4-bb3e-2747d6f11d3e,3382400,255,PAYMENT,2405.52,430181.08,0.0,Low,0.6,1024,39.584365,40.4404032,2.105741393684228,39.266271,44.196653,5
27ed83b2-be03-55c4-bb3e-2747d6f11d3e,3382400,255,PAYMENT,2405.52,430181.08,0.0,Medium,0.75,2048,33.211057,32.902212,1.049365820788441,31.075315,33.760915,5
282ccca9-f3f2-5b5e-bf6a-99c77d7e91f4,1213917,133,DEBIT,5197.3,26292.0,121695.79,High,1.0,4096,30.760125,30.7933246,0.1547735260963576,30.649329,31.043546,5
282ccca9-f3f2-5b5e-bf6a-99c77d7e91f4,1213917,133,DEBIT,5197.3,26292.0,121695.79,Low,0.6,1024,51.195669,51.5984604,1.819527322712083,49.091722,53.809633,5
282ccca9-f3f2-5b5e-bf6a-99c77d7e91f4,1213917,133,DEBIT,5197.3,26292.0,121695.79,Medium,0.75,2048,40.315437,40.3198448,0.0457716332098831,40.265658,40.387649,5
283d3ac1-0eea-511e-a299-dec6962743ba,3586275,262,CASH_OUT,10984.31,20096.0,84309.46,High,1.0,4096,28.467388,28.8534394,0.6309952274596058,28.356604,29.610162,5
283d3ac1-0eea-511e-a299-dec6962743ba,3586275,262,CASH_OUT,10984.31,20096.0,84309.46,Low,0.6,1024,46.734639,46.1914254,3.785125147255808,42.261906,50.486345,5
283d3ac1-0eea-511e-a299-dec6962743ba,3586275,262,CASH_OUT,10984.31,20096.0,84309.46,Medium,0.75,2048,35.825024,36.3534636,3.820560019610253,32.354405,42.27081,5
29282cd1-fa1d-509b-9bca-ac0eca48c93b,4462305,323,CASH_OUT,15916.19,18574.27,147413.32,High,1.0,4096,27.694682,27.784953,0.3007831583134271,27.466456,28.182438,5
29282cd1-fa1d-509b-9bca-ac0eca48c93b,4462305,323,CASH_OUT,15916.19,18574.27,147413.32,Low,0.6,1024,44.554533,45.1801846,4.884470435176091,40.292128,50.207659,5
29282cd1-fa1d-509b-9bca-ac0eca48c93b,4462305,323,CASH_OUT,15916.19,18574.27,147413.32,Medium,0.75,2048,37.00016,38.0006416,3.064091160101769,34.259431,41.575505,5
2a028d4f-843b-5236-9bcf-9db0987f73f5,4558125,327,PAYMENT,3795.49,64083.62,0.0,High,1.0,4096,23.847443,23.8401884,0.0775169465749253,23.728014,23.923083,5
2a028d4f-843b-5236-9bcf-9db0987f73f5,4558125,327,PAYMENT,3795.49,64083.62,0.0,Low,0.6,1024,39.579373,40.5145038,2.144343905218728,39.214085,44.291814,5
2a028d4f-843b-5236-9bcf-9db0987f73f5,4558125,327,PAYMENT,3795.49,64083.62,0.0,Medium,0.75,2048,33.291569,32.3947856,2.3348138516090104,29.071966,34.987884,5
2ae9c647-f4f5-5426-9120-a9fd75d8b8a0,672831,36,CASH_OUT,18985.43,101002.0,0.0,High,1.0,4096,28.683752,29.0914388,0.7735134661521409,28.370543,29.981399,5
2ae9c647-f4f5-5426-9120-a9fd75d8b8a0,672831,36,CASH_OUT,18985.43,101002.0,0.0,Low,0.6,1024,46.235248,45.5831764,2.2779339936606604,43.232803,48.444093,5
2ae9c647-f4f5-5426-9120-a9fd75d8b8a0,672831,36,CASH_OUT,18985.43,101002.0,0.0,Medium,0.75,2048,36.491875,35.9641634,2.723901365521576,32.3428,39.488147,5
2b34d23f-3619-53e1-bf41-f0c5d3399e9c,4377766,311,TRANSFER,6558087.93,6558087.93,0.0,High,1.0,4096,34.674871,35.061102,0.8687347066265392,34.387114,36.4571,5
2b34d23f-3619-53e1-bf41-f0c5d3399e9c,4377766,311,TRANSFER,6558087.93,6558087.93,0.0,Low,0.6,1024,59.794116,57.7362524,3.271719876475261,52.829585,60.183296,5
2b34d23f-3619-53e1-bf41-f0c5d3399e9c,4377766,311,TRANSFER,6558087.93,6558087.93,0.0,Medium,0.75,2048,43.630946,44.9302618,2.090398451931161,43.408146,48.125406,5
2b3c67ff-af4e-5b90-8c00-4979d4bb4836,3484396,258,CASH_IN,180157.05,815699.13,2532892.13,High,1.0,4096,21.562539,21.8268014,0.5753675350289585,21.500791,22.847458,5
2b3c67ff-af4e-5b90-8c00-4979d4bb4836,3484396,258,CASH_IN,180157.05,815699.13,2532892.13,Low,0.6,1024,37.794418,35.9148434,4.554328280014111,29.99259,39.982043,5
2b3c67ff-af4e-5b90-8c00-4979d4bb4836,3484396,258,CASH_IN,180157.05,815699.13,2532892.13,Medium,0.75,2048,26.242879,27.8521156,2.976025451518736,25.151308,31.189144,5
2b3fe9c4-03c6-5ba5-b1be-3f68d7db2414,3427076,256,PAYMENT,9775.17,418242.85,0.0,High,1.0,4096,24.599792,24.9009786,0.6854448434008376,24.508424,26.120423,5
2b3fe9c4-03c6-5ba5-b1be-3f68d7db2414,3427076,256,PAYMENT,9775.17,418242.85,0.0,Low,0.6,1024,38.826975,40.439496,2.6668413240939177,38.318871,44.163804,5
2b3fe9c4-03c6-5ba5-b1be-3f68d7db2414,3427076,256,PAYMENT,9775.17,418242.85,0.0,Medium,0.75,2048,31.498319,32.501542,3.123804650743625,29.587512,37.625008,5
2b7495fe-5b41-54ab-a779-3ac6d858464a,65123,9,CASH_OUT,108071.83,258857.0,2216.94,High,1.0,4096,27.582147,27.7213802,0.2644817123936931,27.47955,28.087357,5
2b7495fe-5b41-54ab-a779-3ac6d858464a,65123,9,CASH_OUT,108071.83,258857.0,2216.94,Low,0.6,1024,45.999007,46.1551292,1.6858009568558805,44.358349,48.108967,5
2b7495fe-5b41-54ab-a779-3ac6d858464a,65123,9,CASH_OUT,108071.83,258857.0,2216.94,Medium,0.75,2048,36.921741,40.3409776,6.825934390055242,36.637833,52.418953,5
2b85986c-be56-5f86-9581-6b2a5cf37809,2858848,227,PAYMENT,5774.6,24922.0,0.0,High,1.0,4096,24.1302,24.228584,0.2279109481584852,23.96396,24.526116,5
2b85986c-be56-5f86-9581-6b2a5cf37809,2858848,227,PAYMENT,5774.6,24922.0,0.0,Low,0.6,1024,41.387673,41.2318046,2.6755177173073066,37.255675,44.778513,5
2b85986c-be56-5f86-9581-6b2a5cf37809,2858848,227,PAYMENT,5774.6,24922.0,0.0,Medium,0.75,2048,33.025781,32.845838,3.107995395394916,29.092057,37.474063,5
2b951803-a57d-5612-a681-262ebe76eb44,240265,14,CASH_OUT,26483.96,149538.34,61530.0,High,1.0,4096,27.382882,27.3582494,0.2281637634612464,27.126286,27.694484,5
2b951803-a57d-5612-a681-262ebe76eb44,240265,14,CASH_OUT,26483.96,149538.34,61530.0,Low,0.6,1024,45.005049,45.1316892,2.8463892334683787,42.257464,49.099901,5
2b951803-a57d-5612-a681-262ebe76eb44,240265,14,CASH_OUT,26483.96,149538.34,61530.0,Medium,0.75,2048,37.214133,36.7985926,1.142881936391856,34.785311,37.525223,5
2bc16360-50db-5aee-a61b-29068ec46191,1548730,154,CASH_OUT,42807.01,73011.0,570616.0,High,1.0,4096,27.395116,27.3453704,0.0990529645684569,27.205397,27.425723,5
2bc16360-50db-5aee-a61b-29068ec46191,1548730,154,CASH_OUT,42807.01,73011.0,570616.0,Low,0.6,1024,45.795282,46.2740616,3.20205834856164,42.938047,50.543744,5
2bc16360-50db-5aee-a61b-29068ec46191,1548730,154,CASH_OUT,42807.01,73011.0,570616.0,Medium,0.75,2048,36.427834,35.9946898,1.1405529038015711,34.392974,37.006326,5
2c6356fa-0c31-5ba2-b738-dc93b35bebc9,3449641,257,DEBIT,4311.02,10277.0,78651.29,High,1.0,4096,32.067271,32.4941474,1.0186840790177785,31.594796,34.009423,5
2c6356fa-0c31-5ba2-b738-dc93b35bebc9,3449641,257,DEBIT,4311.02,10277.0,78651.29,Low,0.6,1024,51.29936,50.635564,1.1481757676020257,49.257169,51.690058,5
2c6356fa-0c31-5ba2-b738-dc93b35bebc9,3449641,257,DEBIT,4311.02,10277.0,78651.29,Medium,0.75,2048,40.687932,40.7881604,0.3229547238194539,40.496664,41.343147,5
2ccf2e7a-abf4-57de-bead-3519274ffb90,963310,44,DEBIT,4301.46,29947.0,2171314.36,High,1.0,4096,31.233146,31.4171006,0.6892872086026972,30.936073,32.603193,5
2ccf2e7a-abf4-57de-bead-3519274ffb90,963310,44,DEBIT,4301.46,29947.0,2171314.36,Low,0.6,1024,51.54388,51.5453194,1.5124344345322218,49.224508,53.200256,5
2ccf2e7a-abf4-57de-bead-3519274ffb90,963310,44,DEBIT,4301.46,29947.0,2171314.36,Medium,0.75,2048,40.416218,40.3882944,0.2129113240583991,40.101512,40.648729,5
2ce89939-9ca1-5a33-89a0-b5bca7ee1f9c,3715461,278,CASH_OUT,62590.13,98368.65,3854314.18,High,1.0,4096,29.867501,29.340937,0.8183371377705521,28.392458,30.059544,5
2ce89939-9ca1-5a33-89a0-b5bca7ee1f9c,3715461,278,CASH_OUT,62590.13,98368.65,3854314.18,Low,0.6,1024,46.24803,45.8301324,2.6318474039950157,43.069246,48.383313,5
2ce89939-9ca1-5a33-89a0-b5bca7ee1f9c,3715461,278,CASH_OUT,62590.13,98368.65,3854314.18,Medium,0.75,2048,39.578571,37.4631704,3.460606423969475,32.314163,40.360414,5
2dadc7ba-2a83-5b55-b0d1-1b4c2b782f74,659999,35,CASH_OUT,122491.87,172842.0,0.0,High,1.0,4096,27.848442,27.9456518,0.2143535760937988,27.709211,28.183154,5
2dadc7ba-2a83-5b55-b0d1-1b4c2b782f74,659999,35,CASH_OUT,122491.87,172842.0,0.0,Low,0.6,1024,49.047609,48.553262,6.311871727339323,40.32575,56.18138,5
2dadc7ba-2a83-5b55-b0d1-1b4c2b782f74,659999,35,CASH_OUT,122491.87,172842.0,0.0,Medium,0.75,2048,36.790449,36.243367,3.131917073249784,32.298619,40.732191,5
2e1b4eba-37ce-5d1a-9a3c-40677efa55ce,2473967,204,CASH_OUT,11724.14,42812.0,128724.57,High,1.0,4096,28.008974,27.956015,0.315028192873272,27.519435,28.363702,5
2e1b4eba-37ce-5d1a-9a3c-40677efa55ce,2473967,204,CASH_OUT,11724.14,42812.0,128724.57,Low,0.6,1024,48.003698,47.1467558,3.690681646777151,40.742913,49.876933,5
2e1b4eba-37ce-5d1a-9a3c-40677efa55ce,2473967,204,CASH_OUT,11724.14,42812.0,128724.57,Medium,0.75,2048,36.647029,37.640621,2.7852932861766995,34.28734,40.789774,5
2edc9143-e848-5790-a928-f3b25a763c8b,1385171,138,CASH_OUT,273.81,43246.0,0.0,High,1.0,4096,28.133558,28.3229714,0.4990228037623126,27.813234,28.882502,5
2edc9143-e848-5790-a928-f3b25a763c8b,1385171,138,CASH_OUT,273.81,43246.0,0.0,Low,0.6,1024,45.796533,45.7131454,1.6562749333662268,43.090652,47.645751,5
2edc9143-e848-5790-a928-f3b25a763c8b,1385171,138,CASH_OUT,273.81,43246.0,0.0,Medium,0.75,2048,38.033426,38.1127568,3.36298960366096,32.97182,41.197787,5
2f066c91-12ff-522e-8288-1aed3b49b1cb,1921038,167,DEBIT,9081.58,22915.0,2443561.04,High,1.0,4096,30.848756,30.924409,0.3213487894344712,30.530945,31.30116,5
2f066c91-12ff-522e-8288-1aed3b49b1cb,1921038,167,DEBIT,9081.58,22915.0,2443561.04,Low,0.6,1024,50.376475,52.0161652,3.7676497908522113,48.351631,58.068688,5
2f066c91-12ff-522e-8288-1aed3b49b1cb,1921038,167,DEBIT,9081.58,22915.0,2443561.04,Medium,0.75,2048,40.716778,41.3121756,1.5413629600236292,40.485918,44.05993,5
2f2d1543-4a6d-56ff-a637-f74f4688b0a3,6274364,637,PAYMENT,1770.36,5033.0,0.0,High,1.0,4096,24.201001,24.2963754,0.2423962298413494,24.166888,24.728373,5
2f2d1543-4a6d-56ff-a637-f74f4688b0a3,6274364,637,PAYMENT,1770.36,5033.0,0.0,Low,0.6,1024,41.453947,40.6266286,2.0884172892725013,36.915772,41.88184,5
2f2d1543-4a6d-56ff-a637-f74f4688b0a3,6274364,637,PAYMENT,1770.36,5033.0,0.0,Medium,0.75,2048,30.952205,31.5290064,1.2497898710364488,30.39635,33.022184,5
304d6b71-cb7d-517e-a03e-61cf8005c452,1300275,136,PAYMENT,218.14,37305.0,0.0,High,1.0,4096,25.984489,26.0246996,0.630826097632937,25.2315,26.688897,5
304d6b71-cb7d-517e-a03e-61cf8005c452,1300275,136,PAYMENT,218.14,37305.0,0.0,Low,0.6,1024,39.899204,39.9557068,0.1069358399681806,39.847431,40.081845,5
304d6b71-cb7d-517e-a03e-61cf8005c452,1300275,136,PAYMENT,218.14,37305.0,0.0,Medium,0.75,2048,31.166002,32.6088778,3.500980784390027,29.345605,36.746214,5
3056b961-e4e3-5b45-8b11-9ba18bda6832,2288922,187,CASH_OUT,230164.93,396320.03,298950.03,High,1.0,4096,27.376588,27.5171108,0.3843809812512848,27.228858,28.191953,5
3056b961-e4e3-5b45-8b11-9ba18bda6832,2288922,187,CASH_OUT,230164.93,396320.03,298950.03,Low,0.6,1024,46.356719,46.0896504,2.520644330034348,42.633156,49.518894,5
3056b961-e4e3-5b45-8b11-9ba18bda6832,2288922,187,CASH_OUT,230164.93,396320.03,298950.03,Medium,0.75,2048,38.39379,37.1573532,2.2525843147240256,34.405893,39.214277,5
30842c92-9a8c-5787-a0eb-aab7844acb01,5571712,393,PAYMENT,14358.53,137740.73,0.0,High,1.0,4096,23.964516,24.1318196,0.4190735729538421,23.889887,24.876578,5
30842c92-9a8c-5787-a0eb-aab7844acb01,5571712,393,PAYMENT,14358.53,137740.73,0.0,Low,0.6,1024,38.966213,39.7705954,1.9784612891549835,38.684037,43.296861,5
30842c92-9a8c-5787-a0eb-aab7844acb01,5571712,393,PAYMENT,14358.53,137740.73,0.0,Medium,0.75,2048,32.005811,32.613072,1.4785519799411853,31.264982,34.836163,5
314a3933-a222-5e37-b782-eef32559529c,674016,36,DEBIT,1295.27,38408.97,204375.4,High,1.0,4096,31.161507,31.057039,0.2054092648458195,30.829619,31.266031,5
314a3933-a222-5e37-b782-eef32559529c,674016,36,DEBIT,1295.27,38408.97,204375.4,Low,0.6,1024,51.026492,50.6578354,1.1978996564411388,49.116348,51.773589,5
314a3933-a222-5e37-b782-eef32559529c,674016,36,DEBIT,1295.27,38408.97,204375.4,Medium,0.75,2048,40.224561,41.5633126,1.9771850781075853,40.085617,44.144068,5
31e6944c-29b7-55d1-8487-5d2d17ef3627,4698909,331,DEBIT,2373.67,13736.0,63683.66,High,1.0,4096,32.769711,32.5233632,0.6149531116473032,31.560895,33.041042,5
31e6944c-29b7-55d1-8487-5d2d17ef3627,4698909,331,DEBIT,2373.67,13736.0,63683.66,Low,0.6,1024,52.096379,51.9312962,2.6253071295570733,49.551565,56.022523,5
31e6944c-29b7-55d1-8487-5d2d17ef3627,4698909,331,DEBIT,2373.67,13736.0,63683.66,Medium,0.75,2048,41.438373,41.6094304,1.605377601642929,40.377207,44.323858,5
3202960b-2340-5c6b-beb1-f97e53d3a33c,3107404,235,CASH_OUT,23908.47,44455.0,0.0,High,1.0,4096,31.079964,30.45948,1.2379481512706825,28.99726,31.668487,5
3202960b-2340-5c6b-beb1-f97e53d3a33c,3107404,235,CASH_OUT,23908.47,44455.0,0.0,Low,0.6,1024,47.411077,46.9553508,2.047575861209715,43.481106,48.70971,5
3202960b-2340-5c6b-beb1-f97e53d3a33c,3107404,235,CASH_OUT,23908.47,44455.0,0.0,Medium,0.75,2048,39.350934,37.2843392,2.9619138032705647,33.139944,39.41814,5
322d8ba1-bcc4-5621-9019-97052c2ff222,5999672,426,TRANSFER,229293.68,305210.0,197165.13,High,1.0,4096,34.858527,34.8443718,0.4495435252739132,34.305446,35.498248,5
322d8ba1-bcc4-5621-9019-97052c2ff222,5999672,426,TRANSFER,229293.68,305210.0,197165.13,Low,0.6,1024,59.607259,56.6849336,4.64194036915634,50.782254,60.742528,5
322d8ba1-bcc4-5621-9019-97052c2ff222,5999672,426,TRANSFER,229293.68,305210.0,197165.13,Medium,0.75,2048,45.646443,46.121017,2.941358427682012,43.365275,50.454445,5
328112ef-2473-5750-921e-45a755320dd9,1003815,46,PAYMENT,8945.94,11363.0,0.0,High,1.0,4096,25.03955,25.2650746,0.6329210898898061,24.852659,26.385572,5
328112ef-2473-5750-921e-45a755320dd9,1003815,46,PAYMENT,8945.94,11363.0,0.0,Low,0.6,1024,39.587696,38.565478,1.765705513132356,36.616901,40.197219,5
328112ef-2473-5750-921e-45a755320dd9,1003815,46,PAYMENT,8945.94,11363.0,0.0,Medium,0.75,2048,31.446071,31.799676,1.6458921227597216,29.455748,33.385714,5
34da903f-7e56-5c94-841c-fec284510882,277955,15,DEBIT,1423.35,101319.0,526043.67,High,1.0,4096,33.250813,33.0433986,0.5868305050492003,32.00226,33.416501,5
34da903f-7e56-5c94-841c-fec284510882,277955,15,DEBIT,1423.35,101319.0,526043.67,Low,0.6,1024,50.75524,51.5193386,2.284150365597743,49.503924,55.307361,5
34da903f-7e56-5c94-841c-fec284510882,277955,15,DEBIT,1423.35,101319.0,526043.67,Medium,0.75,2048,39.739866,40.0785564,4.757041782239337,35.788404,47.848914,5
34e3c383-4ecc-533f-8dbc-5e473272df2a,3191585,241,TRANSFER,13580.17,25281.0,920361.82,High,1.0,4096,36.72191,36.5414852,0.3966254228786892,35.851995,36.821869,5
34e3c383-4ecc-533f-8dbc-5e473272df2a,3191585,241,TRANSFER,13580.17,25281.0,920361.82,Low,0.6,1024,57.980578,57.2061738,2.382800780701714,53.036453,59.095551,5
34e3c383-4ecc-533f-8dbc-5e473272df2a,3191585,241,TRANSFER,13580.17,25281.0,920361.82,Medium,0.75,2048,47.396759,45.678361800000005,2.776272236553847,42.266986,48.151885,5
34f66708-03e7-54ce-96bd-68fb55af9d91,2059543,181,DEBIT,1563.45,44811.0,674145.43,High,1.0,4096,30.573995,30.602685,0.2000008259920445,30.407029,30.932217,5
34f66708-03e7-54ce-96bd-68fb55af9d91,2059543,181,DEBIT,1563.45,44811.0,674145.43,Low,0.6,1024,52.482758,52.3348082,3.3643710306511525,48.432534,57.470285,5
34f66708-03e7-54ce-96bd-68fb55af9d91,2059543,181,DEBIT,1563.45,44811.0,674145.43,Medium,0.75,2048,40.450687,40.489195,0.1729678164789624,40.277028,40.753661,5
3538eb3d-c151-5982-83dd-d4b0f95ca975,1991939,179,TRANSFER,329287.21,516979.0,1435606.9,High,1.0,4096,36.68988,36.94054,0.5026470625816879,36.50835,37.682418,5
3538eb3d-c151-5982-83dd-d4b0f95ca975,1991939,179,TRANSFER,329287.21,516979.0,1435606.9,Low,0.6,1024,60.375685,61.4174018,5.679618063883056,53.796449,69.556796,5
3538eb3d-c151-5982-83dd-d4b0f95ca975,1991939,179,TRANSFER,329287.21,516979.0,1435606.9,Medium,0.75,2048,46.282121,45.1405098,2.5122491793147628,42.228314,47.928793,5
35d1cc07-98f9-5f64-9129-0e64179d3650,3748319,279,CASH_OUT,213736.72,238851.0,1442636.24,High,1.0,4096,27.589055,27.701989,0.4707809720007808,27.20022,28.467116,5
35d1cc07-98f9-5f64-9129-0e64179d3650,3748319,279,CASH_OUT,213736.72,238851.0,1442636.24,Low,0.6,1024,47.518069,46.5752046,4.511315992124561,42.04812,52.713486,5
35d1cc07-98f9-5f64-9129-0e64179d3650,3748319,279,CASH_OUT,213736.72,238851.0,1442636.24,Medium,0.75,2048,39.306733,37.8105044,2.731643083447728,34.791619,40.468895,5
3688d699-da7c-50c3-a693-c6cced2b247a,4708301,331,TRANSFER,401749.37,602269.0,0.0,High,1.0,4096,36.23439,36.3148544,0.2740503812828928,36.086879,36.783573,5
3688d699-da7c-50c3-a693-c6cced2b247a,4708301,331,TRANSFER,401749.37,602269.0,0.0,Low,0.6,1024,57.303896,56.4893848,3.275653349844226,53.026129,59.969886,5
3688d699-da7c-50c3-a693-c6cced2b247a,4708301,331,TRANSFER,401749.37,602269.0,0.0,Medium,0.75,2048,48.503538,46.2050642,3.854506608177589,40.457187,49.066062,5
368cb8d6-9688-527d-9f98-6d3cf54bb7b0,6139449,544,CASH_IN,78181.79,16400597.03,1194941.37,High,1.0,4096,21.977626,22.8578852,2.1885693043165664,21.570119,26.744092,5
368cb8d6-9688-527d-9f98-6d3cf54bb7b0,6139449,544,CASH_IN,78181.79,16400597.03,1194941.37,Low,0.6,1024,36.975983,35.7519168,4.437402687677522,30.255134,39.84263,5
368cb8d6-9688-527d-9f98-6d3cf54bb7b0,6139449,544,CASH_IN,78181.79,16400597.03,1194941.37,Medium,0.75,2048,29.020442,27.6825348,3.424554831276059,21.679905,30.217421,5
36b14bfe-c463-57ea-8c02-05e3b988b536,2369206,191,PAYMENT,10751.5,53989.0,0.0,High,1.0,4096,24.860814,25.1161876,0.5899841267617283,24.840532,26.171362,5
36b14bfe-c463-57ea-8c02-05e3b988b536,2369206,191,PAYMENT,10751.5,53989.0,0.0,Low,0.6,1024,39.327108,40.5019822,3.308560867917452,37.484844,44.709157,5
36b14bfe-c463-57ea-8c02-05e3b988b536,2369206,191,PAYMENT,10751.5,53989.0,0.0,Medium,0.75,2048,33.793884,31.9074784,2.697057911144901,28.89119,34.006915,5
36f983d2-c3e7-5500-8814-615af9459f66,3138507,236,CASH_IN,52674.41,57895.0,132481.99,High,1.0,4096,22.763057,23.5165492,1.600320100148623,22.358979,26.211554,5
36f983d2-c3e7-5500-8814-615af9459f66,3138507,236,CASH_IN,52674.41,57895.0,132481.99,Low,0.6,1024,37.884845,36.4243738,2.7421400583316697,32.564947,39.015391,5
36f983d2-c3e7-5500-8814-615af9459f66,3138507,236,CASH_IN,52674.41,57895.0,132481.99,Medium,0.75,2048,29.069507,27.8923284,3.450173024231219,22.660543,31.670412,5
3781aa85-9c1e-52ee-a4ae-58b0fcbf8fd8,3096259,235,CASH_OUT,14506.35,202689.0,0.0,High,1.0,4096,27.2281,27.4042856,0.3823211740465081,27.070967,28.041222,5
3781aa85-9c1e-52ee-a4ae-58b0fcbf8fd8,3096259,235,CASH_OUT,14506.35,202689.0,0.0,Low,0.6,1024,46.80273,45.440888,3.0392789790275097,42.216448,49.025934,5
3781aa85-9c1e-52ee-a4ae-58b0fcbf8fd8,3096259,235,CASH_OUT,14506.35,202689.0,0.0,Medium,0.75,2048,38.294571,36.6745116,2.6198020483954125,32.982893,38.833743,5
378b4515-f4c3-5f34-b14e-3fa204c98ac8,439028,18,CASH_IN,698194.87,5721249.74,3778567.51,High,1.0,4096,20.855283,20.8904488,0.0799344904293503,20.832723,21.027351,5
378b4515-f4c3-5f34-b14e-3fa204c98ac8,439028,18,CASH_IN,698194.87,5721249.74,3778567.51,Low,0.6,1024,32.496999,34.26286,3.365595072118153,30.722287,38.017414,5
378b4515-f4c3-5f34-b14e-3fa204c98ac8,439028,18,CASH_IN,698194.87,5721249.74,3778567.51,Medium,0.75,2048,27.75672,27.5596232,2.6045720457180117,23.398462,29.77793,5
379db4d7-1d43-5d02-bf0d-a48c030b0571,3370988,254,PAYMENT,22566.93,40606.0,0.0,High,1.0,4096,25.402787,25.8276586,0.8203356437683305,25.090042,26.743324,5
379db4d7-1d43-5d02-bf0d-a48c030b0571,3370988,254,PAYMENT,22566.93,40606.0,0.0,Low,0.6,1024,41.058305,41.5150574,1.472344604485749,40.345668,44.079417,5
379db4d7-1d43-5d02-bf0d-a48c030b0571,3370988,254,PAYMENT,22566.93,40606.0,0.0,Medium,0.75,2048,33.280807,32.3773104,1.99032486700458,29.487281,33.999051,5
37ee98da-5ed6-55a0-8228-034d423f3702,3468681,258,DEBIT,2031.84,21372.0,186060.49,High,1.0,4096,32.686246,32.5181528,0.4268939164964768,32.005058,32.928999,5
37ee98da-5ed6-55a0-8228-034d423f3702,3468681,258,DEBIT,2031.84,21372.0,186060.49,Low,0.6,1024,51.366174,51.8446026,2.777699850599287,49.294713,56.083879,5
37ee98da-5ed6-55a0-8228-034d423f3702,3468681,258,DEBIT,2031.84,21372.0,186060.49,Medium,0.75,2048,40.704203,41.0877062,2.537751043776497,38.140668,45.167468,5
38876450-a360-584e-a401-49ede2d5a5ae,562348,22,CASH_OUT,101157.57,356124.0,0.0,High,1.0,4096,27.326101,27.3788388,0.1232520314708842,27.259488,27.578079,5
38876450-a360-584e-a401-49ede2d5a5ae,562348,22,CASH_OUT,101157.57,356124.0,0.0,Low,0.6,1024,42.617416,45.0192016,3.647619773384599,42.211473,49.023516,5
38876450-a360-584e-a401-49ede2d5a5ae,562348,22,CASH_OUT,101157.57,356124.0,0.0,Medium,0.75,2048,34.897944,35.8598604,2.495948388361887,32.692763,38.452968,5
388fef44-d9ef-56b6-9503-bb028ffb7041,4459367,323,CASH_IN,76697.28,3968871.75,1704951.91,High,1.0,4096,20.943183,21.1871758,0.5326675611370562,20.584993,21.841348,5
388fef44-d9ef-56b6-9503-bb028ffb7041,4459367,323,CASH_IN,76697.28,3968871.75,1704951.91,Low,0.6,1024,30.402625,32.2156414,3.149282186808973,30.201927,37.597295,5
388fef44-d9ef-56b6-9503-bb028ffb7041,4459367,323,CASH_IN,76697.28,3968871.75,1704951.91,Medium,0.75,2048,27.713084,27.6289464,2.434271042894628,23.656139,29.640133,5
38afc6be-6778-54ae-9b18-4020b0941ce1,2125787,183,CASH_OUT,165800.67,311944.0,49904.51,High,1.0,4096,29.569437,29.3060866,0.5925464150683049,28.346032,29.750971,5
38afc6be-6778-54ae-9b18-4020b0941ce1,2125787,183,CASH_OUT,165800.67,311944.0,49904.51,Low,0.6,1024,44.19282,44.9924426,2.278399040084022,43.310262,48.818214,5
38afc6be-6778-54ae-9b18-4020b0941ce1,2125787,183,CASH_OUT,165800.67,311944.0,49904.51,Medium,0.75,2048,37.421046,36.8105136,2.1117741566262,33.102955,38.338694,5
390a9fa5-8097-5880-8bba-3516ba408373,2455614,203,PAYMENT,6267.56,110357.24,0.0,High,1.0,4096,23.874303,23.9167766,0.2183580584127823,23.744308,24.29185,5
390a9fa5-8097-5880-8bba-3516ba408373,2455614,203,PAYMENT,6267.56,110357.24,0.0,Low,0.6,1024,39.600996,39.7157304,0.3968383799927873,39.415513,40.40817,5
390a9fa5-8097-5880-8bba-3516ba408373,2455614,203,PAYMENT,6267.56,110357.24,0.0,Medium,0.75,2048,31.070911,31.0773262,2.827251129427787,26.49211,33.553293,5
392c7d8e-86a8-5c33-b71e-d1f21cbbda82,587960,33,DEBIT,2341.43,10165.0,38762.74,High,1.0,4096,30.722298,30.7185624,0.070958153406074,30.616097,30.800835,5
392c7d8e-86a8-5c33-b71e-d1f21cbbda82,587960,33,DEBIT,2341.43,10165.0,38762.74,Low,0.6,1024,51.393097,50.418544,2.91455436469128,46.070576,53.783823,5
392c7d8e-86a8-5c33-b71e-d1f21cbbda82,587960,33,DEBIT,2341.43,10165.0,38762.74,Medium,0.75,2048,40.127322,41.320334,2.136958725193705,40.057938,45.024275,5
396b9b39-d198-5079-8348-b849508008d6,377828,17,CASH_IN,202152.33,1057112.8,390851.94,High,1.0,4096,21.792215,21.8961936,0.2180086831350991,21.760362,22.280134,5
396b9b39-d198-5079-8348-b849508008d6,377828,17,CASH_IN,202152.33,1057112.8,390851.94,Low,0.6,1024,36.303035,34.7785062,2.9569637302306737,29.544373,36.35383,5
396b9b39-d198-5079-8348-b849508008d6,377828,17,CASH_IN,202152.33,1057112.8,390851.94,Medium,0.75,2048,27.249154,27.6084208,2.1400880535257656,25.400441,30.678352,5
39b5f649-fc3c-5de6-bbab-1a12422f73da,5439590,378,CASH_IN,4948.4,31943.0,84657.6,High,1.0,4096,21.665201,21.691665,0.1918812058970339,21.533263,22.018159,5
39b5f649-fc3c-5de6-bbab-1a12422f73da,5439590,378,CASH_IN,4948.4,31943.0,84657.6,Low,0.6,1024,35.918033,35.3741462,2.4469474331913443,31.799148,38.071882,5
39b5f649-fc3c-5de6-bbab-1a12422f73da,5439590,378,CASH_IN,4948.4,31943.0,84657.6,Medium,0.75,2048,29.011469,27.9301238,5.143611595356049,21.723383,34.174575,5
39fe0d9d-682c-57de-bbd3-72a0ec3a6353,491278,19,CASH_IN,266089.0,69521.0,2307912.93,High,1.0,4096,21.246324,21.1955686,0.2470423488064346,20.796278,21.456987,5
39fe0d9d-682c-57de-bbd3-72a0ec3a6353,491278,19,CASH_IN,266089.0,69521.0,2307912.93,Low,0.6,1024,33.261438,34.5807146,3.43636685513804,30.355051,38.388025,5
39fe0d9d-682c-57de-bbd3-72a0ec3a6353,491278,19,CASH_IN,266089.0,69521.0,2307912.93,Medium,0.75,2048,28.225931,28.764423,1.8701327024295624,26.799153,31.1576,5
3a4cdd1a-cad2-55a7-bded-41db175f6115,5569332,393,CASH_IN,164255.13,15089.0,0.0,High,1.0,4096,21.998298,21.971798,0.1682853822157473,21.763344,22.209955,5
3a4cdd1a-cad2-55a7-bded-41db175f6115,5569332,393,CASH_IN,164255.13,15089.0,0.0,Low,0.6,1024,37.239955,35.9237132,3.77995903583474,31.38203,40.724995,5
3a4cdd1a-cad2-55a7-bded-41db175f6115,5569332,393,CASH_IN,164255.13,15089.0,0.0,Medium,0.75,2048,29.333273,27.8419202,3.63119057097878,21.968905,31.105223,5
3af062ad-5815-5a8c-9f8b-3f09e9865e2e,5644407,396,DEBIT,4717.15,219219.0,6749044.18,High,1.0,4096,34.557882,34.1614034,0.9445375882294484,32.476842,34.661051,5
3af062ad-5815-5a8c-9f8b-3f09e9865e2e,5644407,396,DEBIT,4717.15,219219.0,6749044.18,Low,0.6,1024,51.599218,51.5538112,2.134076220573365,49.607242,54.853085,5
3af062ad-5815-5a8c-9f8b-3f09e9865e2e,5644407,396,DEBIT,4717.15,219219.0,6749044.18,Medium,0.75,2048,42.772498,41.2718766,3.48590631412353,36.602355,44.908487,5
3b85d143-e148-5999-95e1-6af03148a3ce,3010653,232,DEBIT,2356.76,12937.0,76454.82,High,1.0,4096,33.896982,33.6314918,1.0587654576265717,31.966634,34.561925,5
3b85d143-e148-5999-95e1-6af03148a3ce,3010653,232,DEBIT,2356.76,12937.0,76454.82,Low,0.6,1024,53.431971,51.3330928,3.589254161452237,47.287237,54.503228,5
3b85d143-e148-5999-95e1-6af03148a3ce,3010653,232,DEBIT,2356.76,12937.0,76454.82,Medium,0.75,2048,39.367326,40.649788,2.1009806743960078,38.839071,42.988266,5
3bb364bf-9182-5063-b60d-50802b3e35ff,5797544,401,CASH_OUT,20861.04,22187.0,0.0,High,1.0,4096,28.535996,28.9515344,0.6891459584828893,28.38394,29.775157,5
3bb364bf-9182-5063-b60d-50802b3e35ff,5797544,401,CASH_OUT,20861.04,22187.0,0.0,Low,0.6,1024,46.171762,45.780234,2.395959452604424,42.888702,48.132175,5
3bb364bf-9182-5063-b60d-50802b3e35ff,5797544,401,CASH_OUT,20861.04,22187.0,0.0,Medium,0.75,2048,37.308156,36.0513344,2.211849288534212,32.759028,37.745637,5
3d478182-b4f9-5855-b5e7-42c7dbe33b0d,5706467,398,CASH_IN,94057.76,1320.0,51461.36,High,1.0,4096,21.747251,21.8394874,0.1640690227139172,21.700244,22.069595,5
3d478182-b4f9-5855-b5e7-42c7dbe33b0d,5706467,398,CASH_IN,94057.76,1320.0,51461.36,Low,0.6,1024,36.903864,35.3835686,2.907168563387115,32.101797,37.978069,5
3d478182-b4f9-5855-b5e7-42c7dbe33b0d,5706467,398,CASH_IN,94057.76,1320.0,51461.36,Medium,0.75,2048,26.77885,28.0076924,4.7258086663266745,24.566073,36.122501,5
3d656471-8cc9-5f93-9d79-428b797d3231,2682948,210,DEBIT,3628.45,11232.0,943119.4,High,1.0,4096,34.486217,34.5306926,1.311904855370731,32.543394,36.144009,5
3d656471-8cc9-5f93-9d79-428b797d3231,2682948,210,DEBIT,3628.45,11232.0,943119.4,Low,0.6,1024,50.366083,50.7965398,3.344963798638964,46.397807,55.706397,5
3d656471-8cc9-5f93-9d79-428b797d3231,2682948,210,DEBIT,3628.45,11232.0,943119.4,Medium,0.75,2048,42.904165,42.9748516,4.5612685955928205,39.102172,50.465632,5
3d7eab65-5ab0-5a83-932e-4ce7eb1ce406,2194795,185,CASH_IN,41572.59,179605.0,0.0,High,1.0,4096,20.79992,21.4349896,1.5073384264722378,20.360257,24.042539,5
3d7eab65-5ab0-5a83-932e-4ce7eb1ce406,2194795,185,CASH_IN,41572.59,179605.0,0.0,Low,0.6,1024,36.025907,34.7780678,2.561937164628887,31.019248,37.160124,5
3d7eab65-5ab0-5a83-932e-4ce7eb1ce406,2194795,185,CASH_IN,41572.59,179605.0,0.0,Medium,0.75,2048,27.533343,26.769903,2.487356955355725,23.12154,29.772497,5
3dd4141a-5e24-50dd-8cc7-29c9dae5058c,2562272,206,DEBIT,2576.41,10481.0,87922.42,High,1.0,4096,30.702964,31.0411032,0.5650623057599047,30.551728,31.857077,5
3dd4141a-5e24-50dd-8cc7-29c9dae5058c,2562272,206,DEBIT,2576.41,10481.0,87922.42,Low,0.6,1024,53.143522,52.4065982,4.297498498560552,47.055255,57.80998,5
3dd4141a-5e24-50dd-8cc7-29c9dae5058c,2562272,206,DEBIT,2576.41,10481.0,87922.42,Medium,0.75,2048,40.490247,40.5690078,0.4734468009673318,40.173882,41.356322,5
3e7aeb55-e259-5eeb-886b-b1f178e00465,5598732,394,TRANSFER,158698.85,176184.56,947110.55,High,1.0,4096,34.524178,34.4923036,0.2654362444558009,34.091924,34.790054,5
3e7aeb55-e259-5eeb-886b-b1f178e00465,5598732,394,TRANSFER,158698.85,176184.56,947110.55,Low,0.6,1024,55.765381,57.2006916,4.499557972161409,52.33238,63.512882,5
3e7aeb55-e259-5eeb-886b-b1f178e00465,5598732,394,TRANSFER,158698.85,176184.56,947110.55,Medium,0.75,2048,43.58568,45.0307756,3.3136659819058867,43.318643,50.945047,5
3e98491e-a94a-57a8-bcae-987000fddd52,1766820,162,TRANSFER,59522.34,69762.0,0.0,High,1.0,4096,36.221541,35.830164,0.6208603716746626,35.069281,36.388149,5
3e98491e-a94a-57a8-bcae-987000fddd52,1766820,162,TRANSFER,59522.34,69762.0,0.0,Low,0.6,1024,58.724627,56.165373,3.702079350744726,51.158298,58.861961,5
3e98491e-a94a-57a8-bcae-987000fddd52,1766820,162,TRANSFER,59522.34,69762.0,0.0,Medium,0.75,2048,44.456505,46.1827822,3.008666689921417,43.576682,49.793366,5
3ee89359-b9b5-5aa0-811c-bde4275cce10,6332623,690,CASH_OUT,65.4,10695.0,0.0,High,1.0,4096,31.135792,30.866187,1.6761532871023463,29.209744,33.163142,5
3ee89359-b9b5-5aa0-811c-bde4275cce10,6332623,690,CASH_OUT,65.4,10695.0,0.0,Low,0.6,1024,44.067709,45.2593002,4.473140475277599,39.214531,50.522069,5
3ee89359-b9b5-5aa0-811c-bde4275cce10,6332623,690,CASH_OUT,65.4,10695.0,0.0,Medium,0.75,2048,35.451432,37.0184476,2.446952940053876,35.076108,39.836445,5
3f5d0ef4-7d0c-5784-9114-5669e1a94ef1,2172993,185,CASH_IN,18289.43,50970.0,0.0,High,1.0,4096,21.86146,21.89163,0.0914229317294082,21.780247,22.023927,5
3f5d0ef4-7d0c-5784-9114-5669e1a94ef1,2172993,185,CASH_IN,18289.43,50970.0,0.0,Low,0.6,1024,31.546211,32.8561752,2.188346935054676,31.336869,36.451955,5
3f5d0ef4-7d0c-5784-9114-5669e1a94ef1,2172993,185,CASH_IN,18289.43,50970.0,0.0,Medium,0.75,2048,27.784455,27.5326928,4.127500516365104,21.664821,31.989061,5
3f75da4c-2fac-5a28-bd1f-7b4733dd02bc,4212209,305,DEBIT,4920.23,31215.0,224892.78,High,1.0,4096,34.3621,33.63366,1.077929518047677,32.376951,34.483425,5
3f75da4c-2fac-5a28-bd1f-7b4733dd02bc,4212209,305,DEBIT,4920.23,31215.0,224892.78,Low,0.6,1024,51.98984,51.747271,1.96797521310826,49.780581,54.744997,5
3f75da4c-2fac-5a28-bd1f-7b4733dd02bc,4212209,305,DEBIT,4920.23,31215.0,224892.78,Medium,0.75,2048,42.523071,41.0351644,2.2177627141239205,38.58505,42.785196,5
3fd8cab6-c6e6-57c3-9a43-2158a9502e61,1984136,179,DEBIT,369.76,2067.0,45616.24,High,1.0,4096,32.783666,32.6337666,0.7902849693893959,31.679507,33.623388,5
3fd8cab6-c6e6-57c3-9a43-2158a9502e61,1984136,179,DEBIT,369.76,2067.0,45616.24,Low,0.6,1024,52.787528,51.5977104,2.6764037179334155,47.698325,54.184965,5
3fd8cab6-c6e6-57c3-9a43-2158a9502e61,1984136,179,DEBIT,369.76,2067.0,45616.24,Medium,0.75,2048,40.923647,41.6387422,1.6858315888011168,40.565242,44.617909,5
3ff26729-2676-560d-8735-1e3285f5add1,819655,40,CASH_IN,3172.72,5074598.52,1704453.28,High,1.0,4096,20.535879,20.5717574,0.1044359642426876,20.449755,20.725399,5
3ff26729-2676-560d-8735-1e3285f5add1,819655,40,CASH_IN,3172.72,5074598.52,1704453.28,Low,0.6,1024,35.55695,34.9397302,3.400800471143991,30.927549,39.709492,5
3ff26729-2676-560d-8735-1e3285f5add1,819655,40,CASH_IN,3172.72,5074598.52,1704453.28,Medium,0.75,2048,27.952537,27.7939436,2.635576470936634,23.44156,29.957757,5
4052d61f-3f94-5d1d-935f-d8ec1112f3ad,349101,17,TRANSFER,743108.63,1179722.2,123220.78,High,1.0,4096,37.901325,37.435526,0.9637578993209348,35.73084,37.998344,5
4052d61f-3f94-5d1d-935f-d8ec1112f3ad,349101,17,TRANSFER,743108.63,1179722.2,123220.78,Low,0.6,1024,59.83947,59.834641,0.1934342423253962,59.641875,60.121828,5
4052d61f-3f94-5d1d-935f-d8ec1112f3ad,349101,17,TRANSFER,743108.63,1179722.2,123220.78,Medium,0.75,2048,45.976966,45.3084702,3.0670458746463525,42.01786,48.22798,5
41aab73d-40c3-52e4-9e7b-3dcfd34021ff,1634628,157,PAYMENT,19115.43,20234.0,0.0,High,1.0,4096,24.531835,24.6767918,0.408929657629157,24.377102,25.385302,5
41aab73d-40c3-52e4-9e7b-3dcfd34021ff,1634628,157,PAYMENT,19115.43,20234.0,0.0,Low,0.6,1024,39.265311,40.3673922,4.375525587984338,34.858905,46.242796,5
41aab73d-40c3-52e4-9e7b-3dcfd34021ff,1634628,157,PAYMENT,19115.43,20234.0,0.0,Medium,0.75,2048,32.825702,31.4720102,2.904634804220351,26.492975,33.599502,5
41da1495-acb3-5a1f-ab61-51b1f1ce286d,1633540,157,CASH_IN,50031.2,5396747.85,536637.91,High,1.0,4096,20.782754,20.75105,0.0520226376830327,20.690039,20.798078,5
41da1495-acb3-5a1f-ab61-51b1f1ce286d,1633540,157,CASH_IN,50031.2,5396747.85,536637.91,Low,0.6,1024,33.278243,34.328812,3.325881819303567,30.210123,37.752051,5
41da1495-acb3-5a1f-ab61-51b1f1ce286d,1633540,157,CASH_IN,50031.2,5396747.85,536637.91,Medium,0.75,2048,27.562721,27.4944224,2.719995387543204,23.151576,29.83876,5
421c2e02-35ea-511b-99cf-f2bd69cfd59b,4507392,325,CASH_IN,191289.23,9545068.05,1494118.05,High,1.0,4096,21.640268,21.9509888,0.6517791789775884,21.576155,23.100654,5
421c2e02-35ea-511b-99cf-f2bd69cfd59b,4507392,325,CASH_IN,191289.23,9545068.05,1494118.05,Low,0.6,1024,35.304598,34.543062,2.871872104936517,29.489177,36.373179,5
421c2e02-35ea-511b-99cf-f2bd69cfd59b,4507392,325,CASH_IN,191289.23,9545068.05,1494118.05,Medium,0.75,2048,27.847714,26.7032562,2.8518536574184,23.375255,30.099571,5
429eb853-c7c6-5415-bfd1-c914b810c526,3812782,281,TRANSFER,26674.04,607547.0,526908.14,High,1.0,4096,38.111964,38.0989312,0.2005873271512917,37.810844,38.366825,5
429eb853-c7c6-5415-bfd1-c914b810c526,3812782,281,TRANSFER,26674.04,607547.0,526908.14,Low,0.6,1024,58.122175,56.6911868,2.644356426337644,52.71376,58.909969,5
429eb853-c7c6-5415-bfd1-c914b810c526,3812782,281,TRANSFER,26674.04,607547.0,526908.14,Medium,0.75,2048,46.21272,45.951684,2.4425444017080817,41.88871,48.358264,5
42a3b91c-40c4-568c-90da-8d64749f198c,4980351,352,DEBIT,1676.87,80061.0,579974.83,High,1.0,4096,30.846539,30.882281,0.2738404354884422,30.618703,31.33657,5
42a3b91c-40c4-568c-90da-8d64749f198c,4980351,352,DEBIT,1676.87,80061.0,579974.83,Low,0.6,1024,51.270724,53.40116,6.085956347563173,48.81271,64.035557,5
42a3b91c-40c4-568c-90da-8d64749f198c,4980351,352,DEBIT,1676.87,80061.0,579974.83,Medium,0.75,2048,40.744597,40.7284956,0.2657398585511781,40.493063,41.143625,5
4319ed02-cd4d-50a2-89b4-760dbb6d1c80,5511698,380,TRANSFER,96634.65,127916.0,0.0,High,1.0,4096,34.151596,34.1505442,0.1152508905505715,34.033528,34.313275,5
4319ed02-cd4d-50a2-89b4-760dbb6d1c80,5511698,380,TRANSFER,96634.65,127916.0,0.0,Low,0.6,1024,56.918358,57.9886386,4.350276778365463,54.089954,64.195921,5
4319ed02-cd4d-50a2-89b4-760dbb6d1c80,5511698,380,TRANSFER,96634.65,127916.0,0.0,Medium,0.75,2048,46.651188,45.1158022,3.411371348603182,41.498347,48.911501,5
4411648a-cb96-5dac-b7a9-c5682ebaba47,2770766,213,CASH_IN,309570.18,511976.0,884762.04,High,1.0,4096,21.306189,21.3541484,0.3176828488434652,21.003332,21.735834,5
4411648a-cb96-5dac-b7a9-c5682ebaba47,2770766,213,CASH_IN,309570.18,511976.0,884762.04,Low,0.6,1024,34.37736,34.8134276,3.9316230607474063,30.090887,40.201213,5
4411648a-cb96-5dac-b7a9-c5682ebaba47,2770766,213,CASH_IN,309570.18,511976.0,884762.04,Medium,0.75,2048,28.138681,27.7469298,2.767963536040296,23.285187,30.3806,5
442336dc-4c7d-5168-a98a-0e5cd4740dcd,4725136,332,DEBIT,1613.15,42886.0,355923.53,High,1.0,4096,30.791623,30.8979822,0.3485056918971332,30.636769,31.477634,5
442336dc-4c7d-5168-a98a-0e5cd4740dcd,4725136,332,DEBIT,1613.15,42886.0,355923.53,Low,0.6,1024,50.308272,50.9804536,5.144828765509236,45.960409,57.942758,5
442336dc-4c7d-5168-a98a-0e5cd4740dcd,4725136,332,DEBIT,1613.15,42886.0,355923.53,Medium,0.75,2048,40.36009,40.4766504,0.3078934842624968,40.187982,40.98102,5
44aa37e4-dee0-5fab-801c-ad05c8679e55,4595295,328,CASH_IN,227939.93,320417.62,307672.47,High,1.0,4096,21.58097,21.8058254,0.5260540824433362,21.512955,22.743601,5
44aa37e4-dee0-5fab-801c-ad05c8679e55,4595295,328,CASH_IN,227939.93,320417.62,307672.47,Low,0.6,1024,37.227346,35.7321786,4.530651054177621,29.802938,39.864922,5
44aa37e4-dee0-5fab-801c-ad05c8679e55,4595295,328,CASH_IN,227939.93,320417.62,307672.47,Medium,0.75,2048,30.289252,28.7599248,2.5116366568245296,25.636164,31.013877,5
44c727c8-fda9-51d4-925d-38a407143a53,6207220,587,CASH_IN,97512.05,4770138.6,99315.8,High,1.0,4096,20.765608,20.7738652,0.0565352147179079,20.711607,20.833319,5
44c727c8-fda9-51d4-925d-38a407143a53,6207220,587,CASH_IN,97512.05,4770138.6,99315.8,Low,0.6,1024,33.845659,34.442867199999995,2.031326870771591,32.464628,37.844724,5
44c727c8-fda9-51d4-925d-38a407143a53,6207220,587,CASH_IN,97512.05,4770138.6,99315.8,Medium,0.75,2048,28.008293,27.690376,2.720496477561679,23.137397,29.858626,5
44e31cfb-159e-583d-b08c-4765363b5223,5570514,393,CASH_IN,309888.77,29373.0,0.0,High,1.0,4096,21.432299,21.5064682,0.2400930225427221,21.26162,21.900894,5
44e31cfb-159e-583d-b08c-4765363b5223,5570514,393,CASH_IN,309888.77,29373.0,0.0,Low,0.6,1024,35.224004,34.1754024,3.8723052967582894,29.217638,39.290663,5
44e31cfb-159e-583d-b08c-4765363b5223,5570514,393,CASH_IN,309888.77,29373.0,0.0,Medium,0.75,2048,29.765632,28.9928406,1.3411273128606396,27.199544,30.148754,5
44f656d8-f789-50ff-8192-036516dc5a30,5589378,394,CASH_OUT,22818.7,65365.0,544750.25,High,1.0,4096,29.213336,29.9699812,1.1222193539300591,29.064676,31.216544,5
44f656d8-f789-50ff-8192-036516dc5a30,5589378,394,CASH_OUT,22818.7,65365.0,544750.25,Low,0.6,1024,48.200855,47.8755548,3.721899291967166,43.527172,53.25619,5
44f656d8-f789-50ff-8192-036516dc5a30,5589378,394,CASH_OUT,22818.7,65365.0,544750.25,Medium,0.75,2048,35.571612,35.9446546,2.36875038149998,33.124377,39.671984,5
450f03da-a2a1-5458-b553-207ac44a4375,531806,20,CASH_OUT,67560.77,136982.0,73468.25,High,1.0,4096,27.575682,27.4894638,0.3007699206415106,27.085427,27.861675,5
450f03da-a2a1-5458-b553-207ac44a4375,531806,20,CASH_OUT,67560.77,136982.0,73468.25,Low,0.6,1024,46.937373,45.7837338,3.474734041976121,42.062771,49.013263,5
450f03da-a2a1-5458-b553-207ac44a4375,531806,20,CASH_OUT,67560.77,136982.0,73468.25,Medium,0.75,2048,36.950326,35.9851008,1.3546201772248565,34.46516,36.995448,5
45119a3f-834f-5cef-9ecf-012b3023a199,5877566,403,PAYMENT,348.92,247125.0,0.0,High,1.0,4096,23.870089,23.9668426,0.2597079769477625,23.772417,24.402979,5
45119a3f-834f-5cef-9ecf-012b3023a199,5877566,403,PAYMENT,348.92,247125.0,0.0,Low,0.6,1024,39.8923,39.9820392,0.4323940854003447,39.467932,40.47991,5
45119a3f-834f-5cef-9ecf-012b3023a199,5877566,403,PAYMENT,348.92,247125.0,0.0,Medium,0.75,2048,31.453237,32.5073784,3.338491466645495,29.107903,37.955451,5
451e25a7-5df0-5f51-84ce-104e5ebd748e,4685162,331,CASH_OUT,8928.26,9531.0,0.0,High,1.0,4096,28.268275,28.2309366,0.4299563192485955,27.774548,28.863232,5
451e25a7-5df0-5f51-84ce-104e5ebd748e,4685162,331,CASH_OUT,8928.26,9531.0,0.0,Low,0.6,1024,44.321165,44.496758,2.7092126284422564,40.398757,47.793722,5
451e25a7-5df0-5f51-84ce-104e5ebd748e,4685162,331,CASH_OUT,8928.26,9531.0,0.0,Medium,0.75,2048,36.647065,36.3051254,1.246138704709192,34.234033,37.520074,5
454c7f5f-f609-5519-b553-2efa79e6672c,6294947,670,TRANSFER,9993.74,111419.81,342223.98,High,1.0,4096,34.157823,34.2074008,0.1432525534334393,34.038511,34.396222,5
454c7f5f-f609-5519-b553-2efa79e6672c,6294947,670,TRANSFER,9993.74,111419.81,342223.98,Low,0.6,1024,56.512504,57.0054526,4.3531728957804185,53.595466,64.354599,5
454c7f5f-f609-5519-b553-2efa79e6672c,6294947,670,TRANSFER,9993.74,111419.81,342223.98,Medium,0.75,2048,47.057003,45.8642978,3.913135576149605,41.65878,49.658203,5
459553f7-a663-56ab-a69e-2038ea7ec774,6167592,552,TRANSFER,17090.03,86742.0,2317555.34,High,1.0,4096,34.630278,34.6497072,0.4854244121793821,34.136107,35.144994,5
459553f7-a663-56ab-a69e-2038ea7ec774,6167592,552,TRANSFER,17090.03,86742.0,2317555.34,Low,0.6,1024,55.780333,57.1397372,2.6020062253840206,54.469039,60.182609,5
459553f7-a663-56ab-a69e-2038ea7ec774,6167592,552,TRANSFER,17090.03,86742.0,2317555.34,Medium,0.75,2048,44.187008,45.095479,1.616180237383659,43.755651,47.523173,5
45adfa5c-351c-55d2-a06f-3455cba9c7cf,1893616,165,PAYMENT,21730.98,47696.36,0.0,High,1.0,4096,24.935474,25.1363854,0.5486992557387882,24.816642,26.108173,5
45adfa5c-351c-55d2-a06f-3455cba9c7cf,1893616,165,PAYMENT,21730.98,47696.36,0.0,Low,0.6,1024,39.93048,39.2403694,3.6717815907417215,33.300922,43.283154,5
45adfa5c-351c-55d2-a06f-3455cba9c7cf,1893616,165,PAYMENT,21730.98,47696.36,0.0,Medium,0.75,2048,30.786524,33.294636,4.533152272569389,28.664835,38.381703,5
45e3c8a3-d110-5da0-b421-392b0c2e5a4f,285334,15,PAYMENT,20220.49,64124.26,0.0,High,1.0,4096,23.980321,24.0513254,0.1561148725499909,23.87247,24.244659,5
45e3c8a3-d110-5da0-b421-392b0c2e5a4f,285334,15,PAYMENT,20220.49,64124.26,0.0,Low,0.6,1024,40.312624,40.0645598,0.5622773057991038,39.358119,40.58564,5
45e3c8a3-d110-5da0-b421-392b0c2e5a4f,285334,15,PAYMENT,20220.49,64124.26,0.0,Medium,0.75,2048,31.17688,31.5336332,1.8111781678768384,28.90014,33.433449,5
45ee67e0-eb16-5ac6-9671-12732fd17f5a,2530915,205,PAYMENT,5254.02,321790.71,0.0,High,1.0,4096,23.88221,23.9032486,0.0739790533448481,23.841408,24.030554,5
45ee67e0-eb16-5ac6-9671-12732fd17f5a,2530915,205,PAYMENT,5254.02,321790.71,0.0,Low,0.6,1024,39.860556,39.7712308,0.3732881968783649,39.200337,40.166648,5
45ee67e0-eb16-5ac6-9671-12732fd17f5a,2530915,205,PAYMENT,5254.02,321790.71,0.0,Medium,0.75,2048,31.221031,31.8217848,1.860281907804622,29.370078,33.833353,5
464f9282-542b-511e-8c76-bf3cabfe4fcd,2483549,204,CASH_IN,131444.99,7535435.84,275921.25,High,1.0,4096,20.815649,20.9738634,0.3999539460216639,20.681237,21.662734,5
464f9282-542b-511e-8c76-bf3cabfe4fcd,2483549,204,CASH_IN,131444.99,7535435.84,275921.25,Low,0.6,1024,37.632931,35.2518962,3.4174711293840803,30.470256,37.72869,5
464f9282-542b-511e-8c76-bf3cabfe4fcd,2483549,204,CASH_IN,131444.99,7535435.84,275921.25,Medium,0.75,2048,29.994662,29.9778714,2.8398311134754657,27.222388,33.811385,5
4657cfb6-f0e3-5e55-826a-0ed9c60011ed,2507241,205,CASH_OUT,188974.3,348606.65,1176475.76,High,1.0,4096,27.733548,27.7595224,0.2717424568139839,27.450181,28.194602,5
4657cfb6-f0e3-5e55-826a-0ed9c60011ed,2507241,205,CASH_OUT,188974.3,348606.65,1176475.76,Low,0.6,1024,48.251661,47.3847012,3.847305727356705,40.695831,50.061478,5
4657cfb6-f0e3-5e55-826a-0ed9c60011ed,2507241,205,CASH_OUT,188974.3,348606.65,1176475.76,Medium,0.75,2048,36.992168,37.1972048,2.309669292962241,34.287434,40.760901,5
465943f9-b405-5f0f-bab1-3dd89a9e3adb,5092062,355,DEBIT,1209.2,246894.0,357656.61,High,1.0,4096,32.758157,32.3523598,0.7567141680282595,31.508508,33.04652,5
465943f9-b405-5f0f-bab1-3dd89a9e3adb,5092062,355,DEBIT,1209.2,246894.0,357656.61,Low,0.6,1024,54.010164,51.9603118,3.8537997119817593,47.418657,55.908789,5
465943f9-b405-5f0f-bab1-3dd89a9e3adb,5092062,355,DEBIT,1209.2,246894.0,357656.61,Medium,0.75,2048,41.745217,41.4421898,3.1802089031630763,37.210352,46.054178,5
46a1d0ac-b37c-5c1a-bdf4-cbdfa55a5393,3240099,250,CASH_OUT,157342.01,158871.88,905353.79,High,1.0,4096,27.589517,27.8167306,0.4452218144063708,27.487913,28.534338,5
46a1d0ac-b37c-5c1a-bdf4-cbdfa55a5393,3240099,250,CASH_OUT,157342.01,158871.88,905353.79,Low,0.6,1024,46.003699,46.4649238,1.4324520771450606,44.651199,47.960713,5
46a1d0ac-b37c-5c1a-bdf4-cbdfa55a5393,3240099,250,CASH_OUT,157342.01,158871.88,905353.79,Medium,0.75,2048,40.309165,38.9016364,3.482164649308431,34.259322,42.575243,5
475a5a50-0621-58d2-818a-c08da3d9e3bd,4368925,310,CASH_IN,50335.19,5708644.37,294069.41,High,1.0,4096,21.566,21.8367434,0.6212341741898139,21.533574,22.947713,5
475a5a50-0621-58d2-818a-c08da3d9e3bd,4368925,310,CASH_IN,50335.19,5708644.37,294069.41,Low,0.6,1024,33.831258,34.4152844,3.5647632846670616,30.468365,39.632613,5
475a5a50-0621-58d2-818a-c08da3d9e3bd,4368925,310,CASH_IN,50335.19,5708644.37,294069.41,Medium,0.75,2048,25.991691,27.0848376,3.9030246741165113,21.693332,31.424448,5
47cee5b5-0f9a-5559-853d-91b51f88e7c1,1802489,162,PAYMENT,15800.11,16739.98,0.0,High,1.0,4096,25.984899,26.7208312,1.2030322034645209,25.769522,28.320518,5
47cee5b5-0f9a-5559-853d-91b51f88e7c1,1802489,162,PAYMENT,15800.11,16739.98,0.0,Low,0.6,1024,39.832286,39.9703946,0.3274998075622318,39.703088,40.515623,5
47cee5b5-0f9a-5559-853d-91b51f88e7c1,1802489,162,PAYMENT,15800.11,16739.98,0.0,Medium,0.75,2048,32.206592,32.239838,2.843977554598752,29.675927,36.675188,5
47db0cd4-c767-54e2-abfa-82abfef09f8c,2946399,230,CASH_IN,153391.14,2424354.78,252219.3,High,1.0,4096,21.601116,21.6205676,0.044801011699514,21.576651,21.674352,5
47db0cd4-c767-54e2-abfa-82abfef09f8c,2946399,230,CASH_IN,153391.14,2424354.78,252219.3,Low,0.6,1024,34.251453,35.7472228,5.118078897702947,30.046117,42.12483,5
47db0cd4-c767-54e2-abfa-82abfef09f8c,2946399,230,CASH_IN,153391.14,2424354.78,252219.3,Medium,0.75,2048,26.146769,27.5705002,2.6861040568858643,24.916149,31.418166,5
47e9e27b-4a99-5ecb-af0f-eabb7d128a52,2288170,187,CASH_OUT,57513.21,310927.0,85507.42,High,1.0,4096,29.853109,29.3468668,0.848359001076608,28.393776,30.082968,5
47e9e27b-4a99-5ecb-af0f-eabb7d128a52,2288170,187,CASH_OUT,57513.21,310927.0,85507.42,Low,0.6,1024,46.072568,45.8249464,2.586100836081184,43.154097,48.429939,5
47e9e27b-4a99-5ecb-af0f-eabb7d128a52,2288170,187,CASH_OUT,57513.21,310927.0,85507.42,Medium,0.75,2048,35.539029,35.9192002,4.084871766910891,31.470152,40.640977,5
4803e211-29c2-5222-b550-2af225cff654,2187294,185,CASH_OUT,531.07,250472.0,0.0,High,1.0,4096,31.131463,30.647961,1.3841007399577174,29.166186,32.434443,5
4803e211-29c2-5222-b550-2af225cff654,2187294,185,CASH_OUT,531.07,250472.0,0.0,Low,0.6,1024,46.551437,45.919623,2.6225312296747787,43.151027,48.559747,5
4803e211-29c2-5222-b550-2af225cff654,2187294,185,CASH_OUT,531.07,250472.0,0.0,Medium,0.75,2048,37.187373,37.658612,2.245446671218225,35.260177,40.027965,5
482789ca-6ae9-5dfd-8ab2-57b07e87dd11,3764903,279,PAYMENT,5163.59,340863.24,0.0,High,1.0,4096,26.006824,25.760953,0.6461005673492325,24.886401,26.447764,5
482789ca-6ae9-5dfd-8ab2-57b07e87dd11,3764903,279,PAYMENT,5163.59,340863.24,0.0,Low,0.6,1024,39.979053,41.2214118,3.0902477134556228,39.496215,46.724226,5
482789ca-6ae9-5dfd-8ab2-57b07e87dd11,3764903,279,PAYMENT,5163.59,340863.24,0.0,Medium,0.75,2048,31.193053,31.1300424,1.8140130373950731,29.473031,34.001844,5
48b6e754-652e-540d-b04e-77eafe782cf8,1653140,158,TRANSFER,9227.95,20137.0,166274.39,High,1.0,4096,37.8692,37.9894878,0.2876228893146371,37.646563,38.317819,5
48b6e754-652e-540d-b04e-77eafe782cf8,1653140,158,TRANSFER,9227.95,20137.0,166274.39,Low,0.6,1024,58.109015,56.5850942,3.2064050927343377,50.956285,58.559892,5
48b6e754-652e-540d-b04e-77eafe782cf8,1653140,158,TRANSFER,9227.95,20137.0,166274.39,Medium,0.75,2048,46.161472,45.2111556,1.875609901718451,42.085475,46.61596,5
48fd5036-9096-5791-9306-d6470463627b,988863,45,DEBIT,9803.2,35837.49,239052.32,High,1.0,4096,30.594544,30.6246532,0.0491020195073482,30.5939,30.707158,5
48fd5036-9096-5791-9306-d6470463627b,988863,45,DEBIT,9803.2,35837.49,239052.32,Low,0.6,1024,52.855434,52.4973672,1.4712329955155663,50.790802,54.057453,5
48fd5036-9096-5791-9306-d6470463627b,988863,45,DEBIT,9803.2,35837.49,239052.32,Medium,0.75,2048,40.506636,40.6489182,0.4707799648532209,40.284382,41.459212,5
4917b270-f264-5b3c-bc94-805958881348,6020314,462,TRANSFER,151994.59,151994.59,0.0,High,1.0,4096,34.675673,34.5326344,0.295156095825243,34.206609,34.799545,5
4917b270-f264-5b3c-bc94-805958881348,6020314,462,TRANSFER,151994.59,151994.59,0.0,Low,0.6,1024,59.884133,57.983865,4.178143752168478,50.511315,59.91096,5
4917b270-f264-5b3c-bc94-805958881348,6020314,462,TRANSFER,151994.59,151994.59,0.0,Medium,0.75,2048,47.438851,46.3915542,2.698481074012602,43.282928,49.62292,5
49410abc-a6ad-5655-abb7-bfae8ae98437,1840183,163,PAYMENT,69.89,52813.0,0.0,High,1.0,4096,25.167318,25.4574232,0.7113702464727494,25.07886,26.725172,5
49410abc-a6ad-5655-abb7-bfae8ae98437,1840183,163,PAYMENT,69.89,52813.0,0.0,Low,0.6,1024,39.865899,39.8784024,0.1328176640804976,39.686547,40.025456,5
49410abc-a6ad-5655-abb7-bfae8ae98437,1840183,163,PAYMENT,69.89,52813.0,0.0,Medium,0.75,2048,32.336189,32.4073292,2.0567696299102622,30.075385,35.529776,5
49449617-6ceb-5927-9d23-7ee69e1b3a73,4703184,331,CASH_IN,68192.68,25523.0,181073.68,High,1.0,4096,21.507951,21.9193438,0.6098989594454972,21.47949,22.815883,5
49449617-6ceb-5927-9d23-7ee69e1b3a73,4703184,331,CASH_IN,68192.68,25523.0,181073.68,Low,0.6,1024,33.887512,34.101921000000004,2.0713058320052604,31.980702,36.460469,5
49449617-6ceb-5927-9d23-7ee69e1b3a73,4703184,331,CASH_IN,68192.68,25523.0,181073.68,Medium,0.75,2048,26.838734,26.7191588,3.3661030959507467,21.66536,30.40249,5
4a499576-8c25-560c-8d4f-8c3d4ad38cd4,154190,12,PAYMENT,22886.0,45152.66,0.0,High,1.0,4096,23.973822,24.021921,0.276560781554436,23.731084,24.448796,5
4a499576-8c25-560c-8d4f-8c3d4ad38cd4,154190,12,PAYMENT,22886.0,45152.66,0.0,Low,0.6,1024,39.117433,40.3745032,2.9809768567675445,38.633278,45.663347,5
4a499576-8c25-560c-8d4f-8c3d4ad38cd4,154190,12,PAYMENT,22886.0,45152.66,0.0,Medium,0.75,2048,31.184642,31.8034826,1.9698327886966187,29.198009,34.135526,5
4a4dcb91-10af-5c4a-9af7-6655ec54a4c0,6151576,546,CASH_OUT,11694.4,20654.0,192782.72,High,1.0,4096,27.717677,27.8089246,0.3276128794527168,27.484216,28.292287,5
4a4dcb91-10af-5c4a-9af7-6655ec54a4c0,6151576,546,CASH_OUT,11694.4,20654.0,192782.72,Low,0.6,1024,47.530373,47.2153238,2.2051797639806376,44.332482,49.730041,5
4a4dcb91-10af-5c4a-9af7-6655ec54a4c0,6151576,546,CASH_OUT,11694.4,20654.0,192782.72,Medium,0.75,2048,37.099669,37.4607092,3.545414473460996,31.96408,40.793148,5
4b238cf0-8b0d-5c34-a7f5-69ed6e692610,4543150,326,CASH_IN,209436.95,4417868.24,520954.64,High,1.0,4096,22.36787,22.894414,0.989422358037001,22.253722,24.603927,5
4b238cf0-8b0d-5c34-a7f5-69ed6e692610,4543150,326,CASH_IN,209436.95,4417868.24,520954.64,Low,0.6,1024,29.753403,31.9482422,3.693632007337318,28.446977,36.389259,5
4b238cf0-8b0d-5c34-a7f5-69ed6e692610,4543150,326,CASH_IN,209436.95,4417868.24,520954.64,Medium,0.75,2048,26.655264,27.3253814,3.740037023230625,22.359384,32.709706,5
4b353f08-e1df-59e5-b887-ac5043fe116e,5216219,370,PAYMENT,15330.88,120535.0,0.0,High,1.0,4096,24.031188,24.1410294,0.3159409830867155,23.876698,24.688151,5
4b353f08-e1df-59e5-b887-ac5043fe116e,5216219,370,PAYMENT,15330.88,120535.0,0.0,Low,0.6,1024,39.172899,40.5859304,2.260560614000054,38.741858,43.135283,5
4b353f08-e1df-59e5-b887-ac5043fe116e,5216219,370,PAYMENT,15330.88,120535.0,0.0,Medium,0.75,2048,31.351865,32.3863138,1.7480279156697405,31.075413,34.977576,5
4c046df8-09f8-510d-92d1-414ed259c5b4,6360740,716,TRANSFER,921393.95,921393.95,0.0,High,1.0,4096,34.665781,34.6799444,0.1617664397358125,34.497724,34.936163,5
4c046df8-09f8-510d-92d1-414ed259c5b4,6360740,716,TRANSFER,921393.95,921393.95,0.0,Low,0.6,1024,55.912696,56.1487422,2.714781770809343,52.7529,60.262427,5
4c046df8-09f8-510d-92d1-414ed259c5b4,6360740,716,TRANSFER,921393.95,921393.95,0.0,Medium,0.75,2048,46.112796,45.537286,1.903189181967466,43.591526,48.13869,5
4c1b68a2-df2c-5e23-899f-135ec5d4047d,1157330,131,DEBIT,22561.62,43467.52,1232360.11,High,1.0,4096,31.157977,31.2430146,0.5371121873475794,30.686126,32.11496,5
4c1b68a2-df2c-5e23-899f-135ec5d4047d,1157330,131,DEBIT,22561.62,43467.52,1232360.11,Low,0.6,1024,51.075007,50.4400568,4.584631485728401,43.637405,56.333271,5
4c1b68a2-df2c-5e23-899f-135ec5d4047d,1157330,131,DEBIT,22561.62,43467.52,1232360.11,Medium,0.75,2048,40.446393,41.5023348,1.7611008530336076,40.122783,44.09266,5
4c1df3f4-29a3-547d-a408-8222c6d90501,6357482,710,PAYMENT,4850.35,99186.0,0.0,High,1.0,4096,23.906336,24.1335242,0.4145677160557723,23.867013,24.848131,5
4c1df3f4-29a3-547d-a408-8222c6d90501,6357482,710,PAYMENT,4850.35,99186.0,0.0,Low,0.6,1024,38.929795,39.6723362,3.4601527976228432,36.118859,45.467285,5
4c1df3f4-29a3-547d-a408-8222c6d90501,6357482,710,PAYMENT,4850.35,99186.0,0.0,Medium,0.75,2048,31.980066,32.5847796,1.5552061586642767,31.032855,34.996742,5
4e076bd8-c0dc-57f1-93c4-269e95a4cb8d,972598,44,CASH_OUT,39440.95,40188.0,0.0,High,1.0,4096,27.439293,27.8194498,0.614638087049363,27.367718,28.753453,5
4e076bd8-c0dc-57f1-93c4-269e95a4cb8d,972598,44,CASH_OUT,39440.95,40188.0,0.0,Low,0.6,1024,43.195942,46.9336658,6.651098214271475,42.611947,58.191442,5
4e076bd8-c0dc-57f1-93c4-269e95a4cb8d,972598,44,CASH_OUT,39440.95,40188.0,0.0,Medium,0.75,2048,36.803888,35.5465386,1.9604269965194576,32.649723,36.962071,5
4e1f5d0d-dfac-5477-800d-f585f8e4cd51,3053751,234,CASH_IN,15635.81,29945.0,427056.89,High,1.0,4096,22.8474,23.1160736,0.673457589124437,22.53478,24.166355,5
4e1f5d0d-dfac-5477-800d-f585f8e4cd51,3053751,234,CASH_IN,15635.81,29945.0,427056.89,Low,0.6,1024,40.666392,37.7154816,5.457982614283166,31.595089,42.225132,5
4e1f5d0d-dfac-5477-800d-f585f8e4cd51,3053751,234,CASH_IN,15635.81,29945.0,427056.89,Medium,0.75,2048,28.708233,27.8385964,3.264900836789274,22.868807,30.769102,5
4e27569a-1e09-5735-8c47-ce3ec1034469,3797,3,PAYMENT,429.8,48385.89,0.0,High,1.0,4096,24.592912,24.8338648,0.3945737140024675,24.497348,25.284479,5
4e27569a-1e09-5735-8c47-ce3ec1034469,3797,3,PAYMENT,429.8,48385.89,0.0,Low,0.6,1024,38.48541,38.9331522,5.083714766461253,34.760885,47.203992,5
4e27569a-1e09-5735-8c47-ce3ec1034469,3797,3,PAYMENT,429.8,48385.89,0.0,Medium,0.75,2048,31.088111,33.2532812,3.842992530285311,29.607344,37.784455,5
4efbfd4d-5a0c-5c62-bf37-db1c5e67d403,1686359,159,DEBIT,9764.58,33036.0,199728.98,High,1.0,4096,30.915548,30.9386968,0.1979579323055785,30.733946,31.205719,5
4efbfd4d-5a0c-5c62-bf37-db1c5e67d403,1686359,159,DEBIT,9764.58,33036.0,199728.98,Low,0.6,1024,53.363428,52.2943966,1.6852652523660174,50.349433,53.754056,5
4efbfd4d-5a0c-5c62-bf37-db1c5e67d403,1686359,159,DEBIT,9764.58,33036.0,199728.98,Medium,0.75,2048,42.311894,40.847365,2.323742095467136,38.246472,42.854319,5
4f4461c6-d62b-5328-8f3b-800dd35e5de1,4375901,311,DEBIT,1922.39,20399.0,210001.27,High,1.0,4096,31.895033,31.7281296,0.3294894136133968,31.267582,31.993286,5
4f4461c6-d62b-5328-8f3b-800dd35e5de1,4375901,311,DEBIT,1922.39,20399.0,210001.27,Low,0.6,1024,54.404939,52.179478,4.227648060074536,45.091357,55.230956,5
4f4461c6-d62b-5328-8f3b-800dd35e5de1,4375901,311,DEBIT,1922.39,20399.0,210001.27,Medium,0.75,2048,40.461676,41.5917522,2.8533279405464755,39.833832,46.669667,5
503a27d6-c901-58ff-97c4-ed11d64603e0,6131928,543,TRANSFER,57204.07,57204.07,0.0,High,1.0,4096,34.175231,34.328645,0.3449045918924555,34.139463,34.942677,5
503a27d6-c901-58ff-97c4-ed11d64603e0,6131928,543,TRANSFER,57204.07,57204.07,0.0,Low,0.6,1024,56.823625,56.6256512,4.298680966845026,52.001784,63.181098,5
503a27d6-c901-58ff-97c4-ed11d64603e0,6131928,543,TRANSFER,57204.07,57204.07,0.0,Medium,0.75,2048,47.306267,47.0725784,3.4530731318817733,41.417271,50.146671,5
5086e784-7196-5863-9b8a-c925cce0b513,4296048,307,CASH_OUT,7403.78,432853.89,37714.02,High,1.0,4096,29.470672,29.150721,0.5966850498244437,28.415458,29.740432,5
5086e784-7196-5863-9b8a-c925cce0b513,4296048,307,CASH_OUT,7403.78,432853.89,37714.02,Low,0.6,1024,48.784901,48.7314992,3.6236794081516375,43.135539,53.129764,5
5086e784-7196-5863-9b8a-c925cce0b513,4296048,307,CASH_OUT,7403.78,432853.89,37714.02,Medium,0.75,2048,37.223158,36.7145852,1.1822453639590624,34.641716,37.494602,5
51268208-64ea-5774-ab37-a5eada5c0b5d,5125102,356,TRANSFER,585508.15,976553.0,62197.7,High,1.0,4096,36.42955,36.3415336,0.83278503755549,34.989714,37.273914,5
51268208-64ea-5774-ab37-a5eada5c0b5d,5125102,356,TRANSFER,585508.15,976553.0,62197.7,Low,0.6,1024,57.877424,56.389373,3.3719769116888973,52.778994,60.041838,5
51268208-64ea-5774-ab37-a5eada5c0b5d,5125102,356,TRANSFER,585508.15,976553.0,62197.7,Medium,0.75,2048,46.062059,45.5682576,1.5075079353952991,43.959288,47.175499,5
51bf61fc-4bef-5a0b-ba3a-db560b7c15ae,4733352,332,CASH_OUT,14269.25,85871.0,1617750.19,High,1.0,4096,29.876167,29.5322622,0.7128053975670361,28.464813,30.123807,5
51bf61fc-4bef-5a0b-ba3a-db560b7c15ae,4733352,332,CASH_OUT,14269.25,85871.0,1617750.19,Low,0.6,1024,44.631071,46.5160048,3.635492228554986,43.087724,50.829825,5
51bf61fc-4bef-5a0b-ba3a-db560b7c15ae,4733352,332,CASH_OUT,14269.25,85871.0,1617750.19,Medium,0.75,2048,35.677408,37.3159116,2.517532129162663,35.358288,40.491808,5
51f25864-70bb-5a54-8692-45f1235084d4,636735,35,TRANSFER,356490.7,1001169.19,1689293.47,High,1.0,4096,34.985833,35.180127,0.5285011489140777,34.644978,35.958025,5
51f25864-70bb-5a54-8692-45f1235084d4,636735,35,TRANSFER,356490.7,1001169.19,1689293.47,Low,0.6,1024,58.194563,57.2333372,3.328665696663411,52.161398,60.266201,5
51f25864-70bb-5a54-8692-45f1235084d4,636735,35,TRANSFER,356490.7,1001169.19,1689293.47,Medium,0.75,2048,47.412535,46.1996726,2.839071694531825,43.081632,49.468172,5
52ae4d57-4a9b-5ed4-ac7a-40f98ad53cf8,2797928,217,CASH_IN,69157.52,8576780.1,571137.18,High,1.0,4096,21.632735,21.7758962,0.5257369845166884,21.421937,22.692212,5
52ae4d57-4a9b-5ed4-ac7a-40f98ad53cf8,2797928,217,CASH_IN,69157.52,8576780.1,571137.18,Low,0.6,1024,36.845909,35.9703074,2.843331834219195,31.974684,39.511523,5
52ae4d57-4a9b-5ed4-ac7a-40f98ad53cf8,2797928,217,CASH_IN,69157.52,8576780.1,571137.18,Medium,0.75,2048,27.211112,27.5582784,2.1251922869717697,25.116004,30.220599,5
52bb35c2-0cf8-5d76-95d2-18cee5bf6593,3949050,287,TRANSFER,58046.56,74796.0,176830.99,High,1.0,4096,36.340498,36.2681404,0.6753476776711379,35.162545,36.965243,5
52bb35c2-0cf8-5d76-95d2-18cee5bf6593,3949050,287,TRANSFER,58046.56,74796.0,176830.99,Low,0.6,1024,58.137745,57.3110178,2.7282100487055065,52.637324,59.781658,5
52bb35c2-0cf8-5d76-95d2-18cee5bf6593,3949050,287,TRANSFER,58046.56,74796.0,176830.99,Medium,0.75,2048,44.791783,45.9009198,2.224786283330085,44.075208,49.471579,5
532cb3d3-5f9c-59aa-ba03-f6e2230b8058,4604924,329,DEBIT,17013.57,23775.0,3691137.82,High,1.0,4096,32.486935,33.622381,1.6468668657822656,32.415467,35.944678,5
532cb3d3-5f9c-59aa-ba03-f6e2230b8058,4604924,329,DEBIT,17013.57,23775.0,3691137.82,Low,0.6,1024,51.908179,51.7248638,3.451278571089373,46.570893,54.851035,5
532cb3d3-5f9c-59aa-ba03-f6e2230b8058,4604924,329,DEBIT,17013.57,23775.0,3691137.82,Medium,0.75,2048,39.120942,40.593116,2.3659033594870285,38.643207,43.289549,5
537539b2-1eca-55bc-ae30-d94747c11b06,2992469,232,DEBIT,13985.97,32144.0,940444.52,High,1.0,4096,34.538066,34.2975852,1.0652685381244011,32.442194,35.073291,5
537539b2-1eca-55bc-ae30-d94747c11b06,2992469,232,DEBIT,13985.97,32144.0,940444.52,Low,0.6,1024,52.081356,52.90677,2.4029761554009434,49.807597,55.671221,5
537539b2-1eca-55bc-ae30-d94747c11b06,2992469,232,DEBIT,13985.97,32144.0,940444.52,Medium,0.75,2048,42.523681,41.0220298,2.313685788870584,38.404496,42.814569,5
5411e666-5a63-5f28-a5a2-7bc1f5150776,143281,11,PAYMENT,14518.74,50952.0,0.0,High,1.0,4096,24.588833,25.0205554,0.7153318328533269,24.471257,26.100542,5
5411e666-5a63-5f28-a5a2-7bc1f5150776,143281,11,PAYMENT,14518.74,50952.0,0.0,Low,0.6,1024,42.338867,40.1070728,4.6439051872621935,32.734624,44.298078,5
5411e666-5a63-5f28-a5a2-7bc1f5150776,143281,11,PAYMENT,14518.74,50952.0,0.0,Medium,0.75,2048,30.566886,32.071058,3.716751085230149,28.745138,37.052035,5
54c0ed51-46da-5da8-9f73-58b52d6e42c3,1184963,132,DEBIT,1410.65,37082.22,365714.78,High,1.0,4096,34.52461,33.7853604,1.1947011274491617,32.404425,34.894133,5
54c0ed51-46da-5da8-9f73-58b52d6e42c3,1184963,132,DEBIT,1410.65,37082.22,365714.78,Low,0.6,1024,49.76426,51.6090776,5.2427125824991405,46.588136,58.86687,5
54c0ed51-46da-5da8-9f73-58b52d6e42c3,1184963,132,DEBIT,1410.65,37082.22,365714.78,Medium,0.75,2048,42.70425,41.2397388,2.349371046494296,38.484303,43.081296,5
54d025f6-1c5c-5346-9eb1-7e7aa9bcda0c,1242277,134,CASH_IN,26108.48,1506692.99,91401.57,High,1.0,4096,20.96369,21.063246,0.4506923290472117,20.685872,21.842122,5
54d025f6-1c5c-5346-9eb1-7e7aa9bcda0c,1242277,134,CASH_IN,26108.48,1506692.99,91401.57,Low,0.6,1024,34.422701,33.9214048,2.2969032539793006,30.254966,36.517342,5
54d025f6-1c5c-5346-9eb1-7e7aa9bcda0c,1242277,134,CASH_IN,26108.48,1506692.99,91401.57,Medium,0.75,2048,27.668438,27.4141386,2.5515135245977625,23.15228,29.577811,5
553317d2-cdb9-54a5-9289-aabfce273dab,884051,42,TRANSFER,13276.81,242578.0,4887286.95,High,1.0,4096,36.21816,36.0074922,0.4873956112407049,35.135748,36.237383,5
553317d2-cdb9-54a5-9289-aabfce273dab,884051,42,TRANSFER,13276.81,242578.0,4887286.95,Low,0.6,1024,58.925954,56.8530944,3.277723971476062,53.207373,59.467841,5
553317d2-cdb9-54a5-9289-aabfce273dab,884051,42,TRANSFER,13276.81,242578.0,4887286.95,Medium,0.75,2048,44.573528,45.6560446,3.775495670593769,40.539577,49.787028,5
55545e5d-dbb4-5fa8-981c-8ced94adfd83,3417353,256,PAYMENT,2541.5,30455.0,0.0,High,1.0,4096,24.019584,24.0935484,0.1536685348511534,23.947148,24.322357,5
55545e5d-dbb4-5fa8-981c-8ced94adfd83,3417353,256,PAYMENT,2541.5,30455.0,0.0,Low,0.6,1024,38.951494,39.9005316,1.7625667867656245,38.868727,42.977633,5
55545e5d-dbb4-5fa8-981c-8ced94adfd83,3417353,256,PAYMENT,2541.5,30455.0,0.0,Medium,0.75,2048,31.675033,32.1448608,1.9943820083762027,29.684818,34.87902,5
55665210-a7dc-5c7a-89e2-9d37a0f10f3f,2000818,179,CASH_IN,270670.77,1437.0,0.0,High,1.0,4096,20.540391,20.662629,0.3012697697015088,20.49992,21.199974,5
55665210-a7dc-5c7a-89e2-9d37a0f10f3f,2000818,179,CASH_IN,270670.77,1437.0,0.0,Low,0.6,1024,35.133092,34.7539182,3.2657958291386957,30.760857,39.411591,5
55665210-a7dc-5c7a-89e2-9d37a0f10f3f,2000818,179,CASH_IN,270670.77,1437.0,0.0,Medium,0.75,2048,28.235926,27.8407866,3.350868496945352,22.22654,30.807499,5
560a78dd-0bf6-5783-a15c-e3d10bcf3ba7,4144166,303,CASH_OUT,68355.87,83405.0,308296.55,High,1.0,4096,28.011539,27.922366,0.4263407239761403,27.418465,28.51973,5
560a78dd-0bf6-5783-a15c-e3d10bcf3ba7,4144166,303,CASH_OUT,68355.87,83405.0,308296.55,Low,0.6,1024,47.54436,47.0445162,2.073479544378772,44.336863,49.677734,5
560a78dd-0bf6-5783-a15c-e3d10bcf3ba7,4144166,303,CASH_OUT,68355.87,83405.0,308296.55,Medium,0.75,2048,36.36583,35.864972800000004,1.4171041228020964,33.993926,37.264345,5
570e915c-091d-50d7-b86c-d80031c489d4,2875559,227,TRANSFER,53511.55,125656.0,450068.66,High,1.0,4096,38.037267,38.060878,0.2508129268757898,37.726997,38.417356,5
570e915c-091d-50d7-b86c-d80031c489d4,2875559,227,TRANSFER,53511.55,125656.0,450068.66,Low,0.6,1024,57.982414,58.2857794,0.7814076712163777,57.43825,59.267477,5
570e915c-091d-50d7-b86c-d80031c489d4,2875559,227,TRANSFER,53511.55,125656.0,450068.66,Medium,0.75,2048,48.271747,48.1052376,1.0441179505248923,46.350995,49.05459,5
5767e7e9-cedc-5f35-a529-4f4c45b8df2e,3820282,281,PAYMENT,4662.46,13524.66,0.0,High,1.0,4096,25.431381,25.280767,0.6119718852974375,24.626423,25.954458,5
5767e7e9-cedc-5f35-a529-4f4c45b8df2e,3820282,281,PAYMENT,4662.46,13524.66,0.0,Low,0.6,1024,39.009929,39.5234974,3.296392281026152,34.723377,42.748531,5
5767e7e9-cedc-5f35-a529-4f4c45b8df2e,3820282,281,PAYMENT,4662.46,13524.66,0.0,Medium,0.75,2048,36.600993,34.9299046,4.9887254670655405,28.722554,40.792277,5
578a0cb7-eb86-557c-a856-370b35f15697,693268,36,CASH_OUT,52640.96,316385.78,333418.12,High,1.0,4096,27.979078,27.8503838,0.2910177079091574,27.494357,28.192189,5
578a0cb7-eb86-557c-a856-370b35f15697,693268,36,CASH_OUT,52640.96,316385.78,333418.12,Low,0.6,1024,46.313735,46.6897482,1.7519923080913338,44.50064,48.773588,5
578a0cb7-eb86-557c-a856-370b35f15697,693268,36,CASH_OUT,52640.96,316385.78,333418.12,Medium,0.75,2048,36.455234,37.2442894,3.750577603523327,33.910445,43.6416,5
57a6b1c4-caa0-54f5-9bf9-1c29ffd0f9f9,1059658,114,TRANSFER,966222.5,966222.5,0.0,High,1.0,4096,36.227668,36.1765542,0.3204596897141685,35.655995,36.538369,5
57a6b1c4-caa0-54f5-9bf9-1c29ffd0f9f9,1059658,114,TRANSFER,966222.5,966222.5,0.0,Low,0.6,1024,59.098776,57.965702,2.7349432250465457,53.107092,59.471158,5
57a6b1c4-caa0-54f5-9bf9-1c29ffd0f9f9,1059658,114,TRANSFER,966222.5,966222.5,0.0,Medium,0.75,2048,47.683669,47.1518368,2.3380098702323093,44.420754,49.481152,5
57d08e8c-e7b9-57e0-a988-5ff06945e061,5625536,395,DEBIT,694.66,25626.0,20969.96,High,1.0,4096,30.742756,30.6955164,0.1652050330900965,30.502566,30.907014,5
57d08e8c-e7b9-57e0-a988-5ff06945e061,5625536,395,DEBIT,694.66,25626.0,20969.96,Low,0.6,1024,50.871881,51.8772662,3.226952510202576,48.662825,57.179929,5
57d08e8c-e7b9-57e0-a988-5ff06945e061,5625536,395,DEBIT,694.66,25626.0,20969.96,Medium,0.75,2048,42.457715,41.6885056,3.2732819434525964,38.241302,46.301091,5
5861d70e-e9f4-592a-8df1-745c47b242a2,452640,19,PAYMENT,6206.96,50015.0,0.0,High,1.0,4096,24.041541,24.0165098,0.1917544865725433,23.781656,24.244352,5
5861d70e-e9f4-592a-8df1-745c47b242a2,452640,19,PAYMENT,6206.96,50015.0,0.0,Low,0.6,1024,39.403159,40.3126626,1.95804117913064,39.328589,43.807284,5
5861d70e-e9f4-592a-8df1-745c47b242a2,452640,19,PAYMENT,6206.96,50015.0,0.0,Medium,0.75,2048,31.259487,31.6024906,1.6455991108647336,29.297945,33.282395,5
58f9101f-671f-5af0-a55e-863a70bfd383,2081292,182,DEBIT,635.26,2291.0,216462.9,High,1.0,4096,32.226389,31.8474042,0.5520807928543601,31.216489,32.275636,5
58f9101f-671f-5af0-a55e-863a70bfd383,2081292,182,DEBIT,635.26,2291.0,216462.9,Low,0.6,1024,50.927256,51.6275958,2.1516132783268,48.921736,54.564968,5
58f9101f-671f-5af0-a55e-863a70bfd383,2081292,182,DEBIT,635.26,2291.0,216462.9,Medium,0.75,2048,39.98496,40.7315676,1.8141306363629928,39.533643,43.945873,5
591f7192-0db6-5355-bab8-13723fdf9764,1374512,138,CASH_IN,226851.81,73080.0,1951027.58,High,1.0,4096,20.605643,20.7158878,0.3087535903535383,20.479794,21.238472,5
591f7192-0db6-5355-bab8-13723fdf9764,1374512,138,CASH_IN,226851.81,73080.0,1951027.58,Low,0.6,1024,35.219895,34.616164000000005,1.818536457001618,32.610722,36.337459,5
591f7192-0db6-5355-bab8-13723fdf9764,1374512,138,CASH_IN,226851.81,73080.0,1951027.58,Medium,0.75,2048,28.318657,27.0664596,3.5058026420843773,23.239931,30.262647,5
597ce5ee-2a19-5d81-b0a7-8564ae063242,4906023,349,CASH_IN,301098.53,2772543.45,2485395.86,High,1.0,4096,21.578801,21.5595462,0.0468451461861308,21.477975,21.592091,5
597ce5ee-2a19-5d81-b0a7-8564ae063242,4906023,349,CASH_IN,301098.53,2772543.45,2485395.86,Low,0.6,1024,32.149098,34.0927042,4.134572900064733,30.039805,40.500951,5
597ce5ee-2a19-5d81-b0a7-8564ae063242,4906023,349,CASH_IN,301098.53,2772543.45,2485395.86,Medium,0.75,2048,26.563198,27.8029956,2.609244102760471,25.403869,31.044005,5
59c4591e-3989-5ee5-b771-5d4c6527a315,2355940,190,PAYMENT,10028.78,51369.0,0.0,High,1.0,4096,25.001721,25.2484722,0.6354151438710752,24.874499,26.380232,5
59c4591e-3989-5ee5-b771-5d4c6527a315,2355940,190,PAYMENT,10028.78,51369.0,0.0,Low,0.6,1024,41.548305,40.7297618,5.120457240638741,35.621455,47.41357,5
59c4591e-3989-5ee5-b771-5d4c6527a315,2355940,190,PAYMENT,10028.78,51369.0,0.0,Medium,0.75,2048,33.680773,32.0654644,3.240320887844568,28.232953,35.31087,5
59c5ec8a-0492-5718-a4d7-f227cccc32fe,4725771,332,CASH_OUT,7028.93,76091.0,0.0,High,1.0,4096,29.462302,29.1997176,0.8274913644170558,28.280051,30.309577,5
59c5ec8a-0492-5718-a4d7-f227cccc32fe,4725771,332,CASH_OUT,7028.93,76091.0,0.0,Low,0.6,1024,44.325603,46.0638706,4.150201048414559,42.286233,50.817768,5
59c5ec8a-0492-5718-a4d7-f227cccc32fe,4725771,332,CASH_OUT,7028.93,76091.0,0.0,Medium,0.75,2048,37.51784,37.595038,3.098630087610654,32.852137,41.165685,5
5a3737c3-fbb2-5b5a-8d7e-25bec66df710,4779627,335,CASH_OUT,202401.17,574235.94,1276745.5,High,1.0,4096,27.700394,27.8343394,0.5488383012256888,27.412597,28.781555,5
5a3737c3-fbb2-5b5a-8d7e-25bec66df710,4779627,335,CASH_OUT,202401.17,574235.94,1276745.5,Low,0.6,1024,46.138911,46.6332946,1.7739025742636765,44.261274,48.805904,5
5a3737c3-fbb2-5b5a-8d7e-25bec66df710,4779627,335,CASH_OUT,202401.17,574235.94,1276745.5,Medium,0.75,2048,36.810117,36.4822664,1.1796415527109485,34.409776,37.285768,5
5ad3d190-aa6d-5af9-95d0-186aa170d032,2469464,204,CASH_IN,19479.94,84692.0,7884.4,High,1.0,4096,21.169746,21.2709412,0.3006094168679688,21.059671,21.798414,5
5ad3d190-aa6d-5af9-95d0-186aa170d032,2469464,204,CASH_IN,19479.94,84692.0,7884.4,Low,0.6,1024,33.369653,33.8407276,3.2851600817754374,31.276052,39.445203,5
5ad3d190-aa6d-5af9-95d0-186aa170d032,2469464,204,CASH_IN,19479.94,84692.0,7884.4,Medium,0.75,2048,28.691564,28.7636396,1.2025413496654909,27.425917,30.196832,5
5b3f2cd2-94c2-5aef-bef2-55f45dcd80b9,5943723,405,TRANSFER,117288.32,397352.0,243100.61,High,1.0,4096,34.855172,34.8811728,0.1469817462312924,34.697218,35.086768,5
5b3f2cd2-94c2-5aef-bef2-55f45dcd80b9,5943723,405,TRANSFER,117288.32,397352.0,243100.61,Low,0.6,1024,56.210377,57.3488302,2.4975238659840087,54.438174,60.200727,5
5b3f2cd2-94c2-5aef-bef2-55f45dcd80b9,5943723,405,TRANSFER,117288.32,397352.0,243100.61,Medium,0.75,2048,47.922595,46.805995,2.4555977020343773,42.895982,49.183708,5
5b836fd8-e7e6-5c35-8826-28cb27241912,2556520,206,DEBIT,4355.93,50052.0,71910.42,High,1.0,4096,30.752301,30.6926004,0.1051789518097595,30.553823,30.790998,5
5b836fd8-e7e6-5c35-8826-28cb27241912,2556520,206,DEBIT,4355.93,50052.0,71910.42,Low,0.6,1024,52.296527,51.9622528,2.469360399316836,48.527164,54.678083,5
5b836fd8-e7e6-5c35-8826-28cb27241912,2556520,206,DEBIT,4355.93,50052.0,71910.42,Medium,0.75,2048,40.5334,40.6256764,0.2896932679236773,40.343431,41.026115,5
5baa184a-7598-5583-9a53-53c4490596ee,2971916,231,CASH_OUT,34624.31,458468.0,0.0,High,1.0,4096,27.275568,27.39602,0.3994856375378216,27.141977,28.101785,5
5baa184a-7598-5583-9a53-53c4490596ee,2971916,231,CASH_OUT,34624.31,458468.0,0.0,Low,0.6,1024,46.822547,45.9481046,3.3557912707632465,42.295069,49.120035,5
5baa184a-7598-5583-9a53-53c4490596ee,2971916,231,CASH_OUT,34624.31,458468.0,0.0,Medium,0.75,2048,34.52683,35.2251964,1.9215576424217145,32.747548,37.348172,5
5bbbe317-cdc2-5cd6-83c1-e78ef21185ca,5187594,362,DEBIT,2788.96,19853.0,407441.91,High,1.0,4096,31.354521,31.2258264,0.2752412713698653,30.765902,31.433346,5
5bbbe317-cdc2-5cd6-83c1-e78ef21185ca,5187594,362,DEBIT,2788.96,19853.0,407441.91,Low,0.6,1024,50.980496,53.4190484,4.970741582815314,49.273408,60.527282,5
5bbbe317-cdc2-5cd6-83c1-e78ef21185ca,5187594,362,DEBIT,2788.96,19853.0,407441.91,Medium,0.75,2048,39.980591,42.4368654,3.4845123659636084,39.936706,47.317016,5
5bd88827-283b-5e00-a82b-34d3c9cf8c35,925984,43,TRANSFER,303823.04,545142.23,3634619.17,High,1.0,4096,36.731272,36.5710028,0.7359814162475162,35.295747,37.17722,5
5bd88827-283b-5e00-a82b-34d3c9cf8c35,925984,43,TRANSFER,303823.04,545142.23,3634619.17,Low,0.6,1024,58.676615,57.5638772,3.2883493161072783,51.798857,59.901147,5
5bd88827-283b-5e00-a82b-34d3c9cf8c35,925984,43,TRANSFER,303823.04,545142.23,3634619.17,Medium,0.75,2048,44.249478,45.0201776,2.948222333901361,42.167557,49.491665,5
5cab488c-fc87-590e-b92b-f6a390a28e7b,5679473,397,CASH_OUT,83522.16,152864.0,0.0,High,1.0,4096,27.822294,27.7809678,0.300350601730212,27.431305,28.183399,5
5cab488c-fc87-590e-b92b-f6a390a28e7b,5679473,397,CASH_OUT,83522.16,152864.0,0.0,Low,0.6,1024,47.87644,45.745032,5.0070584693970765,40.325389,50.426853,5
5cab488c-fc87-590e-b92b-f6a390a28e7b,5679473,397,CASH_OUT,83522.16,152864.0,0.0,Medium,0.75,2048,36.831036,36.6851136,0.9151170878883756,35.139471,37.536197,5
5cd063e2-d56b-5df1-8b02-fad4bbef6579,5922474,404,CASH_OUT,226034.94,615167.0,572688.97,High,1.0,4096,27.9661,28.2556738,0.492723839101783,27.832403,28.899292,5
5cd063e2-d56b-5df1-8b02-fad4bbef6579,5922474,404,CASH_OUT,226034.94,615167.0,572688.97,Low,0.6,1024,41.908818,44.918048,4.270467959523816,41.620929,49.838516,5
5cd063e2-d56b-5df1-8b02-fad4bbef6579,5922474,404,CASH_OUT,226034.94,615167.0,572688.97,Medium,0.75,2048,36.514553,37.170388,3.907254386799827,34.114584,43.824811,5
5d31e1d6-dd8c-5884-b327-db2187b33764,6349144,695,TRANSFER,74417.88,179110.94,953729.45,High,1.0,4096,37.826677,37.0803278,1.1686815105244437,35.654636,38.117175,5
5d31e1d6-dd8c-5884-b327-db2187b33764,6349144,695,TRANSFER,74417.88,179110.94,953729.45,Low,0.6,1024,58.138724,57.5388612,1.3976037175639937,55.042174,58.243207,5
5d31e1d6-dd8c-5884-b327-db2187b33764,6349144,695,TRANSFER,74417.88,179110.94,953729.45,Medium,0.75,2048,48.48206,47.416489,3.0490565381647983,43.013995,51.079976,5
5dc38dc4-d7f7-5eb5-9ea1-a87aed08aeff,5365215,375,CASH_OUT,33968.13,149313.0,85820.42,High,1.0,4096,27.77,27.787851,0.2499985510118009,27.560885,28.192604,5
5dc38dc4-d7f7-5eb5-9ea1-a87aed08aeff,5365215,375,CASH_OUT,33968.13,149313.0,85820.42,Low,0.6,1024,44.415316,44.536746,2.6868666172552182,40.39232,47.577541,5
5dc38dc4-d7f7-5eb5-9ea1-a87aed08aeff,5365215,375,CASH_OUT,33968.13,149313.0,85820.42,Medium,0.75,2048,36.682868,37.808136,3.875789944907942,34.324956,44.474161,5
5e7e1664-67bf-5efc-a286-7f1b9bdc20a0,1399585,139,CASH_OUT,229550.18,919300.0,0.0,High,1.0,4096,28.603772,29.097163,0.8305618326045926,28.381197,30.021395,5
5e7e1664-67bf-5efc-a286-7f1b9bdc20a0,1399585,139,CASH_OUT,229550.18,919300.0,0.0,Low,0.6,1024,46.437289,46.4394664,1.98174941333,43.336965,48.24418,5
5e7e1664-67bf-5efc-a286-7f1b9bdc20a0,1399585,139,CASH_OUT,229550.18,919300.0,0.0,Medium,0.75,2048,34.656123,35.677227800000004,2.295449978081575,33.941426,39.664357,5
5e9ee4ae-31d4-50b7-8fb7-03920323038f,1935335,177,DEBIT,1911.21,46625.06,29240.09,High,1.0,4096,32.914387,32.810723,0.7334300657032682,31.625789,33.63132,5
5e9ee4ae-31d4-50b7-8fb7-03920323038f,1935335,177,DEBIT,1911.21,46625.06,29240.09,Low,0.6,1024,52.312736,53.6573084,2.8218373296716277,50.766859,57.397878,5
5e9ee4ae-31d4-50b7-8fb7-03920323038f,1935335,177,DEBIT,1911.21,46625.06,29240.09,Medium,0.75,2048,40.422493,40.9084156,3.936594321466755,37.020868,45.214612,5
5ecc8159-9db9-5f02-ab6d-9d0586f40caf,4559762,327,CASH_OUT,51152.87,300374.38,787797.6,High,1.0,4096,31.271179,30.9105158,1.861328221590082,29.0353,33.488955,5
5ecc8159-9db9-5f02-ab6d-9d0586f40caf,4559762,327,CASH_OUT,51152.87,300374.38,787797.6,Low,0.6,1024,46.111291,45.4999838,2.131313493208168,43.210043,48.270615,5
5ecc8159-9db9-5f02-ab6d-9d0586f40caf,4559762,327,CASH_OUT,51152.87,300374.38,787797.6,Medium,0.75,2048,35.406399,35.5779136,2.5426677002842504,33.202615,39.740158,5
5f21abad-e8a7-5390-8c54-664bcbe8c078,5236952,371,DEBIT,9786.44,303899.0,121415.02,High,1.0,4096,32.103541,31.9675802,0.4372076048974906,31.244084,32.401068,5
5f21abad-e8a7-5390-8c54-664bcbe8c078,5236952,371,DEBIT,9786.44,303899.0,121415.02,Low,0.6,1024,50.782307,50.2190612,1.1459056360031137,48.777464,51.213181,5
5f21abad-e8a7-5390-8c54-664bcbe8c078,5236952,371,DEBIT,9786.44,303899.0,121415.02,Medium,0.75,2048,40.444004,41.0740362,1.6972112288696424,39.956,44.042276,5
5f6bc0de-3f05-5189-b5d0-1ea18e4e9175,3880475,283,TRANSFER,39310.13,51302.0,575993.51,High,1.0,4096,36.245973,36.1878122,0.7658823163017264,35.030216,37.181385,5
5f6bc0de-3f05-5189-b5d0-1ea18e4e9175,3880475,283,TRANSFER,39310.13,51302.0,575993.51,Low,0.6,1024,58.389972,57.8701526,2.764233492935936,54.894556,60.618678,5
5f6bc0de-3f05-5189-b5d0-1ea18e4e9175,3880475,283,TRANSFER,39310.13,51302.0,575993.51,Medium,0.75,2048,44.386225,45.6860234,3.774842176038927,41.059999,49.690534,5
5fe3a987-a36a-529e-a260-389df65ce7d7,5061531,354,DEBIT,6357.26,22234.0,800414.84,High,1.0,4096,31.070982,31.0806876,0.2574200658307344,30.787462,31.423665,5
5fe3a987-a36a-529e-a260-389df65ce7d7,5061531,354,DEBIT,6357.26,22234.0,800414.84,Low,0.6,1024,51.060597,51.4678294,5.420580191603873,43.812282,56.867682,5
5fe3a987-a36a-529e-a260-389df65ce7d7,5061531,354,DEBIT,6357.26,22234.0,800414.84,Medium,0.75,2048,40.205441,40.2211834,0.2048509612127786,40.034304,40.560748,5
601e45bb-5c41-5b8c-a3be-ebceef7a904a,627894,34,CASH_OUT,242909.17,436580.36,3274223.65,High,1.0,4096,27.201091,27.3191226,0.197663039652839,27.175686,27.641374,5
601e45bb-5c41-5b8c-a3be-ebceef7a904a,627894,34,CASH_OUT,242909.17,436580.36,3274223.65,Low,0.6,1024,49.018669,48.9349954,4.813152875881285,42.221837,55.193816,5
601e45bb-5c41-5b8c-a3be-ebceef7a904a,627894,34,CASH_OUT,242909.17,436580.36,3274223.65,Medium,0.75,2048,37.080804,37.073629,1.5555609742044814,34.638995,38.443124,5
60b21c7f-6e2c-5538-9dbc-4cfcd985e703,4952594,351,DEBIT,6748.82,11384.0,1401585.54,High,1.0,4096,30.784161,30.8102344,0.1995583481623852,30.62573,31.089366,5
60b21c7f-6e2c-5538-9dbc-4cfcd985e703,4952594,351,DEBIT,6748.82,11384.0,1401585.54,Low,0.6,1024,50.932037,50.8963942,3.4258165974098342,46.221407,55.30029,5
60b21c7f-6e2c-5538-9dbc-4cfcd985e703,4952594,351,DEBIT,6748.82,11384.0,1401585.54,Medium,0.75,2048,40.261367,40.2882348,0.1898275138769402,40.073932,40.527646,5
60b5f9a2-1c72-5658-a11c-82fb41d84efb,3791430,280,TRANSFER,12197.79,28456.0,7799893.51,High,1.0,4096,35.257556,35.2651406,0.4994949074568235,34.521645,35.913122,5
60b5f9a2-1c72-5658-a11c-82fb41d84efb,3791430,280,TRANSFER,12197.79,28456.0,7799893.51,Low,0.6,1024,57.951298,57.335729,1.335270440445867,54.951855,58.013823,5
60b5f9a2-1c72-5658-a11c-82fb41d84efb,3791430,280,TRANSFER,12197.79,28456.0,7799893.51,Medium,0.75,2048,46.457944,45.7977362,2.0921713811546856,43.113901,47.758639,5
60c708fb-7463-52e9-96b5-b50c816fcb7e,1395732,139,CASH_IN,295865.89,2805082.19,641332.4,High,1.0,4096,21.564871,21.5793474,0.0950073398232987,21.46299,21.683517,5
60c708fb-7463-52e9-96b5-b50c816fcb7e,1395732,139,CASH_IN,295865.89,2805082.19,641332.4,Low,0.6,1024,36.23252,35.975932,4.6294092945538425,30.549707,40.822318,5
60c708fb-7463-52e9-96b5-b50c816fcb7e,1395732,139,CASH_IN,295865.89,2805082.19,641332.4,Medium,0.75,2048,26.931071,26.9839466,5.83196751082641,21.646405,35.688291,5
60f4fcd1-7ce9-5cfa-a3f0-10f5b0c6b9c2,4585822,328,TRANSFER,91201.43,345975.5,98981.47,High,1.0,4096,35.339913,35.3669632,0.36445780643951,34.837693,35.796746,5
60f4fcd1-7ce9-5cfa-a3f0-10f5b0c6b9c2,4585822,328,TRANSFER,91201.43,345975.5,98981.47,Low,0.6,1024,58.908548,59.385707,1.1891616479026312,58.24429,61.202477,5
60f4fcd1-7ce9-5cfa-a3f0-10f5b0c6b9c2,4585822,328,TRANSFER,91201.43,345975.5,98981.47,Medium,0.75,2048,44.383615,45.6851102,2.633612078592101,44.190428,50.339308,5
60f6c6a6-3f90-5c95-b133-fb89f511778b,2638561,209,CASH_OUT,8974.63,355593.0,5880659.08,High,1.0,4096,29.824425,29.4234122,0.7363031669242637,28.610935,30.13297,5
60f6c6a6-3f90-5c95-b133-fb89f511778b,2638561,209,CASH_OUT,8974.63,355593.0,5880659.08,Low,0.6,1024,46.300912,46.0248,2.7009709760711056,43.175774,49.931853,5
60f6c6a6-3f90-5c95-b133-fb89f511778b,2638561,209,CASH_OUT,8974.63,355593.0,5880659.08,Medium,0.75,2048,36.029616,36.1614592,3.7050635926411175,32.354858,40.293616,5
619109fa-03e4-5569-b261-fb3c7168a802,1548095,154,DEBIT,6374.47,21515.0,1336567.7,High,1.0,4096,32.90889,32.9009108,0.548751627251985,32.171485,33.697955,5
619109fa-03e4-5569-b261-fb3c7168a802,1548095,154,DEBIT,6374.47,21515.0,1336567.7,Low,0.6,1024,51.407874,51.3933252,1.859221386662357,49.835399,54.41789,5
619109fa-03e4-5569-b261-fb3c7168a802,1548095,154,DEBIT,6374.47,21515.0,1336567.7,Medium,0.75,2048,41.082874,41.3611446,0.992554309192098,40.497688,43.016506,5
61dc44e2-e46d-5e6b-95ac-e043762ab645,4851649,347,CASH_IN,53047.5,2807591.35,228503.36,High,1.0,4096,21.249509,21.413363,0.4221461896624202,21.089635,22.15154,5
61dc44e2-e46d-5e6b-95ac-e043762ab645,4851649,347,CASH_IN,53047.5,2807591.35,228503.36,Low,0.6,1024,34.924744,33.7606904,4.911204125699808,25.706252,38.918646,5
61dc44e2-e46d-5e6b-95ac-e043762ab645,4851649,347,CASH_IN,53047.5,2807591.35,228503.36,Medium,0.75,2048,27.341617,26.9353368,0.9991624951158846,25.215287,27.670448,5
620d9268-5068-56e4-a5d7-ff1182c62f4e,589707,33,DEBIT,3284.97,3997.0,507122.49,High,1.0,4096,30.906483,31.1099992,0.5042259382332486,30.677178,31.967503,5
620d9268-5068-56e4-a5d7-ff1182c62f4e,589707,33,DEBIT,3284.97,3997.0,507122.49,Low,0.6,1024,49.37344,49.8735712,3.710056953418533,46.246256,54.30946,5
620d9268-5068-56e4-a5d7-ff1182c62f4e,589707,33,DEBIT,3284.97,3997.0,507122.49,Medium,0.75,2048,40.357876,41.242609,1.925724431659031,40.220943,44.673722,5
6288f687-272a-5bcd-96e5-7949c796f2de,3468658,258,CASH_IN,16549.67,8652712.28,1235397.54,High,1.0,4096,21.822183,21.8392116,0.2098647731094947,21.521388,22.048572,5
6288f687-272a-5bcd-96e5-7949c796f2de,3468658,258,CASH_IN,16549.67,8652712.28,1235397.54,Low,0.6,1024,33.386101,33.9042816,2.72185948666363,31.323311,37.108021,5
6288f687-272a-5bcd-96e5-7949c796f2de,3468658,258,CASH_IN,16549.67,8652712.28,1235397.54,Medium,0.75,2048,27.909598,27.2925228,2.916557053695624,23.347777,31.27169,5
63047105-0340-5762-845b-da1a3ade3c5e,1029982,49,DEBIT,1742.94,15561.0,77055.68,High,1.0,4096,35.076845,34.0885816,1.6017477390378296,32.237807,35.411417,5
63047105-0340-5762-845b-da1a3ade3c5e,1029982,49,DEBIT,1742.94,15561.0,77055.68,Low,0.6,1024,51.59403,51.581765,2.1228435014807374,49.533388,54.812942,5
63047105-0340-5762-845b-da1a3ade3c5e,1029982,49,DEBIT,1742.94,15561.0,77055.68,Medium,0.75,2048,38.826384,39.769822,1.6966141428545272,38.65568,42.65983,5
631c1806-67e4-55a9-afef-711bfc187b87,2556260,206,CASH_IN,32734.88,117442.0,1421041.56,High,1.0,4096,20.722205,20.7149844,0.1448729555103368,20.52227,20.908728,5
631c1806-67e4-55a9-afef-711bfc187b87,2556260,206,CASH_IN,32734.88,117442.0,1421041.56,Low,0.6,1024,35.47072,34.8037238,3.214012349016989,30.971803,39.394275,5
631c1806-67e4-55a9-afef-711bfc187b87,2556260,206,CASH_IN,32734.88,117442.0,1421041.56,Medium,0.75,2048,27.598055,27.4763896,1.5642757953592448,25.762583,29.781587,5
6481aaa7-95d7-5dac-8434-ec29926f1b47,3867646,283,PAYMENT,19300.41,171430.02,0.0,High,1.0,4096,23.920872,23.9820026,0.1524801071363077,23.843921,24.15834,5
6481aaa7-95d7-5dac-8434-ec29926f1b47,3867646,283,PAYMENT,19300.41,171430.02,0.0,Low,0.6,1024,38.844457,39.6760862,2.284867607921891,37.981857,43.698357,5
6481aaa7-95d7-5dac-8434-ec29926f1b47,3867646,283,PAYMENT,19300.41,171430.02,0.0,Medium,0.75,2048,31.539257,31.3971704,2.2713102552966644,29.284723,34.993632,5
64c8f28c-fa7c-5428-8efe-24dc9698967a,4805766,346,CASH_IN,90734.32,1555082.37,578910.24,High,1.0,4096,20.849844,21.0758994,0.3985569396093861,20.754172,21.599727,5
64c8f28c-fa7c-5428-8efe-24dc9698967a,4805766,346,CASH_IN,90734.32,1555082.37,578910.24,Low,0.6,1024,37.60851,35.2387704,3.4962674865413685,30.235418,37.759893,5
64c8f28c-fa7c-5428-8efe-24dc9698967a,4805766,346,CASH_IN,90734.32,1555082.37,578910.24,Medium,0.75,2048,29.270868,28.6662126,3.975711223059253,23.064435,34.053326,5
657640f5-99d0-5f4d-afc4-025951956292,1314349,136,PAYMENT,10146.69,105340.0,0.0,High,1.0,4096,24.258925,25.7542428,2.8559090311637547,24.180689,30.798042,5
657640f5-99d0-5f4d-afc4-025951956292,1314349,136,PAYMENT,10146.69,105340.0,0.0,Low,0.6,1024,41.061567,40.2723746,2.595918710285302,35.711203,42.232692,5
657640f5-99d0-5f4d-afc4-025951956292,1314349,136,PAYMENT,10146.69,105340.0,0.0,Medium,0.75,2048,33.150607,32.9382362,1.4112859140623144,30.710987,34.639386,5
66720c96-2862-5e79-8724-34e3b6043b33,4305298,307,CASH_IN,96619.29,15886286.34,252205.71,High,1.0,4096,20.673599,20.7855706,0.228722271788954,20.576758,21.148541,5
66720c96-2862-5e79-8724-34e3b6043b33,4305298,307,CASH_IN,96619.29,15886286.34,252205.71,Low,0.6,1024,35.407579,35.017059,1.4356493705055553,32.73136,36.542454,5
66720c96-2862-5e79-8724-34e3b6043b33,4305298,307,CASH_IN,96619.29,15886286.34,252205.71,Medium,0.75,2048,26.269792,27.1089242,1.671339831119393,25.749714,29.73776,5
66cdd846-d032-5ee7-a8be-c925a5a1231f,5108293,355,TRANSFER,26347.18,107763.48,5174626.23,High,1.0,4096,36.402087,36.6089528,0.8549708701120771,35.518009,37.757347,5
66cdd846-d032-5ee7-a8be-c925a5a1231f,5108293,355,TRANSFER,26347.18,107763.48,5174626.23,Low,0.6,1024,58.710553,57.9320558,2.288975184284813,53.86726,59.363279,5
66cdd846-d032-5ee7-a8be-c925a5a1231f,5108293,355,TRANSFER,26347.18,107763.48,5174626.23,Medium,0.75,2048,44.176563,45.4573418,4.109081660647206,40.165788,49.908442,5
674301c5-8409-5134-974c-68ed11ad47d9,5949503,405,TRANSFER,4550.67,11439.0,1417119.95,High,1.0,4096,35.026846,36.5723096,2.710315176668444,34.228602,40.103052,5
674301c5-8409-5134-974c-68ed11ad47d9,5949503,405,TRANSFER,4550.67,11439.0,1417119.95,Low,0.6,1024,56.876485,57.238741000000005,3.734003537076391,51.4519,60.698864,5
674301c5-8409-5134-974c-68ed11ad47d9,5949503,405,TRANSFER,4550.67,11439.0,1417119.95,Medium,0.75,2048,43.980286,45.3741138,2.1688992764458206,43.611562,48.388866,5
677266ff-99bd-5c4b-8b49-03ad2562fffe,3284724,252,TRANSFER,321970.01,570906.0,1882621.94,High,1.0,4096,35.688166,35.5027314,0.4846302755031944,34.675639,35.86657,5
677266ff-99bd-5c4b-8b49-03ad2562fffe,3284724,252,TRANSFER,321970.01,570906.0,1882621.94,Low,0.6,1024,57.927948,56.680094,2.3547430924853567,54.023594,59.032127,5
677266ff-99bd-5c4b-8b49-03ad2562fffe,3284724,252,TRANSFER,321970.01,570906.0,1882621.94,Medium,0.75,2048,44.100403,45.1058378,1.996980698049108,43.479073,48.183365,5
67a912ca-3622-597c-9bd8-2bb369faec63,2374407,191,DEBIT,3933.5,203361.0,19141.81,High,1.0,4096,31.27036,31.227534,0.3112752402223797,30.807933,31.624074,5
67a912ca-3622-597c-9bd8-2bb369faec63,2374407,191,DEBIT,3933.5,203361.0,19141.81,Low,0.6,1024,51.326565,52.8869336,3.298564928832202,49.143377,56.586476,5
67a912ca-3622-597c-9bd8-2bb369faec63,2374407,191,DEBIT,3933.5,203361.0,19141.81,Medium,0.75,2048,40.299723,41.3155708,2.0180563930524107,40.096109,44.860258,5
683bb639-b383-5d87-9873-1dee61306dec,2869244,227,TRANSFER,165757.37,228555.0,70151.36,High,1.0,4096,37.850081,38.3471784,0.8416371044635563,37.678713,39.63752,5
683bb639-b383-5d87-9873-1dee61306dec,2869244,227,TRANSFER,165757.37,228555.0,70151.36,Low,0.6,1024,57.224228,56.7031172,1.4453234399495851,55.086088,58.132951,5
683bb639-b383-5d87-9873-1dee61306dec,2869244,227,TRANSFER,165757.37,228555.0,70151.36,Medium,0.75,2048,46.740756,46.4097796,2.213560490004915,42.680537,48.082649,5
683df9da-9d3e-59f4-9a2c-4bc82fda6708,71719,9,PAYMENT,13381.71,2169656.79,0.0,High,1.0,4096,26.305146,26.71057,1.0801494379059315,25.675241,27.979322,5
683df9da-9d3e-59f4-9a2c-4bc82fda6708,71719,9,PAYMENT,13381.71,2169656.79,0.0,Low,0.6,1024,40.725458,40.592578,5.246951290323315,35.087516,45.874837,5
683df9da-9d3e-59f4-9a2c-4bc82fda6708,71719,9,PAYMENT,13381.71,2169656.79,0.0,Medium,0.75,2048,31.945194,32.0855314,2.5596776587857306,29.866244,36.163056,5
68494fb0-9e88-5576-af76-a17a16452965,5588453,394,CASH_OUT,89308.22,159846.0,114736.04,High,1.0,4096,27.851644,28.0404598,0.6458682289458897,27.506483,29.158186,5
68494fb0-9e88-5576-af76-a17a16452965,5588453,394,CASH_OUT,89308.22,159846.0,114736.04,Low,0.6,1024,47.581132,45.6771746,4.599295561247375,40.585346,50.246525,5
68494fb0-9e88-5576-af76-a17a16452965,5588453,394,CASH_OUT,89308.22,159846.0,114736.04,Medium,0.75,2048,37.879933,37.5216568,2.0319046453891976,34.476467,39.632591,5
689465b2-1b0c-5319-8652-72985a272575,1594350,156,TRANSFER,36751.66,145698.98,1578109.58,High,1.0,4096,36.116066,35.9857294,0.5139769239336538,35.084939,36.353959,5
689465b2-1b0c-5319-8652-72985a272575,1594350,156,TRANSFER,36751.66,145698.98,1578109.58,Low,0.6,1024,59.14543,57.9422754,2.982633260745663,52.656566,59.862399,5
689465b2-1b0c-5319-8652-72985a272575,1594350,156,TRANSFER,36751.66,145698.98,1578109.58,Medium,0.75,2048,44.060048,45.1255104,3.639834500977456,40.261027,49.134697,5
68a1258c-983d-5e7f-b865-ad70be4d3746,4840863,347,DEBIT,3963.45,51983.0,928592.37,High,1.0,4096,34.752911,34.3808476,1.0672835846448196,32.521734,35.251968,5
68a1258c-983d-5e7f-b865-ad70be4d3746,4840863,347,DEBIT,3963.45,51983.0,928592.37,Low,0.6,1024,52.010208,51.7556276,2.0204480508046467,49.589831,54.704688,5
68a1258c-983d-5e7f-b865-ad70be4d3746,4840863,347,DEBIT,3963.45,51983.0,928592.37,Medium,0.75,2048,42.621333,42.4486988,2.380683820722881,39.186743,44.710718,5
68f2d978-0084-5a4b-8625-09fca67b4a57,3796199,281,TRANSFER,126911.06,240699.0,2448420.0,High,1.0,4096,34.621219,36.2606716,3.557561407261552,34.166383,42.581485,5
68f2d978-0084-5a4b-8625-09fca67b4a57,3796199,281,TRANSFER,126911.06,240699.0,2448420.0,Low,0.6,1024,57.820364,57.5880596,2.767680738554809,53.673304,60.25065,5
68f2d978-0084-5a4b-8625-09fca67b4a57,3796199,281,TRANSFER,126911.06,240699.0,2448420.0,Medium,0.75,2048,43.733505,45.324252,2.794026853205513,43.37355,49.929442,5
69226660-7396-59ab-8cd0-5020b038f2f7,122780,11,TRANSFER,29357.58,200617.0,0.0,High,1.0,4096,34.640627,34.8809968,0.4154991293771844,34.475377,35.355419,5
69226660-7396-59ab-8cd0-5020b038f2f7,122780,11,TRANSFER,29357.58,200617.0,0.0,Low,0.6,1024,59.805201,57.9499604,4.286191622033866,50.286566,60.089654,5
69226660-7396-59ab-8cd0-5020b038f2f7,122780,11,TRANSFER,29357.58,200617.0,0.0,Medium,0.75,2048,45.740765,45.522003600000005,2.0940347346944383,43.436649,48.372204,5
69255752-01f2-5929-980b-b973df07ec40,5456346,379,CASH_OUT,149944.15,528338.0,3381298.09,High,1.0,4096,27.557061,27.617068,0.4428364926544555,27.150004,28.162338,5
69255752-01f2-5929-980b-b973df07ec40,5456346,379,CASH_OUT,149944.15,528338.0,3381298.09,Low,0.6,1024,47.881887,46.4726884,3.564968262792714,42.636205,50.619144,5
69255752-01f2-5929-980b-b973df07ec40,5456346,379,CASH_OUT,149944.15,528338.0,3381298.09,Medium,0.75,2048,36.964241,36.5564258,1.2901803198606403,34.305296,37.606385,5
6941b8d3-e95e-522a-97bc-db1b0fc3c553,2717607,211,CASH_IN,39647.46,2137365.55,846106.03,High,1.0,4096,22.200205,22.213816,0.1740804428260096,22.010435,22.466312,5
6941b8d3-e95e-522a-97bc-db1b0fc3c553,2717607,211,CASH_IN,39647.46,2137365.55,846106.03,Low,0.6,1024,37.558685,35.1358304,3.860926673655212,29.619684,38.0495,5
6941b8d3-e95e-522a-97bc-db1b0fc3c553,2717607,211,CASH_IN,39647.46,2137365.55,846106.03,Medium,0.75,2048,27.09854,26.9638544,3.9386159105768734,21.46721,31.709137,5
69b503d4-bddf-5825-80d2-b5947af68399,560064,22,CASH_IN,254354.79,163869.14,322577.63,High,1.0,4096,21.62701,22.0269316,0.9288555730767836,21.357631,23.638375,5
69b503d4-bddf-5825-80d2-b5947af68399,560064,22,CASH_IN,254354.79,163869.14,322577.63,Low,0.6,1024,33.37508,34.0815578,4.283748662502995,29.192849,40.24283,5
69b503d4-bddf-5825-80d2-b5947af68399,560064,22,CASH_IN,254354.79,163869.14,322577.63,Medium,0.75,2048,27.868304,27.2254064,2.690921158507864,23.505601,30.704878,5
69fbceb4-cd5e-5845-bad0-e13a158899cd,578622,33,PAYMENT,6175.7,22304.0,0.0,High,1.0,4096,25.030742,25.190191,0.4333637601288318,24.905798,25.959183,5
69fbceb4-cd5e-5845-bad0-e13a158899cd,578622,33,PAYMENT,6175.7,22304.0,0.0,Low,0.6,1024,39.939798,41.3198936,2.630431021149444,38.952664,44.988179,5
69fbceb4-cd5e-5845-bad0-e13a158899cd,578622,33,PAYMENT,6175.7,22304.0,0.0,Medium,0.75,2048,33.691781,32.153767,2.9395241010130366,28.854684,34.763678,5
6a633e34-5842-59fb-b213-cb6b0d47df26,5211666,370,CASH_IN,35023.33,170224.0,7586990.0,High,1.0,4096,20.890752,20.879994,0.1050094866643011,20.76575,21.00431,5
6a633e34-5842-59fb-b213-cb6b0d47df26,5211666,370,CASH_IN,35023.33,170224.0,7586990.0,Low,0.6,1024,32.545319,34.3350752,3.298425181828928,30.998413,38.065329,5
6a633e34-5842-59fb-b213-cb6b0d47df26,5211666,370,CASH_IN,35023.33,170224.0,7586990.0,Medium,0.75,2048,27.653628,27.7071202,2.888113873785485,23.093096,30.336078,5
6ab70133-03a2-51bc-9e44-b26b06288ffc,2157183,184,PAYMENT,44572.64,105732.54,0.0,High,1.0,4096,25.175732,25.4619892,0.692551597396685,25.092994,26.696645,5
6ab70133-03a2-51bc-9e44-b26b06288ffc,2157183,184,PAYMENT,44572.64,105732.54,0.0,Low,0.6,1024,39.831592,39.8354056,0.0427833494866885,39.792696,39.88074,5
6ab70133-03a2-51bc-9e44-b26b06288ffc,2157183,184,PAYMENT,44572.64,105732.54,0.0,Medium,0.75,2048,31.008275,31.5877154,2.971034796077673,28.960974,35.993693,5
6aceddcb-d675-5605-9954-99745367e611,4681524,331,DEBIT,5320.66,681268.66,691675.09,High,1.0,4096,33.304363,32.8518236,0.7526519651461083,31.961404,33.468836,5
6aceddcb-d675-5605-9954-99745367e611,4681524,331,DEBIT,5320.66,681268.66,691675.09,Low,0.6,1024,51.891927,52.4723068,2.3684893592919507,49.627304,54.913991,5
6aceddcb-d675-5605-9954-99745367e611,4681524,331,DEBIT,5320.66,681268.66,691675.09,Medium,0.75,2048,39.812574,40.7870024,3.960288682665862,35.757923,46.116278,5
6ae68cff-24ce-54f4-aebe-c2b1e34af9a9,3181431,239,TRANSFER,536258.69,545695.0,0.0,High,1.0,4096,34.022158,34.122597,0.2072829752343407,33.926016,34.451814,5
6ae68cff-24ce-54f4-aebe-c2b1e34af9a9,3181431,239,TRANSFER,536258.69,545695.0,0.0,Low,0.6,1024,57.503376,57.723891,2.384552315027918,54.716452,61.404308,5
6ae68cff-24ce-54f4-aebe-c2b1e34af9a9,3181431,239,TRANSFER,536258.69,545695.0,0.0,Medium,0.75,2048,44.514089,45.375489,2.034002138001213,43.484624,48.377273,5
6af0b569-6c94-5aed-b3cb-2cc12b2a7e55,2938071,230,DEBIT,1504.44,16899.0,2178920.75,High,1.0,4096,30.898181,30.8395176,0.1178144404107584,30.701472,30.960716,5
6af0b569-6c94-5aed-b3cb-2cc12b2a7e55,2938071,230,DEBIT,1504.44,16899.0,2178920.75,Low,0.6,1024,50.590413,50.5539092,2.771167392317667,46.226156,53.571617,5
6af0b569-6c94-5aed-b3cb-2cc12b2a7e55,2938071,230,DEBIT,1504.44,16899.0,2178920.75,Medium,0.75,2048,41.718877,41.2515706,3.0622659479020284,38.23243,45.815513,5
6b4cafd7-39dd-5461-b14b-a063ccb40f22,1718160,160,DEBIT,2128.69,416750.0,3440126.22,High,1.0,4096,32.22529,33.047150200000004,2.595356689639537,31.136461,37.617202,5
6b4cafd7-39dd-5461-b14b-a063ccb40f22,1718160,160,DEBIT,2128.69,416750.0,3440126.22,Low,0.6,1024,51.712915,51.0854228,3.629563534616484,45.142848,54.69783,5
6b4cafd7-39dd-5461-b14b-a063ccb40f22,1718160,160,DEBIT,2128.69,416750.0,3440126.22,Medium,0.75,2048,40.306522,40.9825654,1.9775492311972411,39.556398,44.473134,5
6b77f955-763e-543c-bdbb-ef19c5c88f8f,5038288,354,CASH_IN,236563.68,8807990.06,269596.22,High,1.0,4096,21.980356,21.9976504,0.1205573932772274,21.881447,22.172125,5
6b77f955-763e-543c-bdbb-ef19c5c88f8f,5038288,354,CASH_IN,236563.68,8807990.06,269596.22,Low,0.6,1024,35.223357,34.1312054,2.8957816385709743,29.94345,36.697714,5
6b77f955-763e-543c-bdbb-ef19c5c88f8f,5038288,354,CASH_IN,236563.68,8807990.06,269596.22,Medium,0.75,2048,27.686787,28.0357152,2.794239568518455,24.584079,31.811701,5
6b80f56f-40da-5f35-bdcf-37280fefba87,5983769,408,DEBIT,1154.23,200729.0,210724.74,High,1.0,4096,34.411944,33.8489724,1.1739107627819516,32.510434,35.153697,5
6b80f56f-40da-5f35-bdcf-37280fefba87,5983769,408,DEBIT,1154.23,200729.0,210724.74,Low,0.6,1024,53.830099,52.4484416,3.6017451672926977,46.473538,55.313756,5
6b80f56f-40da-5f35-bdcf-37280fefba87,5983769,408,DEBIT,1154.23,200729.0,210724.74,Medium,0.75,2048,42.524148,41.3652952,1.8456174477032607,38.767942,42.769016,5
6b993cba-0acc-52b7-9be5-688a72ec1f7f,4336140,308,TRANSFER,77922.93,264361.0,0.0,High,1.0,4096,35.637311,35.531491,0.6200554273188011,34.661279,36.380298,5
6b993cba-0acc-52b7-9be5-688a72ec1f7f,4336140,308,TRANSFER,77922.93,264361.0,0.0,Low,0.6,1024,58.022975,57.2621472,1.8159970180687792,54.030563,58.3669,5
6b993cba-0acc-52b7-9be5-688a72ec1f7f,4336140,308,TRANSFER,77922.93,264361.0,0.0,Medium,0.75,2048,46.214078,45.599859,2.100060621680596,43.244007,47.517629,5
6cb27940-cab3-59ca-aa3b-a2b74503dc24,1641801,157,CASH_IN,525976.55,21032.0,170308.15,High,1.0,4096,21.816139,22.1202642,0.7089929178544035,21.681922,23.378233,5
6cb27940-cab3-59ca-aa3b-a2b74503dc24,1641801,157,CASH_IN,525976.55,21032.0,170308.15,Low,0.6,1024,33.579281,33.3314064,1.945333433869577,31.477627,36.313049,5
6cb27940-cab3-59ca-aa3b-a2b74503dc24,1641801,157,CASH_IN,525976.55,21032.0,170308.15,Medium,0.75,2048,25.733437,26.4519796,3.861515437678231,21.424983,31.578632,5
6d1dec28-aa4a-5b38-bd40-8eac146c9493,5792844,401,CASH_IN,53548.75,571381.79,165564.79,High,1.0,4096,20.538449,20.5231044,0.0565283189675768,20.452847,20.586316,5
6d1dec28-aa4a-5b38-bd40-8eac146c9493,5792844,401,CASH_IN,53548.75,571381.79,165564.79,Low,0.6,1024,33.182494,33.7640726,2.0122650548340544,31.077807,36.132645,5
6d1dec28-aa4a-5b38-bd40-8eac146c9493,5792844,401,CASH_IN,53548.75,571381.79,165564.79,Medium,0.75,2048,27.356882,27.7005246,2.629440810494943,25.586779,32.053111,5
6d40c5db-4e5e-5c87-9626-a381b6f54e7c,5175201,359,TRANSFER,185951.82,403933.0,199153.91,High,1.0,4096,34.060246,34.1944798,0.4110452513564648,33.806594,34.698843,5
6d40c5db-4e5e-5c87-9626-a381b6f54e7c,5175201,359,TRANSFER,185951.82,403933.0,199153.91,Low,0.6,1024,57.430164,56.7987456,3.870292337945199,53.020162,62.228081,5
6d40c5db-4e5e-5c87-9626-a381b6f54e7c,5175201,359,TRANSFER,185951.82,403933.0,199153.91,Medium,0.75,2048,43.928624,44.6506404,1.2581552565765872,43.53812,46.098926,5
6d629a4c-fd39-5eac-a4e5-4fbfb5e7d899,2123694,183,DEBIT,3590.57,118039.0,13189.19,High,1.0,4096,33.005789,32.353285400000004,1.1086476068721294,30.614508,33.186314,5
6d629a4c-fd39-5eac-a4e5-4fbfb5e7d899,2123694,183,DEBIT,3590.57,118039.0,13189.19,Low,0.6,1024,51.820983,51.8388662,2.2733923062330645,49.657994,55.382915,5
6d629a4c-fd39-5eac-a4e5-4fbfb5e7d899,2123694,183,DEBIT,3590.57,118039.0,13189.19,Medium,0.75,2048,41.447694,41.5897558,2.286319938735216,38.708138,44.919574,5
6d77ce42-ee3d-52e7-a730-0c5a13f9d36c,1119998,130,CASH_OUT,177104.58,244234.0,1374034.25,High,1.0,4096,28.918618,29.0275742,0.6526485070255662,28.259799,29.718398,5
6d77ce42-ee3d-52e7-a730-0c5a13f9d36c,1119998,130,CASH_OUT,177104.58,244234.0,1374034.25,Low,0.6,1024,45.952651,45.877394200000005,3.038536995397571,42.893165,49.921722,5
6d77ce42-ee3d-52e7-a730-0c5a13f9d36c,1119998,130,CASH_OUT,177104.58,244234.0,1374034.25,Medium,0.75,2048,37.934703,37.888736,4.357506569645077,32.791782,43.606675,5
6daa6f16-2a66-547a-a6f4-dd9139c65937,4724214,332,CASH_OUT,15050.45,21190.0,0.0,High,1.0,4096,28.732637,28.5381028,0.6156636050748011,27.904344,29.326242,5
6daa6f16-2a66-547a-a6f4-dd9139c65937,4724214,332,CASH_OUT,15050.45,21190.0,0.0,Low,0.6,1024,45.287366,45.502588,3.739593345415582,41.728142,49.429924,5
6daa6f16-2a66-547a-a6f4-dd9139c65937,4724214,332,CASH_OUT,15050.45,21190.0,0.0,Medium,0.75,2048,36.604575,36.9643412,2.213526982503419,34.380003,40.501566,5
6ddc0cde-0784-59f7-aec5-19ced2c9e071,5329958,374,DEBIT,843.49,36407.06,59077.88,High,1.0,4096,33.201299,33.110141,0.7792771475139644,31.911835,34.090583,5
6ddc0cde-0784-59f7-aec5-19ced2c9e071,5329958,374,DEBIT,843.49,36407.06,59077.88,Low,0.6,1024,56.865132,54.5399148,3.734096711248613,49.497916,57.417469,5
6ddc0cde-0784-59f7-aec5-19ced2c9e071,5329958,374,DEBIT,843.49,36407.06,59077.88,Medium,0.75,2048,40.888882,42.390586,2.526573661013765,40.330769,46.041764,5
6f27fce9-3d10-5e13-91f3-f1100f73e5c1,1232687,134,CASH_IN,119620.06,7844993.51,125299.73,High,1.0,4096,20.45339,20.4903544,0.0806909577294751,20.419606,20.602151,5
6f27fce9-3d10-5e13-91f3-f1100f73e5c1,1232687,134,CASH_IN,119620.06,7844993.51,125299.73,Low,0.6,1024,32.654976,33.6487568,3.4001129898207347,30.537559,39.4732,5
6f27fce9-3d10-5e13-91f3-f1100f73e5c1,1232687,134,CASH_IN,119620.06,7844993.51,125299.73,Medium,0.75,2048,25.904525,26.1476316,3.0332148411684097,23.285378,30.294954,5
6f36a8e1-2b1c-5d10-94a5-ee642d681fe6,280610,15,CASH_OUT,10381.76,30188.0,88542.13,High,1.0,4096,28.497675,28.4300612,0.5437288366922433,27.833452,29.166426,5
6f36a8e1-2b1c-5d10-94a5-ee642d681fe6,280610,15,CASH_OUT,10381.76,30188.0,88542.13,Low,0.6,1024,43.864361,44.584914,3.2471932348618413,41.643938,49.57889,5
6f36a8e1-2b1c-5d10-94a5-ee642d681fe6,280610,15,CASH_OUT,10381.76,30188.0,88542.13,Medium,0.75,2048,36.51733,36.1425178,1.173925835601083,34.105455,37.131636,5
6f7bbe79-2418-5930-ad1d-e75c580ce46e,5131910,356,PAYMENT,7875.53,12097.01,0.0,High,1.0,4096,26.522523,26.9145324,1.203610128255948,25.709948,28.546872,5
6f7bbe79-2418-5930-ad1d-e75c580ce46e,5131910,356,PAYMENT,7875.53,12097.01,0.0,Low,0.6,1024,39.906031,39.9489496,0.1937261420531562,39.758341,40.266906,5
6f7bbe79-2418-5930-ad1d-e75c580ce46e,5131910,356,PAYMENT,7875.53,12097.01,0.0,Medium,0.75,2048,32.144064,32.36975,2.611313680133432,29.866982,36.261324,5
6fd04887-a1bf-547d-b43c-81df396c7bfc,4374866,311,CASH_IN,262327.68,7762734.2,2952257.62,High,1.0,4096,21.915021,22.1392612,0.7097215985907432,21.729906,23.398221,5
6fd04887-a1bf-547d-b43c-81df396c7bfc,4374866,311,CASH_IN,262327.68,7762734.2,2952257.62,Low,0.6,1024,37.218285,37.4014048,2.527933289888837,33.876879,40.722656,5
6fd04887-a1bf-547d-b43c-81df396c7bfc,4374866,311,CASH_IN,262327.68,7762734.2,2952257.62,Medium,0.75,2048,28.268519,27.4479152,3.946064036352134,21.533085,31.744044,5
6fd53182-dcf7-5ffb-b45e-e9e9e65d5328,551366,21,DEBIT,716.71,73512.0,250386.15,High,1.0,4096,30.958627,30.8509648,0.2465551769243548,30.566788,31.101595,5
6fd53182-dcf7-5ffb-b45e-e9e9e65d5328,551366,21,DEBIT,716.71,73512.0,250386.15,Low,0.6,1024,50.38617,51.420229,3.939785091103386,48.625845,58.281795,5
6fd53182-dcf7-5ffb-b45e-e9e9e65d5328,551366,21,DEBIT,716.71,73512.0,250386.15,Medium,0.75,2048,41.922699,41.51204,2.979309245676,36.518397,43.994568,5
6fd9dc91-1fd5-5e8e-b0ae-2c39363a657e,1613435,156,PAYMENT,42.48,10534.91,0.0,High,1.0,4096,25.350251,25.5895582,0.5876917912806853,25.091872,26.593764,5
6fd9dc91-1fd5-5e8e-b0ae-2c39363a657e,1613435,156,PAYMENT,42.48,10534.91,0.0,Low,0.6,1024,39.966014,41.5349384,3.502880709392315,39.764778,47.790854,5
6fd9dc91-1fd5-5e8e-b0ae-2c39363a657e,1613435,156,PAYMENT,42.48,10534.91,0.0,Medium,0.75,2048,32.939153,32.3956788,3.5357267942506105,27.829574,36.218295,5
7038f227-74de-5ad0-b559-1c834728ea5b,51785,9,PAYMENT,11563.0,18529.0,0.0,High,1.0,4096,23.861223,23.9391182,0.1279788184454758,23.836624,24.126652,5
7038f227-74de-5ad0-b559-1c834728ea5b,51785,9,PAYMENT,11563.0,18529.0,0.0,Low,0.6,1024,39.13807,40.1192128,2.2589444623455672,38.81049,44.13736,5
7038f227-74de-5ad0-b559-1c834728ea5b,51785,9,PAYMENT,11563.0,18529.0,0.0,Medium,0.75,2048,31.420727,31.7238974,1.9450864770388223,29.530196,34.866766,5
705b0bd9-1f66-501b-81a5-e14f5aa389d0,1657072,158,CASH_OUT,38279.82,59801.0,1888864.39,High,1.0,4096,28.146163,28.24757,0.4865643597968298,27.665728,28.999805,5
705b0bd9-1f66-501b-81a5-e14f5aa389d0,1657072,158,CASH_OUT,38279.82,59801.0,1888864.39,Low,0.6,1024,45.588208,46.4209142,1.8600469992471165,44.342718,48.735932,5
705b0bd9-1f66-501b-81a5-e14f5aa389d0,1657072,158,CASH_OUT,38279.82,59801.0,1888864.39,Medium,0.75,2048,36.32926,36.3881206,0.5007899366793416,35.753475,37.145075,5
7100cb75-ad10-5b3a-99f7-53ee368eb8b4,2425264,202,CASH_IN,217600.62,31335.0,0.0,High,1.0,4096,21.048362,21.048633,0.1793785623479019,20.798994,21.227895,5
7100cb75-ad10-5b3a-99f7-53ee368eb8b4,2425264,202,CASH_IN,217600.62,31335.0,0.0,Low,0.6,1024,32.567932,33.7281944,3.7838253575184058,30.265994,37.847587,5
7100cb75-ad10-5b3a-99f7-53ee368eb8b4,2425264,202,CASH_IN,217600.62,31335.0,0.0,Medium,0.75,2048,27.390605,27.38359,2.813786051328352,22.847507,30.059188,5
7130681e-b799-51ea-a94a-1f42b0146e41,3132217,236,TRANSFER,69770.45,122765.22,1153258.59,High,1.0,4096,34.225163,35.7833154,3.018583681914963,33.976642,41.090461,5
7130681e-b799-51ea-a94a-1f42b0146e41,3132217,236,TRANSFER,69770.45,122765.22,1153258.59,Low,0.6,1024,59.499073,59.38217,1.224297066051781,57.792897,61.110677,5
7130681e-b799-51ea-a94a-1f42b0146e41,3132217,236,TRANSFER,69770.45,122765.22,1153258.59,Medium,0.75,2048,46.096454,45.6779678,1.866780135183092,43.789583,48.209986,5
719e71e2-3fa4-5e27-a987-f131148b8eb9,988856,45,DEBIT,2310.31,464507.05,99918.29,High,1.0,4096,33.648757,33.0323984,1.0296968280866945,31.886529,33.9599,5
719e71e2-3fa4-5e27-a987-f131148b8eb9,988856,45,DEBIT,2310.31,464507.05,99918.29,Low,0.6,1024,52.082505,50.9767002,2.9195472724360347,46.753115,54.34867,5
719e71e2-3fa4-5e27-a987-f131148b8eb9,988856,45,DEBIT,2310.31,464507.05,99918.29,Medium,0.75,2048,39.1819,40.7850066,2.4696780006075283,38.839288,44.065372,5
71d2a63d-3b9d-53ae-ad85-31c6a9a7a391,2985076,231,CASH_OUT,353600.45,607596.0,0.0,High,1.0,4096,27.374236,27.3944976,0.2047028104821721,27.197286,27.702177,5
71d2a63d-3b9d-53ae-ad85-31c6a9a7a391,2985076,231,CASH_OUT,353600.45,607596.0,0.0,Low,0.6,1024,45.735427,45.555059,2.332109610929876,42.940264,47.950396,5
71d2a63d-3b9d-53ae-ad85-31c6a9a7a391,2985076,231,CASH_OUT,353600.45,607596.0,0.0,Medium,0.75,2048,37.568847,37.0517462,2.6896068406419915,32.552168,39.361472,5
71df24e8-b7a4-5eec-aef5-54d8273946b4,5760405,400,TRANSFER,306243.37,364209.0,0.0,High,1.0,4096,33.935134,33.9646386,0.0592278773239416,33.922274,34.062439,5
71df24e8-b7a4-5eec-aef5-54d8273946b4,5760405,400,TRANSFER,306243.37,364209.0,0.0,Low,0.6,1024,57.246984,57.1313622,3.389625572801469,52.721617,61.071718,5
71df24e8-b7a4-5eec-aef5-54d8273946b4,5760405,400,TRANSFER,306243.37,364209.0,0.0,Medium,0.75,2048,43.792968,44.2254282,0.9999373088075092,43.56113,45.959031,5
7256d5e6-02a0-5bf8-973e-fa1b4029359e,1634203,157,PAYMENT,9054.39,20558.0,0.0,High,1.0,4096,25.122452,25.8749114,1.2998797353775844,24.813281,27.78767,5
7256d5e6-02a0-5bf8-973e-fa1b4029359e,1634203,157,PAYMENT,9054.39,20558.0,0.0,Low,0.6,1024,39.992455,40.09834,0.5331208511998016,39.698834,41.022705,5
7256d5e6-02a0-5bf8-973e-fa1b4029359e,1634203,157,PAYMENT,9054.39,20558.0,0.0,Medium,0.75,2048,33.500116,32.885141,1.5576297074667649,30.307716,34.050216,5
72f8e765-4c3b-5a57-aaa4-4d1d1b86d5b2,696649,36,PAYMENT,24660.91,273226.39,0.0,High,1.0,4096,25.003435,25.5070442,0.7587344776492628,24.951285,26.609768,5
72f8e765-4c3b-5a57-aaa4-4d1d1b86d5b2,696649,36,PAYMENT,24660.91,273226.39,0.0,Low,0.6,1024,41.547447,41.0898568,4.13002981965109,35.137449,46.070762,5
72f8e765-4c3b-5a57-aaa4-4d1d1b86d5b2,696649,36,PAYMENT,24660.91,273226.39,0.0,Medium,0.75,2048,33.458138,31.9478634,2.4793656160325157,29.082631,34.019991,5
73271237-c3b4-5004-81a6-22e6f0b50d6c,6336130,691,DEBIT,2098.06,20313.0,86872855.07,High,1.0,4096,34.533289,35.5355386,2.9517325474965195,33.289002,40.680881,5
73271237-c3b4-5004-81a6-22e6f0b50d6c,6336130,691,DEBIT,2098.06,20313.0,86872855.07,Low,0.6,1024,51.435195,51.375443,2.1062877590261726,49.443086,54.564834,5
73271237-c3b4-5004-81a6-22e6f0b50d6c,6336130,691,DEBIT,2098.06,20313.0,86872855.07,Medium,0.75,2048,42.884191,41.4978078,2.0359040391270176,38.778462,43.014503,5
7343a7ce-f112-5db8-adbf-1e931f58d9b4,919513,43,PAYMENT,5387.17,560833.47,0.0,High,1.0,4096,25.860488,26.9197764,1.484226927020023,25.802467,28.738026,5
7343a7ce-f112-5db8-adbf-1e931f58d9b4,919513,43,PAYMENT,5387.17,560833.47,0.0,Low,0.6,1024,39.969314,40.035897,0.3544064767516262,39.734955,40.615591,5
7343a7ce-f112-5db8-adbf-1e931f58d9b4,919513,43,PAYMENT,5387.17,560833.47,0.0,Medium,0.75,2048,31.847545,32.7092812,3.0073000684309337,29.740244,35.972625,5
73921950-ac42-59c7-a327-5da1182275c1,5151128,357,DEBIT,3077.33,11159.0,667438.33,High,1.0,4096,32.818899,32.6094702,0.570264314367206,31.606341,33.018938,5
73921950-ac42-59c7-a327-5da1182275c1,5151128,357,DEBIT,3077.33,11159.0,667438.33,Low,0.6,1024,51.461285,51.378463,2.2212945626270493,49.414908,54.840543,5
73921950-ac42-59c7-a327-5da1182275c1,5151128,357,DEBIT,3077.33,11159.0,667438.33,Medium,0.75,2048,41.466148,40.9820894,1.5563522877643416,38.475334,42.680533,5
73f48629-0301-51f3-8375-85d1dfb12f0a,100717,10,DEBIT,6746.16,392092.32,1442434.83,High,1.0,4096,31.994536,31.8803432,0.6394899468034663,31.188406,32.816873,5
73f48629-0301-51f3-8375-85d1dfb12f0a,100717,10,DEBIT,6746.16,392092.32,1442434.83,Low,0.6,1024,54.398444,52.682265,3.9893459003447536,48.024407,56.117211,5
73f48629-0301-51f3-8375-85d1dfb12f0a,100717,10,DEBIT,6746.16,392092.32,1442434.83,Medium,0.75,2048,40.104231,41.370144,2.8944955484129684,40.01129,46.547473,5
73f4bb7b-ab56-5c72-8a5a-4c6da6a3e372,3177142,238,DEBIT,1513.2,294314.0,154955.78,High,1.0,4096,30.62805,30.6172378,0.0928669604848788,30.478216,30.736839,5
73f4bb7b-ab56-5c72-8a5a-4c6da6a3e372,3177142,238,DEBIT,1513.2,294314.0,154955.78,Low,0.6,1024,52.462289,50.7898286,3.193059663867056,45.473751,53.276239,5
73f4bb7b-ab56-5c72-8a5a-4c6da6a3e372,3177142,238,DEBIT,1513.2,294314.0,154955.78,Medium,0.75,2048,40.659679,41.93527,3.0541314312352394,40.324939,47.389695,5
7411d029-0801-58fc-a08c-87f86b585815,5206147,370,CASH_IN,124151.0,502115.49,1056833.3,High,1.0,4096,21.109655,21.1972326,0.4591923059648318,20.749706,21.952633,5
7411d029-0801-58fc-a08c-87f86b585815,5206147,370,CASH_IN,124151.0,502115.49,1056833.3,Low,0.6,1024,32.171342,32.5673118,2.9969555189543944,30.073404,37.669958,5
7411d029-0801-58fc-a08c-87f86b585815,5206147,370,CASH_IN,124151.0,502115.49,1056833.3,Medium,0.75,2048,27.563709,27.550371,1.4080006033285284,25.624655,29.592859,5
743829b9-3a0f-5607-b42b-5e604862cfbc,1896775,165,CASH_OUT,89916.95,207256.0,1944616.54,High,1.0,4096,27.845909,28.234266,0.8001945235238115,27.794518,29.655741,5
743829b9-3a0f-5607-b42b-5e604862cfbc,1896775,165,CASH_OUT,89916.95,207256.0,1944616.54,Low,0.6,1024,42.044984,44.5307156,3.734437363686837,41.69995,49.362673,5
743829b9-3a0f-5607-b42b-5e604862cfbc,1896775,165,CASH_OUT,89916.95,207256.0,1944616.54,Medium,0.75,2048,36.451351,37.3974576,3.4654051382239994,34.289996,43.366633,5
7469ad2a-c63f-530a-88ec-23e11bcf4556,2644609,209,TRANSFER,4234.58,20586.0,304704.97,High,1.0,4096,37.970103,37.9763468,0.2285736319869386,37.757153,38.341154,5
7469ad2a-c63f-530a-88ec-23e11bcf4556,2644609,209,TRANSFER,4234.58,20586.0,304704.97,Low,0.6,1024,58.432663,57.4237428,2.576004275573452,52.838375,58.973874,5
7469ad2a-c63f-530a-88ec-23e11bcf4556,2644609,209,TRANSFER,4234.58,20586.0,304704.97,Medium,0.75,2048,46.346395,44.9550706,3.0268398111873704,41.699028,48.192702,5
75737d86-c843-5f30-9599-59bf503ce377,3060285,234,CASH_OUT,281331.12,512732.0,0.0,High,1.0,4096,29.503827,29.0311144,0.7208462634392302,28.135486,29.595383,5
75737d86-c843-5f30-9599-59bf503ce377,3060285,234,CASH_OUT,281331.12,512732.0,0.0,Low,0.6,1024,43.272134,46.1005528,4.593489940945903,42.770795,53.300833,5
75737d86-c843-5f30-9599-59bf503ce377,3060285,234,CASH_OUT,281331.12,512732.0,0.0,Medium,0.75,2048,37.854503,37.881663,0.1666127672103799,37.681899,38.119356,5
75a84d1d-8c52-56f4-b56d-a6377e16035d,6040021,487,TRANSFER,609400.88,609400.88,0.0,High,1.0,4096,36.516512,36.4224196,0.6947836180720591,35.304837,37.080779,5
75a84d1d-8c52-56f4-b56d-a6377e16035d,6040021,487,TRANSFER,609400.88,609400.88,0.0,Low,0.6,1024,57.863794,57.4067324,2.965608268958545,52.632391,60.822354,5
75a84d1d-8c52-56f4-b56d-a6377e16035d,6040021,487,TRANSFER,609400.88,609400.88,0.0,Medium,0.75,2048,44.716766,45.7934484,1.5239602677820367,44.629142,47.639405,5
75e1d75b-c0c8-5c75-952c-4909fe007730,2186872,185,DEBIT,5725.45,20925.0,384799.54,High,1.0,4096,30.797365,30.7608214,0.1366804516099492,30.585678,30.942085,5
75e1d75b-c0c8-5c75-952c-4909fe007730,2186872,185,DEBIT,5725.45,20925.0,384799.54,Low,0.6,1024,52.559235,52.5530406,3.279680712292402,48.934243,57.558847,5
75e1d75b-c0c8-5c75-952c-4909fe007730,2186872,185,DEBIT,5725.45,20925.0,384799.54,Medium,0.75,2048,42.199435,42.3970184,2.9166715223949717,38.052044,46.014673,5
76a437f9-4ee2-5a3f-8de3-d4ec021f174c,1824964,163,PAYMENT,4911.01,14454.0,0.0,High,1.0,4096,24.169559,24.2487716,0.2675931002180369,24.055252,24.719463,5
76a437f9-4ee2-5a3f-8de3-d4ec021f174c,1824964,163,PAYMENT,4911.01,14454.0,0.0,Low,0.6,1024,40.922539,40.131211,1.7077050425083655,37.08368,41.012621,5
76a437f9-4ee2-5a3f-8de3-d4ec021f174c,1824964,163,PAYMENT,4911.01,14454.0,0.0,Medium,0.75,2048,32.911818,32.911421,2.695854587554103,30.581132,37.287807,5
77441821-25ab-5f4e-b499-11bc6a0209da,56261,9,DEBIT,770.26,31556.0,181365.95,High,1.0,4096,32.858754,32.498805,0.7579621308320736,31.622965,33.333631,5
77441821-25ab-5f4e-b499-11bc6a0209da,56261,9,DEBIT,770.26,31556.0,181365.95,Low,0.6,1024,49.311797,49.961181,3.30338430317856,46.4776,54.742573,5
77441821-25ab-5f4e-b499-11bc6a0209da,56261,9,DEBIT,770.26,31556.0,181365.95,Medium,0.75,2048,40.798573,40.9733682,0.6396364177770851,40.496032,42.090732,5
78f9e6cf-ce66-5d28-b12a-8d7adbcbf43d,142461,11,TRANSFER,27221.49,130716.0,30144.0,High,1.0,4096,34.544132,34.6106494,0.2205906652746215,34.345893,34.936477,5
78f9e6cf-ce66-5d28-b12a-8d7adbcbf43d,142461,11,TRANSFER,27221.49,130716.0,30144.0,Low,0.6,1024,59.886998,56.647127,4.616649302462717,50.663781,60.043361,5
78f9e6cf-ce66-5d28-b12a-8d7adbcbf43d,142461,11,TRANSFER,27221.49,130716.0,30144.0,Medium,0.75,2048,45.984303,46.0332084,2.204740803393859,43.52565,48.483047,5
79cb008e-6631-5857-b372-c531d1843b11,3317722,252,CASH_IN,117049.08,1643776.97,529483.51,High,1.0,4096,21.860494,22.1515362,0.5287985522348758,21.630305,22.865448,5
79cb008e-6631-5857-b372-c531d1843b11,3317722,252,CASH_IN,117049.08,1643776.97,529483.51,Low,0.6,1024,37.052514,35.3265274,4.3302765582085865,29.516119,40.236868,5
79cb008e-6631-5857-b372-c531d1843b11,3317722,252,CASH_IN,117049.08,1643776.97,529483.51,Medium,0.75,2048,27.999511,27.9820822,2.661845646130744,24.343269,31.588893,5
7a08800c-3c7c-584d-b694-3987195a7242,574891,25,CASH_IN,57561.41,2847458.81,107314.57,High,1.0,4096,21.277295,21.2711716,0.0770485027745512,21.147281,21.358231,5
7a08800c-3c7c-584d-b694-3987195a7242,574891,25,CASH_IN,57561.41,2847458.81,107314.57,Low,0.6,1024,33.651929,35.5126094,3.7758730472778472,31.532866,39.98106,5
7a08800c-3c7c-584d-b694-3987195a7242,574891,25,CASH_IN,57561.41,2847458.81,107314.57,Medium,0.75,2048,28.196101,27.73957,2.641504207926897,23.188353,29.667212,5
7a21bf49-5033-5f13-8ed7-db901b048058,6019714,456,TRANSFER,13914.81,13914.81,0.0,High,1.0,4096,34.325077,34.4360442,0.3121147194729838,34.153342,34.789412,5
7a21bf49-5033-5f13-8ed7-db901b048058,6019714,456,TRANSFER,13914.81,13914.81,0.0,Low,0.6,1024,56.629017,57.1964884,2.7491588845594754,53.596978,61.110076,5
7a21bf49-5033-5f13-8ed7-db901b048058,6019714,456,TRANSFER,13914.81,13914.81,0.0,Medium,0.75,2048,48.632508,47.761888,2.680243883116701,43.845395,50.323218,5
7aefde7b-09fd-5fe0-8e11-cc80dc966248,4535342,326,PAYMENT,15354.77,51625.0,0.0,High,1.0,4096,23.817774,23.8257354,0.1003429996676396,23.707537,23.934447,5
7aefde7b-09fd-5fe0-8e11-cc80dc966248,4535342,326,PAYMENT,15354.77,51625.0,0.0,Low,0.6,1024,39.822862,42.4679814,4.319302912766863,38.857777,48.17087,5
7aefde7b-09fd-5fe0-8e11-cc80dc966248,4535342,326,PAYMENT,15354.77,51625.0,0.0,Medium,0.75,2048,31.514307,31.4948708,1.3832261468278408,29.508514,33.261903,5
7b5d4486-88aa-5d87-aa95-f5448181cd39,1364035,138,CASH_IN,55020.69,16804.0,116385.89,High,1.0,4096,22.54901,22.2772238,0.4638072826090595,21.768852,22.654614,5
7b5d4486-88aa-5d87-aa95-f5448181cd39,1364035,138,CASH_IN,55020.69,16804.0,116385.89,Low,0.6,1024,33.46361,34.1488658,4.403900503940081,29.726559,41.130929,5
7b5d4486-88aa-5d87-aa95-f5448181cd39,1364035,138,CASH_IN,55020.69,16804.0,116385.89,Medium,0.75,2048,27.970296,27.733976,2.831118882348902,23.048577,30.333804,5
7c0a0d00-fbae-5b99-a78d-b2bc37775dde,5183102,360,DEBIT,3894.26,34494.0,283440.53,High,1.0,4096,31.215957,31.1760566,0.2539542991983003,30.923461,31.55597,5
7c0a0d00-fbae-5b99-a78d-b2bc37775dde,5183102,360,DEBIT,3894.26,34494.0,283440.53,Low,0.6,1024,53.336442,52.5231432,5.293305762587089,43.987067,57.18971,5
7c0a0d00-fbae-5b99-a78d-b2bc37775dde,5183102,360,DEBIT,3894.26,34494.0,283440.53,Medium,0.75,2048,40.153148,40.333667,0.4254760262905544,40.109382,41.093918,5
7ce4384f-20f6-57a9-b354-f8b408c29ffc,204739,13,TRANSFER,109572.41,1148497.89,71432.61,High,1.0,4096,36.13495,36.2386214,0.9598616400397524,34.96619,37.665466,5
7ce4384f-20f6-57a9-b354-f8b408c29ffc,204739,13,TRANSFER,109572.41,1148497.89,71432.61,Low,0.6,1024,56.141699,56.9091646,1.944722584400484,55.123899,59.036598,5
7ce4384f-20f6-57a9-b354-f8b408c29ffc,204739,13,TRANSFER,109572.41,1148497.89,71432.61,Medium,0.75,2048,45.518878,46.6503554,2.6959181023776115,44.229501,49.8707,5
7ced6272-7cf5-5c0c-913a-684cad85367e,5472127,379,TRANSFER,59245.28,704184.0,35433.93,High,1.0,4096,34.091002,34.0599968,0.0590008216993628,33.96316,34.1039,5
7ced6272-7cf5-5c0c-913a-684cad85367e,5472127,379,TRANSFER,59245.28,704184.0,35433.93,Low,0.6,1024,56.38603,55.862314,3.3646707408343084,51.854928,60.810623,5
7ced6272-7cf5-5c0c-913a-684cad85367e,5472127,379,TRANSFER,59245.28,704184.0,35433.93,Medium,0.75,2048,44.184051,45.6719526,2.3485319714675588,43.948851,49.223479,5
7d0790c3-9c22-58d5-8fce-fe8cc41dcc5c,3383530,255,PAYMENT,15064.04,226474.98,0.0,High,1.0,4096,24.153739,24.2099476,0.1510138976909074,24.078587,24.463077,5
7d0790c3-9c22-58d5-8fce-fe8cc41dcc5c,3383530,255,PAYMENT,15064.04,226474.98,0.0,Low,0.6,1024,41.880805,41.2896192,2.362553639084031,37.374453,43.757043,5
7d0790c3-9c22-58d5-8fce-fe8cc41dcc5c,3383530,255,PAYMENT,15064.04,226474.98,0.0,Medium,0.75,2048,31.16892,31.5513276,1.711559476735413,29.183952,33.435954,5
7d5aa29c-2e7d-52dc-9566-af5f9e77c2e8,405247,18,DEBIT,4931.08,32340.0,222186.05,High,1.0,4096,32.784723,32.4509588,0.5896803650065008,31.643094,32.955663,5
7d5aa29c-2e7d-52dc-9566-af5f9e77c2e8,405247,18,DEBIT,4931.08,32340.0,222186.05,Low,0.6,1024,51.711658,51.7099518,2.402810079851235,49.639971,55.596375,5
7d5aa29c-2e7d-52dc-9566-af5f9e77c2e8,405247,18,DEBIT,4931.08,32340.0,222186.05,Medium,0.75,2048,40.935602,42.1440608,4.193124222234025,36.932272,47.909423,5
7dd50fbe-328e-5a97-bcd0-9e08abe13a16,587266,33,PAYMENT,6633.8,104545.0,0.0,High,1.0,4096,24.035642,24.0811224,0.2177820901550443,23.875588,24.446475,5
7dd50fbe-328e-5a97-bcd0-9e08abe13a16,587266,33,PAYMENT,6633.8,104545.0,0.0,Low,0.6,1024,39.341585,40.5593654,3.312010826926568,38.565342,46.455736,5
7dd50fbe-328e-5a97-bcd0-9e08abe13a16,587266,33,PAYMENT,6633.8,104545.0,0.0,Medium,0.75,2048,31.617936,32.1629524,2.156035812988341,29.339464,34.433833,5
7e588935-d1b3-590c-96c3-6a2749e6d8b1,5746346,399,CASH_IN,347794.97,6522717.84,451062.79,High,1.0,4096,20.607561,20.6094392,0.1465312554242265,20.407895,20.810699,5
7e588935-d1b3-590c-96c3-6a2749e6d8b1,5746346,399,CASH_IN,347794.97,6522717.84,451062.79,Low,0.6,1024,32.882751,33.988375,3.7380136133772304,30.757682,39.392323,5
7e588935-d1b3-590c-96c3-6a2749e6d8b1,5746346,399,CASH_IN,347794.97,6522717.84,451062.79,Medium,0.75,2048,27.858231,27.7546538,1.351983668202282,26.394223,29.75583,5
7e7a209f-b2dd-58a7-8df0-ff03e223de42,3192174,241,DEBIT,2065.27,18371.0,2233128.61,High,1.0,4096,34.256959,34.9476202,3.6071369532292095,31.607674,40.992431,5
7e7a209f-b2dd-58a7-8df0-ff03e223de42,3192174,241,DEBIT,2065.27,18371.0,2233128.61,Low,0.6,1024,53.669671,51.897853,3.9108091809406895,47.597419,55.691385,5
7e7a209f-b2dd-58a7-8df0-ff03e223de42,3192174,241,DEBIT,2065.27,18371.0,2233128.61,Medium,0.75,2048,40.915948,42.205162,3.6040101579529424,38.004412,47.025028,5
7e870eb2-dde9-5ba9-9533-178a4a3aff50,968349,44,TRANSFER,41684.29,128823.57,104856.57,High,1.0,4096,34.974874,35.0775136,0.4622400919146912,34.713173,35.858231,5
7e870eb2-dde9-5ba9-9533-178a4a3aff50,968349,44,TRANSFER,41684.29,128823.57,104856.57,Low,0.6,1024,59.940392,57.4141536,5.409285236108491,50.765135,63.562245,5
7e870eb2-dde9-5ba9-9533-178a4a3aff50,968349,44,TRANSFER,41684.29,128823.57,104856.57,Medium,0.75,2048,47.198096,46.6874288,2.376259787998925,43.318742,49.261084,5
7eb964d8-e0d7-58b0-a92a-4f9f86c93fef,660455,36,CASH_IN,34550.1,53789.0,41999.0,High,1.0,4096,20.561874,21.951591,2.1866767267326,20.483585,25.476004,5
7eb964d8-e0d7-58b0-a92a-4f9f86c93fef,660455,36,CASH_IN,34550.1,53789.0,41999.0,Low,0.6,1024,35.84524,35.2873602,1.148328005910202,33.329874,36.164849,5
7eb964d8-e0d7-58b0-a92a-4f9f86c93fef,660455,36,CASH_IN,34550.1,53789.0,41999.0,Medium,0.75,2048,27.366947,27.1376186,0.7913491203408903,25.793383,27.871334,5
7ef86083-8792-51f1-8994-045b3a8d200c,1855507,164,DEBIT,1890.12,91446.0,647409.95,High,1.0,4096,31.072607,31.2499742,0.7324479040393923,30.63152,32.47875,5
7ef86083-8792-51f1-8994-045b3a8d200c,1855507,164,DEBIT,1890.12,91446.0,647409.95,Low,0.6,1024,50.464555,50.5275044,1.3787678268478711,48.599347,52.413991,5
7ef86083-8792-51f1-8994-045b3a8d200c,1855507,164,DEBIT,1890.12,91446.0,647409.95,Medium,0.75,2048,41.691254,40.8919644,2.79742518692177,37.888878,44.558371,5
7f09813e-5503-5372-b7f6-6cd052c134c2,3285078,252,CASH_OUT,51608.2,247860.0,0.0,High,1.0,4096,27.744663,27.8336672,0.6103708756331679,27.229193,28.560366,5
7f09813e-5503-5372-b7f6-6cd052c134c2,3285078,252,CASH_OUT,51608.2,247860.0,0.0,Low,0.6,1024,47.430719,46.0206938,3.47815175763748,42.233612,49.177408,5
7f09813e-5503-5372-b7f6-6cd052c134c2,3285078,252,CASH_OUT,51608.2,247860.0,0.0,Medium,0.75,2048,38.297467,37.1981384,2.373460470833315,33.295111,39.089564,5
7f113616-76c1-5702-950b-4b2d17a8e09e,2780606,214,CASH_IN,23729.77,3546186.37,1781224.2,High,1.0,4096,20.563887,20.6390182,0.2195993059135199,20.373822,20.900688,5
7f113616-76c1-5702-950b-4b2d17a8e09e,2780606,214,CASH_IN,23729.77,3546186.37,1781224.2,Low,0.6,1024,35.03881,34.430052,1.9452620351150625,31.614771,36.122473,5
7f113616-76c1-5702-950b-4b2d17a8e09e,2780606,214,CASH_IN,23729.77,3546186.37,1781224.2,Medium,0.75,2048,27.772035,27.6583682,2.5943412422311942,23.396775,29.805426,5
7fbc8248-50ee-594a-8bf6-e09f2c882422,140960,11,DEBIT,3825.95,32248.0,1290279.55,High,1.0,4096,33.395077,33.3665756,0.6038023543849439,32.477819,34.155119,5
7fbc8248-50ee-594a-8bf6-e09f2c882422,140960,11,DEBIT,3825.95,32248.0,1290279.55,Low,0.6,1024,49.907999,49.9716898,1.4108346387423307,48.028098,51.990394,5
7fbc8248-50ee-594a-8bf6-e09f2c882422,140960,11,DEBIT,3825.95,32248.0,1290279.55,Medium,0.75,2048,39.904009,40.88384,3.648944729427948,36.616503,46.065635,5
7fca8acd-b172-5432-8cc7-44c591b27c3e,3853886,283,PAYMENT,11452.08,50257.25,0.0,High,1.0,4096,25.803408,26.5585604,1.0899704011069742,25.695697,27.795495,5
7fca8acd-b172-5432-8cc7-44c591b27c3e,3853886,283,PAYMENT,11452.08,50257.25,0.0,Low,0.6,1024,39.864515,39.9219476,0.386668400705695,39.57214,40.577228,5
7fca8acd-b172-5432-8cc7-44c591b27c3e,3853886,283,PAYMENT,11452.08,50257.25,0.0,Medium,0.75,2048,32.15691,31.897548200000003,1.3208172000686558,29.788183,33.415336,5
807d6627-34fa-53b9-953d-a55efc3e672a,3794738,281,PAYMENT,3426.05,23683.0,0.0,High,1.0,4096,25.244489,25.6230388,0.6066447876028435,25.17512,26.558472,5
807d6627-34fa-53b9-953d-a55efc3e672a,3794738,281,PAYMENT,3426.05,23683.0,0.0,Low,0.6,1024,39.956332,40.0105628,0.3304756339931893,39.732924,40.575744,5
807d6627-34fa-53b9-953d-a55efc3e672a,3794738,281,PAYMENT,3426.05,23683.0,0.0,Medium,0.75,2048,30.065844,31.7106318,3.4813400052222288,28.8281,36.363303,5
80893ac3-16b4-5f60-89f3-c4288f3bed11,5060030,354,DEBIT,4996.35,19855.0,680302.43,High,1.0,4096,34.602912,34.9593312,1.7130411514640265,32.50476,36.772918,5
80893ac3-16b4-5f60-89f3-c4288f3bed11,5060030,354,DEBIT,4996.35,19855.0,680302.43,Low,0.6,1024,51.95335,51.5805866,2.850147132307261,47.519433,54.720548,5
80893ac3-16b4-5f60-89f3-c4288f3bed11,5060030,354,DEBIT,4996.35,19855.0,680302.43,Medium,0.75,2048,39.013856,40.5807494,3.7533768318723744,36.470209,45.902235,5
808e7265-2594-54dc-915c-45d07d357596,2491876,204,CASH_OUT,20460.71,20748.0,0.0,High,1.0,4096,27.573531,27.5279224,0.1161527752221182,27.374305,27.657459,5
808e7265-2594-54dc-915c-45d07d357596,2491876,204,CASH_OUT,20460.71,20748.0,0.0,Low,0.6,1024,47.870535,47.13735,2.694382101073177,42.51604,49.184562,5
808e7265-2594-54dc-915c-45d07d357596,2491876,204,CASH_OUT,20460.71,20748.0,0.0,Medium,0.75,2048,34.86636,35.5468592,1.9688963733360096,33.18547,38.312529,5
80aa0ebc-f043-59e9-9d90-a694802e4d7c,3093105,235,TRANSFER,24371.06,48401.0,4318610.63,High,1.0,4096,34.867928,35.662562,2.1191806455392124,34.465564,39.426714,5
80aa0ebc-f043-59e9-9d90-a694802e4d7c,3093105,235,TRANSFER,24371.06,48401.0,4318610.63,Low,0.6,1024,59.85751,57.7015232,3.6652335060684336,52.272196,60.428144,5
80aa0ebc-f043-59e9-9d90-a694802e4d7c,3093105,235,TRANSFER,24371.06,48401.0,4318610.63,Medium,0.75,2048,46.589075,46.4391338,2.6677859869983376,43.670281,49.90177,5
819df10f-978a-5635-8121-5e8d3bbc0eef,1557171,154,CASH_OUT,16462.15,20824.0,0.0,High,1.0,4096,27.173775,27.1582488,0.1246685601553175,26.967533,27.285643,5
819df10f-978a-5635-8121-5e8d3bbc0eef,1557171,154,CASH_OUT,16462.15,20824.0,0.0,Low,0.6,1024,45.994209,45.5750104,2.231346963552239,41.984757,47.702924,5
819df10f-978a-5635-8121-5e8d3bbc0eef,1557171,154,CASH_OUT,16462.15,20824.0,0.0,Medium,0.75,2048,37.647794,37.2112672,0.9600043286166474,35.583101,37.930616,5
81c33694-313a-571e-afdd-a42b7e3922b2,1132541,131,CASH_IN,36739.79,2624871.49,154162.77,High,1.0,4096,20.85068,20.8958542,0.0881663202714057,20.807855,21.006416,5
81c33694-313a-571e-afdd-a42b7e3922b2,1132541,131,CASH_IN,36739.79,2624871.49,154162.77,Low,0.6,1024,32.729877,33.7918478,3.699760939280902,30.386317,37.823546,5
81c33694-313a-571e-afdd-a42b7e3922b2,1132541,131,CASH_IN,36739.79,2624871.49,154162.77,Medium,0.75,2048,26.805111,27.5509308,2.9328888505008512,25.341049,32.655503,5
81dff892-7a7f-5818-9e3b-9d45a424ebda,1658976,158,PAYMENT,23597.21,90519.87,0.0,High,1.0,4096,25.400762,25.5975912,0.7532223590518939,24.858117,26.657311,5
81dff892-7a7f-5818-9e3b-9d45a424ebda,1658976,158,PAYMENT,23597.21,90519.87,0.0,Low,0.6,1024,40.109417,40.1393194,0.6011463623696827,39.519628,41.104159,5
81dff892-7a7f-5818-9e3b-9d45a424ebda,1658976,158,PAYMENT,23597.21,90519.87,0.0,Medium,0.75,2048,31.737532,32.38096,1.2533344114554985,31.351468,34.041676,5
831b7063-e910-5751-be91-2619d14b88e8,272533,15,PAYMENT,3922.86,624837.27,0.0,High,1.0,4096,25.780112,26.5289492,2.2421019006636835,23.788092,29.649918,5
831b7063-e910-5751-be91-2619d14b88e8,272533,15,PAYMENT,3922.86,624837.27,0.0,Low,0.6,1024,40.025252,39.4027832,3.0421378424997765,36.269378,43.754024,5
831b7063-e910-5751-be91-2619d14b88e8,272533,15,PAYMENT,3922.86,624837.27,0.0,Medium,0.75,2048,31.762992,31.0772432,1.1857531507361472,29.757552,32.038459,5
83ff4915-1ee7-55b4-9295-1e3f5f51aec2,1558286,154,PAYMENT,17170.57,458281.42,0.0,High,1.0,4096,24.423709,24.611075,0.3959362533388421,24.408124,25.316204,5
83ff4915-1ee7-55b4-9295-1e3f5f51aec2,1558286,154,PAYMENT,17170.57,458281.42,0.0,Low,0.6,1024,38.353982,38.5300628,4.786327407588119,34.587476,46.367114,5
83ff4915-1ee7-55b4-9295-1e3f5f51aec2,1558286,154,PAYMENT,17170.57,458281.42,0.0,Medium,0.75,2048,31.21667,33.408186,4.057923175221964,29.520513,37.948894,5
8406192d-7c6b-5fbe-a824-eea1d2853761,2246777,186,PAYMENT,3646.45,20091.0,0.0,High,1.0,4096,25.605051,25.963357,0.851670033994387,25.091063,26.970271,5
8406192d-7c6b-5fbe-a824-eea1d2853761,2246777,186,PAYMENT,3646.45,20091.0,0.0,Low,0.6,1024,39.823192,39.4329878,3.1564732766081995,36.187239,43.972034,5
8406192d-7c6b-5fbe-a824-eea1d2853761,2246777,186,PAYMENT,3646.45,20091.0,0.0,Medium,0.75,2048,31.022541,31.6164304,2.994064832837509,29.021812,36.438845,5
849b5edf-3a75-54bb-ac29-5f705290377d,3157769,237,DEBIT,483.96,5025.0,376074.97,High,1.0,4096,34.37914,33.5879256,1.114673338318587,32.320609,34.420242,5
849b5edf-3a75-54bb-ac29-5f705290377d,3157769,237,DEBIT,483.96,5025.0,376074.97,Low,0.6,1024,51.727291,51.8444492,1.8885975302195028,50.12786,54.939765,5
849b5edf-3a75-54bb-ac29-5f705290377d,3157769,237,DEBIT,483.96,5025.0,376074.97,Medium,0.75,2048,42.832822,41.3184792,2.439566136931155,38.459207,43.512895,5
851e2411-3c77-50e3-96d1-f67811f66824,3583460,261,CASH_IN,252965.2,4654946.42,5567648.63,High,1.0,4096,21.102868,21.1597114,0.1071839441511643,21.059992,21.318596,5
851e2411-3c77-50e3-96d1-f67811f66824,3583460,261,CASH_IN,252965.2,4654946.42,5567648.63,Low,0.6,1024,35.156694,34.8881808,4.360314839444589,29.574159,39.165328,5
851e2411-3c77-50e3-96d1-f67811f66824,3583460,261,CASH_IN,252965.2,4654946.42,5567648.63,Medium,0.75,2048,27.600812,26.8234304,3.1696312779289166,23.327055,30.163348,5
85571f4c-f855-5abd-9844-759e6e74bb65,5000100,353,CASH_OUT,141052.16,143983.0,111057.38,High,1.0,4096,28.581448,29.0011444,0.7620934256318576,28.330635,30.16337,5
85571f4c-f855-5abd-9844-759e6e74bb65,5000100,353,CASH_OUT,141052.16,143983.0,111057.38,Low,0.6,1024,47.283735,46.9301894,2.7766137170433525,42.425146,49.779993,5
85571f4c-f855-5abd-9844-759e6e74bb65,5000100,353,CASH_OUT,141052.16,143983.0,111057.38,Medium,0.75,2048,36.912839,36.1478408,2.099239658405325,32.611756,37.999222,5
857f69c9-7e9b-522b-aecb-262a4fea3e57,1017687,47,CASH_IN,255269.68,3676224.43,454571.0,High,1.0,4096,21.779481,22.1011632,0.6788263757936923,21.747775,23.310318,5
857f69c9-7e9b-522b-aecb-262a4fea3e57,1017687,47,CASH_IN,255269.68,3676224.43,454571.0,Low,0.6,1024,36.601942,35.0267302,2.342862957707449,31.573611,36.717281,5
857f69c9-7e9b-522b-aecb-262a4fea3e57,1017687,47,CASH_IN,255269.68,3676224.43,454571.0,Medium,0.75,2048,28.648151,27.8015998,2.6594046553313766,24.51831,30.732644,5
85d2935c-a6c5-5357-bcec-5e11ad658e82,1057338,96,TRANSFER,22211.21,37280.0,3772452.09,High,1.0,4096,36.860284,37.0350156,0.2981830861983949,36.79207,37.371366,5
85d2935c-a6c5-5357-bcec-5e11ad658e82,1057338,96,TRANSFER,22211.21,37280.0,3772452.09,Low,0.6,1024,57.947706,57.3652536,1.315942053734244,55.012299,58.008176,5
85d2935c-a6c5-5357-bcec-5e11ad658e82,1057338,96,TRANSFER,22211.21,37280.0,3772452.09,Medium,0.75,2048,46.211977,45.7276196,2.7241949874614884,42.811845,49.471348,5
85e5f56d-c455-54f5-9d31-3b14fe4da9b5,1456967,140,DEBIT,562.31,21034.0,1369506.33,High,1.0,4096,30.839667,30.7841044,0.2075005412229086,30.517963,31.057245,5
85e5f56d-c455-54f5-9d31-3b14fe4da9b5,1456967,140,DEBIT,562.31,21034.0,1369506.33,Low,0.6,1024,52.656836,52.1342408,1.35058926829151,50.677187,53.796729,5
85e5f56d-c455-54f5-9d31-3b14fe4da9b5,1456967,140,DEBIT,562.31,21034.0,1369506.33,Medium,0.75,2048,41.730584,41.3627118,2.125283040059419,37.949566,43.826515,5
85ed433b-de68-58fe-b6d0-867a265ced6b,5663777,396,DEBIT,1076.57,26694.0,7531.22,High,1.0,4096,30.914647,31.2720718,0.8007062720890225,30.610058,32.614869,5
85ed433b-de68-58fe-b6d0-867a265ced6b,5663777,396,DEBIT,1076.57,26694.0,7531.22,Low,0.6,1024,50.667476,52.886846,4.4065743311096535,48.237074,58.123709,5
85ed433b-de68-58fe-b6d0-867a265ced6b,5663777,396,DEBIT,1076.57,26694.0,7531.22,Medium,0.75,2048,41.840151,41.3473854,1.8336442400223936,38.1374,42.705357,5
85fa5f36-4722-51ec-9989-a99b3438c289,6039804,485,TRANSFER,1425802.24,1425802.24,0.0,High,1.0,4096,36.825193,37.0449644,0.5243483852094902,36.72409,37.977745,5
85fa5f36-4722-51ec-9989-a99b3438c289,6039804,485,TRANSFER,1425802.24,1425802.24,0.0,Low,0.6,1024,57.73948,57.455339,1.577659873694897,54.727375,58.56083,5
85fa5f36-4722-51ec-9989-a99b3438c289,6039804,485,TRANSFER,1425802.24,1425802.24,0.0,Medium,0.75,2048,43.170418,44.8093622,3.288468603557163,42.070785,49.387102,5
867a92c7-c270-55bd-a604-7dad2089dd8d,3476890,258,CASH_IN,36512.34,20788.0,3012168.94,High,1.0,4096,20.802921,20.811371,0.08454694455449,20.722723,20.933652,5
867a92c7-c270-55bd-a604-7dad2089dd8d,3476890,258,CASH_IN,36512.34,20788.0,3012168.94,Low,0.6,1024,34.22845,35.2064642,4.380447443467471,30.284859,41.222093,5
867a92c7-c270-55bd-a604-7dad2089dd8d,3476890,258,CASH_IN,36512.34,20788.0,3012168.94,Medium,0.75,2048,27.848231,27.9162432,2.5192651216084228,23.878284,30.09502,5
874a9d07-73b8-56f3-a325-35dc2f6fd992,5481777,379,CASH_IN,14130.49,35434.0,2673403.09,High,1.0,4096,20.633338,20.607405,0.0850192241995886,20.485601,20.689673,5
874a9d07-73b8-56f3-a325-35dc2f6fd992,5481777,379,CASH_IN,14130.49,35434.0,2673403.09,Low,0.6,1024,35.497456,34.9516504,3.3126948999594408,30.66657,39.152733,5
874a9d07-73b8-56f3-a325-35dc2f6fd992,5481777,379,CASH_IN,14130.49,35434.0,2673403.09,Medium,0.75,2048,28.585174,28.164952,2.5554134002678515,23.782991,30.029149,5
88306d08-04f2-54f4-89d3-c64b6b2958e5,5429467,378,PAYMENT,1619.53,335483.69,0.0,High,1.0,4096,23.918677,23.9442314,0.119242712994548,23.797359,24.097778,5
88306d08-04f2-54f4-89d3-c64b6b2958e5,5429467,378,PAYMENT,1619.53,335483.69,0.0,Low,0.6,1024,39.219188,41.0682544,3.0269343978687897,38.702261,45.643364,5
88306d08-04f2-54f4-89d3-c64b6b2958e5,5429467,378,PAYMENT,1619.53,335483.69,0.0,Medium,0.75,2048,31.228768,31.8291762,1.9417046226584505,29.347358,34.245186,5
8851bb03-eec8-5001-9273-ed61ed002352,3685079,276,PAYMENT,5913.0,13685.0,0.0,High,1.0,4096,24.996299,25.3754584,0.6834721193405031,24.878567,26.507975,5
8851bb03-eec8-5001-9273-ed61ed002352,3685079,276,PAYMENT,5913.0,13685.0,0.0,Low,0.6,1024,39.914093,39.8748578,0.1282022755831569,39.70461,40.028053,5
8851bb03-eec8-5001-9273-ed61ed002352,3685079,276,PAYMENT,5913.0,13685.0,0.0,Medium,0.75,2048,31.415524,31.9650882,1.9350381310601357,29.330717,34.275727,5
88952438-1173-51a9-9b76-d3e1f775b007,1070154,127,TRANSFER,829012.31,829012.31,0.0,High,1.0,4096,35.676369,35.7323478,0.9704813306476824,34.722838,37.309132,5
88952438-1173-51a9-9b76-d3e1f775b007,1070154,127,TRANSFER,829012.31,829012.31,0.0,Low,0.6,1024,57.927291,58.314296,0.8153170166183817,57.826008,59.753412,5
88952438-1173-51a9-9b76-d3e1f775b007,1070154,127,TRANSFER,829012.31,829012.31,0.0,Medium,0.75,2048,47.791435,47.2539666,1.970365792745678,44.786228,49.555452,5
88a4e892-e86c-5ff3-8d1d-5fc3884bb8cd,302065,15,DEBIT,4129.5,257737.45,3002873.87,High,1.0,4096,33.097787,32.7923478,0.6836439355671198,31.958644,33.466867,5
88a4e892-e86c-5ff3-8d1d-5fc3884bb8cd,302065,15,DEBIT,4129.5,257737.45,3002873.87,Low,0.6,1024,51.461873,51.518894,1.8944533674668536,49.613964,54.518838,5
88a4e892-e86c-5ff3-8d1d-5fc3884bb8cd,302065,15,DEBIT,4129.5,257737.45,3002873.87,Medium,0.75,2048,40.044609,40.7416376,1.6106174114682856,39.158649,43.301431,5
893cb5b5-8d2c-5f58-bce8-c0834e7b6ac2,1282193,135,PAYMENT,9646.28,98943.98,0.0,High,1.0,4096,24.022205,24.0257822,0.1693190781607323,23.86275,24.261026,5
893cb5b5-8d2c-5f58-bce8-c0834e7b6ac2,1282193,135,PAYMENT,9646.28,98943.98,0.0,Low,0.6,1024,39.480511,41.5063676,3.2754255065841145,38.88135,45.743893,5
893cb5b5-8d2c-5f58-bce8-c0834e7b6ac2,1282193,135,PAYMENT,9646.28,98943.98,0.0,Medium,0.75,2048,31.404461,32.1318936,2.1393295052617085,29.601726,35.211274,5
89586149-3663-5a53-931e-ece960805445,2944063,230,DEBIT,7907.72,155534.4,183795.32,High,1.0,4096,32.797031,32.6345518,0.5652850848365796,31.636014,32.989467,5
89586149-3663-5a53-931e-ece960805445,2944063,230,DEBIT,7907.72,155534.4,183795.32,Low,0.6,1024,54.051018,52.029307,3.4957496427604062,47.643111,55.328633,5
89586149-3663-5a53-931e-ece960805445,2944063,230,DEBIT,7907.72,155534.4,183795.32,Medium,0.75,2048,40.438413,41.7811452,3.029130072140795,40.064706,47.164116,5
89d99087-9dec-5b07-b1d8-89468d66d679,3779489,280,TRANSFER,98387.92,121205.0,600780.15,High,1.0,4096,37.858235,37.1587146,1.1909854419281516,35.723139,38.222139,5
89d99087-9dec-5b07-b1d8-89468d66d679,3779489,280,TRANSFER,98387.92,121205.0,600780.15,Low,0.6,1024,58.187199,57.626492,4.095626381589085,51.069074,62.427202,5
89d99087-9dec-5b07-b1d8-89468d66d679,3779489,280,TRANSFER,98387.92,121205.0,600780.15,Medium,0.75,2048,46.466735,46.0600192,0.821713479090612,44.661019,46.65739,5
89dfa62d-d9c8-5a51-b401-d4f9136c9dad,4797881,345,CASH_IN,120228.02,104276.0,0.0,High,1.0,4096,22.606918,23.1575654,1.4181486299268142,22.334963,25.685239,5
89dfa62d-d9c8-5a51-b401-d4f9136c9dad,4797881,345,CASH_IN,120228.02,104276.0,0.0,Low,0.6,1024,36.519003,35.1632938,3.1697621635508706,29.519259,37.048203,5
89dfa62d-d9c8-5a51-b401-d4f9136c9dad,4797881,345,CASH_IN,120228.02,104276.0,0.0,Medium,0.75,2048,26.513895,26.887622,0.8758096487707819,26.327576,28.430423,5
8a5c2c53-a497-5446-85c7-cc2a3bb6edce,6116245,527,TRANSFER,117389.23,134379.0,825550.93,High,1.0,4096,34.247744,34.3365186,0.3587074671062754,33.921292,34.884946,5
8a5c2c53-a497-5446-85c7-cc2a3bb6edce,6116245,527,TRANSFER,117389.23,134379.0,825550.93,Low,0.6,1024,56.656958,57.1698606,2.736969342945093,53.613235,61.229073,5
8a5c2c53-a497-5446-85c7-cc2a3bb6edce,6116245,527,TRANSFER,117389.23,134379.0,825550.93,Medium,0.75,2048,46.724339,45.1019782,3.376814746858597,41.496013,48.86362,5
8b205bd2-fb07-5ee7-8aa7-63179e4b45ea,6178399,565,CASH_OUT,109387.97,157455.01,9241978.66,High,1.0,4096,29.314634,29.056473800000003,0.5597314055001738,28.352015,29.651268,5
8b205bd2-fb07-5ee7-8aa7-63179e4b45ea,6178399,565,CASH_OUT,109387.97,157455.01,9241978.66,Low,0.6,1024,47.285433,46.5778076,2.140041772843184,43.059859,48.240847,5
8b205bd2-fb07-5ee7-8aa7-63179e4b45ea,6178399,565,CASH_OUT,109387.97,157455.01,9241978.66,Medium,0.75,2048,37.196642,35.8311656,2.0942524436042325,32.684777,37.345729,5
8b58774c-d397-5e6b-9b1e-3e8a41d74fb8,3636353,274,CASH_IN,64998.16,4083.0,412696.53,High,1.0,4096,21.316925,21.3758174,0.3533971785998006,21.027913,21.949509,5
8b58774c-d397-5e6b-9b1e-3e8a41d74fb8,3636353,274,CASH_IN,64998.16,4083.0,412696.53,Low,0.6,1024,33.442655,34.081751,3.124738305723377,31.286806,38.966678,5
8b58774c-d397-5e6b-9b1e-3e8a41d74fb8,3636353,274,CASH_IN,64998.16,4083.0,412696.53,Medium,0.75,2048,27.487419,27.5924274,2.241968967741146,24.026335,29.770912,5
8c69583c-6393-5b94-8b61-28c049e525e7,1587535,155,CASH_IN,149190.6,486926.96,1673554.92,High,1.0,4096,20.590955,20.7205578,0.295068758743958,20.467795,21.202952,5
8c69583c-6393-5b94-8b61-28c049e525e7,1587535,155,CASH_IN,149190.6,486926.96,1673554.92,Low,0.6,1024,32.765988,34.6062092,4.472388457878374,30.638645,39.596003,5
8c69583c-6393-5b94-8b61-28c049e525e7,1587535,155,CASH_IN,149190.6,486926.96,1673554.92,Medium,0.75,2048,28.005372,27.9504836,2.71660164768729,23.521861,30.376632,5
8c8e4412-1f89-5c66-9733-6ec2e1bdac4a,2366325,190,PAYMENT,2593.58,11049.0,0.0,High,1.0,4096,24.880598,25.295188,0.8506408001007248,24.869563,26.811209,5
8c8e4412-1f89-5c66-9733-6ec2e1bdac4a,2366325,190,PAYMENT,2593.58,11049.0,0.0,Low,0.6,1024,39.394881,41.0000628,3.8099436668064017,39.003983,47.802069,5
8c8e4412-1f89-5c66-9733-6ec2e1bdac4a,2366325,190,PAYMENT,2593.58,11049.0,0.0,Medium,0.75,2048,30.136373,31.7654008,4.174510337321816,28.24812,37.88702,5
8caf59a6-2123-5793-8a99-6a869fa88adb,1696389,159,CASH_IN,28122.96,14254.0,0.0,High,1.0,4096,21.143527,21.177499,0.0915033741563659,21.066375,21.287045,5
8caf59a6-2123-5793-8a99-6a869fa88adb,1696389,159,CASH_IN,28122.96,14254.0,0.0,Low,0.6,1024,33.524721,34.1910412,3.3170701884186444,31.324568,39.296895,5
8caf59a6-2123-5793-8a99-6a869fa88adb,1696389,159,CASH_IN,28122.96,14254.0,0.0,Medium,0.75,2048,28.125506,27.5546268,2.74794340951314,22.956277,29.929146,5
8d909b4f-7dfe-54ea-bfd7-0dcfa152de20,490394,19,CASH_OUT,10773.65,43447.39,206093.77,High,1.0,4096,27.531167,27.6484724,0.3284484957193449,27.316463,28.149812,5
8d909b4f-7dfe-54ea-bfd7-0dcfa152de20,490394,19,CASH_OUT,10773.65,43447.39,206093.77,Low,0.6,1024,48.135807,45.839981,4.995622160635397,40.308652,50.396021,5
8d909b4f-7dfe-54ea-bfd7-0dcfa152de20,490394,19,CASH_OUT,10773.65,43447.39,206093.77,Medium,0.75,2048,36.748369,36.784643,3.0111047911583046,32.611464,41.123597,5
8e0a498f-4f2b-5a94-bb2e-a92d031e37e9,4189108,305,CASH_IN,49750.22,399795.97,3275862.02,High,1.0,4096,20.820477,20.8659114,0.1376304681613055,20.735167,21.022604,5
8e0a498f-4f2b-5a94-bb2e-a92d031e37e9,4189108,305,CASH_IN,49750.22,399795.97,3275862.02,Low,0.6,1024,37.590087,36.0437548,2.9065000465629085,32.72619,38.766551,5
8e0a498f-4f2b-5a94-bb2e-a92d031e37e9,4189108,305,CASH_IN,49750.22,399795.97,3275862.02,Medium,0.75,2048,27.687186,27.5511124,2.6608371422212787,23.150641,29.682012,5
8e361a09-2657-57d1-ae2b-bd310b9bc17a,6011259,448,CASH_OUT,14120.99,20525.0,520943.33,High,1.0,4096,27.573221,27.5407442,0.1897817551549673,27.224311,27.720996,5
8e361a09-2657-57d1-ae2b-bd310b9bc17a,6011259,448,CASH_OUT,14120.99,20525.0,520943.33,Low,0.6,1024,47.49139,46.7770134,2.555863559902661,42.887259,49.469171,5
8e361a09-2657-57d1-ae2b-bd310b9bc17a,6011259,448,CASH_OUT,14120.99,20525.0,520943.33,Medium,0.75,2048,36.911977,36.8510842,0.177516940618918,36.56473,37.021845,5
8f49f6d7-184a-5101-a185-c5561a2d4d86,4972133,352,CASH_OUT,12584.3,161349.0,0.0,High,1.0,4096,29.981487,29.5094562,0.8598027020181428,28.5196,30.358058,5
8f49f6d7-184a-5101-a185-c5561a2d4d86,4972133,352,CASH_OUT,12584.3,161349.0,0.0,Low,0.6,1024,46.147806,45.8335204,2.5508963428324165,43.201375,48.314141,5
8f49f6d7-184a-5101-a185-c5561a2d4d86,4972133,352,CASH_OUT,12584.3,161349.0,0.0,Medium,0.75,2048,34.415387,36.0497566,4.309549529037843,31.537058,41.645691,5
8f88d670-1ccc-51ea-8811-46425039d711,922252,43,DEBIT,5041.67,22975.0,1133599.86,High,1.0,4096,31.464955,31.3960416,0.3181177995252697,31.040171,31.790522,5
8f88d670-1ccc-51ea-8811-46425039d711,922252,43,DEBIT,5041.67,22975.0,1133599.86,Low,0.6,1024,51.26123,52.200795,3.058573826110872,48.838355,56.962711,5
8f88d670-1ccc-51ea-8811-46425039d711,922252,43,DEBIT,5041.67,22975.0,1133599.86,Medium,0.75,2048,40.624803,41.8464962,2.2881370203042257,39.824351,44.596746,5
90f688f3-b2eb-5fe8-81f2-4766ecca585a,3955211,288,PAYMENT,59439.23,60727.0,0.0,High,1.0,4096,24.056203,24.0144952,0.0968288394291703,23.856685,24.091414,5
90f688f3-b2eb-5fe8-81f2-4766ecca585a,3955211,288,PAYMENT,59439.23,60727.0,0.0,Low,0.6,1024,39.093044,39.8066906,3.840112509895028,34.119236,43.658235,5
90f688f3-b2eb-5fe8-81f2-4766ecca585a,3955211,288,PAYMENT,59439.23,60727.0,0.0,Medium,0.75,2048,31.448898,32.834653,2.882982089192283,29.614566,36.491157,5
91728ed0-836a-50f3-a85c-d4c184b6f50d,6245552,596,CASH_OUT,23557.68,26238.0,0.0,High,1.0,4096,27.780329,28.2559802,1.1639742127584691,27.297031,30.14766,5
91728ed0-836a-50f3-a85c-d4c184b6f50d,6245552,596,CASH_OUT,23557.68,26238.0,0.0,Low,0.6,1024,47.850284,47.1212804,2.6094079411880573,43.037539,49.728888,5
91728ed0-836a-50f3-a85c-d4c184b6f50d,6245552,596,CASH_OUT,23557.68,26238.0,0.0,Medium,0.75,2048,37.120506,36.1126514,3.575593895261778,32.420612,40.955147,5
91a0fba3-5737-52a4-a0f3-38b230f084f1,4875269,348,CASH_OUT,8472.37,11026.0,347283.09,High,1.0,4096,28.361979,28.803905,0.6653005549415234,28.289244,29.622033,5
91a0fba3-5737-52a4-a0f3-38b230f084f1,4875269,348,CASH_OUT,8472.37,11026.0,347283.09,Low,0.6,1024,44.435284,45.7031926,3.663251596161437,42.466418,50.522789,5
91a0fba3-5737-52a4-a0f3-38b230f084f1,4875269,348,CASH_OUT,8472.37,11026.0,347283.09,Medium,0.75,2048,36.960158,36.816476,3.120549891673018,33.289917,41.680308,5
92a5a593-df9b-5057-a246-c80b23e8e349,1884754,164,CASH_IN,80298.07,284.0,8856.82,High,1.0,4096,21.072132,21.0191698,0.2041698102039089,20.789641,21.279875,5
92a5a593-df9b-5057-a246-c80b23e8e349,1884754,164,CASH_IN,80298.07,284.0,8856.82,Low,0.6,1024,32.588385,34.4250066,3.795565168741053,30.151464,39.009129,5
92a5a593-df9b-5057-a246-c80b23e8e349,1884754,164,CASH_IN,80298.07,284.0,8856.82,Medium,0.75,2048,27.136708,28.067983,3.9790954659429834,22.813402,33.660429,5
92f6d485-0ba0-58e3-b3d7-ddf1e60ce849,4427442,322,TRANSFER,379072.23,614193.0,131858.27,High,1.0,4096,34.148773,34.1951732,0.2121854141045047,33.971217,34.54713,5
92f6d485-0ba0-58e3-b3d7-ddf1e60ce849,4427442,322,TRANSFER,379072.23,614193.0,131858.27,Low,0.6,1024,55.03425,56.1487534,3.3504386908579287,52.444515,61.28138,5
92f6d485-0ba0-58e3-b3d7-ddf1e60ce849,4427442,322,TRANSFER,379072.23,614193.0,131858.27,Medium,0.75,2048,46.023646,45.5619872,1.922251635210828,43.620602,48.151055,5
9303d632-4d64-5b4e-a423-8a4de696f38e,562222,22,PAYMENT,3386.47,516851.0,0.0,High,1.0,4096,24.993558,24.944244,0.0968046159152546,24.826387,25.028846,5
9303d632-4d64-5b4e-a423-8a4de696f38e,562222,22,PAYMENT,3386.47,516851.0,0.0,Low,0.6,1024,39.454519,41.0917518,3.602889711759256,39.154843,47.503865,5
9303d632-4d64-5b4e-a423-8a4de696f38e,562222,22,PAYMENT,3386.47,516851.0,0.0,Medium,0.75,2048,33.676642,31.832635,2.578197052412015,28.981756,33.782125,5
930e2f50-cd9e-55e8-a544-4ff4da83b0c3,825937,41,CASH_IN,83004.06,564.0,1578252.1,High,1.0,4096,20.821151,20.9854388,0.4825239091658567,20.396591,21.609582,5
930e2f50-cd9e-55e8-a544-4ff4da83b0c3,825937,41,CASH_IN,83004.06,564.0,1578252.1,Low,0.6,1024,32.533767,33.5544854,3.927236627232857,30.845229,40.411273,5
930e2f50-cd9e-55e8-a544-4ff4da83b0c3,825937,41,CASH_IN,83004.06,564.0,1578252.1,Medium,0.75,2048,27.952742,27.4609372,2.349905600720527,23.54179,29.911989,5
93498620-c1d1-5b70-bea2-8e72b07aa1a8,5598788,394,CASH_IN,90567.04,5871396.12,1867321.18,High,1.0,4096,21.880304,22.1203732,0.556883149945031,21.6048,22.947484,5
93498620-c1d1-5b70-bea2-8e72b07aa1a8,5598788,394,CASH_IN,90567.04,5871396.12,1867321.18,Low,0.6,1024,32.29168,34.3340384,4.056952030737091,30.220099,40.135257,5
93498620-c1d1-5b70-bea2-8e72b07aa1a8,5598788,394,CASH_IN,90567.04,5871396.12,1867321.18,Medium,0.75,2048,27.648533,26.6950886,2.117460412893072,23.292493,28.497711,5
936d0d2b-408f-5586-8f6d-16aa87452b75,3676632,276,CASH_OUT,88752.02,192678.0,2419753.22,High,1.0,4096,31.617479,31.2285108,1.8779487607599143,29.196912,33.035505,5
936d0d2b-408f-5586-8f6d-16aa87452b75,3676632,276,CASH_OUT,88752.02,192678.0,2419753.22,Low,0.6,1024,46.138481,45.5607536,2.3692298070866404,43.197636,48.754361,5
936d0d2b-408f-5586-8f6d-16aa87452b75,3676632,276,CASH_OUT,88752.02,192678.0,2419753.22,Medium,0.75,2048,35.202268,35.7623952,2.1932151867128096,33.591452,39.46752,5
93781cd4-9f05-5c6b-95a1-8753282bb816,3613556,273,CASH_IN,235762.32,7885940.6,6866051.98,High,1.0,4096,20.518184,20.5371414,0.0665737356980966,20.456677,20.635818,5
93781cd4-9f05-5c6b-95a1-8753282bb816,3613556,273,CASH_IN,235762.32,7885940.6,6866051.98,Low,0.6,1024,35.84367,35.3275848,1.2577088152786806,33.131927,36.128794,5
93781cd4-9f05-5c6b-95a1-8753282bb816,3613556,273,CASH_IN,235762.32,7885940.6,6866051.98,Medium,0.75,2048,27.720048,26.8767174,2.499924799869848,23.154441,29.664771,5
93cac94e-b732-558b-8601-20de990057e6,5159286,357,TRANSFER,14899.23,51158.0,0.0,High,1.0,4096,36.160512,35.9786624,0.457996780266302,35.173195,36.28639,5
93cac94e-b732-558b-8601-20de990057e6,5159286,357,TRANSFER,14899.23,51158.0,0.0,Low,0.6,1024,58.8143,57.9912984,2.7215641417859886,53.229116,60.154224,5
93cac94e-b732-558b-8601-20de990057e6,5159286,357,TRANSFER,14899.23,51158.0,0.0,Medium,0.75,2048,45.137961,45.8678362,2.329141575092356,43.959919,49.679234,5
94285ec9-f102-559d-b55d-381c87b954ee,2970584,231,TRANSFER,161887.57,302485.0,2336661.68,High,1.0,4096,34.423992,34.532168,0.3531225983189109,34.20039,35.055972,5
94285ec9-f102-559d-b55d-381c87b954ee,2970584,231,TRANSFER,161887.57,302485.0,2336661.68,Low,0.6,1024,55.637756,56.438740800000005,3.356652588313199,52.474929,60.08371,5
94285ec9-f102-559d-b55d-381c87b954ee,2970584,231,TRANSFER,161887.57,302485.0,2336661.68,Medium,0.75,2048,43.879191,45.1461348,3.146911834731664,43.504221,50.768419,5
942f23af-3b37-5c0b-8711-05554a82aaef,2513096,205,CASH_IN,206937.36,381059.28,1600236.43,High,1.0,4096,21.192114,21.1881086,0.0676949166503664,21.082942,21.254497,5
942f23af-3b37-5c0b-8711-05554a82aaef,2513096,205,CASH_IN,206937.36,381059.28,1600236.43,Low,0.6,1024,33.333587,33.0805838,1.7784244524316175,31.219129,35.719812,5
942f23af-3b37-5c0b-8711-05554a82aaef,2513096,205,CASH_IN,206937.36,381059.28,1600236.43,Medium,0.75,2048,29.644366,28.2852988,3.1076507799373467,23.323014,31.230486,5
943acf73-4ed5-5fa1-b0ae-574caf96b0f9,5169997,358,CASH_OUT,70219.35,81349.0,69417.0,High,1.0,4096,27.162584,27.3731516,0.4289245744921832,27.123046,28.132175,5
943acf73-4ed5-5fa1-b0ae-574caf96b0f9,5169997,358,CASH_OUT,70219.35,81349.0,69417.0,Low,0.6,1024,46.894833,46.8597166,1.3406357576912151,45.033772,48.529968,5
943acf73-4ed5-5fa1-b0ae-574caf96b0f9,5169997,358,CASH_OUT,70219.35,81349.0,69417.0,Medium,0.75,2048,37.272485,36.8561812,0.9987249033959256,35.118603,37.613421,5
94df8a72-c548-580f-b8b0-72677d8da97c,1744635,161,TRANSFER,17871.73,499749.0,2327553.27,High,1.0,4096,36.245874,36.2724752,0.1454678875068291,36.079712,36.443127,5
94df8a72-c548-580f-b8b0-72677d8da97c,1744635,161,TRANSFER,17871.73,499749.0,2327553.27,Low,0.6,1024,57.818789,57.2882244,1.3882829046711995,54.822728,58.156109,5
94df8a72-c548-580f-b8b0-72677d8da97c,1744635,161,TRANSFER,17871.73,499749.0,2327553.27,Medium,0.75,2048,44.527747,45.2380422,1.6162377981871068,43.815554,47.161267,5
94edacdc-ddab-584d-8c85-98a588508111,5988524,416,DEBIT,2953.77,29789.0,176438.79,High,1.0,4096,32.877469,32.5333616,0.7233142837223665,31.542599,33.204022,5
94edacdc-ddab-584d-8c85-98a588508111,5988524,416,DEBIT,2953.77,29789.0,176438.79,Low,0.6,1024,51.570443,51.6486392,1.917485136136574,50.069166,54.796496,5
94edacdc-ddab-584d-8c85-98a588508111,5988524,416,DEBIT,2953.77,29789.0,176438.79,Medium,0.75,2048,40.847527,41.2543424,1.2318996135583853,40.48005,43.432381,5
957130a1-78ed-51c5-b882-17640165e8fa,287546,15,PAYMENT,5179.18,178068.0,0.0,High,1.0,4096,24.185986,24.3964272,0.364162971409368,24.085896,24.939181,5
957130a1-78ed-51c5-b882-17640165e8fa,287546,15,PAYMENT,5179.18,178068.0,0.0,Low,0.6,1024,41.392289,41.6001498,3.802692622511408,36.910142,47.442978,5
957130a1-78ed-51c5-b882-17640165e8fa,287546,15,PAYMENT,5179.18,178068.0,0.0,Medium,0.75,2048,30.600397,30.701792,1.6103332038690004,28.364063,32.874217,5
95fc3f3b-8a75-5026-9c4a-a0dbabdb89db,240171,14,CASH_IN,79104.58,30423.0,1879942.52,High,1.0,4096,22.578295,23.0445442,1.1811138479065846,22.32444,25.133024,5
95fc3f3b-8a75-5026-9c4a-a0dbabdb89db,240171,14,CASH_IN,79104.58,30423.0,1879942.52,Low,0.6,1024,31.677077,33.5212618,4.626025352779339,29.465929,41.389155,5
95fc3f3b-8a75-5026-9c4a-a0dbabdb89db,240171,14,CASH_IN,79104.58,30423.0,1879942.52,Medium,0.75,2048,29.675695,29.139601000000003,1.697093967922077,26.507377,30.591104,5
963c60ed-7a43-5f99-8fd6-b6ed50ab0783,1546194,154,DEBIT,4796.84,21321.0,197922.95,High,1.0,4096,31.66443,31.9548708,0.6223651324312773,31.461129,32.982435,5
963c60ed-7a43-5f99-8fd6-b6ed50ab0783,1546194,154,DEBIT,4796.84,21321.0,197922.95,Low,0.6,1024,50.754646,51.260105,1.7866417108504171,48.797715,53.065769,5
963c60ed-7a43-5f99-8fd6-b6ed50ab0783,1546194,154,DEBIT,4796.84,21321.0,197922.95,Medium,0.75,2048,40.475112,42.085157,2.530676718014868,40.054099,45.033146,5
9689c7c7-318b-5d54-9773-0803a2012cad,549447,21,CASH_OUT,29905.17,158115.0,242080.93,High,1.0,4096,28.058967,30.1255846,3.92873570604346,27.589375,36.930647,5
9689c7c7-318b-5d54-9773-0803a2012cad,549447,21,CASH_OUT,29905.17,158115.0,242080.93,Low,0.6,1024,42.328889,44.9323796,3.752157327880429,42.003059,49.220149,5
9689c7c7-318b-5d54-9773-0803a2012cad,549447,21,CASH_OUT,29905.17,158115.0,242080.93,Medium,0.75,2048,35.048318,35.9397738,1.641523954114195,34.661769,38.456794,5
96c5172e-5e26-54da-80a5-73b831281be6,6094719,522,DEBIT,4246.98,75471.0,467176.3,High,1.0,4096,30.759687,30.7268762,0.1805882573568944,30.472473,30.937415,5
96c5172e-5e26-54da-80a5-73b831281be6,6094719,522,DEBIT,4246.98,75471.0,467176.3,Low,0.6,1024,50.590822,52.0611712,3.467586143122215,48.83406,57.695282,5
96c5172e-5e26-54da-80a5-73b831281be6,6094719,522,DEBIT,4246.98,75471.0,467176.3,Medium,0.75,2048,40.696075,41.1983098,1.191084044869505,40.424972,43.301527,5
96f3544a-a587-55e2-9e96-879383d8a2d7,2786330,215,DEBIT,2547.19,210572.0,765185.03,High,1.0,4096,30.738442,31.0009746,0.5300193806138602,30.702099,31.938122,5
96f3544a-a587-55e2-9e96-879383d8a2d7,2786330,215,DEBIT,2547.19,210572.0,765185.03,Low,0.6,1024,51.008348,51.6290468,3.676564343518714,48.94451,57.94631,5
96f3544a-a587-55e2-9e96-879383d8a2d7,2786330,215,DEBIT,2547.19,210572.0,765185.03,Medium,0.75,2048,40.39723,41.3293942,1.9804566050477328,40.276929,44.859424,5
97d1a53d-59e5-5aec-925a-4f4be13c660e,2312361,188,PAYMENT,8773.06,26428.98,0.0,High,1.0,4096,26.530867,26.4722686,1.2637917786942994,25.346809,28.459862,5
97d1a53d-59e5-5aec-925a-4f4be13c660e,2312361,188,PAYMENT,8773.06,26428.98,0.0,Low,0.6,1024,39.877205,39.8837128,0.0830727125336602,39.789366,40.000559,5
97d1a53d-59e5-5aec-925a-4f4be13c660e,2312361,188,PAYMENT,8773.06,26428.98,0.0,Medium,0.75,2048,33.163208,32.373505800000004,3.0880860918933597,27.880486,36.293452,5
986e8860-7011-57c8-b78e-df72d99e1aa3,3863251,283,PAYMENT,13764.64,599706.69,0.0,High,1.0,4096,23.863745,23.8619654,0.1033073817318972,23.701913,23.978942,5
986e8860-7011-57c8-b78e-df72d99e1aa3,3863251,283,PAYMENT,13764.64,599706.69,0.0,Low,0.6,1024,39.412878,38.8716664,1.422934210464524,36.352693,39.828904,5
986e8860-7011-57c8-b78e-df72d99e1aa3,3863251,283,PAYMENT,13764.64,599706.69,0.0,Medium,0.75,2048,31.196568,31.629038,1.7565067683719582,29.212466,33.645844,5
98ae62d6-743c-530b-bdb7-63abb831af83,4600851,329,CASH_IN,430856.62,758.0,446252.03,High,1.0,4096,20.519875,20.5746834,0.1271099717048194,20.441706,20.732238,5
98ae62d6-743c-530b-bdb7-63abb831af83,4600851,329,CASH_IN,430856.62,758.0,446252.03,Low,0.6,1024,34.706882,33.97905,2.0512448236374667,31.087193,35.77939,5
98ae62d6-743c-530b-bdb7-63abb831af83,4600851,329,CASH_IN,430856.62,758.0,446252.03,Medium,0.75,2048,27.929918,27.7190928,1.3297667983474395,26.251178,29.704676,5
98b085c9-ccac-583a-b0e4-f3fc21d67d35,6040505,487,TRANSFER,21348.96,118692.0,4544837.06,High,1.0,4096,36.366101,36.2225282,0.6517331851330729,35.214107,37.009659,5
98b085c9-ccac-583a-b0e4-f3fc21d67d35,6040505,487,TRANSFER,21348.96,118692.0,4544837.06,Low,0.6,1024,57.585685,56.2841524,2.295217613574648,52.69433,58.100442,5
98b085c9-ccac-583a-b0e4-f3fc21d67d35,6040505,487,TRANSFER,21348.96,118692.0,4544837.06,Medium,0.75,2048,46.338178,45.587831,1.284770023908363,43.974147,46.766743,5
98bf119f-43d3-576d-90c0-67c904b000bb,482908,19,TRANSFER,148539.31,990257.0,0.0,High,1.0,4096,36.594434,36.35065,0.6568474763523869,35.180725,36.721203,5
98bf119f-43d3-576d-90c0-67c904b000bb,482908,19,TRANSFER,148539.31,990257.0,0.0,Low,0.6,1024,58.137626,57.5693718,1.5451233115480474,54.817854,58.493326,5
98bf119f-43d3-576d-90c0-67c904b000bb,482908,19,TRANSFER,148539.31,990257.0,0.0,Medium,0.75,2048,44.030354,45.444156,2.9847329717339885,42.597482,50.140838,5
992571fc-b242-505e-8014-6eeccd6e0196,1295207,136,CASH_OUT,6311.82,66880.0,47800.39,High,1.0,4096,28.454087,28.6785236,0.6038424348361079,28.22528,29.712905,5
992571fc-b242-505e-8014-6eeccd6e0196,1295207,136,CASH_OUT,6311.82,66880.0,47800.39,Low,0.6,1024,45.904635,45.3429418,2.1664778914749383,43.02047,47.956575,5
992571fc-b242-505e-8014-6eeccd6e0196,1295207,136,CASH_OUT,6311.82,66880.0,47800.39,Medium,0.75,2048,37.289354,37.2839198,0.4855465343679218,36.781239,37.81605,5
99312557-e50c-5d9e-b8c3-35d7c5df2655,4746538,333,PAYMENT,12973.12,32752.0,0.0,High,1.0,4096,24.430164,24.4435444,0.3390510796919841,24.067864,24.897624,5
99312557-e50c-5d9e-b8c3-35d7c5df2655,4746538,333,PAYMENT,12973.12,32752.0,0.0,Low,0.6,1024,41.062657,39.621231,4.438164679002743,33.667666,45.228838,5
99312557-e50c-5d9e-b8c3-35d7c5df2655,4746538,333,PAYMENT,12973.12,32752.0,0.0,Medium,0.75,2048,31.398824,32.2738214,3.790526582972319,28.699502,37.482622,5
9953087b-5c35-531c-acf5-184a2a3edc98,646258,35,PAYMENT,4351.55,50199.0,0.0,High,1.0,4096,23.956774,23.9848742,0.0944878319240094,23.863233,24.105945,5
9953087b-5c35-531c-acf5-184a2a3edc98,646258,35,PAYMENT,4351.55,50199.0,0.0,Low,0.6,1024,38.700867,39.0806498,3.891990800105416,36.056766,45.65786,5
9953087b-5c35-531c-acf5-184a2a3edc98,646258,35,PAYMENT,4351.55,50199.0,0.0,Medium,0.75,2048,31.40546,32.438271,2.474045135303922,29.565943,35.081538,5
99a44ebe-dc46-55c4-b0ae-e0bdc9cdada1,898620,42,PAYMENT,1285.88,20650.95,0.0,High,1.0,4096,26.503184,27.2255296,1.819044231047805,25.622675,29.83481,5
99a44ebe-dc46-55c4-b0ae-e0bdc9cdada1,898620,42,PAYMENT,1285.88,20650.95,0.0,Low,0.6,1024,40.002312,40.0735892,0.2669309301293135,39.727895,40.434652,5
99a44ebe-dc46-55c4-b0ae-e0bdc9cdada1,898620,42,PAYMENT,1285.88,20650.95,0.0,Medium,0.75,2048,31.999801,32.0739614,1.2503944728631833,30.494495,33.997099,5
9a4e80b6-dded-5af7-8407-7ad7f9ade523,5486593,380,TRANSFER,22940.47,101736.0,7852717.83,High,1.0,4096,35.940486,36.8797526,3.8900836106570766,34.006368,43.45151,5
9a4e80b6-dded-5af7-8407-7ad7f9ade523,5486593,380,TRANSFER,22940.47,101736.0,7852717.83,Low,0.6,1024,60.325222,57.099679,4.722897669038892,51.753847,60.658152,5
9a4e80b6-dded-5af7-8407-7ad7f9ade523,5486593,380,TRANSFER,22940.47,101736.0,7852717.83,Medium,0.75,2048,45.571122,46.7318714,2.1419921580967074,44.975034,49.156721,5
9a53bea1-f08c-5cc1-b479-ce63dff5b81a,3424168,256,CASH_IN,180465.39,160694.43,747067.25,High,1.0,4096,20.886248,20.9634602,0.3027817406131034,20.726701,21.479503,5
9a53bea1-f08c-5cc1-b479-ce63dff5b81a,3424168,256,CASH_IN,180465.39,160694.43,747067.25,Low,0.6,1024,38.548572,37.848745,2.1710154979127845,34.281939,39.755505,5
9a53bea1-f08c-5cc1-b479-ce63dff5b81a,3424168,256,CASH_IN,180465.39,160694.43,747067.25,Medium,0.75,2048,25.45022,27.3882106,3.950179752009495,22.936605,31.650436,5
9a897146-68ff-57f5-808d-c32118a9fded,4143942,303,PAYMENT,24178.21,52791.0,0.0,High,1.0,4096,25.180854,25.7204996,0.7548216517401976,25.158177,26.597171,5
9a897146-68ff-57f5-808d-c32118a9fded,4143942,303,PAYMENT,24178.21,52791.0,0.0,Low,0.6,1024,39.884167,40.0454334,0.2786747957742157,39.854104,40.499262,5
9a897146-68ff-57f5-808d-c32118a9fded,4143942,303,PAYMENT,24178.21,52791.0,0.0,Medium,0.75,2048,29.048641,30.456949,2.2484038059546805,28.831509,33.915682,5
9ab8b517-c0d6-5ae8-a2e4-6f9b3aa832ea,535808,21,PAYMENT,20581.02,22417.0,0.0,High,1.0,4096,25.10986,25.5661264,0.6978741815429919,25.016284,26.427513,5
9ab8b517-c0d6-5ae8-a2e4-6f9b3aa832ea,535808,21,PAYMENT,20581.02,22417.0,0.0,Low,0.6,1024,39.64143,39.7209118,0.1855866663373207,39.574404,40.042428,5
9ab8b517-c0d6-5ae8-a2e4-6f9b3aa832ea,535808,21,PAYMENT,20581.02,22417.0,0.0,Medium,0.75,2048,31.476501,32.0671464,2.0812749107978976,29.270929,34.305254,5
9af94d4a-e836-5454-94f2-56ad69ebd2f4,3475966,258,CASH_OUT,131777.93,256633.72,281477.26,High,1.0,4096,28.298305,28.7454536,0.6763079065549953,28.205965,29.539357,5
9af94d4a-e836-5454-94f2-56ad69ebd2f4,3475966,258,CASH_OUT,131777.93,256633.72,281477.26,Low,0.6,1024,46.798707,45.9529274,3.0745837776889897,42.636587,48.815512,5
9af94d4a-e836-5454-94f2-56ad69ebd2f4,3475966,258,CASH_OUT,131777.93,256633.72,281477.26,Medium,0.75,2048,37.097387,37.6162696,3.5498600509584586,32.534657,42.254546,5
9afd9b6b-4e8d-516f-8dc2-b6e0ccd98066,3055186,234,CASH_OUT,92937.74,106433.0,401080.49,High,1.0,4096,27.359081,27.4762668,0.3731801020863786,27.204248,28.130671,5
9afd9b6b-4e8d-516f-8dc2-b6e0ccd98066,3055186,234,CASH_OUT,92937.74,106433.0,401080.49,Low,0.6,1024,47.822333,47.308226000000005,3.039589468367233,42.349321,50.248569,5
9afd9b6b-4e8d-516f-8dc2-b6e0ccd98066,3055186,234,CASH_OUT,92937.74,106433.0,401080.49,Medium,0.75,2048,38.261199,37.0132166,2.243342596159644,34.321122,39.197598,5
9c33b426-29d0-51bf-aedd-3fa924d4cc2c,3578600,261,CASH_OUT,110562.84,118299.0,1079036.24,High,1.0,4096,27.257653,27.2699776,0.1057030934377038,27.145696,27.435544,5
9c33b426-29d0-51bf-aedd-3fa924d4cc2c,3578600,261,CASH_OUT,110562.84,118299.0,1079036.24,Low,0.6,1024,47.437657,49.0910272,5.23003361981629,43.608249,57.654058,5
9c33b426-29d0-51bf-aedd-3fa924d4cc2c,3578600,261,CASH_OUT,110562.84,118299.0,1079036.24,Medium,0.75,2048,38.322862,37.3978306,2.6168648062064266,32.76245,39.186605,5
9c6b692f-47aa-5698-904a-cde86fc6919e,252427,14,CASH_OUT,151296.88,1041586.01,1583253.29,High,1.0,4096,31.129244,30.5365486,1.0974076923585876,29.057551,31.51858,5
9c6b692f-47aa-5698-904a-cde86fc6919e,252427,14,CASH_OUT,151296.88,1041586.01,1583253.29,Low,0.6,1024,46.770838,46.2425614,2.5517849397263683,43.308534,48.744435,5
9c6b692f-47aa-5698-904a-cde86fc6919e,252427,14,CASH_OUT,151296.88,1041586.01,1583253.29,Medium,0.75,2048,35.406018,36.7095942,2.788912531117316,33.577244,39.974081,5
9d46934f-5130-5bf7-9bfa-e55d9e84e58b,6148979,546,CASH_OUT,4345.79,19245.0,517009.03,High,1.0,4096,27.560802,27.5627356,0.2059334976437792,27.322819,27.862435,5
9d46934f-5130-5bf7-9bfa-e55d9e84e58b,6148979,546,CASH_OUT,4345.79,19245.0,517009.03,Low,0.6,1024,46.100532,46.3486874,3.070759111293297,42.2833,50.822202,5
9d46934f-5130-5bf7-9bfa-e55d9e84e58b,6148979,546,CASH_OUT,4345.79,19245.0,517009.03,Medium,0.75,2048,38.386549,36.4871358,2.760800061773344,32.496097,38.471207,5
9d49596c-458f-5b31-82e0-8dd45c5e8dec,6356365,710,CASH_IN,201981.77,626.0,0.0,High,1.0,4096,20.861623,20.9476784,0.393069998070699,20.429849,21.478208,5
9d49596c-458f-5b31-82e0-8dd45c5e8dec,6356365,710,CASH_IN,201981.77,626.0,0.0,Low,0.6,1024,35.954036,35.295772400000004,2.1932192200494462,32.137821,37.260814,5
9d49596c-458f-5b31-82e0-8dd45c5e8dec,6356365,710,CASH_IN,201981.77,626.0,0.0,Medium,0.75,2048,27.598706,27.4300892,1.67440647362243,24.996081,29.706496,5
9e10df8d-ae2f-55aa-a68b-5601d04eedf3,3310571,252,DEBIT,536.81,140950.0,43302.38,High,1.0,4096,30.702471,30.7160874,0.1058015520434361,30.614611,30.854173,5
9e10df8d-ae2f-55aa-a68b-5601d04eedf3,3310571,252,DEBIT,536.81,140950.0,43302.38,Low,0.6,1024,49.50197,49.4139686,2.0272484435593494,46.127696,51.226038,5
9e10df8d-ae2f-55aa-a68b-5601d04eedf3,3310571,252,DEBIT,536.81,140950.0,43302.38,Medium,0.75,2048,40.34742,40.3828594,0.2459730300099992,40.112851,40.762344,5
9e69c44d-e989-50b1-8769-3f5f308dd1a8,2740535,212,DEBIT,780.93,102917.0,751824.3,High,1.0,4096,30.739872,30.7468432,0.2193496250468649,30.433767,31.023209,5
9e69c44d-e989-50b1-8769-3f5f308dd1a8,2740535,212,DEBIT,780.93,102917.0,751824.3,Low,0.6,1024,50.977532,51.817344,3.236506970040617,48.369078,57.021527,5
9e69c44d-e989-50b1-8769-3f5f308dd1a8,2740535,212,DEBIT,780.93,102917.0,751824.3,Medium,0.75,2048,40.938981,40.9094192,0.3542477656319091,40.465015,41.394103,5
a0b8c4d4-1c80-5815-a35e-2ee19c04c355,5879779,403,CASH_OUT,21165.38,100505.0,344700.95,High,1.0,4096,27.925957,27.869773,0.289551343311511,27.553817,28.243131,5
a0b8c4d4-1c80-5815-a35e-2ee19c04c355,5879779,403,CASH_OUT,21165.38,100505.0,344700.95,Low,0.6,1024,45.952362,46.0335382,1.5220416555614371,44.415754,47.652243,5
a0b8c4d4-1c80-5815-a35e-2ee19c04c355,5879779,403,CASH_OUT,21165.38,100505.0,344700.95,Medium,0.75,2048,36.826677,37.2193736,3.46952536899304,32.167858,40.503129,5
a0ce8ab0-322b-518e-a6c0-530311cf09ca,1855500,164,CASH_OUT,84325.27,119041.0,317341.68,High,1.0,4096,28.691412,29.1118238,0.7676234392709747,28.427366,30.044679,5
a0ce8ab0-322b-518e-a6c0-530311cf09ca,1855500,164,CASH_OUT,84325.27,119041.0,317341.68,Low,0.6,1024,43.474675,45.4293238,2.8025022963308523,43.279646,48.841065,5
a0ce8ab0-322b-518e-a6c0-530311cf09ca,1855500,164,CASH_OUT,84325.27,119041.0,317341.68,Medium,0.75,2048,35.743801,35.9121688,3.6167561227242295,32.337422,39.625445,5
a0e9eec9-5339-5869-8bd0-4a3b69db0200,2609765,208,DEBIT,5320.41,579027.6,153749.06,High,1.0,4096,34.631589,34.1121044,1.6157389102714874,32.347492,35.662955,5
a0e9eec9-5339-5869-8bd0-4a3b69db0200,2609765,208,DEBIT,5320.41,579027.6,153749.06,Low,0.6,1024,51.900248,51.0121638,3.699237298232124,46.51739,54.971119,5
a0e9eec9-5339-5869-8bd0-4a3b69db0200,2609765,208,DEBIT,5320.41,579027.6,153749.06,Medium,0.75,2048,42.75745,41.5810438,2.830727444778054,38.479,45.030505,5
a12c1404-d4de-5a2b-8f14-e1c3a9b8fbdd,1030159,49,TRANSFER,6191.77,318121.0,2421245.65,High,1.0,4096,35.044068,34.9400806,0.2594319415420923,34.493045,35.151689,5
a12c1404-d4de-5a2b-8f14-e1c3a9b8fbdd,1030159,49,TRANSFER,6191.77,318121.0,2421245.65,Low,0.6,1024,56.119848,57.3892338,2.091036481031883,55.722577,59.683362,5
a12c1404-d4de-5a2b-8f14-e1c3a9b8fbdd,1030159,49,TRANSFER,6191.77,318121.0,2421245.65,Medium,0.75,2048,45.818917,45.754393,1.8630478153551215,42.786112,47.713159,5
a248042b-225f-5d15-a467-084a761b6bdb,3591209,262,DEBIT,2878.84,8668.22,1765533.53,High,1.0,4096,30.799003,30.8647008,0.2728137526650743,30.640354,31.334181,5
a248042b-225f-5d15-a467-084a761b6bdb,3591209,262,DEBIT,2878.84,8668.22,1765533.53,Low,0.6,1024,52.5898,51.5211028,3.155519948407742,45.930377,53.638577,5
a248042b-225f-5d15-a467-084a761b6bdb,3591209,262,DEBIT,2878.84,8668.22,1765533.53,Medium,0.75,2048,41.776615,40.7288368,2.120657537279346,38.306888,42.944716,5
a26e9b89-e488-5c3a-a341-aee81bafa8d7,1926010,167,PAYMENT,2713.14,10606.0,0.0,High,1.0,4096,24.573846,24.703621,0.3485065388669201,24.498489,25.32151,5
a26e9b89-e488-5c3a-a341-aee81bafa8d7,1926010,167,PAYMENT,2713.14,10606.0,0.0,Low,0.6,1024,38.853798,39.580929,1.7450724659050711,38.301144,42.545672,5
a26e9b89-e488-5c3a-a341-aee81bafa8d7,1926010,167,PAYMENT,2713.14,10606.0,0.0,Medium,0.75,2048,32.671061,32.194281000000004,1.1430696564230023,30.96667,33.467568,5
a27d184d-5d28-5052-8dad-eb24df6a1c6b,4761350,334,CASH_IN,89842.18,60261.0,0.0,High,1.0,4096,22.365875,22.7681932,0.852644356389697,22.359645,24.291387,5
a27d184d-5d28-5052-8dad-eb24df6a1c6b,4761350,334,CASH_IN,89842.18,60261.0,0.0,Low,0.6,1024,35.534375,35.0362966,4.143723089945116,30.377216,40.822277,5
a27d184d-5d28-5052-8dad-eb24df6a1c6b,4761350,334,CASH_IN,89842.18,60261.0,0.0,Medium,0.75,2048,26.791794,27.1901884,1.1684181185037317,26.302695,29.234361,5
a2e41c81-bc64-5321-b13c-eea35966680b,743363,38,CASH_OUT,171494.05,198902.0,0.0,High,1.0,4096,29.293173,30.2741212,1.7102339471331685,29.004146,32.891313,5
a2e41c81-bc64-5321-b13c-eea35966680b,743363,38,CASH_OUT,171494.05,198902.0,0.0,Low,0.6,1024,43.253112,45.1917454,3.684978039539354,43.17285,51.695231,5
a2e41c81-bc64-5321-b13c-eea35966680b,743363,38,CASH_OUT,171494.05,198902.0,0.0,Medium,0.75,2048,35.951386,36.7856484,3.018415612406497,33.139625,40.359958,5
a3087b99-5aca-5b3f-9315-211b2a543add,3855678,283,TRANSFER,285883.14,354398.0,0.0,High,1.0,4096,34.289757,35.1829764,2.13577134665612,34.042291,38.998484,5
a3087b99-5aca-5b3f-9315-211b2a543add,3855678,283,TRANSFER,285883.14,354398.0,0.0,Low,0.6,1024,56.731201,56.4345332,4.25321384649111,52.093948,60.639596,5
a3087b99-5aca-5b3f-9315-211b2a543add,3855678,283,TRANSFER,285883.14,354398.0,0.0,Medium,0.75,2048,46.873388,46.5866072,2.6067243950823977,42.460889,49.414736,5
a30d3012-04a6-5447-8cc3-56e90dc2d50d,522393,20,DEBIT,1857.76,101333.0,49079.8,High,1.0,4096,32.029733,31.8338322,0.5196527191776256,31.245315,32.383632,5
a30d3012-04a6-5447-8cc3-56e90dc2d50d,522393,20,DEBIT,1857.76,101333.0,49079.8,Low,0.6,1024,53.185905,50.937773,4.566388088146747,45.252868,55.000658,5
a30d3012-04a6-5447-8cc3-56e90dc2d50d,522393,20,DEBIT,1857.76,101333.0,49079.8,Medium,0.75,2048,40.109139,40.2173322,0.3928271842747149,39.839613,40.643923,5
a3d5d1e6-d3c1-5bd3-8769-fdeda06e4717,2325979,188,TRANSFER,91415.55,103809.0,1324035.24,High,1.0,4096,35.014925,35.058903,0.4015789731503625,34.655286,35.7225,5
a3d5d1e6-d3c1-5bd3-8769-fdeda06e4717,2325979,188,TRANSFER,91415.55,103809.0,1324035.24,Low,0.6,1024,55.557717,56.4306122,3.334027398072293,52.540633,59.94462,5
a3d5d1e6-d3c1-5bd3-8769-fdeda06e4717,2325979,188,TRANSFER,91415.55,103809.0,1324035.24,Medium,0.75,2048,45.232367,45.6609674,2.3467572382341326,43.017214,48.111335,5
a401f657-d73b-500a-ab61-073cb118549c,3742557,279,TRANSFER,462882.82,680874.0,0.0,High,1.0,4096,34.035782,34.1550556,0.2018024635189076,34.005027,34.473256,5
a401f657-d73b-500a-ab61-073cb118549c,3742557,279,TRANSFER,462882.82,680874.0,0.0,Low,0.6,1024,57.410348,56.777731,1.3183441976122925,54.431914,57.49194,5
a401f657-d73b-500a-ab61-073cb118549c,3742557,279,TRANSFER,462882.82,680874.0,0.0,Medium,0.75,2048,43.976308,45.0569982,1.9828947612333596,43.552079,48.137377,5
a4a8fc5c-bcd8-5701-9b29-a99d0088e6b3,451469,19,DEBIT,884.36,51690.0,174543.43,High,1.0,4096,31.80727,32.2085216,0.6161767361616319,31.680536,32.881528,5
a4a8fc5c-bcd8-5701-9b29-a99d0088e6b3,451469,19,DEBIT,884.36,51690.0,174543.43,Low,0.6,1024,54.25159,53.8489324,3.8012405921447936,47.523587,57.422101,5
a4a8fc5c-bcd8-5701-9b29-a99d0088e6b3,451469,19,DEBIT,884.36,51690.0,174543.43,Medium,0.75,2048,40.584371,40.8943374,3.3484105329859584,35.915479,45.026102,5
a5466260-34e2-58de-82fa-a963b6ebf429,167747,12,PAYMENT,3618.65,598808.54,0.0,High,1.0,4096,24.237278,24.3878082,0.469068137361941,24.049176,25.213688,5
a5466260-34e2-58de-82fa-a963b6ebf429,167747,12,PAYMENT,3618.65,598808.54,0.0,Low,0.6,1024,41.030945,40.317736,4.159980601330852,35.967787,46.406779,5
a5466260-34e2-58de-82fa-a963b6ebf429,167747,12,PAYMENT,3618.65,598808.54,0.0,Medium,0.75,2048,30.851037,32.1051368,3.906761591963501,28.567402,37.354513,5
a5d6c967-1dba-529c-9911-5b5407fbea54,5995101,422,TRANSFER,1857935.57,1857935.57,0.0,High,1.0,4096,37.254928,37.146107,0.3710347634669853,36.724743,37.5367,5
a5d6c967-1dba-529c-9911-5b5407fbea54,5995101,422,TRANSFER,1857935.57,1857935.57,0.0,Low,0.6,1024,57.809119,56.1771316,2.599508426348587,53.026112,58.461238,5
a5d6c967-1dba-529c-9911-5b5407fbea54,5995101,422,TRANSFER,1857935.57,1857935.57,0.0,Medium,0.75,2048,47.160684,45.2784228,2.82988725157394,42.133623,47.50247,5
a5f9296d-3efa-5bf3-b9a6-a6c444ccee82,6258023,599,DEBIT,484.97,18618.0,126912.87,High,1.0,4096,34.349933,33.998967,0.9551136967149526,32.499956,34.96423,5
a5f9296d-3efa-5bf3-b9a6-a6c444ccee82,6258023,599,DEBIT,484.97,18618.0,126912.87,Low,0.6,1024,54.189385,53.182212,3.051248114555255,47.872343,55.474213,5
a5f9296d-3efa-5bf3-b9a6-a6c444ccee82,6258023,599,DEBIT,484.97,18618.0,126912.87,Medium,0.75,2048,42.737945,41.7904898,2.471856164048023,38.8095,44.058282,5
a7381948-3d93-5a26-be1e-7d8238eff981,1601647,156,PAYMENT,5908.51,53231.0,0.0,High,1.0,4096,24.139608,24.1820412,0.1775008468858677,23.953954,24.424102,5
a7381948-3d93-5a26-be1e-7d8238eff981,1601647,156,PAYMENT,5908.51,53231.0,0.0,Low,0.6,1024,39.527096,40.313180800000005,1.734488573835441,39.184043,43.375117,5
a7381948-3d93-5a26-be1e-7d8238eff981,1601647,156,PAYMENT,5908.51,53231.0,0.0,Medium,0.75,2048,31.024253,31.7548252,1.9414463576279144,29.366666,34.314322,5
a8ac9d20-e459-5e0a-9ed6-151190c12dc9,3352311,253,CASH_IN,132016.28,51025.0,480497.76,High,1.0,4096,20.91105,20.9037426,0.1795933092832237,20.687975,21.167536,5
a8ac9d20-e459-5e0a-9ed6-151190c12dc9,3352311,253,CASH_IN,132016.28,51025.0,480497.76,Low,0.6,1024,34.223043,35.1478726,2.3804732545177423,32.559634,37.714113,5
a8ac9d20-e459-5e0a-9ed6-151190c12dc9,3352311,253,CASH_IN,132016.28,51025.0,480497.76,Medium,0.75,2048,27.716314,27.6271124,2.415586965413852,23.658112,29.610881,5
a8ef0461-63b8-5632-9146-f0a078f55786,4018338,299,CASH_IN,236152.45,71688.0,1813245.09,High,1.0,4096,20.414966,20.4496184,0.0890066608535555,20.346634,20.573189,5
a8ef0461-63b8-5632-9146-f0a078f55786,4018338,299,CASH_IN,236152.45,71688.0,1813245.09,Low,0.6,1024,33.103049,33.7936712,2.451987527743606,31.257771,36.449136,5
a8ef0461-63b8-5632-9146-f0a078f55786,4018338,299,CASH_IN,236152.45,71688.0,1813245.09,Medium,0.75,2048,27.765938,27.3513872,2.682603282807337,23.331729,30.499789,5
a9784df1-59d1-5ed3-9e02-e62067d49246,2947392,230,CASH_IN,222970.31,17695389.86,1123728.61,High,1.0,4096,21.297381,21.8529482,1.0824259540724712,20.826724,23.215379,5
a9784df1-59d1-5ed3-9e02-e62067d49246,2947392,230,CASH_IN,222970.31,17695389.86,1123728.61,Low,0.6,1024,34.336202,35.1360642,2.4204062870873955,32.330148,37.864596,5
a9784df1-59d1-5ed3-9e02-e62067d49246,2947392,230,CASH_IN,222970.31,17695389.86,1123728.61,Medium,0.75,2048,27.574853,27.227661,3.661221417301677,23.140853,31.749696,5
a9cabca0-9609-5821-86ae-8489089b4448,2410797,202,PAYMENT,13830.84,270678.56,0.0,High,1.0,4096,25.228029,25.635295,0.7001530770677941,25.094347,26.716711,5
a9cabca0-9609-5821-86ae-8489089b4448,2410797,202,PAYMENT,13830.84,270678.56,0.0,Low,0.6,1024,39.799692,39.9303346,0.3588458323734575,39.681122,40.565306,5
a9cabca0-9609-5821-86ae-8489089b4448,2410797,202,PAYMENT,13830.84,270678.56,0.0,Medium,0.75,2048,33.232981,33.2643222,3.3761639397782077,28.853948,36.841703,5
aa1a8a90-0a13-53f1-8979-4d94d5c9c16a,3524003,259,CASH_OUT,149524.98,525853.0,247610.44,High,1.0,4096,28.59423,28.3738152,0.5640691959491316,27.784718,29.072961,5
aa1a8a90-0a13-53f1-8979-4d94d5c9c16a,3524003,259,CASH_OUT,149524.98,525853.0,247610.44,Low,0.6,1024,48.135129,46.3409734,4.186643949117276,41.830067,50.208896,5
aa1a8a90-0a13-53f1-8979-4d94d5c9c16a,3524003,259,CASH_OUT,149524.98,525853.0,247610.44,Medium,0.75,2048,36.558801,36.4259486,3.392249300597509,32.426864,41.596132,5
aa1f248c-b42f-5ff7-b73b-ae6aa84570ce,5885084,403,PAYMENT,31395.11,51910.11,0.0,High,1.0,4096,24.065557,24.2711098,0.5095531930610394,23.976224,25.179867,5
aa1f248c-b42f-5ff7-b73b-ae6aa84570ce,5885084,403,PAYMENT,31395.11,51910.11,0.0,Low,0.6,1024,40.850387,40.4429282,2.7499602567257595,35.732273,42.436399,5
aa1f248c-b42f-5ff7-b73b-ae6aa84570ce,5885084,403,PAYMENT,31395.11,51910.11,0.0,Medium,0.75,2048,30.89817,31.515381,3.5110190796638387,29.043667,37.562147,5
aa45cc6f-e1d2-587b-99ae-11e9214099db,2121822,183,CASH_IN,404391.36,1523743.19,526882.33,High,1.0,4096,22.404724,22.8438618,0.9025268030624912,22.264069,24.420076,5
aa45cc6f-e1d2-587b-99ae-11e9214099db,2121822,183,CASH_IN,404391.36,1523743.19,526882.33,Low,0.6,1024,36.325502,34.9080996,2.3548573680090064,31.488165,36.710692,5
aa45cc6f-e1d2-587b-99ae-11e9214099db,2121822,183,CASH_IN,404391.36,1523743.19,526882.33,Medium,0.75,2048,26.586225,27.5677634,1.482072553474796,26.457791,29.56277,5
aa5b385a-4129-5a0c-8d6f-f6ea9da0b373,3295890,252,CASH_OUT,318180.66,400960.77,438344.43,High,1.0,4096,27.483139,27.415472,0.1695367144780148,27.143415,27.572958,5
aa5b385a-4129-5a0c-8d6f-f6ea9da0b373,3295890,252,CASH_OUT,318180.66,400960.77,438344.43,Low,0.6,1024,46.932202,45.862428,3.2704143322243584,42.28791,49.716395,5
aa5b385a-4129-5a0c-8d6f-f6ea9da0b373,3295890,252,CASH_OUT,318180.66,400960.77,438344.43,Medium,0.75,2048,35.144864,35.9516014,1.5294819495660292,34.615297,38.262251,5
aa8dcc99-bbaf-547e-97c7-cca992af11df,1107335,130,CASH_OUT,3864.29,297757.0,1798675.65,High,1.0,4096,27.490536,27.4420526,0.1361625784652299,27.219549,27.572053,5
aa8dcc99-bbaf-547e-97c7-cca992af11df,1107335,130,CASH_OUT,3864.29,297757.0,1798675.65,Low,0.6,1024,43.058853,43.9712194,1.9939332622418189,42.796369,47.505359,5
aa8dcc99-bbaf-547e-97c7-cca992af11df,1107335,130,CASH_OUT,3864.29,297757.0,1798675.65,Medium,0.75,2048,36.876131,36.575269,1.2348968488503391,34.530627,37.556886,5
ab365da7-0c4a-528d-9d5d-52d7ce958e01,2288064,187,PAYMENT,3296.72,343867.7,0.0,High,1.0,4096,25.272312,25.5298574,0.6340155498359648,25.175524,26.660872,5
ab365da7-0c4a-528d-9d5d-52d7ce958e01,2288064,187,PAYMENT,3296.72,343867.7,0.0,Low,0.6,1024,39.854066,40.0081346,0.3241358778696055,39.725851,40.41095,5
ab365da7-0c4a-528d-9d5d-52d7ce958e01,2288064,187,PAYMENT,3296.72,343867.7,0.0,Medium,0.75,2048,29.086327,31.5028686,3.76750708405861,28.179564,36.20716,5
ab7375e1-7ede-51f3-b908-a74ef1e5da46,2316611,188,TRANSFER,246400.72,803016.0,723372.97,High,1.0,4096,36.267752,36.169057200000005,0.492400798539868,35.31853,36.570801,5
ab7375e1-7ede-51f3-b908-a74ef1e5da46,2316611,188,TRANSFER,246400.72,803016.0,723372.97,Low,0.6,1024,59.019885,57.6214316,3.651443509915196,51.167583,60.093971,5
ab7375e1-7ede-51f3-b908-a74ef1e5da46,2316611,188,TRANSFER,246400.72,803016.0,723372.97,Medium,0.75,2048,47.864597,46.155972,3.880761338083611,40.7685,49.98606,5
abaf765c-2cf2-5dfe-9beb-63146577c92c,5017772,353,CASH_IN,415044.72,5038464.67,3585656.2,High,1.0,4096,21.603645,21.682948,0.2307070879264435,21.45184,21.967025,5
abaf765c-2cf2-5dfe-9beb-63146577c92c,5017772,353,CASH_IN,415044.72,5038464.67,3585656.2,Low,0.6,1024,34.311856,34.355315,1.7587866392270275,31.684365,36.005125,5
abaf765c-2cf2-5dfe-9beb-63146577c92c,5017772,353,CASH_IN,415044.72,5038464.67,3585656.2,Medium,0.75,2048,25.832868,26.5149554,2.6115232432170297,22.925246,29.112723,5
abb95b18-738b-5cc5-a585-da8b56717cbd,3385956,255,TRANSFER,442546.15,450566.0,1725739.45,High,1.0,4096,34.058306,34.0180648,0.1337325273174032,33.872933,34.186089,5
abb95b18-738b-5cc5-a585-da8b56717cbd,3385956,255,TRANSFER,442546.15,450566.0,1725739.45,Low,0.6,1024,55.699275,55.2062282,1.3854822734971024,53.712397,56.605725,5
abb95b18-738b-5cc5-a585-da8b56717cbd,3385956,255,TRANSFER,442546.15,450566.0,1725739.45,Medium,0.75,2048,44.626197,45.1266788,1.1948386181504602,44.056152,46.610934,5
abc8dc84-3018-5c05-830e-7abb495ab95b,5521887,380,DEBIT,11543.33,61975.0,1206001.73,High,1.0,4096,31.17183,31.1587866,0.4225346057695156,30.666283,31.72935,5
abc8dc84-3018-5c05-830e-7abb495ab95b,5521887,380,DEBIT,11543.33,61975.0,1206001.73,Low,0.6,1024,51.365339,51.9122354,1.9755745357492327,49.296272,54.497132,5
abc8dc84-3018-5c05-830e-7abb495ab95b,5521887,380,DEBIT,11543.33,61975.0,1206001.73,Medium,0.75,2048,40.3676,40.3383108,0.1762200292097929,40.117166,40.588243,5
abe82e31-48fb-5a3b-9995-30360cca662f,3834315,282,CASH_OUT,29077.77,303429.0,32650.42,High,1.0,4096,28.636236,28.415198,0.411567253510894,27.927882,28.788484,5
abe82e31-48fb-5a3b-9995-30360cca662f,3834315,282,CASH_OUT,29077.77,303429.0,32650.42,Low,0.6,1024,47.34287,45.561198,3.4782050542044662,41.848278,49.373645,5
abe82e31-48fb-5a3b-9995-30360cca662f,3834315,282,CASH_OUT,29077.77,303429.0,32650.42,Medium,0.75,2048,37.127035,36.7987266,2.481949712118439,34.502943,40.561607,5
ace1785c-7976-5906-94cd-7566a757c4d5,4509213,325,CASH_OUT,343286.93,460243.91,2462504.31,High,1.0,4096,27.411389,27.4913232,0.2428327623441691,27.231106,27.837424,5
ace1785c-7976-5906-94cd-7566a757c4d5,4509213,325,CASH_OUT,343286.93,460243.91,2462504.31,Low,0.6,1024,48.042768,46.1832282,3.556264969989469,42.313784,49.276602,5
ace1785c-7976-5906-94cd-7566a757c4d5,4509213,325,CASH_OUT,343286.93,460243.91,2462504.31,Medium,0.75,2048,37.01093,35.7081378,2.1221367775927416,32.494572,37.271013,5
ace314b2-306e-5b2d-9675-1b730376ae7d,1591195,156,DEBIT,3313.72,99362.0,2149446.35,High,1.0,4096,31.374404,31.34485,0.3065347692946103,30.914086,31.751308,5
ace314b2-306e-5b2d-9675-1b730376ae7d,1591195,156,DEBIT,3313.72,99362.0,2149446.35,Low,0.6,1024,51.750657,51.6329596,1.7360244468318404,48.991365,53.781785,5
ace314b2-306e-5b2d-9675-1b730376ae7d,1591195,156,DEBIT,3313.72,99362.0,2149446.35,Medium,0.75,2048,43.133947,43.5716038,4.6757744395826775,39.622818,51.126657,5
ad5abe7b-2ddd-590e-8680-03f70cf81445,1973046,178,CASH_OUT,15102.78,21621.0,2074115.02,High,1.0,4096,29.461495,29.9723832,1.052429922684974,29.070715,31.254452,5
ad5abe7b-2ddd-590e-8680-03f70cf81445,1973046,178,CASH_OUT,15102.78,21621.0,2074115.02,Low,0.6,1024,47.292382,46.9662754,2.4949705021139623,43.060284,49.727986,5
ad5abe7b-2ddd-590e-8680-03f70cf81445,1973046,178,CASH_OUT,15102.78,21621.0,2074115.02,Medium,0.75,2048,35.284672,35.7206706,2.1626111230823017,33.277377,39.230461,5
ad5ed959-d618-5db8-8417-b87147c32586,5714521,398,PAYMENT,12407.94,121910.43,0.0,High,1.0,4096,24.937499,25.1789436,0.5730931643941506,24.891308,26.203244,5
ad5ed959-d618-5db8-8417-b87147c32586,5714521,398,PAYMENT,12407.94,121910.43,0.0,Low,0.6,1024,39.26349,41.2259888,2.8669044710449816,39.08267,44.877591,5
ad5ed959-d618-5db8-8417-b87147c32586,5714521,398,PAYMENT,12407.94,121910.43,0.0,Medium,0.75,2048,34.092211,32.123624,5.150566243349704,25.363952,38.066458,5
ad6a1228-69d2-5ea4-af4b-ee71e31d1ea8,1502723,143,DEBIT,3394.32,29754.0,1835870.03,High,1.0,4096,32.038881,31.7620688,0.4228538670583505,31.233436,32.111299,5
ad6a1228-69d2-5ea4-af4b-ee71e31d1ea8,1502723,143,DEBIT,3394.32,29754.0,1835870.03,Low,0.6,1024,53.045631,52.9337024,1.770036258724183,50.83365,54.831915,5
ad6a1228-69d2-5ea4-af4b-ee71e31d1ea8,1502723,143,DEBIT,3394.32,29754.0,1835870.03,Medium,0.75,2048,40.455923,42.0592262,2.695104745531275,39.901129,45.727745,5
ad9ab5cc-c83e-5d71-8c04-043a1e42515b,1997636,179,DEBIT,3865.29,129521.0,1082708.87,High,1.0,4096,32.799488,32.5660252,0.7831660853648468,31.645055,33.61062,5
ad9ab5cc-c83e-5d71-8c04-043a1e42515b,1997636,179,DEBIT,3865.29,129521.0,1082708.87,Low,0.6,1024,51.739774,52.1224546,1.8281113258194368,49.558159,54.271664,5
ad9ab5cc-c83e-5d71-8c04-043a1e42515b,1997636,179,DEBIT,3865.29,129521.0,1082708.87,Medium,0.75,2048,40.84136,40.8377604,1.70253372533624,38.34237,43.073268,5
adbd0375-a8fd-560e-b4eb-4ea4343b0227,6061827,501,TRANSFER,8020192.15,8020192.15,0.0,High,1.0,4096,34.70181,34.6817786,0.2201406405216894,34.382907,34.930791,5
adbd0375-a8fd-560e-b4eb-4ea4343b0227,6061827,501,TRANSFER,8020192.15,8020192.15,0.0,Low,0.6,1024,56.006624,57.2861748,2.6253849513614576,54.421437,60.499433,5
adbd0375-a8fd-560e-b4eb-4ea4343b0227,6061827,501,TRANSFER,8020192.15,8020192.15,0.0,Medium,0.75,2048,46.411534,45.6645284,2.136140969546556,43.300572,47.731276,5
adf3a561-c865-5b93-a5d6-c43145897914,3191324,241,TRANSFER,3003.22,11382.0,71212.45,High,1.0,4096,35.34026,35.2502676,0.354075373659762,34.637788,35.544021,5
adf3a561-c865-5b93-a5d6-c43145897914,3191324,241,TRANSFER,3003.22,11382.0,71212.45,Low,0.6,1024,57.912049,57.2306,1.7311886016276512,54.146834,58.276433,5
adf3a561-c865-5b93-a5d6-c43145897914,3191324,241,TRANSFER,3003.22,11382.0,71212.45,Medium,0.75,2048,46.56044,45.9399998,2.2446530844010617,43.420116,48.225704,5
aec0ed2f-99e9-595e-952d-c532d30e990a,139527,11,CASH_OUT,277987.54,3069097.81,74353.78,High,1.0,4096,27.222481,27.25641,0.1072814219587903,27.135198,27.414537,5
aec0ed2f-99e9-595e-952d-c532d30e990a,139527,11,CASH_OUT,277987.54,3069097.81,74353.78,Low,0.6,1024,47.098262,45.614057,3.0839334787667685,42.102907,49.009081,5
aec0ed2f-99e9-595e-952d-c532d30e990a,139527,11,CASH_OUT,277987.54,3069097.81,74353.78,Medium,0.75,2048,34.690248,34.986447,2.3227731349796112,32.653054,37.513699,5
aed53e97-d692-5d8c-bf0f-90e597964acc,660465,36,DEBIT,2237.23,266984.01,4418.47,High,1.0,4096,32.781635,32.7070876,0.2500418807995964,32.39539,32.983897,5
aed53e97-d692-5d8c-bf0f-90e597964acc,660465,36,DEBIT,2237.23,266984.01,4418.47,Low,0.6,1024,53.716922,53.4223272,2.6445202897008,49.749223,56.060961,5
aed53e97-d692-5d8c-bf0f-90e597964acc,660465,36,DEBIT,2237.23,266984.01,4418.47,Medium,0.75,2048,40.659765,40.6819978,2.5646032523924047,37.243161,44.473472,5
af29f04f-e7df-516c-afb9-2ffb4a95c393,4815367,346,CASH_IN,176286.1,28960.0,240692.87,High,1.0,4096,20.59429,20.5909196,0.0968309163790155,20.433748,20.674142,5
af29f04f-e7df-516c-afb9-2ffb4a95c393,4815367,346,CASH_IN,176286.1,28960.0,240692.87,Low,0.6,1024,35.275859,34.3263604,1.5025953241356431,32.549676,35.677216,5
af29f04f-e7df-516c-afb9-2ffb4a95c393,4815367,346,CASH_IN,176286.1,28960.0,240692.87,Medium,0.75,2048,27.729212,27.1217698,2.6271356998777584,23.301382,30.106341,5
af42b1a7-fe0a-52c3-83ff-ff5adc797381,3032641,234,PAYMENT,11580.56,14056.86,0.0,High,1.0,4096,28.435418,27.5628988,1.4193363324919497,25.975639,28.689973,5
af42b1a7-fe0a-52c3-83ff-ff5adc797381,3032641,234,PAYMENT,11580.56,14056.86,0.0,Low,0.6,1024,40.288545,40.1660222,0.4030960845911283,39.69745,40.597317,5
af42b1a7-fe0a-52c3-83ff-ff5adc797381,3032641,234,PAYMENT,11580.56,14056.86,0.0,Medium,0.75,2048,31.856277,32.505279,2.0392810497686424,30.871817,36.069877,5
af5666b6-99dc-5289-bed2-1f8a27dec4c2,1953854,178,TRANSFER,329235.62,742536.0,185923.08,High,1.0,4096,36.584109,36.4411696,0.2583346339078432,36.070546,36.648098,5
af5666b6-99dc-5289-bed2-1f8a27dec4c2,1953854,178,TRANSFER,329235.62,742536.0,185923.08,Low,0.6,1024,57.701575,57.1649624,1.3660225113759292,54.730971,57.916844,5
af5666b6-99dc-5289-bed2-1f8a27dec4c2,1953854,178,TRANSFER,329235.62,742536.0,185923.08,Medium,0.75,2048,44.58892,45.6377618,1.972853386565942,44.034248,48.631269,5
aff4c9d7-c8c2-5ae0-94d5-38756afd7e0a,5989614,416,DEBIT,4631.05,103783.0,19999.27,High,1.0,4096,30.646635,30.6995116,0.1038062364976209,30.602014,30.830703,5
aff4c9d7-c8c2-5ae0-94d5-38756afd7e0a,5989614,416,DEBIT,4631.05,103783.0,19999.27,Low,0.6,1024,52.94168,53.0501732,2.7488025422265605,50.333073,57.467157,5
aff4c9d7-c8c2-5ae0-94d5-38756afd7e0a,5989614,416,DEBIT,4631.05,103783.0,19999.27,Medium,0.75,2048,40.549166,40.5350724,0.1667860370528662,40.280149,40.747275,5
b0d0ad6c-00a0-5956-ad1b-27704bd648da,6351199,701,TRANSFER,74581.07,74581.07,0.0,High,1.0,4096,34.262718,34.2910444,0.2179691619250285,34.048945,34.643409,5
b0d0ad6c-00a0-5956-ad1b-27704bd648da,6351199,701,TRANSFER,74581.07,74581.07,0.0,Low,0.6,1024,57.175974,57.9435854,3.8116726440329054,53.816486,63.218737,5
b0d0ad6c-00a0-5956-ad1b-27704bd648da,6351199,701,TRANSFER,74581.07,74581.07,0.0,Medium,0.75,2048,45.452032,44.838424,2.078795493063832,41.397962,46.968542,5
b1eb8a6c-70b8-57a1-8625-24378b2341ef,4815733,346,CASH_OUT,247762.84,270823.93,942422.7,High,1.0,4096,27.281601,27.2966444,0.0973834552827125,27.152359,27.396681,5
b1eb8a6c-70b8-57a1-8625-24378b2341ef,4815733,346,CASH_OUT,247762.84,270823.93,942422.7,Low,0.6,1024,43.741866,45.1230302,2.962208166943911,42.818821,49.64139,5
b1eb8a6c-70b8-57a1-8625-24378b2341ef,4815733,346,CASH_OUT,247762.84,270823.93,942422.7,Medium,0.75,2048,37.100054,37.0808516,0.1894913436302572,36.807674,37.329836,5
b26c32e9-b2ce-5796-8cf4-dc97739d6255,5835725,402,DEBIT,2736.41,4027.0,1785341.44,High,1.0,4096,30.803024,30.8720544,0.3391918755782638,30.58437,31.450479,5
b26c32e9-b2ce-5796-8cf4-dc97739d6255,5835725,402,DEBIT,2736.41,4027.0,1785341.44,Low,0.6,1024,50.513983,49.5252034,2.5646774925052074,45.666559,52.425397,5
b26c32e9-b2ce-5796-8cf4-dc97739d6255,5835725,402,DEBIT,2736.41,4027.0,1785341.44,Medium,0.75,2048,41.792892,41.3029808,2.890412452239593,38.351849,45.57725,5
b294501f-7594-580c-8d25-7ffd71aeeec7,683090,36,CASH_OUT,131155.45,178071.34,150884.04,High,1.0,4096,27.404661,27.385326600000003,0.1854353255647366,27.161301,27.56537,5
b294501f-7594-580c-8d25-7ffd71aeeec7,683090,36,CASH_OUT,131155.45,178071.34,150884.04,Low,0.6,1024,47.328967,47.0575188,2.737501694656772,42.52729,49.369924,5
b294501f-7594-580c-8d25-7ffd71aeeec7,683090,36,CASH_OUT,131155.45,178071.34,150884.04,Medium,0.75,2048,34.845068,36.1693886,2.0930755127978062,34.41727,38.595736,5
b2bc1141-6862-5f98-bbf0-215dfcffa8f1,930016,43,CASH_IN,212718.88,5053.0,0.0,High,1.0,4096,20.863453,20.8579406,0.0782445443261071,20.7458,20.9373,5
b2bc1141-6862-5f98-bbf0-215dfcffa8f1,930016,43,CASH_IN,212718.88,5053.0,0.0,Low,0.6,1024,32.33441,33.7023628,3.939872295893956,30.115631,38.064292,5
b2bc1141-6862-5f98-bbf0-215dfcffa8f1,930016,43,CASH_IN,212718.88,5053.0,0.0,Medium,0.75,2048,28.078007,28.8242932,1.870195192668054,26.885736,31.325814,5
b2e8b000-e7b9-5e46-b821-a1e00588d172,5704740,398,CASH_IN,149127.91,13539.0,0.0,High,1.0,4096,20.570135,20.5671304,0.157888783937619,20.385458,20.744813,5
b2e8b000-e7b9-5e46-b821-a1e00588d172,5704740,398,CASH_IN,149127.91,13539.0,0.0,Low,0.6,1024,35.898906,35.7918242,3.069613525608184,32.082881,40.097194,5
b2e8b000-e7b9-5e46-b821-a1e00588d172,5704740,398,CASH_IN,149127.91,13539.0,0.0,Medium,0.75,2048,28.943995,28.8001102,1.031360616752793,27.47882,30.244785,5
b3c2fb87-24fb-563d-98d6-64887ac19170,896808,42,TRANSFER,46104.8,407517.15,355621.84,High,1.0,4096,34.479018,34.4166442,0.1950873073490437,34.112294,34.591567,5
b3c2fb87-24fb-563d-98d6-64887ac19170,896808,42,TRANSFER,46104.8,407517.15,355621.84,Low,0.6,1024,55.715214,57.4307066,4.838388254833506,52.318948,64.49814,5
b3c2fb87-24fb-563d-98d6-64887ac19170,896808,42,TRANSFER,46104.8,407517.15,355621.84,Medium,0.75,2048,45.773268,45.554371,1.6827251283330549,43.689427,47.957961,5
b3c3cb8f-3143-5497-8810-f1aa1493f216,2179285,185,TRANSFER,344425.46,367717.0,0.0,High,1.0,4096,36.284354,36.0381498,0.5754266486939933,35.010754,36.335392,5
b3c3cb8f-3143-5497-8810-f1aa1493f216,2179285,185,TRANSFER,344425.46,367717.0,0.0,Low,0.6,1024,59.524873,58.5425014,5.836045300750742,50.733587,65.780139,5
b3c3cb8f-3143-5497-8810-f1aa1493f216,2179285,185,TRANSFER,344425.46,367717.0,0.0,Medium,0.75,2048,44.305993,45.1081004,3.502145054861064,40.296253,49.010547,5
b43ac9c8-e6eb-59e1-8bfd-ce4ddf80adea,5212333,370,TRANSFER,310726.29,310726.29,0.0,High,1.0,4096,36.355503,36.5666632,0.8786737781754965,35.418417,37.589233,5
b43ac9c8-e6eb-59e1-8bfd-ce4ddf80adea,5212333,370,TRANSFER,310726.29,310726.29,0.0,Low,0.6,1024,54.764525,55.497722,2.095580914477656,52.892021,57.800687,5
b43ac9c8-e6eb-59e1-8bfd-ce4ddf80adea,5212333,370,TRANSFER,310726.29,310726.29,0.0,Medium,0.75,2048,44.51288,44.941907,1.2677429649404486,43.893452,47.11791,5
b4aae99e-94f6-5629-b862-1981bce319d2,6154487,547,TRANSFER,598945.0,744292.0,3343513.31,High,1.0,4096,36.637501,36.1614356,0.7442418327451092,35.295422,36.775155,5
b4aae99e-94f6-5629-b862-1981bce319d2,6154487,547,TRANSFER,598945.0,744292.0,3343513.31,Low,0.6,1024,57.839033,57.5500022,1.269473007134732,55.338304,58.459763,5
b4aae99e-94f6-5629-b862-1981bce319d2,6154487,547,TRANSFER,598945.0,744292.0,3343513.31,Medium,0.75,2048,43.417449,45.0143454,3.364813216437474,42.117809,49.730074,5
b4ce37f8-440f-5250-87cb-8054c273581b,5222663,370,DEBIT,8615.79,69511.0,121477.68,High,1.0,4096,30.595002,30.6185004,0.0753499362328855,30.534378,30.737232,5
b4ce37f8-440f-5250-87cb-8054c273581b,5222663,370,DEBIT,8615.79,69511.0,121477.68,Low,0.6,1024,50.246023,49.9114474,2.968529638709425,45.624188,52.802289,5
b4ce37f8-440f-5250-87cb-8054c273581b,5222663,370,DEBIT,8615.79,69511.0,121477.68,Medium,0.75,2048,40.690818,41.5161496,1.9120735408394465,40.517503,44.932871,5
b55b4b10-7f8a-5484-9b25-5a0c4ba5c944,2347653,189,CASH_IN,42690.69,4510357.93,11213206.56,High,1.0,4096,20.410282,20.4249784,0.0743325471163206,20.338644,20.522574,5
b55b4b10-7f8a-5484-9b25-5a0c4ba5c944,2347653,189,CASH_IN,42690.69,4510357.93,11213206.56,Low,0.6,1024,33.062296,34.009528,2.410783292246009,31.006425,36.607398,5
b55b4b10-7f8a-5484-9b25-5a0c4ba5c944,2347653,189,CASH_IN,42690.69,4510357.93,11213206.56,Medium,0.75,2048,27.729391,26.4339306,2.902517079967541,23.329385,29.674715,5
b63ace38-dd53-5051-997f-c0183fbad4e4,1522810,153,TRANSFER,339543.79,401420.95,1919769.19,High,1.0,4096,36.456724,37.2885436,1.81037395522218,36.324716,40.51509,5
b63ace38-dd53-5051-997f-c0183fbad4e4,1522810,153,TRANSFER,339543.79,401420.95,1919769.19,Low,0.6,1024,57.331282,56.5489964,3.6009056769840293,52.694623,61.532293,5
b63ace38-dd53-5051-997f-c0183fbad4e4,1522810,153,TRANSFER,339543.79,401420.95,1919769.19,Medium,0.75,2048,44.417964,44.7404686,1.0683605533960894,43.946522,46.604746,5
b643acb2-8fbc-5569-96b2-38811522462c,4741850,332,PAYMENT,21088.57,77854.88,0.0,High,1.0,4096,24.002937,23.9735812,0.0867037804637152,23.854528,24.077093,5
b643acb2-8fbc-5569-96b2-38811522462c,4741850,332,PAYMENT,21088.57,77854.88,0.0,Low,0.6,1024,39.243962,40.5748308,2.0779241698781257,38.847444,42.983556,5
b643acb2-8fbc-5569-96b2-38811522462c,4741850,332,PAYMENT,21088.57,77854.88,0.0,Medium,0.75,2048,33.548131,33.3738842,0.6454654814098908,32.320125,34.062724,5
b64c90b4-7f83-53eb-bea9-c9faf11f7e51,4274783,307,CASH_OUT,19168.54,21351.0,7673814.0,High,1.0,4096,28.426616,28.619524,0.528454191578608,28.279991,29.554523,5
b64c90b4-7f83-53eb-bea9-c9faf11f7e51,4274783,307,CASH_OUT,19168.54,21351.0,7673814.0,Low,0.6,1024,42.666596,44.5227332,2.916610928116004,42.257156,48.379038,5
b64c90b4-7f83-53eb-bea9-c9faf11f7e51,4274783,307,CASH_OUT,19168.54,21351.0,7673814.0,Medium,0.75,2048,36.943497,36.4354128,3.3456472538804367,32.800799,41.079532,5
b6fea3ef-21c9-5bcc-bf0a-ce73223f3f9e,1896359,165,CASH_IN,81486.19,206599.0,0.0,High,1.0,4096,20.483476,20.5939036,0.2414094492989048,20.449543,21.019497,5
b6fea3ef-21c9-5bcc-bf0a-ce73223f3f9e,1896359,165,CASH_IN,81486.19,206599.0,0.0,Low,0.6,1024,35.942133,35.3461762,1.437585794269579,33.040213,36.799386,5
b6fea3ef-21c9-5bcc-bf0a-ce73223f3f9e,1896359,165,CASH_IN,81486.19,206599.0,0.0,Medium,0.75,2048,29.042741,27.951542,2.595320256852707,23.541877,29.803623,5
b71a0111-3a1f-5d14-aae0-70ba2db09993,2575588,207,TRANSFER,238949.77,260149.94,1182767.34,High,1.0,4096,34.191743,34.6030688,0.8016259745346962,33.972384,35.804872,5
b71a0111-3a1f-5d14-aae0-70ba2db09993,2575588,207,TRANSFER,238949.77,260149.94,1182767.34,Low,0.6,1024,56.63182,57.0870186,1.8180797040955872,55.616853,60.253007,5
b71a0111-3a1f-5d14-aae0-70ba2db09993,2575588,207,TRANSFER,238949.77,260149.94,1182767.34,Medium,0.75,2048,46.462423,46.854798,2.1490348582894137,43.791629,48.923017,5
b7e586fd-8a89-5464-b0a7-b1e3b6a12f47,2499929,204,CASH_OUT,291098.02,332785.0,0.0,High,1.0,4096,27.281708,27.3202856,0.0860424485722023,27.23793,27.442473,5
b7e586fd-8a89-5464-b0a7-b1e3b6a12f47,2499929,204,CASH_OUT,291098.02,332785.0,0.0,Low,0.6,1024,45.835908,45.5610564,1.64942319296559,42.895433,47.244811,5
b7e586fd-8a89-5464-b0a7-b1e3b6a12f47,2499929,204,CASH_OUT,291098.02,332785.0,0.0,Medium,0.75,2048,37.1089,36.6702372,1.1289034961170048,34.660994,37.300228,5
b80ec609-6429-5f05-8cd8-753acb4bbbb1,5894206,403,CASH_OUT,8917.14,73606.0,741487.22,High,1.0,4096,27.494112,27.6664118,0.3104394856984204,27.446791,28.174768,5
b80ec609-6429-5f05-8cd8-753acb4bbbb1,5894206,403,CASH_OUT,8917.14,73606.0,741487.22,Low,0.6,1024,44.54753,45.630881,3.764911454656668,40.575833,50.331514,5
b80ec609-6429-5f05-8cd8-753acb4bbbb1,5894206,403,CASH_OUT,8917.14,73606.0,741487.22,Medium,0.75,2048,36.659382,36.2301728,3.142925960268744,32.40671,40.779004,5
b886af5b-8fbb-59ed-a6d3-843e87323e56,908397,43,TRANSFER,108408.76,251766.0,0.0,High,1.0,4096,35.489756,35.3006182,0.4221826099233587,34.574209,35.620683,5
b886af5b-8fbb-59ed-a6d3-843e87323e56,908397,43,TRANSFER,108408.76,251766.0,0.0,Low,0.6,1024,57.62818,56.1163414,2.594023274918481,52.30992,58.4416,5
b886af5b-8fbb-59ed-a6d3-843e87323e56,908397,43,TRANSFER,108408.76,251766.0,0.0,Medium,0.75,2048,45.560101,46.2222228,3.0363316200478176,43.47199,50.799199,5
ba1a161d-bcda-5fb8-93e9-1da22f5a65b2,4748990,333,DEBIT,3976.68,32326.0,354706.64,High,1.0,4096,31.285393,31.208083,0.3558491859151856,30.769643,31.633082,5
ba1a161d-bcda-5fb8-93e9-1da22f5a65b2,4748990,333,DEBIT,3976.68,32326.0,354706.64,Low,0.6,1024,51.110755,51.584891,1.4844883339418662,49.701672,53.434303,5
ba1a161d-bcda-5fb8-93e9-1da22f5a65b2,4748990,333,DEBIT,3976.68,32326.0,354706.64,Medium,0.75,2048,40.109945,41.142283,1.8437297897193332,39.966442,44.271555,5
ba1ce7e7-eaed-5afe-b3a2-32983ea382f1,2315030,188,CASH_OUT,29371.76,29536.0,84736.32,High,1.0,4096,28.564517,29.0474706,0.794485035775251,28.384285,30.199013,5
ba1ce7e7-eaed-5afe-b3a2-32983ea382f1,2315030,188,CASH_OUT,29371.76,29536.0,84736.32,Low,0.6,1024,43.197897,44.2711932,2.1647919080790903,42.88881,48.026065,5
ba1ce7e7-eaed-5afe-b3a2-32983ea382f1,2315030,188,CASH_OUT,29371.76,29536.0,84736.32,Medium,0.75,2048,37.327589,37.294672,0.2750579729347976,36.839923,37.528031,5
ba3a3dac-c98f-59ea-9e5c-faeac0ba8521,5879822,403,CASH_IN,153050.5,5753210.59,747100.75,High,1.0,4096,20.531382,20.6490956,0.3644612635470331,20.391788,21.291503,5
ba3a3dac-c98f-59ea-9e5c-faeac0ba8521,5879822,403,CASH_IN,153050.5,5753210.59,747100.75,Low,0.6,1024,35.303255,34.9120138,1.0941538997568867,33.026695,35.681965,5
ba3a3dac-c98f-59ea-9e5c-faeac0ba8521,5879822,403,CASH_IN,153050.5,5753210.59,747100.75,Medium,0.75,2048,25.994373,27.1336274,1.7490865621107217,25.876488,29.820468,5
ba45010d-13f0-5186-ab4b-f4b6c594994d,179898,12,CASH_OUT,343.72,1394.0,294723.04,High,1.0,4096,27.31213,27.3217636,0.0420063815901829,27.274223,27.365767,5
ba45010d-13f0-5186-ab4b-f4b6c594994d,179898,12,CASH_OUT,343.72,1394.0,294723.04,Low,0.6,1024,46.779542,46.350746,3.80446952820311,42.062458,50.855174,5
ba45010d-13f0-5186-ab4b-f4b6c594994d,179898,12,CASH_OUT,343.72,1394.0,294723.04,Medium,0.75,2048,35.541412,35.5647572,1.8643312569027812,32.970783,37.415824,5
ba7ee21f-3cf6-5903-9de1-422be391f817,4659115,330,PAYMENT,16365.71,347280.62,0.0,High,1.0,4096,23.905167,23.9993224,0.1714149647326628,23.882175,24.287346,5
ba7ee21f-3cf6-5903-9de1-422be391f817,4659115,330,PAYMENT,16365.71,347280.62,0.0,Low,0.6,1024,38.973297,39.9376182,3.754887957135764,36.569057,46.402899,5
ba7ee21f-3cf6-5903-9de1-422be391f817,4659115,330,PAYMENT,16365.71,347280.62,0.0,Medium,0.75,2048,31.362713,31.735921,1.8447388956951327,29.088214,33.635229,5
baec240f-3623-5910-b9d9-04d4d312b497,2124958,183,CASH_OUT,56501.27,78954.0,10059.05,High,1.0,4096,27.32816,27.410796,0.2078280002369737,27.168092,27.677068,5
baec240f-3623-5910-b9d9-04d4d312b497,2124958,183,CASH_OUT,56501.27,78954.0,10059.05,Low,0.6,1024,47.117775,45.7580804,3.154217705695708,42.167926,49.113642,5
baec240f-3623-5910-b9d9-04d4d312b497,2124958,183,CASH_OUT,56501.27,78954.0,10059.05,Medium,0.75,2048,38.57435,38.7255444,2.895282647623336,34.880656,43.04152,5
baf3eff7-682e-5316-bad4-8f057269cbe9,2685948,210,DEBIT,2524.4,19238.0,51779.0,High,1.0,4096,32.319044,33.054816,2.27157926407962,31.582788,37.053189,5
baf3eff7-682e-5316-bad4-8f057269cbe9,2685948,210,DEBIT,2524.4,19238.0,51779.0,Low,0.6,1024,50.808915,51.157157,1.0311049255509852,50.250159,52.934038,5
baf3eff7-682e-5316-bad4-8f057269cbe9,2685948,210,DEBIT,2524.4,19238.0,51779.0,Medium,0.75,2048,40.034172,41.2674384,2.803365554757584,39.705636,46.264649,5
bb58e0f7-4ead-5563-a6d7-4ecc594f711f,442933,19,PAYMENT,12172.7,308591.0,0.0,High,1.0,4096,23.935491,23.9419424,0.0994071208430262,23.836,24.052142,5
bb58e0f7-4ead-5563-a6d7-4ecc594f711f,442933,19,PAYMENT,12172.7,308591.0,0.0,Low,0.6,1024,40.004816,41.3955172,2.5074292196452324,39.343519,44.43616,5
bb58e0f7-4ead-5563-a6d7-4ecc594f711f,442933,19,PAYMENT,12172.7,308591.0,0.0,Medium,0.75,2048,33.16736,32.3871272,1.2523315367564216,30.929957,33.464857,5
bb6156d8-9a70-5cbf-b7ab-b3d4dfdf2cd6,3622853,274,TRANSFER,258695.78,834656.13,489602.45,High,1.0,4096,36.341671,36.5213938,0.4061127883669758,36.104263,37.131627,5
bb6156d8-9a70-5cbf-b7ab-b3d4dfdf2cd6,3622853,274,TRANSFER,258695.78,834656.13,489602.45,Low,0.6,1024,58.782859,58.660773,0.8808176662564744,57.659582,59.774427,5
bb6156d8-9a70-5cbf-b7ab-b3d4dfdf2cd6,3622853,274,TRANSFER,258695.78,834656.13,489602.45,Medium,0.75,2048,44.47127,45.6534784,2.13919331274649,43.903304,48.523645,5
bba0420d-76a5-59fb-b735-61731503a972,2205585,186,DEBIT,784.62,62386.0,50235.0,High,1.0,4096,31.269725,32.081556,1.5503320352690566,31.033773,34.719556,5
bba0420d-76a5-59fb-b735-61731503a972,2205585,186,DEBIT,784.62,62386.0,50235.0,Low,0.6,1024,51.220126,50.936373,1.728775437606342,49.012464,53.172769,5
bba0420d-76a5-59fb-b735-61731503a972,2205585,186,DEBIT,784.62,62386.0,50235.0,Medium,0.75,2048,39.999819,40.061132,0.4176234298001005,39.599683,40.742374,5
bc1f45da-9317-520b-a008-2498be4ec9d2,448530,19,PAYMENT,4088.88,52791.0,0.0,High,1.0,4096,24.870611,25.2963744,0.6862918347166899,24.78769,26.325175,5
bc1f45da-9317-520b-a008-2498be4ec9d2,448530,19,PAYMENT,4088.88,52791.0,0.0,Low,0.6,1024,39.970601,41.4304534,3.228093858469935,39.295638,47.034896,5
bc1f45da-9317-520b-a008-2498be4ec9d2,448530,19,PAYMENT,4088.88,52791.0,0.0,Medium,0.75,2048,33.956602,33.1602564,3.684949606740273,28.446592,37.947596,5
bc366411-3ab0-5a06-9027-494465143238,4276842,307,PAYMENT,6949.43,287314.09,0.0,High,1.0,4096,24.199848,24.2439274,0.1911513048485414,24.056485,24.444427,5
bc366411-3ab0-5a06-9027-494465143238,4276842,307,PAYMENT,6949.43,287314.09,0.0,Low,0.6,1024,37.131684,39.5246614,4.847021046993586,35.913266,47.191474,5
bc366411-3ab0-5a06-9027-494465143238,4276842,307,PAYMENT,6949.43,287314.09,0.0,Medium,0.75,2048,31.320615,32.5620708,3.1215511583801105,29.640154,37.700557,5
bcbc45ea-d316-5e08-97a4-290b5edb5260,2965025,231,CASH_IN,18819.7,14957859.64,171279.25,High,1.0,4096,20.570153,20.7473168,0.5224138075670473,20.417578,21.67345,5
bcbc45ea-d316-5e08-97a4-290b5edb5260,2965025,231,CASH_IN,18819.7,14957859.64,171279.25,Low,0.6,1024,33.603214,34.041713200000004,2.250595004413989,30.964418,36.344968,5
bcbc45ea-d316-5e08-97a4-290b5edb5260,2965025,231,CASH_IN,18819.7,14957859.64,171279.25,Medium,0.75,2048,27.818714,27.6643668,2.697326373148734,23.228816,29.853432,5
bced725c-8756-5cbd-a84c-f37a7fb1deeb,1879482,164,TRANSFER,80985.13,105484.0,0.0,High,1.0,4096,36.713131,38.3142374,3.46918413899692,34.92765,43.418836,5
bced725c-8756-5cbd-a84c-f37a7fb1deeb,1879482,164,TRANSFER,80985.13,105484.0,0.0,Low,0.6,1024,58.020534,59.4954386,3.816503779242895,56.590045,66.181151,5
bced725c-8756-5cbd-a84c-f37a7fb1deeb,1879482,164,TRANSFER,80985.13,105484.0,0.0,Medium,0.75,2048,46.487133,46.537037,2.2756874199123875,44.095021,49.4476,5
bcffd34b-1929-5db8-b88e-1998a3901c9b,1414055,139,CASH_IN,103757.63,286893.0,575598.33,High,1.0,4096,20.832243,20.8786562,0.2660718588214471,20.592611,21.230768,5
bcffd34b-1929-5db8-b88e-1998a3901c9b,1414055,139,CASH_IN,103757.63,286893.0,575598.33,Low,0.6,1024,37.727656,35.2777418,3.7842632435681858,30.184724,38.240184,5
bcffd34b-1929-5db8-b88e-1998a3901c9b,1414055,139,CASH_IN,103757.63,286893.0,575598.33,Medium,0.75,2048,27.62723,27.2098846,2.4602258033441355,23.159389,29.732374,5
bdb240c0-92a5-5ce1-a415-9cf58e659327,3583741,261,TRANSFER,90697.13,99853.0,0.0,High,1.0,4096,36.039599,35.7246208,0.610301959065102,34.93613,36.283675,5
bdb240c0-92a5-5ce1-a415-9cf58e659327,3583741,261,TRANSFER,90697.13,99853.0,0.0,Low,0.6,1024,59.177384,58.9443308,5.578882344273958,50.785086,66.539795,5
bdb240c0-92a5-5ce1-a415-9cf58e659327,3583741,261,TRANSFER,90697.13,99853.0,0.0,Medium,0.75,2048,44.517971,46.1484832,2.600046315572321,43.930514,49.059727,5
bdb27363-a79b-5224-a9f6-7a8046c2a4d8,538880,21,DEBIT,1511.94,23655.22,248067.29,High,1.0,4096,32.015638,31.8020256,0.3686678349670621,31.305837,32.091456,5
bdb27363-a79b-5224-a9f6-7a8046c2a4d8,538880,21,DEBIT,1511.94,23655.22,248067.29,Low,0.6,1024,49.788115,49.1548924,3.8533865155923297,45.018011,54.418841,5
bdb27363-a79b-5224-a9f6-7a8046c2a4d8,538880,21,DEBIT,1511.94,23655.22,248067.29,Medium,0.75,2048,40.192227,41.6197556,2.3020765447227856,39.735088,44.256725,5
bdcdccff-3478-5696-96bb-0343a0014570,2554524,206,PAYMENT,14869.18,189165.53,0.0,High,1.0,4096,23.949195,23.9647264,0.1415270095080788,23.821356,24.116522,5
bdcdccff-3478-5696-96bb-0343a0014570,2554524,206,PAYMENT,14869.18,189165.53,0.0,Low,0.6,1024,39.370947,41.2617526,3.0228086836381647,38.716907,45.360333,5
bdcdccff-3478-5696-96bb-0343a0014570,2554524,206,PAYMENT,14869.18,189165.53,0.0,Medium,0.75,2048,33.206307,32.9929388,1.461823073883155,31.170793,34.617369,5
be6ff22c-97d9-592b-834b-11da7317d4ee,2232238,186,TRANSFER,109148.67,120213.0,807605.08,High,1.0,4096,36.412077,36.2051434,0.5180404756399819,35.301523,36.541215,5
be6ff22c-97d9-592b-834b-11da7317d4ee,2232238,186,TRANSFER,109148.67,120213.0,807605.08,Low,0.6,1024,54.796444,55.6291158,2.336079622070532,52.690768,58.467554,5
be6ff22c-97d9-592b-834b-11da7317d4ee,2232238,186,TRANSFER,109148.67,120213.0,807605.08,Medium,0.75,2048,45.04046,45.2222096,1.1640769020418271,43.989182,47.06171,5
be800447-38be-5aad-8657-13289a272563,3641731,275,DEBIT,4310.87,20591.0,519539.8,High,1.0,4096,32.201556,32.5135894,0.7600556865136925,31.841382,33.465327,5
be800447-38be-5aad-8657-13289a272563,3641731,275,DEBIT,4310.87,20591.0,519539.8,Low,0.6,1024,51.5821,51.482883,1.9839063852659489,49.5257,54.531446,5
be800447-38be-5aad-8657-13289a272563,3641731,275,DEBIT,4310.87,20591.0,519539.8,Medium,0.75,2048,39.054973,40.2412434,2.6530293174476616,38.031257,44.671253,5
bf8123f7-902e-5f9c-b777-d8b0bc7d8c42,6166262,551,TRANSFER,150924.76,150924.76,0.0,High,1.0,4096,34.38767,34.3811106,0.1439114760844324,34.162678,34.558388,5
bf8123f7-902e-5f9c-b777-d8b0bc7d8c42,6166262,551,TRANSFER,150924.76,150924.76,0.0,Low,0.6,1024,55.950953,57.2612268,2.3685884416432934,54.896687,59.818007,5
bf8123f7-902e-5f9c-b777-d8b0bc7d8c42,6166262,551,TRANSFER,150924.76,150924.76,0.0,Medium,0.75,2048,44.057855,45.1068664,1.9721899043316795,43.486269,48.169111,5
bfdb815b-1570-5c79-9479-b0bfff1f6780,562410,22,PAYMENT,2703.33,50100.0,0.0,High,1.0,4096,27.597139,27.1827242,1.365025921503581,25.78204,28.908723,5
bfdb815b-1570-5c79-9479-b0bfff1f6780,562410,22,PAYMENT,2703.33,50100.0,0.0,Low,0.6,1024,39.854961,39.8421854,2.775385847828965,35.824992,43.669009,5
bfdb815b-1570-5c79-9479-b0bfff1f6780,562410,22,PAYMENT,2703.33,50100.0,0.0,Medium,0.75,2048,31.999166,32.3710768,1.5374791697996106,30.317331,34.087284,5
c0465242-52ac-554e-9b56-eaad4ad49be8,654884,35,CASH_OUT,181804.97,361281.92,658660.79,High,1.0,4096,27.316253,27.4477202,0.4936626218103816,27.084031,28.312552,5
c0465242-52ac-554e-9b56-eaad4ad49be8,654884,35,CASH_OUT,181804.97,361281.92,658660.79,Low,0.6,1024,46.016301,45.924656,2.5669196692227247,42.136595,49.215102,5
c0465242-52ac-554e-9b56-eaad4ad49be8,654884,35,CASH_OUT,181804.97,361281.92,658660.79,Medium,0.75,2048,36.992556,36.6979258,1.1245819366314322,34.848361,37.790605,5
c0647620-66cd-55c3-b31c-266221b93229,1873677,164,CASH_OUT,212653.04,295939.0,5916.86,High,1.0,4096,28.066536,28.2328444,0.4116196916776453,27.828814,28.69356,5
c0647620-66cd-55c3-b31c-266221b93229,1873677,164,CASH_OUT,212653.04,295939.0,5916.86,Low,0.6,1024,47.59697,47.1195192,3.224173062769226,41.632148,49.610591,5
c0647620-66cd-55c3-b31c-266221b93229,1873677,164,CASH_OUT,212653.04,295939.0,5916.86,Medium,0.75,2048,36.859508,37.1599178,2.233962984424472,34.401921,40.579384,5
c0900f14-85de-5f63-983e-bfc49e31234d,1020465,47,PAYMENT,40093.12,252110.87,0.0,High,1.0,4096,25.006137,25.3989278,0.6900993763605361,24.748392,26.156734,5
c0900f14-85de-5f63-983e-bfc49e31234d,1020465,47,PAYMENT,40093.12,252110.87,0.0,Low,0.6,1024,39.339041,40.8063674,3.3470223745104835,39.153174,46.79087,5
c0900f14-85de-5f63-983e-bfc49e31234d,1020465,47,PAYMENT,40093.12,252110.87,0.0,Medium,0.75,2048,32.170317,31.9123548,5.070688354200761,25.150101,38.565963,5
c09608a2-68d8-506e-a00e-17e223eb67c7,4231719,306,PAYMENT,8618.94,60405.0,0.0,High,1.0,4096,26.375376,27.3882802,1.894286360139802,25.624955,29.530342,5
c09608a2-68d8-506e-a00e-17e223eb67c7,4231719,306,PAYMENT,8618.94,60405.0,0.0,Low,0.6,1024,39.956452,41.0198272,3.390916946465616,36.512355,44.884476,5
c09608a2-68d8-506e-a00e-17e223eb67c7,4231719,306,PAYMENT,8618.94,60405.0,0.0,Medium,0.75,2048,32.077489,32.180602,2.51706258873394,30.102003,36.316076,5
c18feb74-9a11-5eee-a0f1-8f1b86d994a6,4461600,323,CASH_OUT,45526.83,53414.0,171294.68,High,1.0,4096,27.904171,28.2201604,0.483643222248902,27.812136,28.838377,5
c18feb74-9a11-5eee-a0f1-8f1b86d994a6,4461600,323,CASH_OUT,45526.83,53414.0,171294.68,Low,0.6,1024,45.49112,45.1445946,2.105319688227253,41.665599,47.370267,5
c18feb74-9a11-5eee-a0f1-8f1b86d994a6,4461600,323,CASH_OUT,45526.83,53414.0,171294.68,Medium,0.75,2048,36.918239,36.6443098,2.791314929049515,33.91513,40.744673,5
c1950d2e-879e-5841-905a-a77f527e1436,842560,41,DEBIT,1936.62,385118.0,10630678.12,High,1.0,4096,33.175924,32.8032362,0.7214015088351995,31.932478,33.431811,5
c1950d2e-879e-5841-905a-a77f527e1436,842560,41,DEBIT,1936.62,385118.0,10630678.12,Low,0.6,1024,51.650311,52.3058098,2.8697731376125715,49.170041,56.73332,5
c1950d2e-879e-5841-905a-a77f527e1436,842560,41,DEBIT,1936.62,385118.0,10630678.12,Medium,0.75,2048,40.192475,39.9166902,2.646238101085238,35.736253,43.055405,5
c1e37210-ea5c-5f37-be32-98c6f8c5867d,4660893,330,PAYMENT,1676.28,88069.34,0.0,High,1.0,4096,25.120735,25.3150536,0.5972218407709153,24.909629,26.359949,5
c1e37210-ea5c-5f37-be32-98c6f8c5867d,4660893,330,PAYMENT,1676.28,88069.34,0.0,Low,0.6,1024,39.733815,39.8178386,0.2290431808519937,39.669837,40.223195,5
c1e37210-ea5c-5f37-be32-98c6f8c5867d,4660893,330,PAYMENT,1676.28,88069.34,0.0,Medium,0.75,2048,31.309009,31.6398298,2.0942320495353903,29.309797,34.915855,5
c313f7b5-b8af-5d70-ac7b-f8c4c59afda1,1684393,159,DEBIT,2112.05,175798.86,251364.74,High,1.0,4096,32.952734,32.411101,0.7494391459608315,31.587147,32.966804,5
c313f7b5-b8af-5d70-ac7b-f8c4c59afda1,1684393,159,DEBIT,2112.05,175798.86,251364.74,Low,0.6,1024,51.811745,51.4215306,2.8439439473668955,47.918677,55.583097,5
c313f7b5-b8af-5d70-ac7b-f8c4c59afda1,1684393,159,DEBIT,2112.05,175798.86,251364.74,Medium,0.75,2048,40.635956,41.480598,2.646886856498121,39.774097,46.143444,5
c342d7e4-ace2-5eea-a8a4-30b4ce3cc1e0,5194801,369,TRANSFER,32952.45,149311.0,862216.83,High,1.0,4096,35.08887,34.8871418,0.7171074559699534,34.080809,35.773589,5
c342d7e4-ace2-5eea-a8a4-30b4ce3cc1e0,5194801,369,TRANSFER,32952.45,149311.0,862216.83,Low,0.6,1024,60.243901,58.0313038,3.896512154055688,51.89837,60.998621,5
c342d7e4-ace2-5eea-a8a4-30b4ce3cc1e0,5194801,369,TRANSFER,32952.45,149311.0,862216.83,Medium,0.75,2048,46.883315,46.3731266,2.226531125276109,43.854287,48.568082,5
c39557a5-a4ae-5a0a-9383-2acf55e78b1a,6089175,522,PAYMENT,3623.85,34879.54,0.0,High,1.0,4096,24.090765,24.130057,0.1511379819519241,23.968688,24.374794,5
c39557a5-a4ae-5a0a-9383-2acf55e78b1a,6089175,522,PAYMENT,3623.85,34879.54,0.0,Low,0.6,1024,37.072723,40.46743,5.40396192757809,35.564331,46.395802,5
c39557a5-a4ae-5a0a-9383-2acf55e78b1a,6089175,522,PAYMENT,3623.85,34879.54,0.0,Medium,0.75,2048,31.064832,31.6339556,3.352857303821221,29.043994,37.334076,5
c39b0979-23ef-58f5-ad02-2a26b0f38566,1482954,141,CASH_IN,210579.15,19434346.79,3269365.85,High,1.0,4096,22.38695,22.4092172,0.142807759010846,22.255475,22.623033,5
c39b0979-23ef-58f5-ad02-2a26b0f38566,1482954,141,CASH_IN,210579.15,19434346.79,3269365.85,Low,0.6,1024,35.456218,33.5405926,3.5152539672295804,29.665277,36.465985,5
c39b0979-23ef-58f5-ad02-2a26b0f38566,1482954,141,CASH_IN,210579.15,19434346.79,3269365.85,Medium,0.75,2048,28.552583,28.821962,4.298744338461756,22.372754,34.224981,5
c3ac405f-649f-5cf7-921a-bed0dbb413c2,253281,14,DEBIT,5119.72,10113.0,158338.35,High,1.0,4096,31.21445,31.2834264,0.2867118461788773,31.042617,31.733007,5
c3ac405f-649f-5cf7-921a-bed0dbb413c2,253281,14,DEBIT,5119.72,10113.0,158338.35,Low,0.6,1024,51.012625,51.4476834,2.916980027072229,49.066611,56.43932,5
c3ac405f-649f-5cf7-921a-bed0dbb413c2,253281,14,DEBIT,5119.72,10113.0,158338.35,Medium,0.75,2048,40.460843,41.2122342,1.9406497578899196,40.122516,44.661372,5
c52535e4-772c-5723-97f8-34f24a54e8ee,5971955,407,PAYMENT,6187.05,160006.0,0.0,High,1.0,4096,23.836549,23.8570376,0.059436588355154,23.781854,23.935547,5
c52535e4-772c-5723-97f8-34f24a54e8ee,5971955,407,PAYMENT,6187.05,160006.0,0.0,Low,0.6,1024,39.271011,39.0139282,1.567149590448116,36.377191,40.560656,5
c52535e4-772c-5723-97f8-34f24a54e8ee,5971955,407,PAYMENT,6187.05,160006.0,0.0,Medium,0.75,2048,31.227403,31.5231752,1.7320283378756254,29.011903,33.267761,5
c544b2e1-d44d-5919-8c62-3ab23b57c598,3011808,232,DEBIT,2831.53,108700.0,135007.84,High,1.0,4096,32.026462,32.018768800000004,0.6214849631887328,31.163056,32.917785,5
c544b2e1-d44d-5919-8c62-3ab23b57c598,3011808,232,DEBIT,2831.53,108700.0,135007.84,Low,0.6,1024,51.532573,51.8262586,1.942802633810444,49.232759,54.459151,5
c544b2e1-d44d-5919-8c62-3ab23b57c598,3011808,232,DEBIT,2831.53,108700.0,135007.84,Medium,0.75,2048,40.045701,41.6255242,3.8358688316237033,39.600574,48.47898,5
c6592fb4-94f0-5811-b980-bddb7e59508a,1780140,162,PAYMENT,6910.24,20072.0,0.0,High,1.0,4096,25.234717,25.716965,0.7794852434732171,25.10527,26.607963,5
c6592fb4-94f0-5811-b980-bddb7e59508a,1780140,162,PAYMENT,6910.24,20072.0,0.0,Low,0.6,1024,39.764617,39.8823066,0.336289583505494,39.60454,40.422183,5
c6592fb4-94f0-5811-b980-bddb7e59508a,1780140,162,PAYMENT,6910.24,20072.0,0.0,Medium,0.75,2048,36.426292,34.9259678,3.9395831400806487,28.849289,38.714357,5
c666776d-a6a6-59fb-87b5-a32d8449a6cb,6043675,490,CASH_IN,20349.08,595343.42,396939.1,High,1.0,4096,20.881945,20.8531772,0.1291998845730904,20.714452,21.02178,5
c666776d-a6a6-59fb-87b5-a32d8449a6cb,6043675,490,CASH_IN,20349.08,595343.42,396939.1,Low,0.6,1024,33.062488,34.443373,3.3202800479492693,30.533799,37.998416,5
c666776d-a6a6-59fb-87b5-a32d8449a6cb,6043675,490,CASH_IN,20349.08,595343.42,396939.1,Medium,0.75,2048,27.292986,27.2788288,2.7258718531819697,22.833809,29.691687,5
c6693a88-1a8e-5cd7-a59a-6f58053b6dfa,1017344,47,CASH_IN,72960.64,8857269.14,138283.7,High,1.0,4096,21.624564,21.9646626,0.5153901428256075,21.564854,22.660773,5
c6693a88-1a8e-5cd7-a59a-6f58053b6dfa,1017344,47,CASH_IN,72960.64,8857269.14,138283.7,Low,0.6,1024,35.340515,34.733832,1.7368152683500926,32.121649,36.564265,5
c6693a88-1a8e-5cd7-a59a-6f58053b6dfa,1017344,47,CASH_IN,72960.64,8857269.14,138283.7,Medium,0.75,2048,25.915237,26.7117764,3.569365424762263,21.661864,30.201226,5
c77d1342-d3a2-599e-b912-6b8efb41b078,2814607,225,PAYMENT,38635.16,265252.15,0.0,High,1.0,4096,24.248115,24.2486536,0.2025621339127827,24.014665,24.504076,5
c77d1342-d3a2-599e-b912-6b8efb41b078,2814607,225,PAYMENT,38635.16,265252.15,0.0,Low,0.6,1024,41.35881,41.17785,2.6346911852385078,36.975861,44.185182,5
c77d1342-d3a2-599e-b912-6b8efb41b078,2814607,225,PAYMENT,38635.16,265252.15,0.0,Medium,0.75,2048,33.108546,32.6333482,2.7265401305721144,29.057505,36.154632,5
c79fb208-7d60-5e42-8c0e-40d347e79470,2888393,228,DEBIT,6948.48,121174.09,445949.39,High,1.0,4096,34.708267,34.3200142,1.0121260736764472,32.537481,34.971713,5
c79fb208-7d60-5e42-8c0e-40d347e79470,2888393,228,DEBIT,6948.48,121174.09,445949.39,Low,0.6,1024,51.746426,51.724306,1.8561437317865503,49.887451,54.682741,5
c79fb208-7d60-5e42-8c0e-40d347e79470,2888393,228,DEBIT,6948.48,121174.09,445949.39,Medium,0.75,2048,42.624393,41.3326066,2.01537943183816,38.668668,43.006305,5
c7bf1853-e86b-543e-8096-7c53d4eb3adc,5009788,353,CASH_IN,239187.22,140368.0,0.0,High,1.0,4096,20.605664,20.7778664,0.3603483321361423,20.492822,21.365346,5
c7bf1853-e86b-543e-8096-7c53d4eb3adc,5009788,353,CASH_IN,239187.22,140368.0,0.0,Low,0.6,1024,35.583922,35.8045796,4.209078373391591,30.670904,40.478148,5
c7bf1853-e86b-543e-8096-7c53d4eb3adc,5009788,353,CASH_IN,239187.22,140368.0,0.0,Medium,0.75,2048,28.045642,27.825272,1.6918326125782963,26.286111,30.401126,5
c881694b-769e-5295-8310-c54ae88fad8a,3534607,259,CASH_IN,179094.98,11992314.6,620107.8,High,1.0,4096,21.667428,21.7336496,0.2964927447734606,21.495744,22.230488,5
c881694b-769e-5295-8310-c54ae88fad8a,3534607,259,CASH_IN,179094.98,11992314.6,620107.8,Low,0.6,1024,32.370676,33.2742154,1.6102295523080852,31.954788,35.647369,5
c881694b-769e-5295-8310-c54ae88fad8a,3534607,259,CASH_IN,179094.98,11992314.6,620107.8,Medium,0.75,2048,28.851683,28.2894096,1.7904798299360436,25.876955,30.120805,5
c8c81448-b38b-5939-88f9-050690ea8d55,386950,17,TRANSFER,159783.19,1759298.62,2136036.68,High,1.0,4096,36.293676,36.081867,0.4289415291855064,35.334402,36.342928,5
c8c81448-b38b-5939-88f9-050690ea8d55,386950,17,TRANSFER,159783.19,1759298.62,2136036.68,Low,0.6,1024,58.928656,57.6227446,2.2889306708426758,55.042339,59.625661,5
c8c81448-b38b-5939-88f9-050690ea8d55,386950,17,TRANSFER,159783.19,1759298.62,2136036.68,Medium,0.75,2048,45.202596,46.292799,2.7420552126188142,43.769065,49.253998,5
c8e61896-9855-54a1-b853-6186ea5ab599,357090,17,PAYMENT,15999.22,55104.0,0.0,High,1.0,4096,25.28455,25.5701168,0.6015071020085292,25.13155,26.556347,5
c8e61896-9855-54a1-b853-6186ea5ab599,357090,17,PAYMENT,15999.22,55104.0,0.0,Low,0.6,1024,39.980292,41.3482368,2.809357258040744,39.805069,46.322211,5
c8e61896-9855-54a1-b853-6186ea5ab599,357090,17,PAYMENT,15999.22,55104.0,0.0,Medium,0.75,2048,29.816214,31.1929274,2.839463697762449,28.853456,35.25732,5
c8f5f6bf-9d0d-539d-b72f-5309df25cc9b,477463,19,CASH_OUT,45626.25,60488.0,12124.32,High,1.0,4096,27.347484,27.5105396,0.4516389060989981,27.214427,28.309804,5
c8f5f6bf-9d0d-539d-b72f-5309df25cc9b,477463,19,CASH_OUT,45626.25,60488.0,12124.32,Low,0.6,1024,47.417364,47.404234,2.0485397600475066,44.864078,50.416993,5
c8f5f6bf-9d0d-539d-b72f-5309df25cc9b,477463,19,CASH_OUT,45626.25,60488.0,12124.32,Medium,0.75,2048,37.043807,35.8321172,2.116274349469889,32.730973,37.564546,5
c90c8547-1ab4-54b2-b73e-faf82ba8cbb8,6156399,548,PAYMENT,13238.16,20018.67,0.0,High,1.0,4096,23.844535,23.8654296,0.1089944327720452,23.741938,24.040412,5
c90c8547-1ab4-54b2-b73e-faf82ba8cbb8,6156399,548,PAYMENT,13238.16,20018.67,0.0,Low,0.6,1024,39.026253,39.8699014,5.478435602116658,31.841168,46.225557,5
c90c8547-1ab4-54b2-b73e-faf82ba8cbb8,6156399,548,PAYMENT,13238.16,20018.67,0.0,Medium,0.75,2048,31.376441,32.0617714,4.71296781752266,26.91069,39.224783,5
c9c2a1a7-9774-5cd2-a6b0-9d9ae5f27dd7,367361,17,CASH_IN,160972.92,442239.93,2458945.92,High,1.0,4096,21.77873,22.3395726,1.028059021321637,21.704468,24.105485,5
c9c2a1a7-9774-5cd2-a6b0-9d9ae5f27dd7,367361,17,CASH_IN,160972.92,442239.93,2458945.92,Low,0.6,1024,36.425675,34.9098018,2.3205996805023688,31.266569,36.483754,5
c9c2a1a7-9774-5cd2-a6b0-9d9ae5f27dd7,367361,17,CASH_IN,160972.92,442239.93,2458945.92,Medium,0.75,2048,28.020592,27.951841,2.746774718868022,23.426485,30.227783,5
c9c6b017-cbbd-5706-90d5-d53c308af760,5559053,384,DEBIT,493.81,7517.0,109414.14,High,1.0,4096,32.930265,32.8279522,0.6557839674177763,31.719604,33.455946,5
c9c6b017-cbbd-5706-90d5-d53c308af760,5559053,384,DEBIT,493.81,7517.0,109414.14,Low,0.6,1024,51.502292,51.4094184,2.6635005964096,48.063639,54.449735,5
c9c6b017-cbbd-5706-90d5-d53c308af760,5559053,384,DEBIT,493.81,7517.0,109414.14,Medium,0.75,2048,40.665673,39.9298462,1.8855807537683695,36.570072,41.017094,5
c9c8e1e4-b99f-5429-ace9-f0d0e1cad1a3,978539,44,TRANSFER,100144.94,157842.0,63370.3,High,1.0,4096,36.813501,36.6333098,0.6479054325479924,35.561423,37.242601,5
c9c8e1e4-b99f-5429-ace9-f0d0e1cad1a3,978539,44,TRANSFER,100144.94,157842.0,63370.3,Low,0.6,1024,57.921464,57.0566526,2.255437148936718,53.036298,58.367802,5
c9c8e1e4-b99f-5429-ace9-f0d0e1cad1a3,978539,44,TRANSFER,100144.94,157842.0,63370.3,Medium,0.75,2048,46.261737,45.628024,3.2557248736378965,42.261987,49.37499,5
ca4a33b6-2fb7-5bf4-ac8c-116bc042829b,4289120,307,CASH_OUT,209420.29,455574.0,174647.56,High,1.0,4096,27.989934,27.9794206,0.4581082091501963,27.415269,28.50079,5
ca4a33b6-2fb7-5bf4-ac8c-116bc042829b,4289120,307,CASH_OUT,209420.29,455574.0,174647.56,Low,0.6,1024,44.290387,43.948625,3.996844938559914,40.237199,49.913851,5
ca4a33b6-2fb7-5bf4-ac8c-116bc042829b,4289120,307,CASH_OUT,209420.29,455574.0,174647.56,Medium,0.75,2048,40.404691,39.1303158,2.0788953967986683,36.661627,40.789334,5
ca8775ef-acf3-53dc-b730-a1083776b799,5570905,393,PAYMENT,49423.68,260691.0,0.0,High,1.0,4096,24.676702,24.8767786,0.3811851941711537,24.495917,25.320484,5
ca8775ef-acf3-53dc-b730-a1083776b799,5570905,393,PAYMENT,49423.68,260691.0,0.0,Low,0.6,1024,38.750532,40.0580416,2.204368001951194,38.303093,42.646502,5
ca8775ef-acf3-53dc-b730-a1083776b799,5570905,393,PAYMENT,49423.68,260691.0,0.0,Medium,0.75,2048,30.931451,31.6834488,3.728016887225997,28.887047,38.123969,5
cae39dbd-1934-5239-b37c-edef8dcf93a4,3863519,283,CASH_OUT,16976.01,47878.0,1069188.77,High,1.0,4096,31.170424,30.5366754,1.3052517224471685,29.048837,31.890615,5
cae39dbd-1934-5239-b37c-edef8dcf93a4,3863519,283,CASH_OUT,16976.01,47878.0,1069188.77,Low,0.6,1024,44.026002,45.1808026,3.556632467862092,43.08861,51.479471,5
cae39dbd-1934-5239-b37c-edef8dcf93a4,3863519,283,CASH_OUT,16976.01,47878.0,1069188.77,Medium,0.75,2048,35.278493,37.1128048,2.6381484783085463,35.16356,40.612531,5
caee07b4-c444-5e42-bf2a-4365bbe9e36b,3864821,283,PAYMENT,2124.22,306580.0,0.0,High,1.0,4096,24.696427,24.7542676,0.4368518037198651,24.227212,25.411828,5
caee07b4-c444-5e42-bf2a-4365bbe9e36b,3864821,283,PAYMENT,2124.22,306580.0,0.0,Low,0.6,1024,41.239439,40.0265656,4.904123576325775,33.798322,46.680103,5
caee07b4-c444-5e42-bf2a-4365bbe9e36b,3864821,283,PAYMENT,2124.22,306580.0,0.0,Medium,0.75,2048,33.17794,32.0710262,2.3376329258605164,28.844758,34.593548,5
cb31f421-f95a-5945-96f5-c96c726a1a97,1949600,178,DEBIT,8462.72,20820.0,897110.2,High,1.0,4096,31.341698,31.5104076,0.7651821675041177,30.969781,32.828077,5
cb31f421-f95a-5945-96f5-c96c726a1a97,1949600,178,DEBIT,8462.72,20820.0,897110.2,Low,0.6,1024,52.744803,52.3580056,4.277080234554504,46.890226,56.512487,5
cb31f421-f95a-5945-96f5-c96c726a1a97,1949600,178,DEBIT,8462.72,20820.0,897110.2,Medium,0.75,2048,40.102416,41.0217572,2.454677544942656,39.455832,45.381295,5
cb6a32a9-5410-5277-b564-4a02628641dd,4587996,328,TRANSFER,217737.61,231718.32,3314629.16,High,1.0,4096,34.187037,34.2658156,0.3435705368789647,34.00449,34.848228,5
cb6a32a9-5410-5277-b564-4a02628641dd,4587996,328,TRANSFER,217737.61,231718.32,3314629.16,Low,0.6,1024,58.262699,57.8481048,2.9889327924773075,53.197243,61.465728,5
cb6a32a9-5410-5277-b564-4a02628641dd,4587996,328,TRANSFER,217737.61,231718.32,3314629.16,Medium,0.75,2048,46.533628,47.0495656,1.8319259823519864,44.586781,48.923548,5
cbbc05e5-8fcb-54d7-8551-26175a54ca31,5443399,378,TRANSFER,186125.89,829617.0,0.0,High,1.0,4096,36.342472,36.337662,0.180800020020739,36.111462,36.582999,5
cbbc05e5-8fcb-54d7-8551-26175a54ca31,5443399,378,TRANSFER,186125.89,829617.0,0.0,Low,0.6,1024,57.420573,56.282535,2.339193112875035,53.040323,58.510273,5
cbbc05e5-8fcb-54d7-8551-26175a54ca31,5443399,378,TRANSFER,186125.89,829617.0,0.0,Medium,0.75,2048,45.800194,46.008843,1.709121806061523,43.872526,48.521562,5
cbc739e9-4bfb-511b-be27-f9b748bc2714,3350462,253,TRANSFER,6000.08,24842.0,0.0,High,1.0,4096,35.498733,35.5240298,0.4094835315134182,35.07398,36.185141,5
cbc739e9-4bfb-511b-be27-f9b748bc2714,3350462,253,TRANSFER,6000.08,24842.0,0.0,Low,0.6,1024,57.855307,55.817609,3.507928142973213,51.920327,59.084579,5
cbc739e9-4bfb-511b-be27-f9b748bc2714,3350462,253,TRANSFER,6000.08,24842.0,0.0,Medium,0.75,2048,43.456154,44.8115376,2.1465594382847413,42.987632,47.301722,5
cbcd20d3-5f8d-5b26-81fe-a86ebaba2342,650996,35,CASH_OUT,108038.67,125345.0,61413.7,High,1.0,4096,28.057187,28.2630946,0.4406737689411526,27.887412,28.802474,5
cbcd20d3-5f8d-5b26-81fe-a86ebaba2342,650996,35,CASH_OUT,108038.67,125345.0,61413.7,Low,0.6,1024,47.349627,45.6605682,3.3548362746720124,41.818418,49.340976,5
cbcd20d3-5f8d-5b26-81fe-a86ebaba2342,650996,35,CASH_OUT,108038.67,125345.0,61413.7,Medium,0.75,2048,36.711694,36.9930234,2.417682394246357,34.079154,40.78009,5
cbd18f2b-6013-5885-9058-48de91b10811,4263382,307,TRANSFER,114498.22,139784.0,75290.02,High,1.0,4096,34.205447,34.316119,0.3209565501941038,33.969621,34.790614,5
cbd18f2b-6013-5885-9058-48de91b10811,4263382,307,TRANSFER,114498.22,139784.0,75290.02,Low,0.6,1024,58.215155,59.8787046,3.850180015796053,56.411689,64.205162,5
cbd18f2b-6013-5885-9058-48de91b10811,4263382,307,TRANSFER,114498.22,139784.0,75290.02,Medium,0.75,2048,45.283191,45.6178554,1.9929463880306213,43.494401,48.916344,5
cbfddff2-613a-5628-9014-59095d82e161,2378626,192,DEBIT,229.04,11482.0,63911.19,High,1.0,4096,30.862649,30.8364866,0.2596803224953714,30.537711,31.225456,5
cbfddff2-613a-5628-9014-59095d82e161,2378626,192,DEBIT,229.04,11482.0,63911.19,Low,0.6,1024,50.463464,51.7633124,3.503555374337801,48.283017,57.462706,5
cbfddff2-613a-5628-9014-59095d82e161,2378626,192,DEBIT,229.04,11482.0,63911.19,Medium,0.75,2048,41.823012,41.2285652,1.7986412462220482,38.038365,42.370415,5
cc5750a9-8e1d-5dd6-a111-05f6764fdff7,4267341,307,TRANSFER,3170.98,14902.0,28291.06,High,1.0,4096,33.93904,33.9363098,0.0444970899969867,33.88678,34.000864,5
cc5750a9-8e1d-5dd6-a111-05f6764fdff7,4267341,307,TRANSFER,3170.98,14902.0,28291.06,Low,0.6,1024,57.418683,56.9791634,1.3456057844787954,54.672327,57.971757,5
cc5750a9-8e1d-5dd6-a111-05f6764fdff7,4267341,307,TRANSFER,3170.98,14902.0,28291.06,Medium,0.75,2048,44.529213,44.9762316,1.2074511817580038,43.779967,46.303141,5
ccf0bbb9-7374-5d59-93dd-c1f124da5a97,4093825,301,CASH_OUT,45461.46,93330.0,61112.08,High,1.0,4096,27.360608,27.3370864,0.1185786834523811,27.197442,27.501831,5
ccf0bbb9-7374-5d59-93dd-c1f124da5a97,4093825,301,CASH_OUT,45461.46,93330.0,61112.08,Low,0.6,1024,47.835853,46.5586906,3.704696406195088,42.810429,51.426443,5
ccf0bbb9-7374-5d59-93dd-c1f124da5a97,4093825,301,CASH_OUT,45461.46,93330.0,61112.08,Medium,0.75,2048,36.994131,36.9742458,0.2417648534189795,36.676685,37.330592,5
cd3612ce-0917-50d8-b86d-fba3445f438b,6064738,505,CASH_OUT,105027.49,119791.85,6432898.91,High,1.0,4096,27.51544,27.5200642,0.1671372525537018,27.338332,27.719174,5
cd3612ce-0917-50d8-b86d-fba3445f438b,6064738,505,CASH_OUT,105027.49,119791.85,6432898.91,Low,0.6,1024,42.965503,44.5121452,2.2785029470413694,42.875246,47.879193,5
cd3612ce-0917-50d8-b86d-fba3445f438b,6064738,505,CASH_OUT,105027.49,119791.85,6432898.91,Medium,0.75,2048,36.786563,36.4544368,1.2564554535486745,34.3582,37.715045,5
cd5cdf2b-8714-52d5-a9d6-2de05573c5c7,675920,36,TRANSFER,7738.81,21569.0,85287.65,High,1.0,4096,34.399152,34.5918118,0.5324930797674288,34.069984,35.464702,5
cd5cdf2b-8714-52d5-a9d6-2de05573c5c7,675920,36,TRANSFER,7738.81,21569.0,85287.65,Low,0.6,1024,60.019466,59.3442634,4.125577242368736,54.877652,65.4847,5
cd5cdf2b-8714-52d5-a9d6-2de05573c5c7,675920,36,TRANSFER,7738.81,21569.0,85287.65,Medium,0.75,2048,44.254046,45.7094704,2.8053152750652277,43.591039,50.093202,5
cdce8291-8282-516f-a7ad-4a52d8918d1d,3849601,282,CASH_IN,511707.4,3262254.03,709373.1,High,1.0,4096,20.933476,20.989639,0.3823833589396904,20.69248,21.633098,5
cdce8291-8282-516f-a7ad-4a52d8918d1d,3849601,282,CASH_IN,511707.4,3262254.03,709373.1,Low,0.6,1024,38.712348,36.5948306,4.430317959944896,29.590587,40.833855,5
cdce8291-8282-516f-a7ad-4a52d8918d1d,3849601,282,CASH_IN,511707.4,3262254.03,709373.1,Medium,0.75,2048,28.777496,27.8097038,2.885743350219004,23.230464,30.638812,5
ce4d05dd-5da3-5c4a-990a-680e33731052,540549,21,CASH_OUT,32913.31,99742.46,152073.64,High,1.0,4096,28.850958,28.925553,0.6298158185961986,28.17807,29.568911,5
ce4d05dd-5da3-5c4a-990a-680e33731052,540549,21,CASH_OUT,32913.31,99742.46,152073.64,Low,0.6,1024,46.560049,46.5517512,3.3132882511241304,43.19339,51.257463,5
ce4d05dd-5da3-5c4a-990a-680e33731052,540549,21,CASH_OUT,32913.31,99742.46,152073.64,Medium,0.75,2048,37.234333,36.0160062,2.0841341086545278,32.891908,37.574958,5
cf2b44e7-6e44-5fc4-a07c-a0d56394fdc7,3802088,281,CASH_OUT,88342.21,114562.32,734337.36,High,1.0,4096,28.065132,27.9819924,0.3133276940876764,27.61838,28.333911,5
cf2b44e7-6e44-5fc4-a07c-a0d56394fdc7,3802088,281,CASH_OUT,88342.21,114562.32,734337.36,Low,0.6,1024,44.571472,45.3851906,2.3811502335598864,42.495467,48.120352,5
cf2b44e7-6e44-5fc4-a07c-a0d56394fdc7,3802088,281,CASH_OUT,88342.21,114562.32,734337.36,Medium,0.75,2048,36.991173,37.4591704,2.1147270036215766,36.010274,41.147676,5
cf5dd8b2-bf80-533c-9173-f1e0d7d5cfa2,3671283,276,CASH_IN,92242.04,197547.52,1011849.09,High,1.0,4096,20.534606,20.5378342,0.0536812411434383,20.467031,20.617789,5
cf5dd8b2-bf80-533c-9173-f1e0d7d5cfa2,3671283,276,CASH_IN,92242.04,197547.52,1011849.09,Low,0.6,1024,32.713117,34.2437914,3.4191115480551084,30.821878,39.560916,5
cf5dd8b2-bf80-533c-9173-f1e0d7d5cfa2,3671283,276,CASH_IN,92242.04,197547.52,1011849.09,Medium,0.75,2048,27.856174,28.0691734,1.3191093375512133,26.213644,29.824441,5
d22b9a01-a2e8-50d3-947d-11d61a2be4a5,5067882,354,CASH_IN,290206.77,5714813.91,9476733.32,High,1.0,4096,21.608294,21.5963452,0.0723382686183459,21.516036,21.685722,5
d22b9a01-a2e8-50d3-947d-11d61a2be4a5,5067882,354,CASH_IN,290206.77,5714813.91,9476733.32,Low,0.6,1024,36.396201,36.7372112,4.113017992839284,30.476552,40.521148,5
d22b9a01-a2e8-50d3-947d-11d61a2be4a5,5067882,354,CASH_IN,290206.77,5714813.91,9476733.32,Medium,0.75,2048,29.210467,28.4594148,2.270692039910014,25.545406,30.70965,5
d2a32f65-adb8-5b69-869d-5ad6264a9a59,2431383,202,PAYMENT,7693.73,18952.0,0.0,High,1.0,4096,26.152542,26.417656,0.8302164708520307,25.780779,27.867701,5
d2a32f65-adb8-5b69-869d-5ad6264a9a59,2431383,202,PAYMENT,7693.73,18952.0,0.0,Low,0.6,1024,40.042756,40.027491,3.561412963642452,34.813717,44.849406,5
d2a32f65-adb8-5b69-869d-5ad6264a9a59,2431383,202,PAYMENT,7693.73,18952.0,0.0,Medium,0.75,2048,31.882964,32.0697542,2.7559396783311856,29.777024,36.628442,5
d2b27235-eee5-5f56-9154-a51928ddd757,549565,21,CASH_IN,180775.42,6621351.09,2008686.61,High,1.0,4096,20.68225,20.673109,0.0169653572317235,20.645928,20.687615,5
d2b27235-eee5-5f56-9154-a51928ddd757,549565,21,CASH_IN,180775.42,6621351.09,2008686.61,Low,0.6,1024,37.841942,35.4054832,3.820657634464218,30.285281,38.70228,5
d2b27235-eee5-5f56-9154-a51928ddd757,549565,21,CASH_IN,180775.42,6621351.09,2008686.61,Medium,0.75,2048,28.650853,28.1319782,3.166270816372584,23.200732,31.696121,5
d310226c-8cdf-5a9b-93c8-6e55c20d5e35,3624666,274,DEBIT,2740.71,11163.0,1550641.83,High,1.0,4096,33.313338,33.6855964,1.5703259069815108,32.192907,36.358997,5
d310226c-8cdf-5a9b-93c8-6e55c20d5e35,3624666,274,DEBIT,2740.71,11163.0,1550641.83,Low,0.6,1024,51.521444,52.928959,3.88012013005158,49.560648,58.718331,5
d310226c-8cdf-5a9b-93c8-6e55c20d5e35,3624666,274,DEBIT,2740.71,11163.0,1550641.83,Medium,0.75,2048,39.801376,41.373811,2.728338658020116,38.905226,45.091591,5
d33ade51-d82e-53dc-8f9c-21c259db5aa7,1477864,141,CASH_IN,210224.0,166942.36,503346.26,High,1.0,4096,21.9969,22.348983,0.5955997559855102,21.850766,23.251969,5
d33ade51-d82e-53dc-8f9c-21c259db5aa7,1477864,141,CASH_IN,210224.0,166942.36,503346.26,Low,0.6,1024,34.581052,35.8491998,2.5681189844409844,33.655476,40.076432,5
d33ade51-d82e-53dc-8f9c-21c259db5aa7,1477864,141,CASH_IN,210224.0,166942.36,503346.26,Medium,0.75,2048,28.140223,27.714722,2.5512039379826144,24.566543,30.538787,5
d4369769-25ae-5bda-a9bb-d18b74d2ad3b,3817842,281,TRANSFER,104982.61,505929.0,0.0,High,1.0,4096,34.505363,34.5059196,0.207596465458348,34.208609,34.794563,5
d4369769-25ae-5bda-a9bb-d18b74d2ad3b,3817842,281,TRANSFER,104982.61,505929.0,0.0,Low,0.6,1024,56.619093,56.342824,4.430289312544837,51.845792,60.872307,5
d4369769-25ae-5bda-a9bb-d18b74d2ad3b,3817842,281,TRANSFER,104982.61,505929.0,0.0,Medium,0.75,2048,45.40607,45.8946822,0.9705749087531568,44.915761,47.06375,5
d4a004c4-00a4-5ca7-a58d-df0b72d6c63d,1342165,137,PAYMENT,40475.34,54193.54,0.0,High,1.0,4096,25.070286,25.4638896,0.6781043953885709,24.916622,26.271161,5
d4a004c4-00a4-5ca7-a58d-df0b72d6c63d,1342165,137,PAYMENT,40475.34,54193.54,0.0,Low,0.6,1024,39.73404,41.1919584,3.475560162894867,39.270431,47.377123,5
d4a004c4-00a4-5ca7-a58d-df0b72d6c63d,1342165,137,PAYMENT,40475.34,54193.54,0.0,Medium,0.75,2048,32.464202,31.6599394,2.271871072883275,29.019236,33.883108,5
d4a154dc-e5b4-50eb-917f-3cba3c8c029b,3791531,280,TRANSFER,149523.6,327835.11,1254058.18,High,1.0,4096,34.113662,34.2945608,0.388822778306134,34.007397,34.948107,5
d4a154dc-e5b4-50eb-917f-3cba3c8c029b,3791531,280,TRANSFER,149523.6,327835.11,1254058.18,Low,0.6,1024,56.590332,57.0961162,3.5804474804948887,52.158138,60.7099,5
d4a154dc-e5b4-50eb-917f-3cba3c8c029b,3791531,280,TRANSFER,149523.6,327835.11,1254058.18,Medium,0.75,2048,46.435329,46.7650148,1.603500586621565,44.44105,48.303694,5
d4c49e5e-3d3f-5c02-b89b-ec6dd136531f,5126009,356,TRANSFER,51026.45,484633.96,1218945.06,High,1.0,4096,34.628059,34.619565200000004,0.193264464188842,34.411005,34.883406,5
d4c49e5e-3d3f-5c02-b89b-ec6dd136531f,5126009,356,TRANSFER,51026.45,484633.96,1218945.06,Low,0.6,1024,59.76066,58.3469408,3.056252246428409,54.729909,61.790265,5
d4c49e5e-3d3f-5c02-b89b-ec6dd136531f,5126009,356,TRANSFER,51026.45,484633.96,1218945.06,Medium,0.75,2048,45.897636,45.423532,2.050482254668156,42.954473,47.620145,5
d5f690c2-08fb-5b8f-976c-a6005f833eaf,1431559,139,CASH_OUT,32707.79,41481.0,0.0,High,1.0,4096,28.63294,29.1082394,0.7892897463386312,28.394901,30.056187,5
d5f690c2-08fb-5b8f-976c-a6005f833eaf,1431559,139,CASH_OUT,32707.79,41481.0,0.0,Low,0.6,1024,46.67464,46.278507,4.619588821273383,40.178256,50.959458,5
d5f690c2-08fb-5b8f-976c-a6005f833eaf,1431559,139,CASH_OUT,32707.79,41481.0,0.0,Medium,0.75,2048,37.355126,37.8201206,1.3194011923805804,36.337077,39.869215,5
d642847d-02e2-5cbc-9e0f-087de083a0ec,229622,14,DEBIT,10655.28,21546.0,10670.0,High,1.0,4096,33.191585,33.6012518,1.4902957077235366,31.719334,35.627064,5
d642847d-02e2-5cbc-9e0f-087de083a0ec,229622,14,DEBIT,10655.28,21546.0,10670.0,Low,0.6,1024,53.569805,53.1921026,1.6619806982386407,51.190104,55.080824,5
d642847d-02e2-5cbc-9e0f-087de083a0ec,229622,14,DEBIT,10655.28,21546.0,10670.0,Medium,0.75,2048,40.654678,40.7145062,0.1913117453835502,40.578323,41.045364,5
d6872277-0998-56a9-9fe1-0d83942f0f42,4448218,323,CASH_IN,116406.2,4254328.25,299025.86,High,1.0,4096,21.103701,23.5824132,3.853234250467613,20.392684,28.429093,5
d6872277-0998-56a9-9fe1-0d83942f0f42,4448218,323,CASH_IN,116406.2,4254328.25,299025.86,Low,0.6,1024,34.94873,34.316697999999995,2.224311291839004,30.979906,36.364337,5
d6872277-0998-56a9-9fe1-0d83942f0f42,4448218,323,CASH_IN,116406.2,4254328.25,299025.86,Medium,0.75,2048,27.766713,27.6827966,2.6812616834659764,23.263388,29.873734,5
d6e9db41-752b-56ef-9d8d-70b6e4c12e88,3546919,260,PAYMENT,304.24,28195.04,0.0,High,1.0,4096,25.225223,25.2344924,0.1458108135952197,25.045693,25.45423,5
d6e9db41-752b-56ef-9d8d-70b6e4c12e88,3546919,260,PAYMENT,304.24,28195.04,0.0,Low,0.6,1024,39.890646,39.8932208,0.1663744078988711,39.680806,40.121247,5
d6e9db41-752b-56ef-9d8d-70b6e4c12e88,3546919,260,PAYMENT,304.24,28195.04,0.0,Medium,0.75,2048,31.099822,33.0815192,3.827179155588969,29.302167,37.670148,5
d7420041-fac4-5be4-8f64-1fcf601c283b,5153025,357,PAYMENT,14004.72,102400.0,0.0,High,1.0,4096,24.095287,24.302646,0.4268141674487858,24.043474,25.048213,5
d7420041-fac4-5be4-8f64-1fcf601c283b,5153025,357,PAYMENT,14004.72,102400.0,0.0,Low,0.6,1024,40.914616,39.4246472,2.2137431637570786,36.88791,41.11396,5
d7420041-fac4-5be4-8f64-1fcf601c283b,5153025,357,PAYMENT,14004.72,102400.0,0.0,Medium,0.75,2048,30.942045,31.1429442,1.6907972079460631,29.06339,33.77447,5
d7f4f64f-f8d4-5b14-aa53-b8a955e58fa7,1890041,165,PAYMENT,3945.63,19900.0,0.0,High,1.0,4096,24.040578,24.00714,0.1999116933198253,23.789746,24.297588,5
d7f4f64f-f8d4-5b14-aa53-b8a955e58fa7,1890041,165,PAYMENT,3945.63,19900.0,0.0,Low,0.6,1024,39.04326,41.1946962,3.104599326207845,39.01283,45.750833,5
d7f4f64f-f8d4-5b14-aa53-b8a955e58fa7,1890041,165,PAYMENT,3945.63,19900.0,0.0,Medium,0.75,2048,31.176057,31.4702508,2.4870275887160345,29.265448,35.492442,5
d84f751a-fb4d-5cfb-bf3a-818a5341f566,3522046,259,CASH_OUT,5584.93,36084.0,816141.66,High,1.0,4096,28.648859,28.7825842,0.5729200441847881,28.229629,29.569474,5
d84f751a-fb4d-5cfb-bf3a-818a5341f566,3522046,259,CASH_OUT,5584.93,36084.0,816141.66,Low,0.6,1024,47.019092,46.096543,3.57638757934749,42.38897,50.406796,5
d84f751a-fb4d-5cfb-bf3a-818a5341f566,3522046,259,CASH_OUT,5584.93,36084.0,816141.66,Medium,0.75,2048,36.062622,36.438683,4.069012215399949,31.627729,42.22388,5
d8aad420-3ace-545d-ba5e-839163d2878f,992227,45,PAYMENT,712.84,10407.0,0.0,High,1.0,4096,25.06444,25.3215282,0.53554792645402,25.027331,26.27379,5
d8aad420-3ace-545d-ba5e-839163d2878f,992227,45,PAYMENT,712.84,10407.0,0.0,Low,0.6,1024,39.70836,40.5532482,1.9728767355145893,39.536859,44.079591,5
d8aad420-3ace-545d-ba5e-839163d2878f,992227,45,PAYMENT,712.84,10407.0,0.0,Medium,0.75,2048,31.397377,30.8014676,2.3792898964026645,27.468006,33.293707,5
d8ac4bc4-83d7-5e9f-a090-72f1569823fa,3711825,277,CASH_IN,211195.11,902396.58,1229443.93,High,1.0,4096,22.964415,23.5959364,1.7447599773375135,22.249419,26.544805,5
d8ac4bc4-83d7-5e9f-a090-72f1569823fa,3711825,277,CASH_IN,211195.11,902396.58,1229443.93,Low,0.6,1024,36.56139,35.0846084,3.137865715448049,29.477346,36.581747,5
d8ac4bc4-83d7-5e9f-a090-72f1569823fa,3711825,277,CASH_IN,211195.11,902396.58,1229443.93,Medium,0.75,2048,28.36486,26.4376842,3.785020547141746,22.344355,30.612098,5
d8b980c2-6bd9-5aa8-91a9-5f8ceb6ed790,2583591,207,TRANSFER,46789.49,126251.0,1374843.12,High,1.0,4096,38.045978,37.698966,1.018261831249459,35.966781,38.605073,5
d8b980c2-6bd9-5aa8-91a9-5f8ceb6ed790,2583591,207,TRANSFER,46789.49,126251.0,1374843.12,Low,0.6,1024,57.910556,55.8155834,3.414620915754602,51.329976,58.512446,5
d8b980c2-6bd9-5aa8-91a9-5f8ceb6ed790,2583591,207,TRANSFER,46789.49,126251.0,1374843.12,Medium,0.75,2048,46.083624,45.3851874,1.9692576130871768,41.896238,46.721016,5
d8dbfd90-1cb4-594a-bfe3-34b4de1ac86f,4094133,301,PAYMENT,9414.37,68445.49,0.0,High,1.0,4096,24.23797,24.3198344,0.250661491716019,24.01754,24.595523,5
d8dbfd90-1cb4-594a-bfe3-34b4de1ac86f,4094133,301,PAYMENT,9414.37,68445.49,0.0,Low,0.6,1024,41.340477,41.1893152,4.49746230329924,33.855498,45.067656,5
d8dbfd90-1cb4-594a-bfe3-34b4de1ac86f,4094133,301,PAYMENT,9414.37,68445.49,0.0,Medium,0.75,2048,31.703465,31.2355992,2.7916191007581426,26.634263,33.57573,5
d8e168cb-880d-572a-82bd-00f306f72fbd,2917538,229,TRANSFER,8333.61,56472.0,2420541.91,High,1.0,4096,36.249658,36.2351804,0.1001426583095327,36.097231,36.372893,5
d8e168cb-880d-572a-82bd-00f306f72fbd,2917538,229,TRANSFER,8333.61,56472.0,2420541.91,Low,0.6,1024,59.260594,59.1970186,0.3158684100156248,58.857953,59.55074,5
d8e168cb-880d-572a-82bd-00f306f72fbd,2917538,229,TRANSFER,8333.61,56472.0,2420541.91,Medium,0.75,2048,45.815621,46.7196986,3.115732645717104,43.867787,50.586742,5
d9117be7-a622-511f-952f-742da0d490a7,2035494,180,DEBIT,2122.47,104718.0,986110.6,High,1.0,4096,33.146058,32.6825876,0.6887164496378751,31.837695,33.216141,5
d9117be7-a622-511f-952f-742da0d490a7,2035494,180,DEBIT,2122.47,104718.0,986110.6,Low,0.6,1024,51.439653,51.526011,2.31622374321826,49.612388,55.297808,5
d9117be7-a622-511f-952f-742da0d490a7,2035494,180,DEBIT,2122.47,104718.0,986110.6,Medium,0.75,2048,39.88604,40.9002066,3.845299308385147,36.625107,46.521463,5
d945c703-b2b5-5b91-85da-a8a5fe1c1af8,2663083,210,TRANSFER,508638.12,756254.0,1437880.0,High,1.0,4096,34.971279,34.9880746,0.5207309871625662,34.390979,35.759458,5
d945c703-b2b5-5b91-85da-a8a5fe1c1af8,2663083,210,TRANSFER,508638.12,756254.0,1437880.0,Low,0.6,1024,56.83452,57.2482628,2.600179423629202,54.609709,59.946644,5
d945c703-b2b5-5b91-85da-a8a5fe1c1af8,2663083,210,TRANSFER,508638.12,756254.0,1437880.0,Medium,0.75,2048,46.013775,45.3196702,2.2055136382488563,42.940786,47.348733,5
da408625-149c-58b8-a9e6-a01e33d98179,1520505,153,PAYMENT,2060.2,10313.0,0.0,High,1.0,4096,24.105779,24.3536746,0.5308696290760091,23.922597,25.119507,5
da408625-149c-58b8-a9e6-a01e33d98179,1520505,153,PAYMENT,2060.2,10313.0,0.0,Low,0.6,1024,38.976475,39.6748554,1.774257403559809,38.700983,42.841657,5
da408625-149c-58b8-a9e6-a01e33d98179,1520505,153,PAYMENT,2060.2,10313.0,0.0,Medium,0.75,2048,31.289919,31.7843876,0.933648983012244,31.202301,33.399041,5
dab007f6-b69c-5962-92c9-c813ed102409,5118164,356,CASH_IN,89013.47,1023.0,78572.0,High,1.0,4096,20.609278,22.3252492,2.8653158153356677,20.592479,27.207462,5
dab007f6-b69c-5962-92c9-c813ed102409,5118164,356,CASH_IN,89013.47,1023.0,78572.0,Low,0.6,1024,35.47422,34.8010788,3.270278339864545,30.735917,39.423051,5
dab007f6-b69c-5962-92c9-c813ed102409,5118164,356,CASH_IN,89013.47,1023.0,78572.0,Medium,0.75,2048,27.807579,27.6662262,1.718100279227234,25.990728,30.219745,5
dab13029-b40f-5e9c-aa4b-a7ae17e82cce,506840,20,PAYMENT,1078.15,28376.0,0.0,High,1.0,4096,24.971368,25.0760568,0.4025203451102822,24.606346,25.522654,5
dab13029-b40f-5e9c-aa4b-a7ae17e82cce,506840,20,PAYMENT,1078.15,28376.0,0.0,Low,0.6,1024,38.515075,39.3244622,2.805232263171572,36.655823,44.0911,5
dab13029-b40f-5e9c-aa4b-a7ae17e82cce,506840,20,PAYMENT,1078.15,28376.0,0.0,Medium,0.75,2048,31.427962,32.9076422,4.443785514425253,28.720593,37.992983,5
dadd00c9-1ec1-5dc7-81cb-272880c321d0,1768413,162,DEBIT,3690.82,108153.0,340538.96,High,1.0,4096,30.58422,30.6184384,0.1089229290773984,30.501202,30.776812,5
dadd00c9-1ec1-5dc7-81cb-272880c321d0,1768413,162,DEBIT,3690.82,108153.0,340538.96,Low,0.6,1024,50.397607,51.2822746,2.687175619574349,48.116294,55.126124,5
dadd00c9-1ec1-5dc7-81cb-272880c321d0,1768413,162,DEBIT,3690.82,108153.0,340538.96,Medium,0.75,2048,40.566306,41.3134818,1.7389172315632817,40.398224,44.417821,5
dae1ffbc-22cc-5f26-a40e-563ff733dd0e,5859262,402,DEBIT,88.84,21761.0,41348.38,High,1.0,4096,30.563551,30.7037414,0.2697545116236247,30.430059,31.079419,5
dae1ffbc-22cc-5f26-a40e-563ff733dd0e,5859262,402,DEBIT,88.84,21761.0,41348.38,Low,0.6,1024,51.262402,52.3358852,3.583942829977229,49.110408,57.671856,5
dae1ffbc-22cc-5f26-a40e-563ff733dd0e,5859262,402,DEBIT,88.84,21761.0,41348.38,Medium,0.75,2048,40.216336,40.2719438,0.1024989455516513,40.186302,40.432926,5
db09d211-10e5-5d53-a971-f2fcace5d0bd,5475226,379,PAYMENT,6746.11,27860.12,0.0,High,1.0,4096,24.979209,25.2509154,0.5030875769667743,24.876238,26.092579,5
db09d211-10e5-5d53-a971-f2fcace5d0bd,5475226,379,PAYMENT,6746.11,27860.12,0.0,Low,0.6,1024,40.995827,41.9211318,2.475684352487047,39.054483,45.043895,5
db09d211-10e5-5d53-a971-f2fcace5d0bd,5475226,379,PAYMENT,6746.11,27860.12,0.0,Medium,0.75,2048,33.537815,32.3236938,2.5901624374416548,29.115507,34.680369,5
db8a8246-daad-585c-9486-a55038d96140,3062558,234,PAYMENT,7259.83,243738.81,0.0,High,1.0,4096,24.956009,25.4713858,0.8121581296685387,24.816887,26.607682,5
db8a8246-daad-585c-9486-a55038d96140,3062558,234,PAYMENT,7259.83,243738.81,0.0,Low,0.6,1024,39.53196,40.2404526,1.8105602532614864,38.924459,43.357437,5
db8a8246-daad-585c-9486-a55038d96140,3062558,234,PAYMENT,7259.83,243738.81,0.0,Medium,0.75,2048,33.407743,32.8985944,3.3034508109953453,29.086561,37.609701,5
db8e84ac-e867-5d49-91dd-beb2e850b6e1,189361,13,CASH_OUT,88734.31,167884.0,0.0,High,1.0,4096,29.515569,29.3900968,0.8005597982400809,28.488677,30.30682,5
db8e84ac-e867-5d49-91dd-beb2e850b6e1,189361,13,CASH_OUT,88734.31,167884.0,0.0,Low,0.6,1024,46.619213,46.0212846,2.791469116593054,42.995793,49.160573,5
db8e84ac-e867-5d49-91dd-beb2e850b6e1,189361,13,CASH_OUT,88734.31,167884.0,0.0,Medium,0.75,2048,36.491721,35.703672,3.16782466002342,32.472088,40.165822,5
dbf8ab89-42fe-5e99-81da-3b429536875a,1268745,135,CASH_OUT,306107.55,474492.0,0.0,High,1.0,4096,28.567933,29.479079,1.4472569884980693,28.540529,31.853428,5
dbf8ab89-42fe-5e99-81da-3b429536875a,1268745,135,CASH_OUT,306107.55,474492.0,0.0,Low,0.6,1024,46.172207,45.413842,2.169820512649954,43.145174,48.204742,5
dbf8ab89-42fe-5e99-81da-3b429536875a,1268745,135,CASH_OUT,306107.55,474492.0,0.0,Medium,0.75,2048,38.12951,38.428266,2.4844714849976635,35.698832,41.473325,5
dc7d7307-74bc-5713-8142-cbf982b673fa,3171905,238,TRANSFER,92182.51,94109.13,663752.06,High,1.0,4096,35.512574,35.3966292,0.3082359656816521,34.854583,35.626533,5
dc7d7307-74bc-5713-8142-cbf982b673fa,3171905,238,TRANSFER,92182.51,94109.13,663752.06,Low,0.6,1024,54.231373,55.2036876,2.478184049185775,52.171664,57.778311,5
dc7d7307-74bc-5713-8142-cbf982b673fa,3171905,238,TRANSFER,92182.51,94109.13,663752.06,Medium,0.75,2048,45.536883,45.409823,2.065767831130474,43.316582,47.653741,5
dc9791e0-cb42-5271-bdad-93b8230dd161,388818,17,CASH_OUT,209215.86,944555.0,33587.03,High,1.0,4096,29.402061,29.313676,0.7453953765495868,28.475976,30.033878,5
dc9791e0-cb42-5271-bdad-93b8230dd161,388818,17,CASH_OUT,209215.86,944555.0,33587.03,Low,0.6,1024,44.303195,45.2119584,2.1852213931491704,43.379241,48.371481,5
dc9791e0-cb42-5271-bdad-93b8230dd161,388818,17,CASH_OUT,209215.86,944555.0,33587.03,Medium,0.75,2048,33.821116,35.32539,4.029368068990658,31.304972,39.707096,5
dd65e59e-318a-5b61-909c-6f31f89a2f25,1347246,137,PAYMENT,15878.45,69713.0,0.0,High,1.0,4096,24.33128,24.296882,0.1121206001299489,24.139828,24.399149,5
dd65e59e-318a-5b61-909c-6f31f89a2f25,1347246,137,PAYMENT,15878.45,69713.0,0.0,Low,0.6,1024,37.067958,39.4346118,4.403253593549229,35.53788,46.245182,5
dd65e59e-318a-5b61-909c-6f31f89a2f25,1347246,137,PAYMENT,15878.45,69713.0,0.0,Medium,0.75,2048,30.941412,30.9977304,1.4359326478391308,28.994578,33.047813,5
dd9a4ae0-3d0d-5ebe-93d8-786ef184dbeb,4196325,305,TRANSFER,20174.13,37247.0,4576164.17,High,1.0,4096,36.223511,36.520689,0.5000394803712991,36.10779,37.214394,5
dd9a4ae0-3d0d-5ebe-93d8-786ef184dbeb,4196325,305,TRANSFER,20174.13,37247.0,4576164.17,Low,0.6,1024,57.63114,56.0807422,4.377086769124493,50.676409,61.583335,5
dd9a4ae0-3d0d-5ebe-93d8-786ef184dbeb,4196325,305,TRANSFER,20174.13,37247.0,4576164.17,Medium,0.75,2048,46.491142,45.582929,2.7992570354761117,41.690856,48.897909,5
ddea7e3b-4742-54a4-a417-1daf855ee55f,2086667,182,TRANSFER,109909.77,159998.0,0.0,High,1.0,4096,34.599207,34.5006048,0.2357971199489087,34.125824,34.726837,5
ddea7e3b-4742-54a4-a417-1daf855ee55f,2086667,182,TRANSFER,109909.77,159998.0,0.0,Low,0.6,1024,59.590457,57.7170212,3.202432665461007,52.799438,60.240198,5
ddea7e3b-4742-54a4-a417-1daf855ee55f,2086667,182,TRANSFER,109909.77,159998.0,0.0,Medium,0.75,2048,45.810503,45.8826404,2.153098003807607,43.530364,48.123119,5
de400b63-9fae-5067-b33a-4fb45bad1d96,485928,19,CASH_IN,37403.5,14907654.11,2232451.92,High,1.0,4096,21.918072,22.136051,0.5583617963731036,21.813672,23.130836,5
de400b63-9fae-5067-b33a-4fb45bad1d96,485928,19,CASH_IN,37403.5,14907654.11,2232451.92,Low,0.6,1024,33.422787,33.739628,2.540302838956116,31.247189,36.493684,5
de400b63-9fae-5067-b33a-4fb45bad1d96,485928,19,CASH_IN,37403.5,14907654.11,2232451.92,Medium,0.75,2048,28.211386,28.2181392,2.94268348738642,23.60936,31.465559,5
deb4b48a-524f-53ea-9df2-196460de9c3a,2049454,181,DEBIT,867.27,50762.0,1775581.13,High,1.0,4096,31.362937,31.2418166,0.310409284070725,30.74429,31.511561,5
deb4b48a-524f-53ea-9df2-196460de9c3a,2049454,181,DEBIT,867.27,50762.0,1775581.13,Low,0.6,1024,51.503612,50.9409132,4.710817201435723,44.106076,56.562469,5
deb4b48a-524f-53ea-9df2-196460de9c3a,2049454,181,DEBIT,867.27,50762.0,1775581.13,Medium,0.75,2048,39.920083,41.7581414,3.0365926877188847,39.266908,46.06173,5
dfa60478-6e57-5e1e-b803-86250756b81b,1848397,163,DEBIT,1155.95,48716.91,145263.93,High,1.0,4096,31.904974,32.3159754,0.5892046793723725,31.852267,32.961253,5
dfa60478-6e57-5e1e-b803-86250756b81b,1848397,163,DEBIT,1155.95,48716.91,145263.93,Low,0.6,1024,50.164047,50.3754586,2.961766574247253,46.270277,54.454421,5
dfa60478-6e57-5e1e-b803-86250756b81b,1848397,163,DEBIT,1155.95,48716.91,145263.93,Medium,0.75,2048,40.815251,40.74267,0.1613568968792479,40.46546,40.865417,5
dff99647-3ef3-5a16-8990-4842bc6e0694,4252,3,TRANSFER,75131.35,76089.0,23315.48,High,1.0,4096,34.265017,34.2682096,0.429866086253962,33.671686,34.869274,5
dff99647-3ef3-5a16-8990-4842bc6e0694,4252,3,TRANSFER,75131.35,76089.0,23315.48,Low,0.6,1024,56.289164,55.5152488,2.003841392700456,52.374342,57.102973,5
dff99647-3ef3-5a16-8990-4842bc6e0694,4252,3,TRANSFER,75131.35,76089.0,23315.48,Medium,0.75,2048,44.027634,44.823973,1.4526688783404842,43.637682,46.42136,5
e04e9c67-99bd-5543-ab47-58a49eed3461,2310578,188,DEBIT,2384.53,20990.0,5726.25,High,1.0,4096,30.580913,30.6371148,0.1818308528514903,30.473318,30.934332,5
e04e9c67-99bd-5543-ab47-58a49eed3461,2310578,188,DEBIT,2384.53,20990.0,5726.25,Low,0.6,1024,51.332461,53.5468418,4.471887335742561,49.383372,58.406829,5
e04e9c67-99bd-5543-ab47-58a49eed3461,2310578,188,DEBIT,2384.53,20990.0,5726.25,Medium,0.75,2048,40.379698,41.1615996,1.7785676808487787,40.285609,44.341689,5
e09c2178-5d0d-5913-8ea2-ba35ba399a14,362260,17,DEBIT,4731.92,487532.97,680313.62,High,1.0,4096,31.174756,31.1820752,0.2291914317087355,30.818541,31.393582,5
e09c2178-5d0d-5913-8ea2-ba35ba399a14,362260,17,DEBIT,4731.92,487532.97,680313.62,Low,0.6,1024,51.479325,51.9493036,3.2007079435472234,47.785372,56.564889,5
e09c2178-5d0d-5913-8ea2-ba35ba399a14,362260,17,DEBIT,4731.92,487532.97,680313.62,Medium,0.75,2048,42.76927,42.3790228,2.341870493918845,39.78469,44.722606,5
e1aaa09c-6ba3-5887-9b11-041534ca575a,2420931,202,CASH_IN,3019.83,52176.0,626637.26,High,1.0,4096,22.357539,22.4346042,0.1406188454980352,22.317648,22.630206,5
e1aaa09c-6ba3-5887-9b11-041534ca575a,2420931,202,CASH_IN,3019.83,52176.0,626637.26,Low,0.6,1024,36.290767,35.1371186,2.345936292938664,31.743621,37.469949,5
e1aaa09c-6ba3-5887-9b11-041534ca575a,2420931,202,CASH_IN,3019.83,52176.0,626637.26,Medium,0.75,2048,26.512854,27.3013018,1.1683447308361947,26.402186,28.596143,5
e28880c4-7579-57a9-b2b0-3bb48de4373f,5083233,355,PAYMENT,27023.01,61989.0,0.0,High,1.0,4096,25.268581,25.5648106,0.7004253084307411,25.223336,26.816784,5
e28880c4-7579-57a9-b2b0-3bb48de4373f,5083233,355,PAYMENT,27023.01,61989.0,0.0,Low,0.6,1024,39.729209,40.863782,2.2277501253457475,39.715583,44.821,5
e28880c4-7579-57a9-b2b0-3bb48de4373f,5083233,355,PAYMENT,27023.01,61989.0,0.0,Medium,0.75,2048,32.31313,32.1283052,0.9218589347143634,31.161444,33.055033,5
e34eaf54-508a-5e85-875a-7c2756f6841a,2396423,201,TRANSFER,162190.13,200377.0,3728927.05,High,1.0,4096,33.976745,34.0392056,0.1355540945703967,33.904223,34.242795,5
e34eaf54-508a-5e85-875a-7c2756f6841a,2396423,201,TRANSFER,162190.13,200377.0,3728927.05,Low,0.6,1024,57.194804,57.1908866,3.323521749658456,52.802254,62.098346,5
e34eaf54-508a-5e85-875a-7c2756f6841a,2396423,201,TRANSFER,162190.13,200377.0,3728927.05,Medium,0.75,2048,44.313069,44.802346,1.2007109615371654,43.572198,46.095604,5
e39a7439-f8ae-5ecd-a3c7-3936a6c3317d,4013719,299,CASH_IN,147051.75,10909621.71,4431498.04,High,1.0,4096,22.455611,22.4838954,0.1643105094882853,22.30362,22.729753,5
e39a7439-f8ae-5ecd-a3c7-3936a6c3317d,4013719,299,CASH_IN,147051.75,10909621.71,4431498.04,Low,0.6,1024,36.142067,34.9336198,2.049979494674202,32.098047,36.633329,5
e39a7439-f8ae-5ecd-a3c7-3936a6c3317d,4013719,299,CASH_IN,147051.75,10909621.71,4431498.04,Medium,0.75,2048,28.618201,27.4889692,4.85691674950963,22.399609,33.209849,5
e3a0e05c-831c-51e3-9303-9354e0219871,5288018,373,DEBIT,4476.32,478748.74,188172.99,High,1.0,4096,31.039103,32.372727,3.161207058508981,30.711866,38.018146,5
e3a0e05c-831c-51e3-9303-9354e0219871,5288018,373,DEBIT,4476.32,478748.74,188172.99,Low,0.6,1024,49.092349,52.4183444,6.040417529611533,46.154317,59.14888,5
e3a0e05c-831c-51e3-9303-9354e0219871,5288018,373,DEBIT,4476.32,478748.74,188172.99,Medium,0.75,2048,40.466611,40.7014726,0.506507270247723,40.30601,41.513554,5
e3f580e5-5204-53e0-9c2f-42a3a032292c,2820376,226,CASH_IN,111072.36,4104826.6,1310799.4,High,1.0,4096,21.643645,21.605236,0.122022573848039,21.47367,21.748662,5
e3f580e5-5204-53e0-9c2f-42a3a032292c,2820376,226,CASH_IN,111072.36,4104826.6,1310799.4,Low,0.6,1024,36.17061,34.7187834,2.351640091369702,31.265079,36.627623,5
e3f580e5-5204-53e0-9c2f-42a3a032292c,2820376,226,CASH_IN,111072.36,4104826.6,1310799.4,Medium,0.75,2048,27.913028,27.2324816,2.5130280001194376,23.596148,30.083201,5
e413bac1-ab9f-5ca7-83fd-62b96e178d4b,595169,33,CASH_IN,404525.71,4001802.66,441877.8,High,1.0,4096,21.863486,22.1080054,0.5096232822750547,21.694836,22.898646,5
e413bac1-ab9f-5ca7-83fd-62b96e178d4b,595169,33,CASH_IN,404525.71,4001802.66,441877.8,Low,0.6,1024,33.374137,34.188047,2.747357149962941,31.329831,37.711929,5
e413bac1-ab9f-5ca7-83fd-62b96e178d4b,595169,33,CASH_IN,404525.71,4001802.66,441877.8,Medium,0.75,2048,27.916387,26.8694066,1.7922801709454632,24.066443,28.213607,5
e4fefd44-ead5-5faf-a9b5-26de3b20a573,3679817,276,PAYMENT,28582.21,252909.0,0.0,High,1.0,4096,25.227596,25.5067828,0.6464618081493303,24.816594,26.350525,5
e4fefd44-ead5-5faf-a9b5-26de3b20a573,3679817,276,PAYMENT,28582.21,252909.0,0.0,Low,0.6,1024,39.359523,40.087408,1.8156231320694,38.945603,43.296732,5
e4fefd44-ead5-5faf-a9b5-26de3b20a573,3679817,276,PAYMENT,28582.21,252909.0,0.0,Medium,0.75,2048,33.696983,32.104343,2.639638436741385,28.962346,34.416927,5
e525d3ed-010f-57fd-b832-6120e38c684e,550846,21,DEBIT,8973.09,13170.0,3922039.84,High,1.0,4096,32.873733,32.609548000000004,0.7214890527312258,31.784981,33.383861,5
e525d3ed-010f-57fd-b832-6120e38c684e,550846,21,DEBIT,8973.09,13170.0,3922039.84,Low,0.6,1024,51.942663,52.8265778,1.7131474556714898,51.414087,54.99082,5
e525d3ed-010f-57fd-b832-6120e38c684e,550846,21,DEBIT,8973.09,13170.0,3922039.84,Medium,0.75,2048,40.913971,41.6524518,1.2700431523077098,40.65173,43.659252,5
e52b4284-fc46-5c86-9896-c15166f9946b,2039331,180,PAYMENT,48581.12,262179.03,0.0,High,1.0,4096,25.344865,25.4171858,0.4665462217333883,25.010829,26.152034,5
e52b4284-fc46-5c86-9896-c15166f9946b,2039331,180,PAYMENT,48581.12,262179.03,0.0,Low,0.6,1024,39.955915,39.9372118,0.2954963857726523,39.654509,40.361536,5
e52b4284-fc46-5c86-9896-c15166f9946b,2039331,180,PAYMENT,48581.12,262179.03,0.0,Medium,0.75,2048,32.106272,31.25226,3.164627774184982,26.751433,34.103103,5
e566efe8-94e4-58ae-8195-b02c662614ff,5008315,353,TRANSFER,10280.69,119226.5,3049052.97,High,1.0,4096,36.923431,37.2847674,1.1204830866801614,36.562156,39.2462,5
e566efe8-94e4-58ae-8195-b02c662614ff,5008315,353,TRANSFER,10280.69,119226.5,3049052.97,Low,0.6,1024,57.082362,56.7429544,4.109096978250611,52.866343,62.84359,5
e566efe8-94e4-58ae-8195-b02c662614ff,5008315,353,TRANSFER,10280.69,119226.5,3049052.97,Medium,0.75,2048,46.796725,46.2993248,2.235782736945543,42.458591,48.182858,5
e5a09cfe-f098-59ca-a8f6-970a8b8fc8f6,1126990,131,PAYMENT,6402.08,50213.0,0.0,High,1.0,4096,23.926386,23.9833948,0.1332295188732584,23.871214,24.194166,5
e5a09cfe-f098-59ca-a8f6-970a8b8fc8f6,1126990,131,PAYMENT,6402.08,50213.0,0.0,Low,0.6,1024,39.086731,39.1470534,4.386620196163818,32.068258,42.809405,5
e5a09cfe-f098-59ca-a8f6-970a8b8fc8f6,1126990,131,PAYMENT,6402.08,50213.0,0.0,Medium,0.75,2048,31.384047,32.0907158,2.0429391518840454,29.686608,35.064019,5
e5f60833-b2d4-51f1-ba0b-21313d464c99,194215,13,DEBIT,6599.14,46944.0,166701.48,High,1.0,4096,30.976736,31.0272744,0.4194776112563109,30.623012,31.726472,5
e5f60833-b2d4-51f1-ba0b-21313d464c99,194215,13,DEBIT,6599.14,46944.0,166701.48,Low,0.6,1024,51.166721,51.8534458,1.691793142786286,49.963372,54.022143,5
e5f60833-b2d4-51f1-ba0b-21313d464c99,194215,13,DEBIT,6599.14,46944.0,166701.48,Medium,0.75,2048,40.388708,40.77392,0.6800263424915989,40.200111,41.795045,5
e67ae684-c5a6-516b-9728-c97a6562b90a,5029475,354,TRANSFER,77470.17,388628.89,336049.94,High,1.0,4096,34.613468,34.724802,0.4826876418570303,34.136634,35.407974,5
e67ae684-c5a6-516b-9728-c97a6562b90a,5029475,354,TRANSFER,77470.17,388628.89,336049.94,Low,0.6,1024,55.976403,57.187164,2.4004818225714595,54.635329,59.932362,5
e67ae684-c5a6-516b-9728-c97a6562b90a,5029475,354,TRANSFER,77470.17,388628.89,336049.94,Medium,0.75,2048,43.954347,45.1359334,1.90089293487161,43.848657,48.249749,5
e815334c-e2ac-5f94-8aaa-80b993a0ef8c,589768,33,TRANSFER,190145.18,299377.0,363672.61,High,1.0,4096,35.40488,35.3013784,0.3406007338164447,34.703573,35.547488,5
e815334c-e2ac-5f94-8aaa-80b993a0ef8c,589768,33,TRANSFER,190145.18,299377.0,363672.61,Low,0.6,1024,57.754182,56.344638,2.4932718865158887,52.103391,58.019536,5
e815334c-e2ac-5f94-8aaa-80b993a0ef8c,589768,33,TRANSFER,190145.18,299377.0,363672.61,Medium,0.75,2048,47.504614,48.2189744,2.7407459143190933,44.429747,51.136017,5
e8170356-ff90-5138-9200-a677bfb48b74,5383539,376,CASH_IN,267131.6,153.0,0.0,High,1.0,4096,21.721662,21.912719,0.4214294392546638,21.606069,22.634568,5
e8170356-ff90-5138-9200-a677bfb48b74,5383539,376,CASH_IN,267131.6,153.0,0.0,Low,0.6,1024,33.30035,34.028494800000004,2.9184134227012293,31.239987,37.333848,5
e8170356-ff90-5138-9200-a677bfb48b74,5383539,376,CASH_IN,267131.6,153.0,0.0,Medium,0.75,2048,28.003585,27.106302,3.260316695014305,23.346339,30.155339,5
e8223e3a-8a85-54bf-a4a2-aaf29275212e,3547312,260,CASH_OUT,50527.84,155485.0,76045.42,High,1.0,4096,27.891495,27.8875516,0.2810541976893423,27.484952,28.203453,5
e8223e3a-8a85-54bf-a4a2-aaf29275212e,3547312,260,CASH_OUT,50527.84,155485.0,76045.42,Low,0.6,1024,44.551138,44.5990374,2.583470749348403,40.635936,47.673164,5
e8223e3a-8a85-54bf-a4a2-aaf29275212e,3547312,260,CASH_OUT,50527.84,155485.0,76045.42,Medium,0.75,2048,36.684109,37.0048688,2.56004193450668,34.075434,41.116278,5
e8385053-187e-517c-8b08-c4093dce2140,2184774,185,CASH_OUT,149589.72,333610.0,30550.83,High,1.0,4096,29.447765,29.1199402,0.6060007168730915,28.334749,29.675032,5
e8385053-187e-517c-8b08-c4093dce2140,2184774,185,CASH_OUT,149589.72,333610.0,30550.83,Low,0.6,1024,45.817857,45.25095,2.269205888113836,42.857096,48.401302,5
e8385053-187e-517c-8b08-c4093dce2140,2184774,185,CASH_OUT,149589.72,333610.0,30550.83,Medium,0.75,2048,37.237587,36.1182538,2.45397014734872,32.567358,38.744613,5
e8ac124c-0883-538b-995e-41d5950bc539,5997591,426,TRANSFER,68334.98,323396.0,0.0,High,1.0,4096,36.643958,36.1548252,0.7931983135422065,35.177995,36.856931,5
e8ac124c-0883-538b-995e-41d5950bc539,5997591,426,TRANSFER,68334.98,323396.0,0.0,Low,0.6,1024,57.883036,57.2698876,2.407617807630045,53.100941,59.314731,5
e8ac124c-0883-538b-995e-41d5950bc539,5997591,426,TRANSFER,68334.98,323396.0,0.0,Medium,0.75,2048,47.068804,45.9273388,3.49489602797375,42.208629,49.662792,5
e8bd2556-4d56-5a15-9831-db93ac828a60,849140,41,CASH_OUT,422620.81,518513.0,0.0,High,1.0,4096,31.266823,30.686788,1.485901975274278,28.990346,32.536175,5
e8bd2556-4d56-5a15-9831-db93ac828a60,849140,41,CASH_OUT,422620.81,518513.0,0.0,Low,0.6,1024,46.503963,46.5623134,2.050654406193617,43.322504,48.355437,5
e8bd2556-4d56-5a15-9831-db93ac828a60,849140,41,CASH_OUT,422620.81,518513.0,0.0,Medium,0.75,2048,35.844709,37.2296694,2.278248940706173,35.419046,39.93479,5
e8d558c5-255d-52ab-8856-761a19abf2e0,2764672,213,CASH_OUT,158457.08,201186.0,0.0,High,1.0,4096,27.245646,27.2722498,0.1001226409794506,27.160529,27.401975,5
e8d558c5-255d-52ab-8856-761a19abf2e0,2764672,213,CASH_OUT,158457.08,201186.0,0.0,Low,0.6,1024,45.67725,45.5653846,2.700083166103464,42.811521,48.884259,5
e8d558c5-255d-52ab-8856-761a19abf2e0,2764672,213,CASH_OUT,158457.08,201186.0,0.0,Medium,0.75,2048,36.448894,36.2122066,1.0722783014305572,34.348816,36.943508,5
e91d206a-61f7-5c79-adb1-31a8c8f48abe,1265162,135,PAYMENT,21829.03,492722.81,0.0,High,1.0,4096,24.085908,24.1162432,0.1830765843320764,23.948428,24.384874,5
e91d206a-61f7-5c79-adb1-31a8c8f48abe,1265162,135,PAYMENT,21829.03,492722.81,0.0,Low,0.6,1024,34.516154,38.2017626,5.135358342866961,34.37822,43.886171,5
e91d206a-61f7-5c79-adb1-31a8c8f48abe,1265162,135,PAYMENT,21829.03,492722.81,0.0,Medium,0.75,2048,31.323588,31.7561008,1.8820465246607736,29.193513,33.751819,5
e9bd7991-c48c-50c3-8031-a8a2f7de6563,5213426,370,DEBIT,6416.89,93614.0,511026.75,High,1.0,4096,32.012699,31.7259996,0.48912891506054,31.149154,32.192151,5
e9bd7991-c48c-50c3-8031-a8a2f7de6563,5213426,370,DEBIT,6416.89,93614.0,511026.75,Low,0.6,1024,50.94359,51.696182,2.340701730743688,48.899075,55.098148,5
e9bd7991-c48c-50c3-8031-a8a2f7de6563,5213426,370,DEBIT,6416.89,93614.0,511026.75,Medium,0.75,2048,40.284971,41.770236,3.1520126802900075,40.113993,47.388276,5
e9d650d4-0af4-524c-bf9c-4def79283d34,1767067,162,DEBIT,2895.05,232238.0,174999.64,High,1.0,4096,30.692886,30.8104744,0.302665032643019,30.559883,31.322981,5
e9d650d4-0af4-524c-bf9c-4def79283d34,1767067,162,DEBIT,2895.05,232238.0,174999.64,Low,0.6,1024,50.148867,51.795642,5.463472565014487,45.486417,57.584941,5
e9d650d4-0af4-524c-bf9c-4def79283d34,1767067,162,DEBIT,2895.05,232238.0,174999.64,Medium,0.75,2048,40.777658,40.7375012,0.2931087597747642,40.287935,41.062262,5
eafc5389-e1b0-5380-842d-43b9eb97e4fa,3364013,254,DEBIT,2490.87,15231.0,3135961.03,High,1.0,4096,32.037999,31.8463414,0.9191126225029778,30.504566,32.938794,5
eafc5389-e1b0-5380-842d-43b9eb97e4fa,3364013,254,DEBIT,2490.87,15231.0,3135961.03,Low,0.6,1024,51.058648,50.3105972,2.741266329585778,46.470916,53.765933,5
eafc5389-e1b0-5380-842d-43b9eb97e4fa,3364013,254,DEBIT,2490.87,15231.0,3135961.03,Medium,0.75,2048,40.491522,41.2914404,1.6955060036038805,40.313524,44.297468,5
ebb37b20-0a13-57a8-8655-3d2e47c92a76,4289049,307,CASH_OUT,45594.15,621942.89,2055762.47,High,1.0,4096,27.246652,27.3002526,0.1826760861957577,27.113318,27.595754,5
ebb37b20-0a13-57a8-8655-3d2e47c92a76,4289049,307,CASH_OUT,45594.15,621942.89,2055762.47,Low,0.6,1024,43.013901,44.9084676,3.396893808346578,42.136222,49.352006,5
ebb37b20-0a13-57a8-8655-3d2e47c92a76,4289049,307,CASH_OUT,45594.15,621942.89,2055762.47,Medium,0.75,2048,41.154508,43.7551316,5.582582100769214,37.461945,50.662607,5
ec6acb28-06ed-5ea8-a85a-f6db6051d9d0,3332117,253,CASH_IN,500284.52,2802.0,1469240.34,High,1.0,4096,21.917735,21.9012318,0.3043387853555649,21.476604,22.329201,5
ec6acb28-06ed-5ea8-a85a-f6db6051d9d0,3332117,253,CASH_IN,500284.52,2802.0,1469240.34,Low,0.6,1024,36.355945,34.9586534,2.3364078355379863,31.252185,36.752411,5
ec6acb28-06ed-5ea8-a85a-f6db6051d9d0,3332117,253,CASH_IN,500284.52,2802.0,1469240.34,Medium,0.75,2048,27.952256,28.5012164,1.961447810520918,26.080681,30.594991,5
ecd31ee5-8251-5192-8479-929d11c1bb77,2003472,179,TRANSFER,18945.8,497428.0,0.0,High,1.0,4096,36.410467,36.4842582,0.1556375329530125,36.315001,36.690173,5
ecd31ee5-8251-5192-8479-929d11c1bb77,2003472,179,TRANSFER,18945.8,497428.0,0.0,Low,0.6,1024,57.703002,58.14102,5.02379742586482,52.171953,64.596841,5
ecd31ee5-8251-5192-8479-929d11c1bb77,2003472,179,TRANSFER,18945.8,497428.0,0.0,Medium,0.75,2048,44.594687,45.5257842,2.1676822660684607,43.767648,48.887493,5
ed7cb430-ff65-515f-ada3-96b92f708940,4245502,306,CASH_OUT,100435.32,161949.0,0.0,High,1.0,4096,27.246792,27.2751532,0.1503870986660753,27.104129,27.499829,5
ed7cb430-ff65-515f-ada3-96b92f708940,4245502,306,CASH_OUT,100435.32,161949.0,0.0,Low,0.6,1024,48.151133,47.3070196,2.828382540126124,43.035705,49.792968,5
ed7cb430-ff65-515f-ada3-96b92f708940,4245502,306,CASH_OUT,100435.32,161949.0,0.0,Medium,0.75,2048,36.838272,36.3844496,1.0050226766637165,34.590249,36.906261,5
eee54f0b-1634-5f4a-ab23-bc5c6230b9ce,4786528,345,TRANSFER,927729.13,927729.13,0.0,High,1.0,4096,35.012114,35.1174504,0.50718435543183,34.533828,35.92336,5
eee54f0b-1634-5f4a-ab23-bc5c6230b9ce,4786528,345,TRANSFER,927729.13,927729.13,0.0,Low,0.6,1024,55.887372,56.4638412,3.256436606654533,52.592511,59.838649,5
eee54f0b-1634-5f4a-ab23-bc5c6230b9ce,4786528,345,TRANSFER,927729.13,927729.13,0.0,Medium,0.75,2048,45.240929,45.7499928,2.7203768929373933,43.144122,49.521886,5
ef16b679-aa39-5a25-8430-a3f4be76563f,3622969,274,TRANSFER,45922.61,66322.0,2151790.86,High,1.0,4096,36.732337,37.462575,2.591745567152474,35.228175,41.947274,5
ef16b679-aa39-5a25-8430-a3f4be76563f,3622969,274,TRANSFER,45922.61,66322.0,2151790.86,Low,0.6,1024,57.720873,56.350087,2.28677346072441,52.915424,58.033517,5
ef16b679-aa39-5a25-8430-a3f4be76563f,3622969,274,TRANSFER,45922.61,66322.0,2151790.86,Medium,0.75,2048,46.438775,45.784737,1.9824975321161196,42.324782,47.388468,5
ef583ab9-e43b-5cc9-bb94-0d7526855dc6,5392495,377,PAYMENT,9677.05,31872.0,0.0,High,1.0,4096,23.936016,23.9327316,0.1100230897734649,23.758897,24.030276,5
ef583ab9-e43b-5cc9-bb94-0d7526855dc6,5392495,377,PAYMENT,9677.05,31872.0,0.0,Low,0.6,1024,39.668537,41.3066966,2.548414625827654,39.337404,44.373215,5
ef583ab9-e43b-5cc9-bb94-0d7526855dc6,5392495,377,PAYMENT,9677.05,31872.0,0.0,Medium,0.75,2048,31.604247,32.603162600000005,3.400476400431901,29.006316,38.013621,5
efa58933-8fe6-5c78-903f-81efd3422e1c,1223983,133,CASH_OUT,43379.71,60769.0,50270.0,High,1.0,4096,27.329418,27.3647878,0.2129278996320108,27.071007,27.614949,5
efa58933-8fe6-5c78-903f-81efd3422e1c,1223983,133,CASH_OUT,43379.71,60769.0,50270.0,Low,0.6,1024,46.96961,46.1403984,3.354825697760884,42.103974,49.583958,5
efa58933-8fe6-5c78-903f-81efd3422e1c,1223983,133,CASH_OUT,43379.71,60769.0,50270.0,Medium,0.75,2048,37.145117,37.0766564,0.208530949755186,36.731834,37.251391,5
f01379f7-1275-51d7-99b1-bce06ed69a97,2417996,202,PAYMENT,2383.4,244458.16,0.0,High,1.0,4096,25.746975,26.6724416,1.311849832514873,25.70129,28.39896,5
f01379f7-1275-51d7-99b1-bce06ed69a97,2417996,202,PAYMENT,2383.4,244458.16,0.0,Low,0.6,1024,39.955092,39.888342,0.1912453690249782,39.630172,40.064843,5
f01379f7-1275-51d7-99b1-bce06ed69a97,2417996,202,PAYMENT,2383.4,244458.16,0.0,Medium,0.75,2048,32.081013,32.2306532,2.643726437731164,29.740737,36.223246,5
f0795a79-8f6c-5aa7-b630-2c7de286e73a,1923698,167,PAYMENT,5477.81,43750.47,0.0,High,1.0,4096,24.05572,23.9718594,0.1628630384933915,23.741679,24.126242,5
f0795a79-8f6c-5aa7-b630-2c7de286e73a,1923698,167,PAYMENT,5477.81,43750.47,0.0,Low,0.6,1024,38.777481,39.2728652,3.997589042201087,36.042213,45.993874,5
f0795a79-8f6c-5aa7-b630-2c7de286e73a,1923698,167,PAYMENT,5477.81,43750.47,0.0,Medium,0.75,2048,31.436158,31.8128898,1.8284112538060724,29.153254,33.670033,5
f0be7b89-cb64-5e2b-9161-e11be9779336,3639432,275,DEBIT,1596.66,172512.91,5248514.89,High,1.0,4096,31.612899,31.4676072,0.4604172209916778,30.744246,31.840894,5
f0be7b89-cb64-5e2b-9161-e11be9779336,3639432,275,DEBIT,1596.66,172512.91,5248514.89,Low,0.6,1024,52.237111,52.5098998,2.9255706497734253,49.234962,57.107888,5
f0be7b89-cb64-5e2b-9161-e11be9779336,3639432,275,DEBIT,1596.66,172512.91,5248514.89,Medium,0.75,2048,40.953176,41.1763932,1.858765016201268,39.453868,44.259822,5
f10b952e-aa55-5b23-b67e-ef8ec15da924,5698681,397,CASH_IN,242186.97,2579370.26,245811.84,High,1.0,4096,21.80708,21.8529076,0.1205742643904572,21.730999,22.022446,5
f10b952e-aa55-5b23-b67e-ef8ec15da924,5698681,397,CASH_IN,242186.97,2579370.26,245811.84,Low,0.6,1024,33.343522,34.2099854,2.926770955071784,31.467094,37.56582,5
f10b952e-aa55-5b23-b67e-ef8ec15da924,5698681,397,CASH_IN,242186.97,2579370.26,245811.84,Medium,0.75,2048,27.789905,27.6111876,2.50203078844262,24.702399,30.439413,5
f1348a6c-fe00-517a-9b99-df4faba88270,593087,33,PAYMENT,32902.56,203028.0,0.0,High,1.0,4096,23.871396,23.9843084,0.2310182501725785,23.804345,24.333051,5
f1348a6c-fe00-517a-9b99-df4faba88270,593087,33,PAYMENT,32902.56,203028.0,0.0,Low,0.6,1024,41.574183,40.1180514,3.748724698496384,34.262055,43.181377,5
f1348a6c-fe00-517a-9b99-df4faba88270,593087,33,PAYMENT,32902.56,203028.0,0.0,Medium,0.75,2048,31.492021,32.0902458,1.9477825257725003,29.512031,34.32186,5
f2469e5e-b855-5f4f-bc5d-49bebb618767,1647469,158,CASH_IN,100943.79,3733426.31,717871.02,High,1.0,4096,20.489975,20.5188528,0.0819636060681809,20.439098,20.647638,5
f2469e5e-b855-5f4f-bc5d-49bebb618767,1647469,158,CASH_IN,100943.79,3733426.31,717871.02,Low,0.6,1024,32.558735,33.218324,1.743396716408518,31.030618,35.335045,5
f2469e5e-b855-5f4f-bc5d-49bebb618767,1647469,158,CASH_IN,100943.79,3733426.31,717871.02,Medium,0.75,2048,27.948568,27.5789782,2.55722349931712,23.492733,30.590121,5
f29acdd4-3ba9-5de8-aa26-b4804dd89985,736109,38,PAYMENT,11427.83,411734.07,0.0,High,1.0,4096,25.330981,25.5739418,0.6935129756051436,25.129161,26.803619,5
f29acdd4-3ba9-5de8-aa26-b4804dd89985,736109,38,PAYMENT,11427.83,411734.07,0.0,Low,0.6,1024,39.8398,39.8754612,0.0910986667147229,39.78675,39.99762,5
f29acdd4-3ba9-5de8-aa26-b4804dd89985,736109,38,PAYMENT,11427.83,411734.07,0.0,Medium,0.75,2048,33.79608,32.5226576,3.407518758493239,28.895584,36.793804,5
f2dd10b0-ea83-5239-b110-16759b0a4664,1817623,163,CASH_IN,28515.3,769692.04,259576.15,High,1.0,4096,20.763881,20.7681148,0.2242851233601991,20.453004,21.01534,5
f2dd10b0-ea83-5239-b110-16759b0a4664,1817623,163,CASH_IN,28515.3,769692.04,259576.15,Low,0.6,1024,33.502371,34.1471642,2.375427979527733,31.126762,36.764698,5
f2dd10b0-ea83-5239-b110-16759b0a4664,1817623,163,CASH_IN,28515.3,769692.04,259576.15,Medium,0.75,2048,27.848292,27.8677326,2.4711935070283952,23.952541,30.047826,5
f3537ea6-8622-51a5-8a06-c0a6ad7ced4f,5220865,370,PAYMENT,4819.82,160320.61,0.0,High,1.0,4096,24.143652,24.2832342,0.3230335256814693,24.102647,24.859,5
f3537ea6-8622-51a5-8a06-c0a6ad7ced4f,5220865,370,PAYMENT,4819.82,160320.61,0.0,Low,0.6,1024,41.070667,40.2804306,1.871950143279542,36.943967,41.299622,5
f3537ea6-8622-51a5-8a06-c0a6ad7ced4f,5220865,370,PAYMENT,4819.82,160320.61,0.0,Medium,0.75,2048,30.724669,31.8066634,4.433749130236993,26.562346,37.4066,5
f421c3e3-460a-53cf-8742-998b9ebed808,3027451,233,TRANSFER,209652.43,252217.1,13199809.22,High,1.0,4096,36.400135,36.409154,0.1778781606577942,36.231446,36.661921,5
f421c3e3-460a-53cf-8742-998b9ebed808,3027451,233,TRANSFER,209652.43,252217.1,13199809.22,Low,0.6,1024,58.799623,58.4109564,3.345759757118001,52.993888,62.196888,5
f421c3e3-460a-53cf-8742-998b9ebed808,3027451,233,TRANSFER,209652.43,252217.1,13199809.22,Medium,0.75,2048,45.894149,47.1547264,3.871456669226493,43.644837,51.930678,5
f4475d6c-69d8-550e-b89a-64cf63df94f5,5787622,401,DEBIT,2986.21,10564.0,3576160.52,High,1.0,4096,33.266101,32.9296224,0.8926096063813667,31.953044,34.025042,5
f4475d6c-69d8-550e-b89a-64cf63df94f5,5787622,401,DEBIT,2986.21,10564.0,3576160.52,Low,0.6,1024,51.649213,51.8154842,2.428729182578348,49.547418,55.279548,5
f4475d6c-69d8-550e-b89a-64cf63df94f5,5787622,401,DEBIT,2986.21,10564.0,3576160.52,Medium,0.75,2048,38.826198,39.8025262,1.7397132652890552,38.691562,42.770535,5
f447e6f4-696a-5b48-b681-4bfe2e1a6f29,4722293,332,DEBIT,3757.65,20660.0,1182089.69,High,1.0,4096,33.418081,33.0037884,0.7902920326643812,31.624351,33.491439,5
f447e6f4-696a-5b48-b681-4bfe2e1a6f29,4722293,332,DEBIT,3757.65,20660.0,1182089.69,Low,0.6,1024,49.788859,51.487344400000005,4.76315622475248,47.188906,59.573624,5
f447e6f4-696a-5b48-b681-4bfe2e1a6f29,4722293,332,DEBIT,3757.65,20660.0,1182089.69,Medium,0.75,2048,40.814696,41.2601298,1.0667716054065643,40.483539,43.076525,5
f44cb27e-2fb5-5d82-8458-bfae3fecbd55,6195862,573,PAYMENT,9262.82,32780.0,0.0,High,1.0,4096,24.61042,24.8454708,0.3890507826019635,24.492516,25.342956,5
f44cb27e-2fb5-5d82-8458-bfae3fecbd55,6195862,573,PAYMENT,9262.82,32780.0,0.0,Low,0.6,1024,40.059471,40.3948742,4.247160043762385,34.820752,46.10697,5
f44cb27e-2fb5-5d82-8458-bfae3fecbd55,6195862,573,PAYMENT,9262.82,32780.0,0.0,Medium,0.75,2048,33.265492,32.7040128,1.145510242376165,30.867899,33.698355,5
f489b9af-ef7a-53ef-b987-cdbb52ee0c68,3392835,255,PAYMENT,10090.73,294449.31,0.0,High,1.0,4096,25.333913,25.9197566,0.9415123604439822,25.10109,27.095398,5
f489b9af-ef7a-53ef-b987-cdbb52ee0c68,3392835,255,PAYMENT,10090.73,294449.31,0.0,Low,0.6,1024,39.929199,39.952585,0.3050376537716285,39.647072,40.438482,5
f489b9af-ef7a-53ef-b987-cdbb52ee0c68,3392835,255,PAYMENT,10090.73,294449.31,0.0,Medium,0.75,2048,31.31047,31.7272484,2.9455294452626504,29.09825,36.54931,5
f49073ea-74a7-52b0-9095-646ee1e5fcd6,5628915,395,DEBIT,531.35,50940.0,52098.27,High,1.0,4096,31.316296,31.3152026,0.2653739165767809,31.000201,31.727191,5
f49073ea-74a7-52b0-9095-646ee1e5fcd6,5628915,395,DEBIT,531.35,50940.0,52098.27,Low,0.6,1024,51.054549,51.0721696,3.858858754535891,46.838866,56.226333,5
f49073ea-74a7-52b0-9095-646ee1e5fcd6,5628915,395,DEBIT,531.35,50940.0,52098.27,Medium,0.75,2048,40.188738,41.004887,1.984472407221124,40.019368,44.550288,5
f49c0dbd-d96e-550e-afc9-e0510695a5c1,524258,20,PAYMENT,244.17,52835.0,0.0,High,1.0,4096,23.902651,23.9998254,0.2418674776314494,23.76263,24.310458,5
f49c0dbd-d96e-550e-afc9-e0510695a5c1,524258,20,PAYMENT,244.17,52835.0,0.0,Low,0.6,1024,40.24381,41.2891296,2.945767095226012,39.541606,46.528025,5
f49c0dbd-d96e-550e-afc9-e0510695a5c1,524258,20,PAYMENT,244.17,52835.0,0.0,Medium,0.75,2048,33.667697,34.2173138,3.1178039817984384,31.00757,39.186006,5
f4d15ad2-297e-5735-a75b-70fb410cf209,5817339,401,CASH_OUT,133394.23,247835.0,501147.63,High,1.0,4096,27.695529,27.8054582,0.3107599588439597,27.509999,28.319079,5
f4d15ad2-297e-5735-a75b-70fb410cf209,5817339,401,CASH_OUT,133394.23,247835.0,501147.63,Low,0.6,1024,46.027619,46.1168662,1.8511927955013736,44.24542,48.056304,5
f4d15ad2-297e-5735-a75b-70fb410cf209,5817339,401,CASH_OUT,133394.23,247835.0,501147.63,Medium,0.75,2048,36.86528,35.5500822,2.1275928422626347,32.312753,37.169382,5
f4f32447-5f63-5faa-9fc4-9fe1fdadb2dc,5533401,381,CASH_OUT,12328.05,17517.0,0.0,High,1.0,4096,28.555005,28.799222800000003,0.576063599896921,28.297875,29.489702,5
f4f32447-5f63-5faa-9fc4-9fe1fdadb2dc,5533401,381,CASH_OUT,12328.05,17517.0,0.0,Low,0.6,1024,48.649755,47.384164,3.654941474194424,42.750465,51.142828,5
f4f32447-5f63-5faa-9fc4-9fe1fdadb2dc,5533401,381,CASH_OUT,12328.05,17517.0,0.0,Medium,0.75,2048,37.079518,36.3846396,2.1720018613917667,32.577579,38.040746,5
f5c751bc-2321-5343-91a9-3caaa351cb0a,603590,34,PAYMENT,2824.85,52776.0,0.0,High,1.0,4096,25.052259,25.431735,0.779065638628415,24.76695,26.349882,5
f5c751bc-2321-5343-91a9-3caaa351cb0a,603590,34,PAYMENT,2824.85,52776.0,0.0,Low,0.6,1024,39.65473,39.5960796,0.1177957127882848,39.467249,39.69844,5
f5c751bc-2321-5343-91a9-3caaa351cb0a,603590,34,PAYMENT,2824.85,52776.0,0.0,Medium,0.75,2048,31.768467,32.0690554,1.9229559296492744,29.304242,33.936044,5
f60803fd-5f3a-5bf7-b89c-c03a070630cc,4309195,307,PAYMENT,12068.23,32271.0,0.0,High,1.0,4096,24.228427,24.2853424,0.2621505014649021,23.947243,24.625058,5
f60803fd-5f3a-5bf7-b89c-c03a070630cc,4309195,307,PAYMENT,12068.23,32271.0,0.0,Low,0.6,1024,41.10192,40.4442838,2.753322560585247,35.628715,42.355986,5
f60803fd-5f3a-5bf7-b89c-c03a070630cc,4309195,307,PAYMENT,12068.23,32271.0,0.0,Medium,0.75,2048,33.153932,32.8302138,1.0659267268406394,30.982604,33.667922,5
f6197560-3a67-5180-9dff-4fac5c453ddb,5976333,407,DEBIT,4956.92,352872.0,300257.46,High,1.0,4096,32.961029,32.897667,0.6672067947851702,31.866001,33.714953,5
f6197560-3a67-5180-9dff-4fac5c453ddb,5976333,407,DEBIT,4956.92,352872.0,300257.46,Low,0.6,1024,49.755605,51.4528514,2.7891206335628973,49.649924,56.101805,5
f6197560-3a67-5180-9dff-4fac5c453ddb,5976333,407,DEBIT,4956.92,352872.0,300257.46,Medium,0.75,2048,40.318948,40.8200408,2.757487140270776,37.84409,45.370733,5
f684ff1e-23cb-5383-a026-639d3cdf7002,4138144,303,CASH_OUT,171385.01,199076.0,1388073.84,High,1.0,4096,28.071214,28.1102514,0.5848625120186787,27.525407,28.836516,5
f684ff1e-23cb-5383-a026-639d3cdf7002,4138144,303,CASH_OUT,171385.01,199076.0,1388073.84,Low,0.6,1024,48.873646,49.1370772,2.485644580653719,46.977082,53.075124,5
f684ff1e-23cb-5383-a026-639d3cdf7002,4138144,303,CASH_OUT,171385.01,199076.0,1388073.84,Medium,0.75,2048,36.859162,37.18667,2.4487407262603376,34.216404,41.038978,5
f69d0c2c-e636-5588-a995-694008581f29,644902,35,CASH_OUT,204551.24,528200.94,74355.04,High,1.0,4096,27.683643,27.8224746,0.4115144625366159,27.426167,28.510285,5
f69d0c2c-e636-5588-a995-694008581f29,644902,35,CASH_OUT,204551.24,528200.94,74355.04,Low,0.6,1024,47.722336,47.2223868,2.951102343680866,44.294626,51.561995,5
f69d0c2c-e636-5588-a995-694008581f29,644902,35,CASH_OUT,204551.24,528200.94,74355.04,Medium,0.75,2048,36.714946,36.3998826,3.214983264070095,32.534226,41.022999,5
f6ff0fe4-04cc-5668-820b-e40fb9d593cb,4515717,325,CASH_IN,60172.17,74932.0,305893.82,High,1.0,4096,22.551697,22.5754492,0.2902042716918549,22.262297,23.027234,5
f6ff0fe4-04cc-5668-820b-e40fb9d593cb,4515717,325,CASH_IN,60172.17,74932.0,305893.82,Low,0.6,1024,31.73384,33.0414224,2.215492664884676,31.635283,36.789881,5
f6ff0fe4-04cc-5668-820b-e40fb9d593cb,4515717,325,CASH_IN,60172.17,74932.0,305893.82,Medium,0.75,2048,26.945378,27.629969,1.3374207588266689,26.514273,29.484957,5
f7243ea5-deec-5f52-9b35-c29ade0db0db,643033,35,DEBIT,3412.71,431689.6,2478059.18,High,1.0,4096,31.313382,31.2776514,0.5413439008622895,30.781416,32.131574,5
f7243ea5-deec-5f52-9b35-c29ade0db0db,643033,35,DEBIT,3412.71,431689.6,2478059.18,Low,0.6,1024,52.981496,52.3907604,5.121423847907367,44.020542,56.540229,5
f7243ea5-deec-5f52-9b35-c29ade0db0db,643033,35,DEBIT,3412.71,431689.6,2478059.18,Medium,0.75,2048,39.982503,41.1548624,2.9268806588183263,39.557977,46.379134,5
f74865c7-3972-5a72-88c3-d1d5be54992f,5319168,374,CASH_IN,335373.42,64046.0,0.0,High,1.0,4096,20.417232,20.4460754,0.054969637089943,20.406658,20.538685,5
f74865c7-3972-5a72-88c3-d1d5be54992f,5319168,374,CASH_IN,335373.42,64046.0,0.0,Low,0.6,1024,34.693867,33.9021668,2.078031504027838,30.751282,35.770255,5
f74865c7-3972-5a72-88c3-d1d5be54992f,5319168,374,CASH_IN,335373.42,64046.0,0.0,Medium,0.75,2048,26.292937,27.2734428,1.7057418207812696,25.947175,29.965043,5
f77ebe58-5bbe-5332-a66a-ec2e3f8a5c24,5782124,400,CASH_OUT,7164.98,108389.0,1553442.61,High,1.0,4096,30.060103,30.1132336,1.0231373016840408,29.077448,31.246437,5
f77ebe58-5bbe-5332-a66a-ec2e3f8a5c24,5782124,400,CASH_OUT,7164.98,108389.0,1553442.61,Low,0.6,1024,43.530738,44.9948166,3.644211950128972,43.097089,51.494258,5
f77ebe58-5bbe-5332-a66a-ec2e3f8a5c24,5782124,400,CASH_OUT,7164.98,108389.0,1553442.61,Medium,0.75,2048,35.180726,35.726212,2.412567126838546,33.196926,39.737956,5
f8806739-dbfc-56a9-b03e-595dbeb60988,2959311,230,PAYMENT,35231.27,59910.0,0.0,High,1.0,4096,25.854211,25.8738058,0.7119461352691654,25.119338,26.650974,5
f8806739-dbfc-56a9-b03e-595dbeb60988,2959311,230,PAYMENT,35231.27,59910.0,0.0,Low,0.6,1024,40.559946,41.684679,2.40612976657671,39.608283,45.135009,5
f8806739-dbfc-56a9-b03e-595dbeb60988,2959311,230,PAYMENT,35231.27,59910.0,0.0,Medium,0.75,2048,31.137899,31.8573792,3.4468275647778217,28.889331,37.205224,5
f8e4cf15-76c2-54c0-9c6d-4aec55bd406d,3565515,260,CASH_OUT,9653.14,20163.0,130089.98,High,1.0,4096,28.740891,29.0009034,0.8260343955337447,28.278119,30.294219,5
f8e4cf15-76c2-54c0-9c6d-4aec55bd406d,3565515,260,CASH_OUT,9653.14,20163.0,130089.98,Low,0.6,1024,43.052341,43.8859006,1.8076920937383945,42.379508,46.422088,5
f8e4cf15-76c2-54c0-9c6d-4aec55bd406d,3565515,260,CASH_OUT,9653.14,20163.0,130089.98,Medium,0.75,2048,37.395785,37.4613432,2.848604432897221,33.744162,41.741734,5
f8e52ae8-a728-592b-8801-6a63c659044b,4913196,349,CASH_IN,18876.7,8212134.89,74314.99,High,1.0,4096,20.546421,20.5753994,0.0645518205847057,20.514421,20.675545,5
f8e52ae8-a728-592b-8801-6a63c659044b,4913196,349,CASH_IN,18876.7,8212134.89,74314.99,Low,0.6,1024,35.508996,35.7006916,3.8116837732413344,31.094866,39.606829,5
f8e52ae8-a728-592b-8801-6a63c659044b,4913196,349,CASH_IN,18876.7,8212134.89,74314.99,Medium,0.75,2048,26.138215,26.779364,1.060877849689586,25.907381,27.997638,5
f92eaa27-bce8-5d83-95c9-12801bf2e0e6,5379239,376,PAYMENT,10629.09,111533.57,0.0,High,1.0,4096,24.776955,24.8305744,0.3640348858176922,24.459352,25.437846,5
f92eaa27-bce8-5d83-95c9-12801bf2e0e6,5379239,376,PAYMENT,10629.09,111533.57,0.0,Low,0.6,1024,40.297164,40.1067474,2.633108651939718,36.656785,42.637382,5
f92eaa27-bce8-5d83-95c9-12801bf2e0e6,5379239,376,PAYMENT,10629.09,111533.57,0.0,Medium,0.75,2048,33.150835,32.82724,1.0962699258740976,30.924526,33.753755,5
f94bfd04-90e5-59b1-8195-757d21542d7c,1859413,164,PAYMENT,25673.83,203445.87,0.0,High,1.0,4096,23.853792,23.9118844,0.1757930826804637,23.791152,24.218437,5
f94bfd04-90e5-59b1-8195-757d21542d7c,1859413,164,PAYMENT,25673.83,203445.87,0.0,Low,0.6,1024,38.861994,39.5345026,3.5013186240090035,34.371766,43.081653,5
f94bfd04-90e5-59b1-8195-757d21542d7c,1859413,164,PAYMENT,25673.83,203445.87,0.0,Medium,0.75,2048,31.319315,31.9569706,1.830827324645418,29.600351,33.936887,5
f9e43946-1516-5216-b216-e2c36f6ccc92,5493708,380,CASH_IN,359022.21,51.0,0.0,High,1.0,4096,20.592168,20.7583058,0.4445111781217655,20.453546,21.525011,5
f9e43946-1516-5216-b216-e2c36f6ccc92,5493708,380,CASH_IN,359022.21,51.0,0.0,Low,0.6,1024,32.742784,33.3955896,3.62012369952745,30.572286,39.616221,5
f9e43946-1516-5216-b216-e2c36f6ccc92,5493708,380,CASH_IN,359022.21,51.0,0.0,Medium,0.75,2048,27.630876,27.28294,2.3798636893252945,23.819311,30.377575,5
fa01e9b5-9514-5f56-a8c1-8a1e87b7df07,4533021,326,CASH_OUT,20467.3,146623.0,1106604.24,High,1.0,4096,29.976423,30.0845202,1.1042744244967817,28.936689,31.365415,5
fa01e9b5-9514-5f56-a8c1-8a1e87b7df07,4533021,326,CASH_OUT,20467.3,146623.0,1106604.24,Low,0.6,1024,46.58453,46.7530712,2.667488786590996,43.428084,50.154136,5
fa01e9b5-9514-5f56-a8c1-8a1e87b7df07,4533021,326,CASH_OUT,20467.3,146623.0,1106604.24,Medium,0.75,2048,35.404521,36.4529512,2.688298442968561,33.210886,39.290197,5
fa219153-d1ae-5c7c-8f81-702ed625a22b,1901604,165,PAYMENT,11088.45,11174.0,0.0,High,1.0,4096,24.179605,24.291614,0.3760875888612918,24.007745,24.935914,5
fa219153-d1ae-5c7c-8f81-702ed625a22b,1901604,165,PAYMENT,11088.45,11174.0,0.0,Low,0.6,1024,40.865897,39.7856378,5.71149591295846,33.833183,46.048237,5
fa219153-d1ae-5c7c-8f81-702ed625a22b,1901604,165,PAYMENT,11088.45,11174.0,0.0,Medium,0.75,2048,33.058058,33.025768400000004,3.726251149186981,28.934276,38.893924,5
fa79fd30-8d8a-5353-85c8-707f330b869f,1747269,161,DEBIT,4642.13,19743.0,308223.22,High,1.0,4096,30.73086,30.6732378,0.0895162052518978,30.542128,30.739661,5
fa79fd30-8d8a-5353-85c8-707f330b869f,1747269,161,DEBIT,4642.13,19743.0,308223.22,Low,0.6,1024,52.174667,52.0347594,1.75282460025962,50.135503,54.157014,5
fa79fd30-8d8a-5353-85c8-707f330b869f,1747269,161,DEBIT,4642.13,19743.0,308223.22,Medium,0.75,2048,40.876203,40.9334586,0.3597052341248313,40.617257,41.542375,5
fadaada8-a5df-53e6-8400-cafff5f28d82,4269540,307,CASH_IN,98548.72,20986.0,770784.31,High,1.0,4096,22.358122,22.379451,0.164064347399122,22.188593,22.610519,5
fadaada8-a5df-53e6-8400-cafff5f28d82,4269540,307,CASH_IN,98548.72,20986.0,770784.31,Low,0.6,1024,29.788813,31.8661424,4.860854091754019,28.486823,40.355399,5
fadaada8-a5df-53e6-8400-cafff5f28d82,4269540,307,CASH_IN,98548.72,20986.0,770784.31,Medium,0.75,2048,26.517641,26.1384862,3.658372233370149,22.429257,30.587327,5
fb22d799-19a4-5780-9058-139264407aa2,291947,15,PAYMENT,12244.16,813126.21,0.0,High,1.0,4096,25.075796,25.6352184,0.9107949908359187,24.902623,26.983747,5
fb22d799-19a4-5780-9058-139264407aa2,291947,15,PAYMENT,12244.16,813126.21,0.0,Low,0.6,1024,39.767083,40.2699838,0.8653325472037894,39.60605,41.656678,5
fb22d799-19a4-5780-9058-139264407aa2,291947,15,PAYMENT,12244.16,813126.21,0.0,Medium,0.75,2048,31.934513,31.3211044,1.8388255122252075,29.340352,33.422965,5
fb2f0f6c-1dc7-5909-9a7d-90c3d64aea95,4133281,302,DEBIT,5380.91,11659.0,2636632.69,High,1.0,4096,30.805055,30.8719966,0.1965659586558676,30.668947,31.178356,5
fb2f0f6c-1dc7-5909-9a7d-90c3d64aea95,4133281,302,DEBIT,5380.91,11659.0,2636632.69,Low,0.6,1024,51.407184,51.9000032,4.253484002112467,47.061185,58.273492,5
fb2f0f6c-1dc7-5909-9a7d-90c3d64aea95,4133281,302,DEBIT,5380.91,11659.0,2636632.69,Medium,0.75,2048,40.25017,40.2977534,0.141043951579995,40.183831,40.530753,5
fb387346-109e-5a4e-91b9-3e5b6ef2eb10,5238745,371,CASH_OUT,6549.01,30274.0,75402.06,High,1.0,4096,29.506803,29.0575044,0.7170712216124705,28.187179,29.689381,5
fb387346-109e-5a4e-91b9-3e5b6ef2eb10,5238745,371,CASH_OUT,6549.01,30274.0,75402.06,Low,0.6,1024,48.190683,47.100576,3.4218576726772985,43.109574,50.530544,5
fb387346-109e-5a4e-91b9-3e5b6ef2eb10,5238745,371,CASH_OUT,6549.01,30274.0,75402.06,Medium,0.75,2048,34.879179,34.9831318,2.243877863399811,32.67696,37.296515,5
fb3bf8ce-db9a-54d7-aab2-b7a10889ec9f,5256140,371,CASH_IN,435430.1,4507772.58,1974199.17,High,1.0,4096,21.877883,22.0979062,0.5855067626596646,21.605504,22.9781,5
fb3bf8ce-db9a-54d7-aab2-b7a10889ec9f,5256140,371,CASH_IN,435430.1,4507772.58,1974199.17,Low,0.6,1024,33.349573,34.202406,2.2069720521760123,31.406296,36.535933,5
fb3bf8ce-db9a-54d7-aab2-b7a10889ec9f,5256140,371,CASH_IN,435430.1,4507772.58,1974199.17,Medium,0.75,2048,27.892384,27.1633774,2.5317498919779378,23.471609,30.184304,5
fb8a9bd4-6bec-5fcf-b727-7d0705ba1720,1823466,163,TRANSFER,122810.24,257801.54,5229468.55,High,1.0,4096,37.882287,37.7638564,1.0144288679002076,36.144941,38.950998,5
fb8a9bd4-6bec-5fcf-b727-7d0705ba1720,1823466,163,TRANSFER,122810.24,257801.54,5229468.55,Low,0.6,1024,58.226113,57.1748008,1.84023555033077,55.031795,58.938247,5
fb8a9bd4-6bec-5fcf-b727-7d0705ba1720,1823466,163,TRANSFER,122810.24,257801.54,5229468.55,Medium,0.75,2048,46.29806,45.9933028,1.0617291781413476,44.152935,46.907612,5
fc335993-7e2c-5ea7-9d08-16796418d3ee,5451490,379,CASH_OUT,1865.61,57833.0,1134687.67,High,1.0,4096,29.801331,30.1527398,1.0115868340067002,29.075079,31.283219,5
fc335993-7e2c-5ea7-9d08-16796418d3ee,5451490,379,CASH_OUT,1865.61,57833.0,1134687.67,Low,0.6,1024,48.23341,48.134046,2.091931374638038,44.680379,49.827217,5
fc335993-7e2c-5ea7-9d08-16796418d3ee,5451490,379,CASH_OUT,1865.61,57833.0,1134687.67,Medium,0.75,2048,35.613213,36.631227,2.748410242287712,33.359904,39.649436,5
fc4f51b1-461b-56ff-a12c-f09fe147aefd,143887,11,CASH_OUT,135124.17,314637.0,6162537.75,High,1.0,4096,27.380732,27.353372,0.2527736765893557,27.03428,27.707825,5
fc4f51b1-461b-56ff-a12c-f09fe147aefd,143887,11,CASH_OUT,135124.17,314637.0,6162537.75,Low,0.6,1024,42.832019,44.3768954,2.248154339042429,42.810069,47.729438,5
fc4f51b1-461b-56ff-a12c-f09fe147aefd,143887,11,CASH_OUT,135124.17,314637.0,6162537.75,Medium,0.75,2048,36.919143,36.440856,0.9892895652901637,34.705813,37.042425,5
fd23fe47-255f-57ef-8f41-0be6dda977a0,1563803,155,CASH_IN,69632.75,5993647.98,715841.73,High,1.0,4096,22.088453,22.3619334,0.6580740049726929,21.850818,23.43693,5
fd23fe47-255f-57ef-8f41-0be6dda977a0,1563803,155,CASH_IN,69632.75,5993647.98,715841.73,Low,0.6,1024,33.918236,34.112056,2.7440118077018183,31.415429,37.112569,5
fd23fe47-255f-57ef-8f41-0be6dda977a0,1563803,155,CASH_IN,69632.75,5993647.98,715841.73,Medium,0.75,2048,25.745614,26.3722602,3.4723721603416458,21.412871,30.574024,5
fd7a6b00-eadb-5489-babc-07588c7ea406,1766327,162,TRANSFER,27692.2,49399.0,916204.31,High,1.0,4096,34.216969,34.3123908,0.1788919030607607,34.140934,34.508768,5
fd7a6b00-eadb-5489-babc-07588c7ea406,1766327,162,TRANSFER,27692.2,49399.0,916204.31,Low,0.6,1024,56.807735,57.8724536,2.692683740952749,54.580012,60.86612,5
fd7a6b00-eadb-5489-babc-07588c7ea406,1766327,162,TRANSFER,27692.2,49399.0,916204.31,Medium,0.75,2048,48.718405,46.9666058,4.991443580169087,41.507385,52.962361,5
fd8fe201-6cd3-5a6a-9193-18897b9e46a9,2703312,211,CASH_IN,147143.43,0.0,3624299.15,High,1.0,4096,20.853564,20.9697858,0.343325468059391,20.700652,21.569233,5
fd8fe201-6cd3-5a6a-9193-18897b9e46a9,2703312,211,CASH_IN,147143.43,0.0,3624299.15,Low,0.6,1024,34.890266,36.621012,6.217195981682298,30.931815,46.847385,5
fd8fe201-6cd3-5a6a-9193-18897b9e46a9,2703312,211,CASH_IN,147143.43,0.0,3624299.15,Medium,0.75,2048,28.593151,28.8021556,1.0036269545534835,27.812439,30.308996,5
ff034000-33b2-5b37-abe7-fca920186972,4686248,331,TRANSFER,428620.53,600350.1,937553.04,High,1.0,4096,35.552801,35.3580192,0.3701998938913957,34.735749,35.602502,5
ff034000-33b2-5b37-abe7-fca920186972,4686248,331,TRANSFER,428620.53,600350.1,937553.04,Low,0.6,1024,57.875093,59.8718494,4.712148650114012,56.111924,68.015359,5
ff034000-33b2-5b37-abe7-fca920186972,4686248,331,TRANSFER,428620.53,600350.1,937553.04,Medium,0.75,2048,44.452475,44.8412252,1.7923407214530112,43.082352,47.421006,5
ff197331-c0ec-514d-848f-43162aefbc43,5646857,396,DEBIT,2856.71,24789.48,278877.85,High,1.0,4096,31.351749,31.2443606,0.2475210089806521,30.853956,31.474988,5
ff197331-c0ec-514d-848f-43162aefbc43,5646857,396,DEBIT,2856.71,24789.48,278877.85,Low,0.6,1024,51.208996,52.0415422,5.578626737071249,43.820935,57.395682,5
ff197331-c0ec-514d-848f-43162aefbc43,5646857,396,DEBIT,2856.71,24789.48,278877.85,Medium,0.75,2048,40.196424,41.0375732,1.9769315120315107,40.024658,44.571008,5
ff564ab8-0467-55ce-9273-94c538d2bbf0,6345299,692,DEBIT,6356.69,47018.0,1068064.13,High,1.0,4096,31.172954,31.0505714,0.3600993905497477,30.640867,31.469417,5
ff564ab8-0467-55ce-9273-94c538d2bbf0,6345299,692,DEBIT,6356.69,47018.0,1068064.13,Low,0.6,1024,51.688215,51.5416074,1.2475671677119429,49.595124,52.866502,5
ff564ab8-0467-55ce-9273-94c538d2bbf0,6345299,692,DEBIT,6356.69,47018.0,1068064.13,Medium,0.75,2048,40.388662,41.6837612,2.7939228156253164,40.046754,46.619586,5
ffb47ebd-b537-5d6e-bf42-2520973a7d1b,6008191,431,PAYMENT,5328.27,20325.0,0.0,High,1.0,4096,24.603983,24.7675492,0.3597995027188048,24.541595,25.393008,5
ffb47ebd-b537-5d6e-bf42-2520973a7d1b,6008191,431,PAYMENT,5328.27,20325.0,0.0,Low,0.6,1024,39.430445,41.0692686,3.0415216583980293,38.480353,45.776145,5
ffb47ebd-b537-5d6e-bf42-2520973a7d1b,6008191,431,PAYMENT,5328.27,20325.0,0.0,Medium,0.75,2048,30.832081,32.3152848,3.703083406273709,28.757632,37.267311,5
