transaction_id,type,split,rank_within_type_split,deterministic_rank_sha256
1a483f13-0b45-5dea-947d-b36a12a6fc5c,CASH_IN,train,1,037e72c69e31b2b46ae5389cd5d83c0caad6b4433fa154a2d21eed89716a81e5
61dc44e2-e46d-5e6b-95ac-e043762ab645,CASH_IN,train,2,052356f7438a61f2c05fb78526d2233e3024af812a704398106b26b80d871a70
3f5d0ef4-7d0c-5784-9114-5669e1a94ef1,CASH_IN,train,3,063f537b355c0089e3eb84484080b2574cc7f5122c6395373f1a1dff68d50643
abaf765c-2cf2-5dfe-9beb-63146577c92c,CASH_IN,train,4,0829d1b9775eb5c9c623e2a22d224d8a27d220592725af8d59fb9b7af4651daf
fd23fe47-255f-57ef-8f41-0be6dda977a0,CASH_IN,train,5,091e9cbc98d9adb898e39324dfdd74f9d2184ba2f30675d4a080a4685b1bcb6a
79cb008e-6631-5857-b372-c531d1843b11,CASH_IN,train,6,09239b5d83f2846284e3df585115195eb0d37d1d46affe9034d4695353f4b14b
6f27fce9-3d10-5e13-91f3-f1100f73e5c1,CASH_IN,train,7,092984e622e70856efa4c18264a90b85db09af425351695f32b873d92b9b68b3
64c8f28c-fa7c-5428-8efe-24dc9698967a,CASH_IN,train,8,0a7e42dfe743bfe9fc85d614dd30b528a53bc2e3f88ace15d41b53a27dcfc471
0a867ee4-d35f-5013-a1a6-110ac16ed1a1,CASH_IN,train,9,0b77992fa3628f1d2b0f81de25c11ec3adf43e9168612c37496a7ec74483825b
b2bc1141-6862-5f98-bbf0-215dfcffa8f1,CASH_IN,train,10,0d1badfbbff6ef26af99c6bc8d16d7f218c193de61bad767b18ebb7833f435b2
d22b9a01-a2e8-50d3-947d-11d61a2be4a5,CASH_IN,train,11,0eaa57fbf053ee5181a0c94936fa07b6fcf0bb76cba285ee7fea1469848e2ead
d6872277-0998-56a9-9fe1-0d83942f0f42,CASH_IN,train,12,0ee42943819c4299d9ed6bda376e2dca2907c9cdd1d1a390c9f30f334f385ae2
396b9b39-d198-5079-8348-b849508008d6,CASH_IN,train,13,0ff7774790d428feff99b3c9ca1238f9ec00272c3b026e62dca9c92530ac18ae
a8ef0461-63b8-5632-9146-f0a078f55786,CASH_IN,train,14,107dbc3a0d709ac7e16f50068444ffd3bbca3940da3c2aff5ac989b9cae5ac54
3d7eab65-5ab0-5a83-932e-4ce7eb1ce406,CASH_IN,train,15,117e679807715760acd57e11873dfbba74e7ee565f6529b13c458f433ff5a099
39fe0d9d-682c-57de-bbd3-72a0ec3a6353,CASH_IN,train,16,11dffaf0d5cdde2ca0388d978551347349fd7f0ebb37184d281826361c1cb38e
af29f04f-e7df-516c-afb9-2ffb4a95c393,CASH_IN,train,17,123663e82c3843baa86b992687d2bd7e40863a69cff822909851ee2d7d597e34
8e0a498f-4f2b-5a94-bb2e-a92d031e37e9,CASH_IN,train,18,13785051468ff4f564122e2677a6c7fcef725f98ee9f0ce805998ef6bc6d7fa4
0ba231bc-5c82-5feb-a1e8-c4074ee665f2,CASH_IN,train,19,1379f3163d90cc47fd27e42fed1835ec9b3b211fd1e8148fae215e6bbb7ca91f
b55b4b10-7f8a-5484-9b25-5a0c4ba5c944,CASH_IN,train,20,14b3a957518d023775f5a35817bd96db69c7868ec3c80bc907f8cb2c25ccdd4c
bcffd34b-1929-5db8-b88e-1998a3901c9b,CASH_IN,train,21,15eb1ce5696181f5e2e0d120512bbe288b1131c67f239a998f5a09743eec4148
69b503d4-bddf-5825-80d2-b5947af68399,CASH_IN,train,22,167ace93aa007d6376066691c264a453df12dd9135729632288e5f5d39405296
8caf59a6-2123-5793-8a99-6a869fa88adb,CASH_IN,train,23,1819b07959a578027e0225e9a0dd76cfbca88bbe36c8f9decd47bf06b5f6b3ac
95fc3f3b-8a75-5026-9c4a-a0dbabdb89db,CASH_IN,train,24,18fb592e85662be933c126320fada1ee83c779a47203e9108ecd398dcaab058e
1697fa3b-b1ac-5e46-977c-0fbca9c9c898,CASH_IN,train,25,1a003e4fb10fbd8b7c905ef3e20d8303f26115b030542ef9cbc59681886acb01
0bd78f65-b6c9-5916-8278-ccecc0039ab2,CASH_IN,train,26,1bce57d4187534219758047ba57503f396037b1929fd575fa45d5fceaf51e2f4
631c1806-67e4-55a9-afef-711bfc187b87,CASH_IN,train,27,1cecae7753fd3b4735a2337f58cf67d8a4b8c58f618122cfdeed12274936fd9b
874a9d07-73b8-56f3-a325-35dc2f6fd992,CASH_IN,train,28,1e1c303170de0645377c9693aa85dddf1641dfeef00a18f4b3ca1b76e6df7eb0
c666776d-a6a6-59fb-87b5-a32d8449a6cb,CASH_IN,train,29,1e6936a95e50d31c7ba3fec6badd3f5825d80facf32bbce19b18fc6cd900cee7
6d1dec28-aa4a-5b38-bd40-8eac146c9493,CASH_IN,train,30,1f0c6ed03ffc3b991df241007112ecc0ecd6f932be9e8bd8d3f3628f060ef900
1a2618d9-d569-5862-a7ae-8a5fec39364e,CASH_IN,train,31,1f7f9720f64eb34a0a4242a2648e9f737acffe282f8d086dc650cc0bb679bf1b
e413bac1-ab9f-5ca7-83fd-62b96e178d4b,CASH_IN,train,32,207868f60c9ddee2dd59b608214b38da663d05df1d9bfeaeb1c9972402e1e22d
d8ac4bc4-83d7-5e9f-a090-72f1569823fa,CASH_IN,train,33,20a3d0baf05f7dac19250621a114c1bb0f339caf932490a90959c0a33f874fea
b6fea3ef-21c9-5bcc-bf0a-ce73223f3f9e,CASH_IN,train,34,218920fcd189bd344ad454a66ec9977b7affdc02b6524f1b7f07fededa43a2bc
aa45cc6f-e1d2-587b-99ae-11e9214099db,CASH_IN,train,35,2263933c6cd52b1ffe16c9316f79d17933522cfc63921cedbd2684d88d4fbc75
368cb8d6-9688-527d-9f98-6d3cf54bb7b0,CASH_IN,train,36,23dd6b29243213115c5566eaa6028c428427b63cbc7ef194ddc28f78d1d62506
a9784df1-59d1-5ed3-9e02-e62067d49246,CASH_IN,train,37,25465b849f697cbb5055cabdb5bed653fe8741923d67b39f63995b02be6f859d
122118bd-1707-5e1c-9522-d9f0df13190e,CASH_IN,train,38,25845eb296ea011a4ac9c3daf1dcd692e180ac8c68d2287b61847e13b1529234
851e2411-3c77-50e3-96d1-f67811f66824,CASH_IN,train,39,2b454841f8b2b8a9e7391f051d5a25c80adcc0a8c27eb73aab65ab157db57bd5
ec6acb28-06ed-5ea8-a85a-f6db6051d9d0,CASH_IN,train,40,2c57a57664ff53f6255700e0b4ac056d12a87d2f42d51d2db8966e75ae87f3b1
3a4cdd1a-cad2-55a7-bded-41db175f6115,CASH_IN,train,41,2dd4cad4bd4d617e8c728e1a204d2526c6fe80854f545292dabc8632678ea025
3ff26729-2676-560d-8735-1e3285f5add1,CASH_IN,train,42,2e0568020edea6f3b2d8a66b546842b15f9298564f078220c67b0f31487b1cfc
e1aaa09c-6ba3-5887-9b11-041534ca575a,CASH_IN,train,43,2f603eb587c44ad569d2bdaaa14d15e4be066ac47fde78b889d9e684df7cfc6a
6941b8d3-e95e-522a-97bc-db1b0fc3c553,CASH_IN,train,44,34c2da66fa2886ae09382d8043baa74f670f5afced8b1a81043cdfb6272b657b
6a633e34-5842-59fb-b213-cb6b0d47df26,CASH_IN,train,45,34caea65d40640d80c75ae723792b6f9a02a1d61256cbeed42524ee2fbe34d75
93781cd4-9f05-5c6b-95a1-8753282bb816,CASH_IN,train,46,35010420518bb394612af1be4fd0686043bc5c0cf91fc7d6548fdf6672380f91
55665210-a7dc-5c7a-89e2-9d37a0f10f3f,CASH_IN,train,47,3510921a57243f286baaf78c7af51109c64dcea73f8b25ca3d56b308b643305b
5ad3d190-aa6d-5af9-95d0-186aa170d032,CASH_IN,train,48,36490dfb033b25fd389a5bae4cb2274e69f37a4957707892bf7a83540bf5e288
867a92c7-c270-55bd-a604-7dad2089dd8d,CASH_IN,train,49,39eed57b77e268cb40fcb03af22ab111e5d881b051d92deaa112294f2a9d8ec4
2266b497-5505-5551-b181-d6b93d0a6dfe,CASH_IN,train,50,3b1e260fcd9cc46e9b02149a84e9ba784adde5ffadbafef8f82b6d6dd396bf30
92a5a593-df9b-5057-a246-c80b23e8e349,CASH_IN,train,51,3bfb0bb93b79aacd98a85294764b2e98babf891f439b0a8e46bbc7f252229402
7b5d4486-88aa-5d87-aa95-f5448181cd39,CASH_IN,train,52,3c3c804a802b4e28b34531ef91941c08eb4ef89c393fb6cae9fd74bb753ba862
8c69583c-6393-5b94-8b61-28c049e525e7,CASH_IN,train,53,3df9f5ad3becc36ab11f10fd1a512fc78307fcbc23afc48c2dfaff2cc3f9d5e1
d33ade51-d82e-53dc-8f9c-21c259db5aa7,CASH_IN,train,54,41317030f3f50ecde5fbb96af0ba26cd190ca2356df1300a539410adb12589f9
47db0cd4-c767-54e2-abfa-82abfef09f8c,CASH_IN,train,55,4233b0cb69f50416886ffc1390c16ce41c945510093e22c6774cde5af73d0d69
fadaada8-a5df-53e6-8400-cafff5f28d82,CASH_IN,train,56,49f6052da95819ac1dc2d7af88b34ebdd2f8f0e047a9384ad18aa831b9548161
60c708fb-7463-52e9-96b5-b50c816fcb7e,CASH_IN,train,57,4ac0ac98bae2c6b701030456cba127615dbb385e9fbe5963a7e7fbececa50507
930e2f50-cd9e-55e8-a544-4ff4da83b0c3,CASH_IN,train,58,4b1099dc4e4626fe7fc93fc1e77ec9d070c6708495342a0ec0625ce55bae3b98
f9e43946-1516-5216-b216-e2c36f6ccc92,CASH_IN,train,59,4b63ac7fb25454f9eb86f6bd053f9be80e7b4f7dba4d83f1d349cf96ff6ba582
3d478182-b4f9-5855-b5e7-42c7dbe33b0d,CASH_IN,train,60,4bb5d5ec4588114d977fd30285dc204ea39f36d044c08dddab88ee04fab3dd47
98ae62d6-743c-530b-bdb7-63abb831af83,CASH_IN,train,61,4c5430b82c28f625c2f67db9d0ed74bedc9caf36b7cdd0299ac1ec1431af6052
8b58774c-d397-5e6b-9b1e-3e8a41d74fb8,CASH_IN,train,62,4f668aba543c47f82e835aec3c446bb602aea22f6df36b8d561c081753f162a2
f2dd10b0-ea83-5239-b110-16759b0a4664,CASH_IN,train,63,4f8c24e893351983560df573e55d1edb11309d32c96206fecc3a92150fd3bfbe
6fd04887-a1bf-547d-b43c-81df396c7bfc,CASH_IN,train,64,4ff33b36d301da40ed59fb88c670b64e64e53277fc12effd610f220f943c54c9
cf5dd8b2-bf80-533c-9173-f1e0d7d5cfa2,CASH_IN,train,65,511f70951c2e926a5ec583011e133ab90732a51e64e34992a31e8873319dbb86
027edc78-b22f-5a49-8bea-93a58d26fd20,CASH_IN,train,66,515852acbf278833bc8321bcaef183804c31823b416fe53f592c6d1f56afd422
e3f580e5-5204-53e0-9c2f-42a3a032292c,CASH_IN,train,67,529894a5a107637bec1f490dfb066d5d43cb1a2ec401347f5e5d039bdc1a1ed1
de400b63-9fae-5067-b33a-4fb45bad1d96,CASH_IN,train,68,52cb6070957d473f1936c2a27711d78ab46f29e37fe010906a4f4c2df3118d36
475a5a50-0621-58d2-818a-c08da3d9e3bd,CASH_IN,train,69,55824eaff47af6e6c9fe101eb862e05065b1afc1133e9579a6b8d45cefdecd75
52ae4d57-4a9b-5ed4-ac7a-40f98ad53cf8,CASH_IN,train,70,580664770e6f204e3154b43e7ee6a5cc3650daef9fa4fc204724ba8b6e11987e
7e588935-d1b3-590c-96c3-6a2749e6d8b1,CASH_IN,train,71,58a7e56488fafe0efa4b106e7b3c604b04c4816d342be94d33ea9777c19f2338
03800b45-8301-53c2-9f30-6b7dd80497ae,CASH_IN,train,72,592194d13d965a72091b96492b0d33c67ddf80e9e3e5326486cf3dffe7c88b3c
421c2e02-35ea-511b-99cf-f2bd69cfd59b,CASH_IN,train,73,59e686909474bf65bc9b90ccdc8c82fec4f1fe5330a00da2e1c0dffe23aa0825
22f7e957-ac0b-575f-b24b-e832d58b10e9,CASH_IN,train,74,5a56ce9e8aa7c577400c8b08b53be320c00bdbbde6ffad4ecf5e1a381e6a0716
f2469e5e-b855-5f4f-bc5d-49bebb618767,CASH_IN,train,75,5ba3c707f17e0afb8a440a1b971010d9d40f022c32becf92975132d942411a19
04147f2c-067b-5551-99e6-2a9106a91ad3,CASH_IN,train,76,5cd49e28b2106bbd6d7aeb05a4453fd6147b78c4149600544fe939c89644bb64
388fef44-d9ef-56b6-9503-bb028ffb7041,CASH_IN,train,77,5e0fd47ef7ca822e2af85f23c976e46ad8e89551c495b0fb695a306ec64a8e73
49449617-6ceb-5927-9d23-7ee69e1b3a73,CASH_IN,train,78,5e2939247535e0fe3861ff8d56c434b0dbc9a5cb9273e1541bbf0d50213c6e3c
591f7192-0db6-5355-bab8-13723fdf9764,CASH_IN,train,79,5eddec424ac529959cc4298953774a5690d79e0ca24b5ac83b7803bff3ad2b43
89dfa62d-d9c8-5a51-b401-d4f9136c9dad,CASH_IN,train,80,5f7e825ec8c135914c24bcbbc12fd0cffc0fd38d7d23ac0ddb65fe1e0100d102
597ce5ee-2a19-5d81-b0a7-8564ae063242,CASH_IN,train,81,5fcf4f6a0c07f461a7a7dcad427716e2a6328c738e956e3e5bdad509977be39f
378b4515-f4c3-5f34-b14e-3fa204c98ac8,CASH_IN,train,82,6007efac9b174c084f28927c0f057cb3ba5af2c0c5bb4c730e007dc66950aaa6
81c33694-313a-571e-afdd-a42b7e3922b2,CASH_IN,train,83,608ffa088973780f80724c76543bd9954884ece0e6e77ba59ee7af442a783427
1e3aaaad-794a-5c0e-8bd1-30a486532bb6,CASH_IN,train,84,6141d73e44f4294215fb0c8d7699c6e7f7eb169008302695c04bd2d097c8e2c7
273dc82e-7675-5d7d-bedf-e22a53bae41d,CASH_IN,train,85,61d90e6a0f2f975a260c5398dc1263e85828b5b21022d4a3de8659627347239a
4411648a-cb96-5dac-b7a9-c5682ebaba47,CASH_IN,train,86,64c96587c0758a824debd3fed33ed9c22c741218190bf3fb843db6a04df6d950
7100cb75-ad10-5b3a-99f7-53ee368eb8b4,CASH_IN,train,87,658ac5eea0abe8190772fc987ccccc0c6a2f15e1efa7f795821cd02f3a2ea03c
f6ff0fe4-04cc-5668-820b-e40fb9d593cb,CASH_IN,train,88,65bc4df2164b7b451925922d6209e467a39e9ce07bdff66c259a717b17da5070
22c04ab7-ed0b-5c39-81b4-ddbf10ca8eed,CASH_IN,train,89,65e83129dfa766be2ecc43d50f73fe6bed39962f7705959394a0091bbe841a55
2460f192-8a40-5a1b-b3d7-f3da9a6294ea,CASH_IN,train,90,66882241db2cf3d3adb2ed8205dafd1a1c8caec1d67d4013ec97a694c27a0a12
857f69c9-7e9b-522b-aecb-262a4fea3e57,CASH_IN,train,91,66c21729367425cda705f4127faa14e6d30f041bcd3085438249be39c46f1d4e
7eb964d8-e0d7-58b0-a92a-4f9f86c93fef,CASH_IN,train,92,6879aa197dc388bfff5b0b2b9b4e4a8045bce183c23aa6a26779f0b4c090ed60
4e1f5d0d-dfac-5477-800d-f585f8e4cd51,CASH_IN,train,93,6b6c8bfa05be3d9ebd5603dd311e795b66291ff8e6b0e570334ef1e61727e581
f74865c7-3972-5a72-88c3-d1d5be54992f,CASH_IN,train,94,6c232b35e258109231d45bda622188514d717f8b9fbc6c7d17763447f0b1ad9d
7a08800c-3c7c-584d-b694-3987195a7242,CASH_IN,train,95,6f35b38e7c818827b4befea1773969ee375d59346dfa386a830bc82eb374ddeb
02f15c4d-03d8-5ae0-8951-33b67a411614,CASH_IN,train,96,70920c6f69234fafbf4e81adb8b6ec00bbd8b4b808ae142ec5af3eb65f098e6d
0331c0ca-4ed3-5b7e-9af1-ea42c5f3eea7,CASH_IN,train,97,73e6d2601155b5809d144c4080178218bdfa77adcf072268ababe7acf7e801bd
4b238cf0-8b0d-5c34-a7f5-69ed6e692610,CASH_IN,train,98,776443c1e73c4d8f1cfc1fbd939ad7783b49249b91c9480515862042a9ed871c
39b5f649-fc3c-5de6-bbab-1a12422f73da,CASH_IN,train,99,77f9549fef57005af66bfdffbee7b5bf97fcd918d3d0a01360c3375b8ec40c24
c7bf1853-e86b-543e-8096-7c53d4eb3adc,CASH_IN,train,100,7a9980ebe095e85cb907913cd5caa89bce37b61e1dc6daee5c8392bc7e5ef219
41da1495-acb3-5a1f-ab61-51b1f1ce286d,CASH_IN,train,101,7c9c47b98b083e69c93884a4c6ed596d5d6e0507afa91ff19193ef01e35add35
c39b0979-23ef-58f5-ad02-2a26b0f38566,CASH_IN,train,102,7cb8652de47d308296d3527d9f1c1d7e1dd4b2a90822bcf6136af3f1d845a247
a27d184d-5d28-5052-8dad-eb24df6a1c6b,CASH_IN,train,103,7d353653692e310b3094d57f4b92dc4a98aabc6baafff5d7e7205f2d735e3dc8
c9c2a1a7-9774-5cd2-a6b0-9d9ae5f27dd7,CASH_IN,train,104,7d5765443fff9059193c15682ce6b54829f6f3558340681aa19455438d1cc0d8
942f23af-3b37-5c0b-8711-05554a82aaef,CASH_IN,train,105,80497bc8cbc7113501a5c1cf4a5a9f9949c03389a226afda468be16df941cb28
44aa37e4-dee0-5fab-801c-ad05c8679e55,CASH_IN,train,106,80c7dc52578971779f9590877edb8138023665cfa2c285c5a7924b0912a4083f
93498620-c1d1-5b70-bea2-8e72b07aa1a8,CASH_IN,train,107,81bbdd5e4bf923298c7f45e9cee605eb3562abc627808ed4dd50f8d1c21e4f41
0d72aa38-cac4-521a-9625-5e0d947720f7,CASH_IN,train,108,82595f987966d51136155dbc0e8aede97754e3f714e954b174ad19d0c5d5699f
66720c96-2862-5e79-8724-34e3b6043b33,CASH_IN,train,109,8277e196029d13eee06865bec0eaf0bd65acb47de0e1899d0764e05cd1292b2a
0d7abbb4-76d9-502c-a2c5-a9575d2221c7,CASH_IN,train,110,83c096782bd90183431f57886436cc220befdde8255a4f66b813834011d6bfac
f10b952e-aa55-5b23-b67e-ef8ec15da924,CASH_IN,train,111,863898d4fc797a22652c4893b7798ba35c56df9b6105acb4d13ded63ebe159b7
6cb27940-cab3-59ca-aa3b-a2b74503dc24,CASH_IN,train,112,86f73b181aaeddbf6f417ac980f3c67a65580f55a09c60325166aeadf3ae44ea
a8ac9d20-e459-5e0a-9ed6-151190c12dc9,CASH_IN,train,113,880d3959c23fcb3080987d8f8897409a16a650f17e0c9dab1dde4ebfd970fe35
c6693a88-1a8e-5cd7-a59a-6f58053b6dfa,CASH_IN,train,114,885918eb0176aa5adba3446af5fc87949ac7550aa92550537f25765f62164e88
fb3bf8ce-db9a-54d7-aab2-b7a10889ec9f,CASH_IN,train,115,88b52ac21f986d4f8e700960e808faa8c1de77fc27d8f3b794a58ca060f8e5ea
44c727c8-fda9-51d4-925d-38a407143a53,CASH_IN,train,116,89a4a9d55b3befcc261b9c97209c78da128280c19cbd3775c312e2af38ba7f36
cdce8291-8282-516f-a7ad-4a52d8918d1d,CASH_IN,train,117,8f4380fa6255f070c8d17a630def0aff5dc35b0fc0702b1a781f11654066248b
9a53bea1-f08c-5cc1-b479-ce63dff5b81a,CASH_IN,train,118,8f6e731da02186c159d698e35d6f0bd825a810c5cdda596a1c87af7c954c8af5
464f9282-542b-511e-8c76-bf3cabfe4fcd,CASH_IN,train,119,90955d872562e9d0b81b88c8a0c9d7b3ce7fc1aef1d7cebd53d65a71c0aa48f2
e8170356-ff90-5138-9200-a677bfb48b74,CASH_IN,train,120,912458dae19390a4ee72af2c6500239f4b04c77b08f80ead33b8d21221d651e8
44e31cfb-159e-583d-b08c-4765363b5223,CASH_IN,train,121,91f5925df53c8b23a112055cebd08040c2db90a71bbeb83c775141d6ebf2c0f4
6288f687-272a-5bcd-96e5-7949c796f2de,CASH_IN,train,122,9214b3447bdbded04dd238336d65089eeb15157e3c407947ddd9bc5eb93427ee
b2e8b000-e7b9-5e46-b821-a1e00588d172,CASH_IN,train,123,9272faab3f8a4169106f13812e08e52d2906894c3aa87973d3eee59e678727bc
2b3c67ff-af4e-5b90-8c00-4979d4bb4836,CASH_IN,train,124,9293ffb76ab92e7bf6d9a3678f8fae2c7e442a9c2bb00b31351579908789bebc
d2b27235-eee5-5f56-9154-a51928ddd757,CASH_IN,train,125,95a99036beef1c6b439dbfb06755aa9c49af9d142a41f2495377ae465774f1ba
54d025f6-1c5c-5346-9eb1-7e7aa9bcda0c,CASH_IN,train,126,95f6fc3862bf86961ff62225a56b33b6698ca4883e5bfecad9cfd6a273a1295a
dab007f6-b69c-5962-92c9-c813ed102409,CASH_IN,train,127,96256c11bb4da95def694ed1c35c723dbb1c787169613f2419ea9532ef694efe
fd8fe201-6cd3-5a6a-9193-18897b9e46a9,CASH_IN,train,128,972f25f184f8d599801993bbc2320ffce7b14516dfc5c1c22fe7814f618d1ec6
09ac347b-27bc-511e-b961-ac76c23466ef,CASH_IN,train,129,97c5a022c470a877c3552316fde539d1536fb0bc2f92eb20d261044562685600
e39a7439-f8ae-5ecd-a3c7-3936a6c3317d,CASH_IN,train,130,9822ea74f69c09fac67269e0574aed9809ccb6e87eec767532045a468619c542
ba3a3dac-c98f-59ea-9e5c-faeac0ba8521,CASH_IN,train,131,9a1aaee075f6bdbd84fcc59a18ffd6a42d3ca5901ab41c2f5817a01f18b0a51f
19f29c8c-7363-5cd3-8d5b-15110c3009ee,CASH_IN,train,132,9dcea35c0482959d91ae1d60a5404d595d6dcff1668cf897aa51c12ae206dec8
9d49596c-458f-5b31-82e0-8dd45c5e8dec,CASH_IN,train,133,a01c5b7328134c999082ac5606afd3bdbe50d9deb4dd9e27114bc621082d13ab
f8e52ae8-a728-592b-8801-6a63c659044b,CASH_IN,train,134,a132db75831746542182975b359f1309377cd4cd1c1b23ce85ca96ea713a3d3d
c881694b-769e-5295-8310-c54ae88fad8a,CASH_IN,train,135,a4aa1582901e55cc60848ae0a92dd14538e5fa91d2c8852a8f338de54351ba68
bcbc45ea-d316-5e08-97a4-290b5edb5260,CASH_IN,train,136,a55dc7b0001f1bbdeb84be88cd757c2efbffa01897b6844a02c1351bf6b31324
7f113616-76c1-5702-950b-4b2d17a8e09e,CASH_IN,train,137,a5eaf911776166bf0435f6ab56672cf667bf61b30e06fe3a24be9b025a832538
6b77f955-763e-543c-bdbb-ef19c5c88f8f,CASH_IN,train,138,a64a36462927f12692e721d7b4faec7be1d02497d95e833cd7c3282e5a02e18a
36f983d2-c3e7-5500-8814-615af9459f66,CASH_IN,train,139,a660e90f77fbb516a1f6a9fa57724b600ccc06b7fec4289d37dd433de02998c2
7411d029-0801-58fc-a08c-87f86b585815,CASH_IN,train,140,a7b0ba92e0c0a44147c62abc292dc217bfba44dd814fa6ee218cd200d891dbaa
2786b6db-7b5f-5b0e-9b70-0fe46d5a4fe8,CASH_IN,validation,1,a8cdecb2aae3e201772996c4e8097219f5f6e88168861e4885026259b419bf42
ecef5763-a54c-57e0-97ca-e1eba1da9023,CASH_IN,validation,2,a8eb575619c3f38e40232e0a12e575f6824a1428ebcc5ce278b8bffb86b560c2
973a8aa5-1bb3-5884-b1ef-0a1da51c5eee,CASH_IN,validation,3,a92745e4d7540808d54981b7cc8fc21f8ea94a0a106be582969938db5e566188
f8c57f52-aa44-5d5f-81e1-d231232a92ed,CASH_IN,validation,4,a9cf0202e212c3be259dadf8eaea1ce2b43494b4c960183e7cdfc34bf33ea0f5
81e36e4a-f760-5774-8bfd-52861f05f6ba,CASH_IN,validation,5,aa59421e05f25137d71a314d78e69ccc5fc00edf91e905a311299c1c9cdba74a
eb591599-ecd5-5f7e-8c50-4c1c09f96487,CASH_IN,validation,6,ac52b9d0bff2ea62db5625bd051beaa994bf726a49861a6b19b136c6f5a32247
6e52bc67-6908-56a5-8818-929f64a1f7b5,CASH_IN,validation,7,ac9d562c5aea9cf1f73962b36e9ef94b554137aaf6cc9ad6684e024ecb24a097
5e5af274-2b10-5877-930c-747dbafbff36,CASH_IN,validation,8,ad8540814d78383bf5752abcf4711e727e178077a5497ee8bebfad0a9772368a
4b1199a1-d187-571b-b870-739a707d2ec7,CASH_IN,validation,9,af223bc91a0a11c7d0eebafc4b8e5687c4c9d4136c950652b4fac7f35a243e2d
fe73c02c-d59e-578a-89ac-1beb177bcc85,CASH_IN,validation,10,af732e3f210151ce8cf3fb6048c2f44e2f334341206f34518687ba673446463d
47cf7f6e-9324-5d89-b9c2-572cd784ab70,CASH_IN,validation,11,afad259e952a97c49ab5227e2c67cae2085b08c21e3c68f67cb864f39371e154
f71949a7-2206-57ee-b133-513ed9e85aeb,CASH_IN,validation,12,b3e9b5defd61d81b4e2ec32a1553038cac1036e2c5f34c13557b9f7955a36241
20d7a9f4-86f2-5406-862a-188b40786fcc,CASH_IN,validation,13,b542c98820a1d55fddaabe6b2748576afd9898968d5e15a3c68d249eadc9c90f
5b5f5348-d20d-59cf-b3bc-1300c909f57a,CASH_IN,validation,14,b93c0fe25ecebb70a4f5b419b8be0ff0acca5e30db064ea9e259714fb09178bd
78f1c353-b2b5-5692-81c9-215196b4c09a,CASH_IN,validation,15,babc921ac890b4b492c486b8ba2bfe807e6b9869686f736be4ecaef8553e9f4f
ecd3398b-a4ab-534b-b381-be1511f1cb29,CASH_IN,validation,16,bcce8e5ded21cdbc5c1d740a6bd76cd561b103ef97986190ed4738e044315317
c9a57af1-cf4e-566a-ac82-2c39cabaa8a6,CASH_IN,validation,17,c05a3b26bcb205aa3c268e42e00a9a979dd2689efa732488ce7bd65ac969802b
950d1f4a-eb7f-59b9-9e3e-61997d84c79a,CASH_IN,validation,18,c11f07144bbeecb5a5e8baba3a9fb64bdb3fabb36ecb8585eeb20a5c3e2c7bb7
9eb1930e-a7d2-5dd0-a9fe-ba63d7c99908,CASH_IN,validation,19,c3350741480af66972eb8e89e2dee881ce758c7f2a4bd71a29712dfb10936897
9c998e85-8254-57ec-a3c5-af61494efeaf,CASH_IN,validation,20,c45ea7f47763e371767224ca72226ed366a1fc5179756ebb36523d32f554672c
7f1539cd-b44f-5fe3-bc13-55e0463664f4,CASH_IN,validation,21,c558c8c3bc62b8ce5afebf0934c09a047c65d10163a9cbb542859558b272dcd2
b83a3fd8-f604-5f95-84b6-2eb1d07e25ca,CASH_IN,validation,22,c5fa3086add1d1d82877884886950004bfdd79e2882f041c2330766556f689e0
885d8f13-c8e7-58aa-bc82-7f145ed7653b,CASH_IN,validation,23,c6c06a10cb0032bea3237a8a10d3615d0262813e01dbeb2993879d335422c10a
793ce8e7-d57e-5caf-86f5-967b65cfc5b4,CASH_IN,validation,24,c7ab8e345ec2eb09cdde5058ca3f03358906c102083cded3a37a6580527d4456
8263245f-0479-50e7-8d50-1b6d6c85852f,CASH_IN,validation,25,c7fdb2b06379456fc6d92026a7738462213ff8df1b856daddc05ca7f0304b516
56d6c8a3-df88-5325-99cc-d0913a7e1e04,CASH_IN,validation,26,c9a96c2da091f1a7e19311a340eaad2136b517ba337f56a37abb33c0d59d3e63
3ebb052d-8ccf-5e8c-aaa2-20876c39c1cf,CASH_IN,validation,27,cb771fbba37f14a99a6070dcc6905e953eba44af11099df7e2ef5815c225aa55
e6e6a393-6014-5c43-b68b-b7056db7cd47,CASH_IN,validation,28,cc0d684b3a5fb1f06ee7b7c69356d6306e2cd3ef44133f6a57dbb3088e1c3d36
88fdb1b8-da96-54ed-ba92-6f0916f69f8f,CASH_IN,validation,29,d00bb9c1d9c9904dc21ceca20f9718c0d42a05fcdd0757f88776586f8b653020
18ec400b-f09e-598e-9580-72cfe6f2aa69,CASH_IN,validation,30,d0245be69c593f6e8f429c126796094a3a26e8fd479bf94a8d0d82df48c2a9b9
6e62127f-2bc6-5588-a288-ff8c9a7400a5,CASH_IN,test,1,d0f5a18a88b2358281e1b2e41222800208673cbcbca354e314a1c3eea6cb1b63
fbf14efc-3c14-5235-bf26-e8deb578edf2,CASH_IN,test,2,d14a6b9272205ad224e80b48d7579379637e36bfe69f3ebf472f2f603f0238fb
8f8b6290-b0b8-513d-a947-f50e7ab53fd1,CASH_IN,test,3,d1c3c3cb7ede7db0a2fcbd30fc8dd4ab221d927f9ff9a16a0df20e9e6c6933f5
2d874521-efe3-5204-a755-3101661d0f7b,CASH_IN,test,4,d56baefc9ede446bd484f490ef0c2870f853b96ed8c8333fb580714d284fc50b
4be9789c-fe30-5118-8299-2dd2d4c3f664,CASH_IN,test,5,d66f32cd9a4a801750ae53d51aeac51fb9dd7ae9aa1ad63542e72d5396fa6b25
9b23934a-4e1a-542c-805e-97ebece1bb7d,CASH_IN,test,6,d6cf494db1e3269262b5be17e3c28fcf24a42b5fe0526f72bd52cf10e3476ab9
8b504459-331b-511b-b2e9-104b013bde57,CASH_IN,test,7,db210dc36d262c1df76e4455f962747f3d00428aa492fd5ee6cb8dc83771bfac
81262be0-c054-51a4-aacf-4b2ebb53fa4d,CASH_IN,test,8,df18d79fe942c9caa19129a9290971e71da78308b08c910330b90234aaa34da0
11aebadb-66f8-5dad-b88f-38cf092fb1db,CASH_IN,test,9,e583e83023ca87f71c3a6f1bd783c64266cc1ec388e64e77a538c1244ee7f3d7
b8c86a0e-5220-569b-8a67-75ef35ae7b12,CASH_IN,test,10,e667ad9515b09b1a67b7e1ba749452b637e9a72f7e3813806f081ea09a9609c6
cd538cf9-b92b-586d-a372-060aff11f61a,CASH_IN,test,11,e6c00d82edbe13811de28c4e4ba08a9de1844b1e4090c2f500f27976f27c86d7
9b25f824-b287-5c77-87d3-48fe5318e3c6,CASH_IN,test,12,e74cf1feb0afcb5a83631af1ca708ed1c58e8e673ef4659ac194bf0d251a74ac
173f5dec-5495-58d6-8668-43d255c1c8b2,CASH_IN,test,13,e774372c080932d014a81ee6e8c5714e61635c77808957825dba290e646e54ff
4ff403bc-a62d-5ac2-9296-150e258211d7,CASH_IN,test,14,e789977e22747e8b302c941c7d6fc8f54a2eebafdb11484dcdeb987c90410a8c
0a621106-076a-5b26-9318-2ee62727e903,CASH_IN,test,15,e7b2592b586d0c7811c40af417f4dfab74aa682d2e104a45c97bbe888bfd6a1a
0a3f3df4-0b7b-54d1-af8d-ddb185924247,CASH_IN,test,16,e954d0e98a23298c7846cac1555b66b3e638e0dd39998dceac1a438899d5293d
d96539ad-53b2-5ebd-a594-5d581c3f4c5b,CASH_IN,test,17,ea688508137b7353ed0294534a517ece6fd0476d488390cc4a3f6b7e60e199c1
2ac27ae0-f91b-5a9c-ac42-ae4a2d80de4f,CASH_IN,test,18,ea80164a456e506497432417cb5a9580ef20a945b359808a503b77b38d6fb1ed
b713b459-f13c-58c8-bb6f-b626dcb6509a,CASH_IN,test,19,ecce477385cb561e2fa9907324e08cad26f19b9834dd11591caa40c4152d4daa
c82a869b-cc00-58ce-89ed-75f1512cc1fb,CASH_IN,test,20,efd4bbc40f6f9f6fccee95c674ae6a5befc4e1bf32b0d9ccf8f378f5d1083ac5
3aed643d-5062-5100-bf7e-5299ecd1fef5,CASH_IN,test,21,f246aee5bc9fa2f47da3792e6a5154d444a034019b126c96ef0082d8809b5b57
d6a8cfb2-cbcf-5152-b05e-40d1a364b2f1,CASH_IN,test,22,f28ab62a7fbfde15d093e05cf2260fc458d0edc0b21f7e6f7b5379eebe95fe9e
3e583b27-81f9-5b73-8b17-c22732c22818,CASH_IN,test,23,f46d614a163f5d4de3c3ee4558135142734ff6a507a92655b9363c2bac012faf
b79464f7-0fef-58ff-8364-cb452e4e706a,CASH_IN,test,24,f4baf6c635eb4fca473eb4606c2ce0b8557efea82b820c334bc84abd68947abb
36bd460a-f525-5113-82db-051a9777db22,CASH_IN,test,25,f53310ec7dc89f2224919134e966f24a91f923d85681bccce244724a121e0e5d
a425e4b3-b992-5be5-8e50-a375a50881a7,CASH_IN,test,26,f5416d4746860dfac8c92370a21293c34b6ffdcead072e4cbd0ea664f6d1e70e
102c72b9-e6af-5c40-9cf5-ccbafc6cdbb7,CASH_IN,test,27,f8e3051037498cda50ca4b18fb25aba7045acd95102f820dcc06d2efd1ee52d5
2848dc04-e834-524b-8a6c-571f17bd47b3,CASH_IN,test,28,f91491049a7fccc61d3dc90db48457308db6a0db5d0ab78a95b63969fe33c47e
d3c090cf-fb15-5756-8359-ec01fee90e27,CASH_IN,test,29,fe2adbd0f3e801df5cd9713a4aa70735eece50245a3671de39fff665407334ba
d8a18c69-2416-5c45-a0da-8c1de040768e,CASH_IN,test,30,feaa9f9a7b2c9e1f2792e38a9208e527dd7defd3f841e5eac5c78e22b9fadfa8
193d27d2-7329-5b7a-82be-a2c4e5a06c47,CASH_OUT,train,1,0026d6b350af5beefe5e3151ee550cc48a1f358a16d6a9c36285d29806d19d1d
4e076bd8-c0dc-57f1-93c4-269e95a4cb8d,CASH_OUT,train,2,0039e3d1a19c6cfa2d0a06906b0d49692bbbbbe49f332c620b94e39fdadc6986
60f6c6a6-3f90-5c95-b133-fb89f511778b,CASH_OUT,train,3,02ae7041fdbde62249a27867de81cbdd0a56a12b8f9a8dc60c96f33a4fedbdff
e8d558c5-255d-52ab-8856-761a19abf2e0,CASH_OUT,train,4,05344e0f564069cac099c81b83b81312f07a0b2fb83eaa6e8b639e303bd36dc6
5dc38dc4-d7f7-5eb5-9ea1-a87aed08aeff,CASH_OUT,train,5,062ff8817467c9e0d2800fbbe588dc4d9ef07f6c90851180a4f55059772f35e9
4657cfb6-f0e3-5e55-826a-0ed9c60011ed,CASH_OUT,train,6,06a777dd5c12c1d349379ab84c0334690389f858b693c999c647e22fdec7cad4
6f36a8e1-2b1c-5d10-94a5-ee642d681fe6,CASH_OUT,train,7,06c14c7f9dd77a0bcdf871b7dfc348af10ff3cd38a2ce99cb917ccb314a20183
7f09813e-5503-5372-b7f6-6cd052c134c2,CASH_OUT,train,8,06e4637ad794ea8db22a8ce402e35bf83c931e8e26819101685f9e66841bf041
2e1b4eba-37ce-5d1a-9a3c-40677efa55ce,CASH_OUT,train,9,0869b1fda4a8d522aff51cd0de4eff532d5673bf0380df932eb5f0d12ef6d083
68494fb0-9e88-5576-af76-a17a16452965,CASH_OUT,train,10,0aa8eef72e604ff09c4de11da60c990eb20bcad61397c647501fcf0cb6b50aed
3202960b-2340-5c6b-beb1-f97e53d3a33c,CASH_OUT,train,11,0af442c1dcf1559a2612bfa3149d86aa8935d9438b414617cd380278e7074341
0b1b6c93-e198-5fe7-8c52-ce99b8aa8761,CASH_OUT,train,12,0b8983f4b6b88d0cdb8a2db4d399d8f7470daadbaa1f571bfc0300e0f02ad1cf
b1eb8a6c-70b8-57a1-8625-24378b2341ef,CASH_OUT,train,13,0ed06eb757fc2a10dcab85f71a2bccb4321391b1ac43db4f61ee7e629cb526da
d5f690c2-08fb-5b8f-976c-a6005f833eaf,CASH_OUT,train,14,0f9cbd782e01648f11d1d39b038b8692b3069f8f00743fdf028cf5e8fa00d1c0
f77ebe58-5bbe-5332-a66a-ec2e3f8a5c24,CASH_OUT,train,15,128bb75e7569015bacce5e3c020d61153fbd23998bd606966dbf22e399744ee6
9d46934f-5130-5bf7-9bfa-e55d9e84e58b,CASH_OUT,train,16,1652d77d6e949275698f525f8ee428845034840d27556f6e475b33ef77692290
205bedf2-553d-5d61-85bc-40b67037f983,CASH_OUT,train,17,165d1d9a5fa40ef0f43e0f8a459efec12b3c0cdc294598f3be3921571935eb7a
dc9791e0-cb42-5271-bdad-93b8230dd161,CASH_OUT,train,18,1852b5774da36059412f96d22f31d932463f611905f80c8972a7a14a72b8a936
29282cd1-fa1d-509b-9bca-ac0eca48c93b,CASH_OUT,train,19,190526302d751d10d98ba643d7f040cc26eef64c37c8ae8e7302b6bff19908aa
b7e586fd-8a89-5464-b0a7-b1e3b6a12f47,CASH_OUT,train,20,1947bc3bb47eccbc10a22324097477e204cf657875fcad419e2802e820e09cd5
aec0ed2f-99e9-595e-952d-c532d30e990a,CASH_OUT,train,21,1ad6f920f1962ce35c3d6b2e1651587f553c02b63af137858ce3fd4a04413560
47e9e27b-4a99-5ecb-af0f-eabb7d128a52,CASH_OUT,train,22,1d0309c1fa6c51382c7fa348b02540e46729fc30630b9c4366be583390542b4b
450f03da-a2a1-5458-b553-207ac44a4375,CASH_OUT,train,23,1d3ab49f2ab5996531a1d80c95ffd907cf9fe5e7132b7432894b4564469aebfe
ed7cb430-ff65-515f-ada3-96b92f708940,CASH_OUT,train,24,1df04bef90f63e86a43ccbafa39cadbe6a5c9c6ab14cafda9239289049128c4d
3bb364bf-9182-5063-b60d-50802b3e35ff,CASH_OUT,train,25,1ebbc571e4cf7dfdd182e0a1f1fe0b294925f6bbc865af4db30e2ecc9f748e93
8e361a09-2657-57d1-ae2b-bd310b9bc17a,CASH_OUT,train,26,1fcf8b361cda02dc9201926dd03c05bcd68fe43f68aa11606e6a1f2d0db6141a
fc4f51b1-461b-56ff-a12c-f09fe147aefd,CASH_OUT,train,27,24bc013d8769d0f759aafc554fa5fc2e7c350717f7696e626dcbb8b835295f78
e8385053-187e-517c-8b08-c4093dce2140,CASH_OUT,train,28,24ebfdaf6ab0b159f97d9757d8cd666ffd276bbf738f48cec146f3a962a40dcf
f8e4cf15-76c2-54c0-9c6d-4aec55bd406d,CASH_OUT,train,29,27c69650476cf75059d8f29c13018f7ca3c740f572a1331deff400af0c41e458
75737d86-c843-5f30-9599-59bf503ce377,CASH_OUT,train,30,2cdc64bb6285dab86112f520a340e20a365dca72fdf005a1d562972253889f93
936d0d2b-408f-5586-8f6d-16aa87452b75,CASH_OUT,train,31,2ef8ba7a47b5c8bceb7e5bd581448b4406177793c05ce88e60fba1258d76d7fd
38afc6be-6778-54ae-9b18-4020b0941ce1,CASH_OUT,train,32,2f794c7a0f01ea5132687d34b59c964b429a7c458eafa49fb59e80606dccefac
5baa184a-7598-5583-9a53-53c4490596ee,CASH_OUT,train,33,302453cd524c60eb28c25130eb56e508104069f3c20ed1b749620b30eae7cd5f
85571f4c-f855-5abd-9844-759e6e74bb65,CASH_OUT,train,34,30843e8b10a7723099ef4866f1ee8186bbf48d9141f93d4884ea84e666311b1b
a0ce8ab0-322b-518e-a6c0-530311cf09ca,CASH_OUT,train,35,30fb33ac162afbcbbdf3087f70059e8d41742c123b5b7eedbf3e4fbce0807c95
c18feb74-9a11-5eee-a0f1-8f1b86d994a6,CASH_OUT,train,36,3121368e40068ffbde15917201d34becba5d06ba428204b36a26a1ba60616cad
451e25a7-5df0-5f51-84ce-104e5ebd748e,CASH_OUT,train,37,3277763e8f6a8c11f515d2f3fc6d973a73e83203591f4834145de0729baafd25
24897818-2c71-5573-a17b-c7596e94bc4e,CASH_OUT,train,38,33e9257af77c1de8eda4e1f45bc2f6aebb2fca3d52cd90184d7b15bd6d028382
3ee89359-b9b5-5aa0-811c-bde4275cce10,CASH_OUT,train,39,33f0766c506d5881757fbcc02a1faf296d236def0e46dcb1de1be3f9eddd6477
59c5ec8a-0492-5718-a4d7-f227cccc32fe,CASH_OUT,train,40,341c8f24e16871d48356fb579861a022229d444456299ab109e29842cb68642e
abe82e31-48fb-5a3b-9995-30360cca662f,CASH_OUT,train,41,379b4bb28d43c5e9e49b4a365347719963dbef67b63605f9d975a25b75ff2436
fc335993-7e2c-5ea7-9d08-16796418d3ee,CASH_OUT,train,42,387eed233f9bc43f66a42e6c2f2a33a4285523c2c4ab6ecdbc48730020e8a19c
2ce89939-9ca1-5a33-89a0-b5bca7ee1f9c,CASH_OUT,train,43,38ca4f3bc2c91716d656946b8ec7aaf5894fd2cf9dc07a5eed48d080dcb28e99
b80ec609-6429-5f05-8cd8-753acb4bbbb1,CASH_OUT,train,44,39105364e4d397b53b1f672ebe2c15728ee3c3b496d70da885a6b3010e9e52cc
560a78dd-0bf6-5783-a15c-e3d10bcf3ba7,CASH_OUT,train,45,3aa97a599a31fb58b7140e1ee57a69a2fb7d8f9df5329247f9175be050dc8981
203f57be-2e8b-5fb6-99a1-74ba85ecd0d3,CASH_OUT,train,46,3ac5459497314941f0e1b057a163235d3bc7eccc4a272fdb218d646750064c34
8b205bd2-fb07-5ee7-8aa7-63179e4b45ea,CASH_OUT,train,47,3c25342d386f37ac7503b0a397d41c7d554b7a2ced40ce748fd5298334e4b9fc
35d1cc07-98f9-5f64-9129-0e64179d3650,CASH_OUT,train,48,3c8738468cc3cef9db098d4482c1fbfebd3b1a4223bbc611625c52b29d2e36b9
1d3b687c-0475-5ea3-bdb3-c18d5515fabf,CASH_OUT,train,49,3db0831e736ac676af91c84528915658c1fb550f35dc6f8c11ecf57648ee592d
9c6b692f-47aa-5698-904a-cde86fc6919e,CASH_OUT,train,50,3dcf41e11f824ad8ad5ff535f47b35d8cd7abb9cd847d6f06c107b7b0a2383e7
03c2d846-b2d7-57e1-8ffc-2c800782ab44,CASH_OUT,train,51,4150993e82c659d91dd4cd99258eba5e017a8b7fa7acdf2eebf3e682843c7028
fa01e9b5-9514-5f56-a8c1-8a1e87b7df07,CASH_OUT,train,52,4167b706511374da81d2e75e1216430cacd8fc0537daefddacbfcddc1996d3b2
c8f5f6bf-9d0d-539d-b72f-5309df25cc9b,CASH_OUT,train,53,41bdbe6b7003ecfde1c30bcee6fcdcc5b5035c72c3237eb997fc77e2417c40bb
5086e784-7196-5863-9b8a-c925cce0b513,CASH_OUT,train,54,41e7b913ed1ca1e2064b95d164c26effd039054c9f87a9b7af1648e01d41732e
71d2a63d-3b9d-53ae-ad85-31c6a9a7a391,CASH_OUT,train,55,428ce482c6b3d9b1110ba1bbed377e8262c5824ffc9e80ec45d04c2ad34b51ab
2673d003-770b-5f1b-b738-748a9c1028c9,CASH_OUT,train,56,43bed8eb5def3e0f5e09e7fd424f08e98d478c929ff62a55c237e254fda18a13
07960d88-70bc-5a15-bc6d-8b89673096e9,CASH_OUT,train,57,45d04a37b8cabda2f1bfb74a480f89225b00377088a5c062b6b452ab8f4dbaeb
3781aa85-9c1e-52ee-a4ae-58b0fcbf8fd8,CASH_OUT,train,58,464d290673079067e04ba60e330ad519224ab66a091433d0eec7535663d2b8e1
38876450-a360-584e-a401-49ede2d5a5ae,CASH_OUT,train,59,49d79130aeadc593a03614ab9f8027f4fe653e5fd3f0372808313c91232760b9
4a4dcb91-10af-5c4a-9af7-6655ec54a4c0,CASH_OUT,train,60,4f0581282e695d8a236243e0c00a2186c5cb43671b803f43f47f5151c2282ca2
5e7e1664-67bf-5efc-a286-7f1b9bdc20a0,CASH_OUT,train,61,4f1d49d5044977627b55914e94bbe2402631e1e9650873738be4dc7dd98c052a
cae39dbd-1934-5239-b37c-edef8dcf93a4,CASH_OUT,train,62,514ca23f1dbe273a41171d008c770cfc9d04d905cb57e66fa1778b01c185e22a
0d16b314-ccdd-53d5-91dc-8cead500f4c4,CASH_OUT,train,63,5150b51176244a4f98619c2e9b3b32a0b5ac7161bf8e7b21b4e6a85b777a82cc
c0465242-52ac-554e-9b56-eaad4ad49be8,CASH_OUT,train,64,51a6715c66e2e5406647526c2a5e7a9822364f6ccf3b689a4b4064b5c4429282
578a0cb7-eb86-557c-a856-370b35f15697,CASH_OUT,train,65,52be6921bc6e7772f1615e906fa96bd08715e5c9d8f8d1127764a0011cbb29c8
fb387346-109e-5a4e-91b9-3e5b6ef2eb10,CASH_OUT,train,66,5383a4f33b6597662924c3938a1dce01894ce383e99509fe47f1b668fa02852a
3056b961-e4e3-5b45-8b11-9ba18bda6832,CASH_OUT,train,67,547119fd9ababb362fd9d12eae1c03d0782823d4b0be198ff05c3c496f045c53
51bf61fc-4bef-5a0b-ba3a-db560b7c15ae,CASH_OUT,train,68,54b3cfacf3fc69334ba52ea50c9f699f13852f40be60a400f7e81e403777edfd
ba45010d-13f0-5186-ab4b-f4b6c594994d,CASH_OUT,train,69,56d1decf4e8d21e82f1382c0437626ede1e63a2ca131854397cc1b681d15c2c9
b64c90b4-7f83-53eb-bea9-c9faf11f7e51,CASH_OUT,train,70,56dd21eaa9f442b60a77f88af9e6e5d0e860aac3f0d5a22c1a7aa1ee124bf5cc
ad5abe7b-2ddd-590e-8680-03f70cf81445,CASH_OUT,train,71,5717843c9828bb513931313f50a37ba1ef9071d382b52836ad56bcb0e17b4403
5ecc8159-9db9-5f02-ab6d-9d0586f40caf,CASH_OUT,train,72,58be639eb40febc26ed24e1a8fafacac6411a7e513f0e419074a48020124a285
aa1a8a90-0a13-53f1-8979-4d94d5c9c16a,CASH_OUT,train,73,5b0b518b959b5b4ff8e58f1a9917edf6b4ba0481682190ff1a1a583f8d0db3cf
601e45bb-5c41-5b8c-a3be-ebceef7a904a,CASH_OUT,train,74,5bdde7efb77c109f2a37f630139c7833d1f044ba0796eec369f2d382d94a792c
1d620def-950c-5657-80e7-9cc476dd6d8b,CASH_OUT,train,75,5e43dfbb39d7c13202a432866d96d8fbc1c2fd4f026092558ab951598cc317a2
08d70150-f884-57a0-933c-1f31c5bcee5f,CASH_OUT,train,76,5f04d84c374dd2a1787bb42b3215e87a8d8189f397f9b128d8fffd4692212cb6
efa58933-8fe6-5c78-903f-81efd3422e1c,CASH_OUT,train,77,5f30a087c1a72165203d319b80232977523fed12b80ee0188a468e0d1a4540fd
4803e211-29c2-5222-b550-2af225cff654,CASH_OUT,train,78,603ff3b5478f7826c25d1d1f8c3648176a6571cb8d44963f8c2b57bd1ef4cc45
9afd9b6b-4e8d-516f-8dc2-b6e0ccd98066,CASH_OUT,train,79,6186f4760cbe2326787dc11b7f60c9c0d11079ea63999e62235a552641ef61bf
aa8dcc99-bbaf-547e-97c7-cca992af11df,CASH_OUT,train,80,619429ea49e22c32d757247c594193a6b1ea5cb025bab62e6a12e53a46702ac8
6daa6f16-2a66-547a-a6f4-dd9139c65937,CASH_OUT,train,81,61e4e1992ca3b56b6a0959d6a05c4b797be5ec96a1ea25d0839b08df6f675020
2b7495fe-5b41-54ab-a779-3ac6d858464a,CASH_OUT,train,82,620c4ccccac858e124e6d4575dae432cdadf71a8ff647f8027db8fcdd06423af
db8e84ac-e867-5d49-91dd-beb2e850b6e1,CASH_OUT,train,83,63a226cbe17b2ea4f323d557282ac4e3e1e371de516d6e70be82ef8023f8c8cb
2ae9c647-f4f5-5426-9120-a9fd75d8b8a0,CASH_OUT,train,84,642abd160dbc00d4296b70dafca1de41e791635d110123140789b6125d9715ba
943acf73-4ed5-5fa1-b0ae-574caf96b0f9,CASH_OUT,train,85,65e070829b52a4f35ad3a7f363f84828edd196f16b6ae46cfc756c8a4da2f3bc
5cd063e2-d56b-5df1-8b02-fad4bbef6579,CASH_OUT,train,86,6bedd04a992db56e81c41ea1091d2b1d7b7820e02dc7329482dc4af33b9db036
5a3737c3-fbb2-5b5a-8d7e-25bec66df710,CASH_OUT,train,87,6f68328f7b89f5573d1eb1e7589fef2d12b810496aab6980763b21aac8d3b2c0
07b89b9e-50a4-5022-8e6d-b89b3f761a1c,CASH_OUT,train,88,6ff6abd93e593da2f78fac32b7be83123e2a654482465a0e044d69bfb78eb35e
ca4a33b6-2fb7-5bf4-ac8c-116bc042829b,CASH_OUT,train,89,701f89f4f24af70f6d0770af7c92de2a2ecc7ae350adbe3bd7879a337b153c9e
6d77ce42-ee3d-52e7-a730-0c5a13f9d36c,CASH_OUT,train,90,723bd50c3e3503741a18786964c7c603f15c2593a5757593ecf4f71abcd9465b
baec240f-3623-5910-b9d9-04d4d312b497,CASH_OUT,train,91,736123a81a9465ab095addba8939942f0fcc398aeffbe04df285c25c4e0b121c
a0b8c4d4-1c80-5815-a35e-2ee19c04c355,CASH_OUT,train,92,74e8cc5e2f79b9149bd2dfa78af9be6ddb70d494de0c6f6582e8469e337b99fb
cd3612ce-0917-50d8-b86d-fba3445f438b,CASH_OUT,train,93,757d58efaff0fb4f1cab1fc7c477781fbea8b5a61de9da9d7cf2fc6515776471
f4f32447-5f63-5faa-9fc4-9fe1fdadb2dc,CASH_OUT,train,94,7790220a29e287033ef6ceac64580eadaa6bf0dcecb72a0c92d08111ff76e9b7
ce4d05dd-5da3-5c4a-990a-680e33731052,CASH_OUT,train,95,7926ed77e89e4668c4b5ffd740139fac4a5a8ba45c19325e923b770e927677cf
dbf8ab89-42fe-5e99-81da-3b429536875a,CASH_OUT,train,96,79652ebdcdeb794b53d091e3c339ec7bbfd05e13fa40e5be4062c85394619127
5cab488c-fc87-590e-b92b-f6a390a28e7b,CASH_OUT,train,97,79b4537f6de838a98d6cd01cb10358ba3c64e5867328ba6b8b9cd74177422708
2182c8ab-233e-5794-bf9a-b805cccd087f,CASH_OUT,train,98,7e11d13c8e33c693203902bf6543ef2a68ac42aba3ad2148f399d07ec0674fa4
91a0fba3-5737-52a4-a0f3-38b230f084f1,CASH_OUT,train,99,7f1dad5e5d6d79bc09123f188dd34abf918e16783ce46795531905ca0b9ac7a8
8d909b4f-7dfe-54ea-bfd7-0dcfa152de20,CASH_OUT,train,100,7fafbf771041766a15aa3b4810fa42034656755edc2e2779e4581c5e3bcfd5fd
808e7265-2594-54dc-915c-45d07d357596,CASH_OUT,train,101,820b07c084c6be0a445b39bcfd9ffb5c3e65f6ef630c53aabf638e135bc609c0
69255752-01f2-5929-980b-b973df07ec40,CASH_OUT,train,102,837502e8f5807badfae16462e8dbd19cf22204da69faf3740cc354c88fc147f2
aa5b385a-4129-5a0c-8d6f-f6ea9da0b373,CASH_OUT,train,103,84b76697dbc1abb3d99311efe4bfb7da840493fe70454ff27ae5971018992296
e8223e3a-8a85-54bf-a4a2-aaf29275212e,CASH_OUT,train,104,85a97a266df7488fc5ebcddcf61f2a9ecd6c61ae50bd6b9bb2ffa9c5a40fb9be
18970099-0877-505c-abd4-294473da83f6,CASH_OUT,train,105,85da808d97067483b5043eb2be23bef2d7289b324fb67465d52e8bbc7004b33f
992571fc-b242-505e-8014-6eeccd6e0196,CASH_OUT,train,106,865d1f3b034031fce93a31cc9b1a2bdc3d1f77a80a2047de755400b4e75e3d49
b294501f-7594-580c-8d25-7ffd71aeeec7,CASH_OUT,train,107,884b184a7db741f0a2e6aee15b023639ceba9fa84d2fc23dee20c429d5e93565
743829b9-3a0f-5607-b42b-5e604862cfbc,CASH_OUT,train,108,89059620258ef6249be60519fb82aed74b0f6a622dc22fb0917df6f7102b4fef
f69d0c2c-e636-5588-a995-694008581f29,CASH_OUT,train,109,897a74a31b981263a70bf088a8a8a26baa7663643f1fdcf267b8d1343e8fe9e8
46a1d0ac-b37c-5c1a-bdf4-cbdfa55a5393,CASH_OUT,train,110,8a9b5f8480678f3e544fcbf6158f288a8ed3b5041d0a2f7956a26cbccea7fb70
e8bd2556-4d56-5a15-9831-db93ac828a60,CASH_OUT,train,111,8ae995508ab2e67544fda49b9ccfa3321ecb19e49354be46bdd4123ea4f7789a
ebb37b20-0a13-57a8-8655-3d2e47c92a76,CASH_OUT,train,112,8d8c9d7f8f839e36845a7b23b508e9a8df0ea1cbc9d5686a67953e1b7be7cd87
048c2934-3022-5d0d-a6ea-c03796b449ed,CASH_OUT,train,113,8ddebc66fa58becd7b97e741921f7fa81e20f3217df2ab48bc012315db69edf6
ba1ce7e7-eaed-5afe-b3a2-32983ea382f1,CASH_OUT,train,114,8fafdcdaf9c23a6d272aa64fe5f8d617fc6adc3e0d624cb35e95f83931e88e6b
8f49f6d7-184a-5101-a185-c5561a2d4d86,CASH_OUT,train,115,9028cae477c1f13bcc03c9d921f1e9f7b19f1d7446e2bd23f367920b5ff1edac
a2e41c81-bc64-5321-b13c-eea35966680b,CASH_OUT,train,116,916e8dc1846d7cd3117d70d77c5586aadfd3c7b1802f081b828c3f42f7528a4f
2b951803-a57d-5612-a681-262ebe76eb44,CASH_OUT,train,117,94918882ab80f776cd084124301027d757615d2c012af729cb743fe06cc7c730
44f656d8-f789-50ff-8192-036516dc5a30,CASH_OUT,train,118,94fb0c87be468caeed22fff48f51645ef0a0d8a2f3c50b54b6fc6386ab082026
91728ed0-836a-50f3-a85c-d4c184b6f50d,CASH_OUT,train,119,962cd5e85411b8352c4ba24c09ead7a8e3ef9e9bd665cf29f275d20d653290f6
f4d15ad2-297e-5735-a75b-70fb410cf209,CASH_OUT,train,120,99000e470fbea6c032fb7cdc97511e69710a0484996a44159914406e0dfee0b0
1eae0c5e-b84b-5a44-97f4-2c5c3fa03d68,CASH_OUT,train,121,999be9fa964409f1e31e28dfd18f832ba63d4dcd3eb1520c95486dac9019e7fd
9689c7c7-318b-5d54-9773-0803a2012cad,CASH_OUT,train,122,99bd0c28227e150d7d04dd5eff91d98b4ee05828d1a27c4ab6afac16f4e22e4b
819df10f-978a-5635-8121-5e8d3bbc0eef,CASH_OUT,train,123,99e3ea21b32b53e9fc34d0e9008dd129a3ec820d853af80af5e3be832addb6ee
ccf0bbb9-7374-5d59-93dd-c1f124da5a97,CASH_OUT,train,124,9ba4dda0b93880a03e2d2c411dd3402a3656a52a9d548e5fbd46a5c16634d426
2edc9143-e848-5790-a928-f3b25a763c8b,CASH_OUT,train,125,9e9099ce998371758183baaefb7f77ae11f53268ac644fcf0d4f30b17e0594aa
c0647620-66cd-55c3-b31c-266221b93229,CASH_OUT,train,126,9f4cffb63b913062ce431ba23ceef69a8c6ef64dd5012caa25c6fd2a7db1381d
283d3ac1-0eea-511e-a299-dec6962743ba,CASH_OUT,train,127,9f83c794b9fc95e831aa2d4f396e8a4096e7bc0aad892ab669d5ab8578ec9238
d84f751a-fb4d-5cfb-bf3a-818a5341f566,CASH_OUT,train,128,a08fe6f25abb9a0371a6e00074a1eb42a686d224e93dd1aefb80e0b5079cb471
cbcd20d3-5f8d-5b26-81fe-a86ebaba2342,CASH_OUT,train,129,a23a71111e128764c885c7cd0432cf4772ce235155b5b7295409957fad414bb2
2dadc7ba-2a83-5b55-b0d1-1b4c2b782f74,CASH_OUT,train,130,a24cb0ab807dbcdcb1650aee04772f302f8079acc22fba85d3c161cd361e6361
ace1785c-7976-5906-94cd-7566a757c4d5,CASH_OUT,train,131,a3707b116cf1231b481480f8a7777768b0baacb9b77c497013bc22f6bcd4bb44
2bc16360-50db-5aee-a61b-29068ec46191,CASH_OUT,train,132,a4d41f2c4803952ea9ea47d125fe46e27c3e8195f8c042f69dc77e02916c9343
cf2b44e7-6e44-5fc4-a07c-a0d56394fdc7,CASH_OUT,train,133,a5ae9f018140be8abb7275ab23fc4e6cfa8e2c973a189aa31d6fefe0204fa129
265e4888-dd8e-55a1-87f4-ce90d23a768c,CASH_OUT,train,134,a60dbe5202e4268031a72de8fb805be2ffaf3184f6986f133e39ee4b649b8db3
9af94d4a-e836-5454-94f2-56ad69ebd2f4,CASH_OUT,train,135,a997f83fb8974050b8094d10a87fe26e0194e41acc86f4ab5b16ba14a93345b8
f684ff1e-23cb-5383-a026-639d3cdf7002,CASH_OUT,train,136,ab814bbb3ca027037299087ff1384002234a8cd335396c4503dd7fcdab233775
174a421a-ff17-5579-b9a9-1eaf6ceff1cb,CASH_OUT,train,137,ab8e95f4687a346ed4af19d1255004f0d056af5e2da529abb0eb9af2edf2c490
9c33b426-29d0-51bf-aedd-3fa924d4cc2c,CASH_OUT,train,138,b35281fd31a456d47b6e271c4a77e239eb9011d1b165963e7633dc7902da5dc6
12e33a49-5163-501c-a70e-c442ef7c445a,CASH_OUT,train,139,b500eef492083f8b653d9e1cbfdc5b5a3e43f3002f4dcd57b5138b79575d307a
705b0bd9-1f66-501b-81a5-e14f5aa389d0,CASH_OUT,train,140,b6ba6e95133a1500fc877e86a448fa3a54d310d1a10d8ab37fc40a0d7bae924f
40c420b7-24b5-5a35-9917-7b8e9caa078f,CASH_OUT,validation,1,b6ee02797b4a8d7841abe4d0ec5272d9e0f39694ed784b4abf667b70ae61952a
a4f812ce-f00c-54e2-bbec-cf29ba788286,CASH_OUT,validation,2,b7a1f599d5c20db0b3ea7aa34da23561c1c3030ce655f5ea1968971f63546d0c
e975d927-607a-5c3c-adb8-6227c06b9a9f,CASH_OUT,validation,3,b7be3404825e477316855df3eb5a7d127119b50f1768109e9760060ac041480b
64f027b7-b623-57ad-9445-e5cb9f8da8bc,CASH_OUT,validation,4,b8e5fc4ffab65621ab36a247afaa0fc461ccf8e6ba415bae7fb8b820e09ed879
8c1ab59f-906d-5c94-a21f-d4ccae4f61e5,CASH_OUT,validation,5,bfc08ca76b446254f8fbf17fdd03a545d7e6129987e8d4d802f364a63072f9db
67a7eec4-0a8c-5a97-bf5f-a2730e26dd04,CASH_OUT,validation,6,c21ddc913db790882c6389ebc27a429a99978856b629aae252ee40679c5df669
ddaabe62-1d39-5d7c-a2bd-bf703f2c0481,CASH_OUT,validation,7,c2541ead19ea10c2fbef1c0b77bca6f39414c3f6192c822a3ee73317b522afbc
8402b0af-245b-53c1-a8e8-c325353749c8,CASH_OUT,validation,8,c2d2c522ed1beffb5c06b5200a2c86232191ae60804ce1a358c9802e4911e0c2
961986dc-0142-57fc-9074-b29af5bc49ee,CASH_OUT,validation,9,c445f89310e41f3c20cda4e6735bbc86d13bd1a59ba9a5b544cf40bd10be9d14
1d940974-5708-559c-8fba-f9215072442f,CASH_OUT,validation,10,c69cecee21100362000557b86db8fb1c3470cc0ff7fa1dd27ef527d3e7ac8295
89613256-1951-574c-89ae-ead387fb6c88,CASH_OUT,validation,11,c6d0f09a94a59985ce454f6519042599ebd59edffb4bc54efbbdb8bb76698d8e
fe96cd23-ce28-56a2-b0b6-e41ace6575d9,CASH_OUT,validation,12,c86bc7803cf0f444c9a9aa3c9f23f87d1ecd0ba2e1e730a178761bdb58d4c891
d8918d19-6c7e-58e9-a11e-86d8430b4298,CASH_OUT,validation,13,c9b2940b04f89c58b2769e99d892f32d2cfa8d3b1efba5eba16662b99d69f186
e693db17-31c7-53ed-81af-b550294ccb49,CASH_OUT,validation,14,cbf6cc3fdc3294d4ad90855842feee1309eb10abdef9378e02037e48327a44f1
c85084a5-9850-5458-b1ed-4fc22c80703e,CASH_OUT,validation,15,cd3641a55046cdf152083fd7cf9060a53173a95e83fdabd3cc88aa3859928977
942e1e4a-32af-5630-a079-cd60ee7843df,CASH_OUT,validation,16,cf540de0f5e9733365e92b3d6096832e766732f8a62851c4e4f76bacf85745fe
686e5271-7ac9-524d-81c8-51ae52e6170e,CASH_OUT,validation,17,d04d4544d001c9f9646f65b6039f82666446bc725856247fb21794825a911203
4fb86755-81f3-587b-b377-695d2c54a26d,CASH_OUT,validation,18,d127b1a7818b3e33a692d64f2017c314ce0cd1ba31b7fbd5b3c86f515c79d4ea
6385615f-741a-568d-a792-0342106dcf0c,CASH_OUT,validation,19,d1a2304efd99ea624ce487ad48ee4153c6ac58886f9de49a7602a4933dcceb1d
55b7806d-cf0f-583f-a2a6-d3aaf3b7acdc,CASH_OUT,validation,20,d1b94a9157d21de7b308d38d70e918a9b127f79c8d7d9555ab7426f564b99847
321239b3-1a43-5628-9452-8cf98a400013,CASH_OUT,validation,21,d362d50b52a8a9e32db487ac45cf7a0776c67850b93d1dc5e556a4c9862af1db
39b5d89b-0edb-5f74-88ff-2d1c2d0687c5,CASH_OUT,validation,22,d43c493a5d37dc8827560c1ac24be136a4124d811e1d93cf83fd01fd63db62e0
e452b4ef-662a-51b9-bda0-f6cf6734983a,CASH_OUT,validation,23,d6f6b54d888f32e8c4f24627b908d2322692c2501c5d3b5b6ce2b038259d0aa9
df332c7a-6057-5227-afad-c21c3edd2c94,CASH_OUT,validation,24,d7479439b4a138f5a7394f48bcb0e82d041af168a299259d897c126be4f9d403
12f74c2f-806b-518a-acb9-244b109d6efd,CASH_OUT,validation,25,d8e6fb51cda01fddb7ddbf1ed774630562afc42281798a3bcab2e4423c82449a
a1094f9a-ec4e-5b9b-8e0e-4a0934307a00,CASH_OUT,validation,26,d900a56ed5bad6123b9c3351e5bb31619800c4c442863a35c48e929be7924867
677e7211-e09f-56e2-895e-705f23364165,CASH_OUT,validation,27,da5731aed3fc70bda02281ef64ce6a1796c83142e871fde2134697391ae6ad3b
28ce8a1a-6e37-5249-9545-b0b74bf3d634,CASH_OUT,validation,28,daddb50cfe49f3a79d36b43d820a8c0547c94c508829ed812ccb26f6de717e18
1c91a4b3-8e7a-5bf0-8a6f-6f00cf17fedc,CASH_OUT,validation,29,daf1d1b88c9d4121a82ec9c76dea705d4e93eb692c5ea8fbd09b54bcb3df48e6
5991f28b-9414-552e-94c6-4f311aa07941,CASH_OUT,validation,30,db5c884670a087abb89233231436db1001013ad7e7d19002ef246568cf932366
4545a431-48d9-5d30-9133-a18bb53f106b,CASH_OUT,test,1,dd83701be41a435fa8b348ae4ae98b5a157d6928e2555ca53d10ec1eb849523b
4f9b0a41-1336-5d08-a8e6-7905d85457a1,CASH_OUT,test,2,e0cb67d4038d64d98c56d01b6b6ddca1c1146e7c5bbce19ed5749ed4a6800a40
fd92decc-813d-566b-bc9a-6f62a81c4619,CASH_OUT,test,3,e164f6653a52af175c185f526ee2b2fccda39e383000b7095ec0805bb052192c
47d1d229-1706-5b29-a434-27dd76dea888,CASH_OUT,test,4,e25055aa490c352401a80bac5da53952e1e7dd6f5e7b0be4309cb7976311d084
9371da9e-e454-5717-8021-b6ce908e0468,CASH_OUT,test,5,e5fae266d12335457ae8831b5f008d5aceb5441bf301fabf04cc08e88295dff9
bcfc6862-a78b-5dd6-baf3-5e48a3c8d56b,CASH_OUT,test,6,e722cf6428e4b68e597fb58dbbc035feaf755188d5ea0e3ab58e9ea7542979f5
401aae90-ce77-5922-bc4e-cbefcfea7e97,CASH_OUT,test,7,e87890a130c581f261f5ffe380dc9db39eae5a65b6b715fa4c5c96f46c0a520b
cff5fe9f-6668-5d81-8d0a-d23fcf9761b1,CASH_OUT,test,8,e8f18c7cc688565e89fc3c774b90b7eb0cac8d72cb047f952d63068e25666ee5
f9688e28-22ab-5cfa-8b1f-0b356440ba0e,CASH_OUT,test,9,e93f4a0a1c7b8c09fafe2bdf4a9830ef661e915a0cb7853faa58f8a99bff0562
893fedc6-5aea-563d-b0a4-15d5db55cbcb,CASH_OUT,test,10,eb6fa4cb97ee42b4057bea96ca341fd16ddbc2078d7b340d33f8ce8a4e7efc32
3cd00f57-7925-54dc-a73c-d5e44ee8f752,CASH_OUT,test,11,ecab3c440eda3bb42a2b406d173b296c53357716b66e483b5d81cb33fbfb1a28
8a877668-9d59-5f4c-8d6d-0e044a8cc54d,CASH_OUT,test,12,ed1ad3d2b47037f92990a9d4179b68da9b45aa1295b525e8a9a4227fd9ae7aaa
9ec399a2-bf8b-5761-8e30-65604ed25109,CASH_OUT,test,13,ee0f0e913b72186e74163537c378214f8496042bda3c93cb72c1a51192f21a65
4a3f37ff-9d88-5c0b-904c-3bdc10e342e7,CASH_OUT,test,14,efb5b941d71fb48d2cf62a87d0d94b48fdcddbd2f495fb57572664462e144761
f1b45904-96c7-57b1-bf21-db5363440a77,CASH_OUT,test,15,f035c6214a336bd9ccc4a6ddaa77c2e8df86fb70fdbbfa6cff4655c14ba61bb0
cb85f853-2679-5b47-8367-46751015e7bd,CASH_OUT,test,16,f091e8ca702a2f14dba247f9940c7a3111c6a1e98fa37b16fabb7356a5dd9a8b
7730198b-eea8-5f08-bd4c-6d46bf87c819,CASH_OUT,test,17,f1341f5ccaff114735639518ac7e3b404ec0e8e2d69dfd7aae3e98ad5f5ea451
d1590c6d-d040-5ea0-95c1-f108b14529d5,CASH_OUT,test,18,f1436d29cccca65fc2a9f629f499615688cf176161b722282ce65c24c49b830c
2239011b-d3c6-51b6-b7e8-6f6d065bb3d6,CASH_OUT,test,19,f1829ad49947cebee79ab8a334201ae24248a26faf84a101ccb59a4dae567922
41b46779-6411-5f87-b815-259a5c5fc857,CASH_OUT,test,20,f22a6e0572db45c995767e055c74e692949fb07f7a3a68c2b202d1a562f5de26
71bff752-376e-5f70-8018-677978c9e7af,CASH_OUT,test,21,f2b83f57ab644eea2605c674d19670761d02397b38f18727c7669021fef0f2b1
2e172956-2389-5562-84e0-93782593d673,CASH_OUT,test,22,f32e757a79c6a83acc4dd5b0e0dbaa04ee27e7ea34b47cdc1a64697ffcb00032
12883821-e0bc-5420-a24b-47236bcf8b94,CASH_OUT,test,23,f54624760c62c983165aa111ece1fa532cce672dea86716adbd006f16d645f59
152024ed-21c4-5c7b-a73b-13722e402004,CASH_OUT,test,24,f5ac435d7f7d9d9a2ca0f9d90652ec90b22d92a3d85054548e24156a40e6480c
8de8f28d-dabe-5e50-9a3f-f5b4e6975531,CASH_OUT,test,25,f909f7bfd1b039897468d0e70d5d81d23d93f95a485b6d3cc1f1e8ab261827e7
b5924591-7c03-5eaa-afc3-2859e1cbc161,CASH_OUT,test,26,fa6a1cbf4df647260aa4469036b20b2deabb9493c8fec349a3fa69252f71866b
ab2c9bcc-09ac-5df8-8df1-5a1897d29c86,CASH_OUT,test,27,fb63682fab604ff1884f2ddbf4f10a207e13f20628e09ca86568c5aa05f49e20
e2fb3c12-5089-55ff-a7ca-758dea5b038d,CASH_OUT,test,28,fd5f053ed5cc8e65809669e81ca782a33fcddc22deee605ea5040c1da894e7db
d917727a-9146-5f70-9925-dffb7fa140f4,CASH_OUT,test,29,fe4c7928ed1279d24a3b1505e2bb8deab8ebdf2601d467f4cea5a365a09c8e8d
b8ba72d8-1867-545d-a9b7-d50d5a2465b1,CASH_OUT,test,30,ffe1166e7446c56a10f74420bb3f6233167eb5560974c6e9a24c644b5c848586
77441821-25ab-5f4e-b499-11bc6a0209da,DEBIT,train,1,017c30190190276f268c18bd424c25c7af3b8800ae1f8ffe8070bb124b4b6de0
a0e9eec9-5339-5869-8bd0-4a3b69db0200,DEBIT,train,2,019d225277f289816712ba6b1e2436e9e7aad1304bc4045f0421abe2b84c282b
73271237-c3b4-5004-81a6-22e6f0b50d6c,DEBIT,train,3,0356cbfa2941f0e8dbe1ec7ae33da51dc219740a57df19167a181d1e0da7459e
5e9ee4ae-31d4-50b7-8fb7-03920323038f,DEBIT,train,4,062df95083525a6c4235d0099e83a3cd68722fc8de648534e679118415fe5cb0
1e511552-e132-544b-8ef7-190c634d380c,DEBIT,train,5,067f0df76e4a8957451532fb5b58a834ff5537f71a3b0fb01bca71b23aa01940
122580d8-53f8-5ed8-a06f-6182625c2c80,DEBIT,train,6,0697113dce7e305dc8e01616e6d12722be26bf710b2ea377258a0c2cdf7d8761
baf3eff7-682e-5316-bad4-8f057269cbe9,DEBIT,train,7,07bbf699a922e277923edee8dc5286da13f3e9e15261dc7ecc0913d53d63e4d3
60b21c7f-6e2c-5538-9dbc-4cfcd985e703,DEBIT,train,8,086f75572e91609092fa19abd8ecce879cbf58930e5dfcaa641aa2dac37e94fd
c313f7b5-b8af-5d70-ac7b-f8c4c59afda1,DEBIT,train,9,0923de1a3287b0dd0279b451d5c8c1a6eeb051ac20bdd39955d03b83bee61739
442336dc-4c7d-5168-a98a-0e5cd4740dcd,DEBIT,train,10,0a4bdc9efb1b1d35bf62d39c5a343a570dca0e59dcce9224ff5ebf8fb355accd
7e7a209f-b2dd-58a7-8df0-ff03e223de42,DEBIT,train,11,0a6768d2b0e2b1e6311d41643817b3adb0184a0858d6e161b647275fb6fa2231
532cb3d3-5f9c-59aa-ba03-f6e2230b8058,DEBIT,train,12,0b25e2f31c8f81ac3e3457318d752bb5357c44fa7fe0a09d135d91f9cc0c7dc9
082079e6-26f0-5c4a-88c0-058ade7de1c8,DEBIT,train,13,0b5d1cc847a29c8ffa439fbecf6f721ac918f630604772de26d3dfb0e0d21c4b
e3a0e05c-831c-51e3-9303-9354e0219871,DEBIT,train,14,0c93fe06802d8452d8520964de94dc12c3d9669a5342bcbbb05774d5bd390ec7
dfa60478-6e57-5e1e-b803-86250756b81b,DEBIT,train,15,0e1d6ba186ee435997921b1a2162f30b9aff64f9052dcbe15c2be28a5e982724
c79fb208-7d60-5e42-8c0e-40d347e79470,DEBIT,train,16,0eaa838f30a94edd9a48720a18084559f0c09160eede188b73e7761aae7579ad
2ccf2e7a-abf4-57de-bead-3519274ffb90,DEBIT,train,17,0efa9118ce5e65a9549a22eea0424839fe310b9efca3583204ee7ff9560e3b4d
e04e9c67-99bd-5543-ab47-58a49eed3461,DEBIT,train,18,0f7456f43a6faab550659485bf8607ea7f4bee86c5dfc2cb75da092030991c33
a248042b-225f-5d15-a467-084a761b6bdb,DEBIT,train,19,11563b96981a65dbcdd254dcd177192f5c6a20a91a270ea744c695e48293d142
6ddc0cde-0784-59f7-aec5-19ced2c9e071,DEBIT,train,20,1194706759ee38c98dc5407c5d16932ad154c8fc05ad595a41ac9a6b1ec98747
cb31f421-f95a-5945-96f5-c96c726a1a97,DEBIT,train,21,1240e6f67a845fafc358be8e4641fe73c89ec96ba61f6f34371ae4c3855e0c9d
5b836fd8-e7e6-5c35-8826-28cb27241912,DEBIT,train,22,14351abc66039ebbf13c35b86a67ef989bccac56edde8453c13c1778b6e3136f
aed53e97-d692-5d8c-bf0f-90e597964acc,DEBIT,train,23,14ff422f73992545099b2c3ff2acac1d2a3af92f78c4154dae4d490d18e3b569
e5f60833-b2d4-51f1-ba0b-21313d464c99,DEBIT,train,24,15575012572012b4a1aa25edb5efd4f7ba2d1c7399baa60047622104e7f92801
6b4cafd7-39dd-5461-b14b-a063ccb40f22,DEBIT,train,25,15b01075b78af3dab8fe95847ea7dbaf035c6834ea2af6fcb1cd10c7794099e9
5fe3a987-a36a-529e-a260-389df65ce7d7,DEBIT,train,26,18812bf6892413d1c2b595c2591d4bbdaf4617ab7d69c417a2d82127f9638553
f447e6f4-696a-5b48-b681-4bfe2e1a6f29,DEBIT,train,27,193fe75bde57a7422f83b5870a77ddab777426433c8b6ba6b0ce0fe3c317956d
465943f9-b405-5f0f-bab1-3dd89a9e3adb,DEBIT,train,28,19a5f86896f8220f6e9d30d6ec86a08dcde4083d2ee771575850d0a2fab50f4c
2f066c91-12ff-522e-8288-1aed3b49b1cb,DEBIT,train,29,1a04b85c0882b1b6e9a4633ffb3b7df1df919faf0d5e6f0606558d68ff0400e6
e9bd7991-c48c-50c3-8031-a8a2f7de6563,DEBIT,train,30,1a424a3fe1122f0e3df4635db20fc3c01c54f45ec1fe8a24925a2abc9588173b
6af0b569-6c94-5aed-b3cb-2cc12b2a7e55,DEBIT,train,31,1ce8f92f67eb7d06439cb6e3e546e0516e748db0ae30af939731ce258633288f
c544b2e1-d44d-5919-8c62-3ab23b57c598,DEBIT,train,32,1f766c6f6ac8aacd20b598ac3fcac9d53abb2961c76d1cd7eb1b64a861bf685f
cbfddff2-613a-5628-9014-59095d82e161,DEBIT,train,33,20e02205bc986631d86e97f495189dd7e8e4059a81939fd10bb26ff8e4534d45
5f21abad-e8a7-5390-8c54-664bcbe8c078,DEBIT,train,34,22b457d5d705c7fcbcfebce0ff4f4192eb5043ddc58a9086260f6c2462544255
ad9ab5cc-c83e-5d71-8c04-043a1e42515b,DEBIT,train,35,22c513482dd73ff1b66946dcffa43a0a3cd78818bc4745dc7dff1aa620fc93b9
7c0a0d00-fbae-5b99-a78d-b2bc37775dde,DEBIT,train,36,231a0b87d06ed292f4f02533bd266a9aab6cdaff4e2aa4bbbc80cb25a301a702
7ef86083-8792-51f1-8994-045b3a8d200c,DEBIT,train,37,24ab49e120f8109e9e7e61d5e01895eddcde19f8f5ffdf33edda8c2c9bf98bc8
1ff689b3-6ba5-56fe-b8fb-8fdc609c53b6,DEBIT,train,38,2539ebc836e8e4a169c2358164acae4de807b12d3ae0a6a05bb644246abc98bf
ff197331-c0ec-514d-848f-43162aefbc43,DEBIT,train,39,266c69acd18c23dfbc9c2d99979f0dd0fc181baa169c331163d040f1828d2cee
4c1b68a2-df2c-5e23-899f-135ec5d4047d,DEBIT,train,40,27830ff1b5da34de2afeef63c9536cec65fd7e8060642eb397341a030a0310fa
80893ac3-16b4-5f60-89f3-c4288f3bed11,DEBIT,train,41,294c624bbd598ce645feeb4c7987b4b35c98dc6191c0350add9989f820b6fae5
96f3544a-a587-55e2-9e96-879383d8a2d7,DEBIT,train,42,2962007d06f422e0ffe02c767a354af5287401d982c3817b5bb99a86f981ac27
052c87ae-edb7-509d-ad69-c6647c7988eb,DEBIT,train,43,2a6db08a19cfc34f35e21e9ccd1f8b1c59d62f2406d13d9a2627f0118e918af9
c3ac405f-649f-5cf7-921a-bed0dbb413c2,DEBIT,train,44,2b5dd731079d5ece900a465cb91032304490d684e74e171727a956abee9d3235
4efbfd4d-5a0c-5c62-bf37-db1c5e67d403,DEBIT,train,45,2dbc54c8a5e01f06c841aac1691407ea9fb2361cb18b64b11533bc434ce46d81
056650cb-a96b-5432-815e-2fcc7faddedd,DEBIT,train,46,2eeb5e0006a612b78884c4cafbde4a027244976ccc8bc2c77f803b85a37fcc73
deb4b48a-524f-53ea-9df2-196460de9c3a,DEBIT,train,47,30f00a7c6982410ef8753bf14daa2be4f125580c5d4bf419b4cf77eb9b85791d
e9d650d4-0af4-524c-bf9c-4def79283d34,DEBIT,train,48,3116f6d5df4ab54ac7cfe4c7a00d16cade82e6a7d44f3010d60f0a48d216fbc5
dadd00c9-1ec1-5dc7-81cb-272880c321d0,DEBIT,train,49,313c885b882137b3ad46978b79c487bb0e8e8bcb6c4bb46ca5219278b437befe
8f88d670-1ccc-51ea-8811-46425039d711,DEBIT,train,50,317828523877089902eef5ed656123b344db0437c8aa13a94962699b546e8387
16bfca3f-5607-51f9-93ee-686dcdf2f39c,DEBIT,train,51,337254c6483e0a78a9dbca854008f0e1c9d67dcd76412bf7506070d258d18b2f
0087127e-c89f-572e-972a-057dd92716c6,DEBIT,train,52,34f1ea974a413ba112b53ffa85eda9c596eaf5b1f915307285a173d3c318241a
619109fa-03e4-5569-b261-fb3c7168a802,DEBIT,train,53,358d72b084e28a3fc5f13d8dc9c8a9504260202f86433e4a80f3862c53e718e4
abc8dc84-3018-5c05-830e-7abb495ab95b,DEBIT,train,54,3744ba2e5cfdb31e96555041699bf783856e34f3164e991a543ba72fb41b8cd1
3dd4141a-5e24-50dd-8cc7-29c9dae5058c,DEBIT,train,55,3b70b5fab6e790a48a171f73d13877e66936426f0d8348d3ea3f4b86b23c8657
7d5aa29c-2e7d-52dc-9566-af5f9e77c2e8,DEBIT,train,56,3d1e3f5463933e7d2505aa875d113801c02218957f3715fb7e3332fe58a4f2ae
94edacdc-ddab-584d-8c85-98a588508111,DEBIT,train,57,3d6b9893ea8013cc2b2441b8e0a98fd380da6973f33dcb4545eddebf1f20dd6b
620d9268-5068-56e4-a5d7-ff1182c62f4e,DEBIT,train,58,3f4fcf770ab59dc24748b75ef7058d6c89d9d6a7040d736cbc3b303633e7a8b7
67a912ca-3622-597c-9bd8-2bb369faec63,DEBIT,train,59,40018a79c7e54292f69b67b0de1073aac5caa1d99c9caf84fcbc3ea4f171b184
392c7d8e-86a8-5c33-b71e-d1f21cbbda82,DEBIT,train,60,41a1fdcecc9c89f3c3dd11e89b1c0b8200ab1b602ef125f183f5968c31b6d104
a4a8fc5c-bcd8-5701-9b29-a99d0088e6b3,DEBIT,train,61,45a8059ed8d1f8c3fe2e66f9e6feea849f17b92ffd69adb8ad7000b4a68de62d
5bbbe317-cdc2-5cd6-83c1-e78ef21185ca,DEBIT,train,62,4812d6d4758f918260860d3b086923ac78a9ab4ca41ee08350928fab6ebfe5fa
0e2b52b3-6428-5b97-bb81-fd999255da72,DEBIT,train,63,49404446d40fb3101881e0de2714c2a5e76f190aabf1f9e35e85e5a12064f47c
01c21ab9-0508-5411-a641-0f98dacce6ba,DEBIT,train,64,49e1552ecadb34849c6a1a4206720988fb70d97a2d40a3e3ae71ea2e7055e2bb
48fd5036-9096-5791-9306-d6470463627b,DEBIT,train,65,4a9dcfe142876ed0e2ff73cb12d9ef1795e88fda57c8b0e3ce3eb98146c3f42f
37ee98da-5ed6-55a0-8228-034d423f3702,DEBIT,train,66,4cbd5ba22e404a1a37f9ad37e0eb06df80ce423208a0c5548e2f25c2663c7c1c
31e6944c-29b7-55d1-8487-5d2d17ef3627,DEBIT,train,67,4ccb93c6084006959d901d79b9993e50658b33c699338aae5144d40cfcfc3383
719e71e2-3fa4-5e27-a987-f131148b8eb9,DEBIT,train,68,4d8f297c0eff084349fc23b46f33372f776d471ae30c7b516679dd8c9c197708
89586149-3663-5a53-931e-ece960805445,DEBIT,train,69,4eac9843a07496882a3b3e61bdc72bbb3efd28546bf4d3aa7f02daa78a37fb5b
88a4e892-e86c-5ff3-8d1d-5fc3884bb8cd,DEBIT,train,70,50b8e6b94724112096cc9a686eda3480c586ce9076fba7e999ef42141071dcc7
0f15a669-11dc-56eb-a4b1-9ce1e392828d,DEBIT,train,71,50c0b880cd68482e639144883915edcdb2a889bd5e8eeffdfb2b4b1b73892d07
134d33e6-a3a2-5550-b005-c20a8cc38221,DEBIT,train,72,53a61b40ddecc409c7fcee5b680456e51a12f6b22f8f5db243aeb8e9fb9032fe
2c6356fa-0c31-5ba2-b738-dc93b35bebc9,DEBIT,train,73,55d8968dc83b9ae2e9ff765c866d4f405e76e34b78e5fb8652fb32c139c2187a
aff4c9d7-c8c2-5ae0-94d5-38756afd7e0a,DEBIT,train,74,56ddb4b188b2388cbc5dfe804b4bf717bb25dcebd024e0edc9ee41a9ba520d1f
eafc5389-e1b0-5380-842d-43b9eb97e4fa,DEBIT,train,75,5b552ff3a2825ec7eade271da5026eb908f4213b4adbbc2649e563f802b1843b
bba0420d-76a5-59fb-b735-61731503a972,DEBIT,train,76,5d74f096823d849513e2b1d52c05baed2f3db653749cd67e1d945bd598a0a08d
7fbc8248-50ee-594a-8bf6-e09f2c882422,DEBIT,train,77,5e8c449d4d78f75ad3ccbc62c2e3102de933573e7fee5432dd8fa628fe450e62
96c5172e-5e26-54da-80a5-73b831281be6,DEBIT,train,78,64acdbf6be90a27b15a7a11263078e5e8bddea650bcd36e9e6a9d7330ab8d2c2
314a3933-a222-5e37-b782-eef32559529c,DEBIT,train,79,655ed9a30c1102c1ac18bc6ac82e110369530824c6cbbe394cdf17ffe02350b0
f0be7b89-cb64-5e2b-9161-e11be9779336,DEBIT,train,80,666a04ec669ce449077ebb6b3cc1de6f1fdf35239469dbd58d9e1bfd4337f63a
849b5edf-3a75-54bb-ac29-5f705290377d,DEBIT,train,81,6a03fc9fede23931fd8f6147df83c2112affda9825148660e729b1aabdddd11e
9e69c44d-e989-50b1-8769-3f5f308dd1a8,DEBIT,train,82,6dc1a48eb049a454cf19b2fb693ed83fabc330a87ff1d5146a1f5fe9bc08028b
260ddc4b-781d-51f7-82c7-b79f8cc3b60d,DEBIT,train,83,6dec89e0e80b166726ed10431bc750d406ced91c87ab6f09c8c9ca1151671641
be800447-38be-5aad-8657-13289a272563,DEBIT,train,84,6e6fb4c9578315c5b081b332dbb4052a7bccf18525614ee7ae5fd32a8c50f064
4f4461c6-d62b-5328-8f3b-800dd35e5de1,DEBIT,train,85,6f055df7f9801dfae4ce0121d38ec5b2973b0d3cf89ec6e0796c58f309630354
963c60ed-7a43-5f99-8fd6-b6ed50ab0783,DEBIT,train,86,7258b9a2efe4c32fb6d074834e7fbaf73e6f69c1c8991ebf765a0919d5050a58
b4ce37f8-440f-5250-87cb-8054c273581b,DEBIT,train,87,728305bbed6d3bf0bc96896d09a450ab91da4af5a9575eea6ef56edd37eeacdf
fb2f0f6c-1dc7-5909-9a7d-90c3d64aea95,DEBIT,train,88,7669d8a079d52bb0a06aa35a3a66bcaed86b560eba02972f5155ba4d32145aed
6d629a4c-fd39-5eac-a4e5-4fbfb5e7d899,DEBIT,train,89,770d64a8410b4ba7ae9e11bf5dc685682efe00bc333cd579a73b34fcceecafcd
fa79fd30-8d8a-5353-85c8-707f330b869f,DEBIT,train,90,7747d3e7f1d3ef7f5c054bf548dc5c3a71ac978fb3d6c9eb2c86fd62aa5bec14
73f4bb7b-ab56-5c72-8a5a-4c6da6a3e372,DEBIT,train,91,77b37ebd720e956bc4881455064fb7b0e1cf4874fe5e6f24be7f28b322eaacf8
9e10df8d-ae2f-55aa-a68b-5601d04eedf3,DEBIT,train,92,77e9b604191f786403964563e1046a3205a5f2c2ec54d9f7870d6108d26edcbe
ace314b2-306e-5b2d-9675-1b730376ae7d,DEBIT,train,93,7ad3be7e819ed7ff423fd4028a02ad287b422a1835fa2b78a4f634f751df37d5
f6197560-3a67-5180-9dff-4fac5c453ddb,DEBIT,train,94,7cd21a05e9e3637027446459587645736a312943221c229a6aa1bd387ae2c6ad
f7243ea5-deec-5f52-9b35-c29ade0db0db,DEBIT,train,95,80d13376294c759ed68d9442dfab22b4eb8028ba7321d8dea28be30e03f86a2d
282ccca9-f3f2-5b5e-bf6a-99c77d7e91f4,DEBIT,train,96,81169a6e34addb29b3b0ea686dee502b1018689d7a556cf010294d3be33829ad
d642847d-02e2-5cbc-9e0f-087de083a0ec,DEBIT,train,97,8220c623fd1771b8af2e35f636073042bb2f59795d16f6f361abb56f30509472
d310226c-8cdf-5a9b-93c8-6e55c20d5e35,DEBIT,train,98,82ee3a761d7a0561404e78dec14282f4ae64b63316a20162967c6cf328adbd4b
68a1258c-983d-5e7f-b865-ad70be4d3746,DEBIT,train,99,83bec7a757a99975cb3f40dd728da83fb085e38b0c00b25a04af744fa2ee36d5
10eaaf9e-0c47-53a1-b244-c94929cb486f,DEBIT,train,100,83e2b6f5d88df47834c21294493fb357299920ff672df97a67385d8d7472aaec
42a3b91c-40c4-568c-90da-8d64749f198c,DEBIT,train,101,841140627a58b0d980b3f8c8448de3e479cf66163630903847bf4a0411a7c348
e525d3ed-010f-57fd-b832-6120e38c684e,DEBIT,train,102,845a592fad920b4b134b3e4fa14273c061e09602eb697815da7a5509aea47e9f
85e5f56d-c455-54f5-9d31-3b14fe4da9b5,DEBIT,train,103,84a2ed8a3bbc71472245ca43fee2fffecc3890b16f2839e2754568dccca29f1b
0ca950b2-a3e8-556d-92b0-6dcc731da193,DEBIT,train,104,8605e893f305221f14f1e832adb47384cbd34fd08067438878f23fe4c7448c25
f49073ea-74a7-52b0-9095-646ee1e5fcd6,DEBIT,train,105,86d285b360f361ae85fe562ddcf8e1ba7cf0bfa8269c3929644e34ce68f24994
537539b2-1eca-55bc-ae30-d94747c11b06,DEBIT,train,106,875ec67c0ac3ebaa4ab1e14e4a474435f0be1b18ebafd58d0fdb305b4a3086fa
6fd53182-dcf7-5ffb-b45e-e9e9e65d5328,DEBIT,train,107,87d8515f4285ff749e318da2e47185170a08dfa51e92603bc1588999d094d544
ba1a161d-bcda-5fb8-93e9-1da22f5a65b2,DEBIT,train,108,88c9e88bed9fce740dfc1b09355215e0c3f0c8d90828abfb79480a1c11e8e8cb
75e1d75b-c0c8-5c75-952c-4909fe007730,DEBIT,train,109,89e8f243291f0e7b5146aa687d4dffd7a4b591872fd267b344581262690f46f0
b26c32e9-b2ce-5796-8cf4-dc97739d6255,DEBIT,train,110,8c859583df955e77661dba517525f6ba1d709232ea2893f3589662cae2583a01
19af3230-a76d-59ef-8e4e-9776da7276fb,DEBIT,train,111,8d71a23e1de838f20ea500a52f0536b9f2bf9723f4bbc1511aa49f95103e2251
19f1d0d1-9e4e-5555-9e8e-4adf8816013d,DEBIT,train,112,8e134ea2944d9886e85d8eb0fe84410d64b1b0e245e1f471e24fdfec0b84c9bc
34f66708-03e7-54ce-96bd-68fb55af9d91,DEBIT,train,113,8e965c6192fc78f626d49d57d7892031614cce0313b89d637ab4d598591ab226
3d656471-8cc9-5f93-9d79-428b797d3231,DEBIT,train,114,9031f0f86466a0d650c798350c8dd5aa97345eed6864cec753e8979418e33862
c9c6b017-cbbd-5706-90d5-d53c308af760,DEBIT,train,115,924ed0577a63aaa70c3d68df3cbcd5bc94e5f1d0fad1d23a3c2ddc51c1330b0c
26ffec8b-241c-5f3f-aeb7-3df362d2eb95,DEBIT,train,116,92948602d28ebd29715a5b3bcf54dfbf75476d38f8e9fb62de4ef2451d56b008
54c0ed51-46da-5da8-9f73-58b52d6e42c3,DEBIT,train,117,92d5ce646f8d1db32b5cf9a62cbc538abe9167d5073d83b58185775c0422e7a1
6aceddcb-d675-5605-9954-99745367e611,DEBIT,train,118,944948d8d4ea5ab1da3d2835a52aa37e88375c96a8103fa7da3d1b29b0c61d72
3fd8cab6-c6e6-57c3-9a43-2158a9502e61,DEBIT,train,119,95ad5f5a69d1ad2f66a0f9c30c5ff0ebc0de1e8379dabdc408d4ebb047ff2f0d
58f9101f-671f-5af0-a55e-863a70bfd383,DEBIT,train,120,9620b2d109cff99df000faa58177065cfd30398ab4ad60eb386609cbf5b43e40
d9117be7-a622-511f-952f-742da0d490a7,DEBIT,train,121,96ac26b86b34e43deebc63e61548bf6ff8aeea072e4868d7b108bcdb107aec1d
e09c2178-5d0d-5913-8ea2-ba35ba399a14,DEBIT,train,122,96c1b624502be42ccf62f3fa29a1f62c6f58e35da0a6df24150e6703dd42982b
c1950d2e-879e-5841-905a-a77f527e1436,DEBIT,train,123,9853e4b8637dd7345c7bc75007edd0a803190b60e5656e8bee22b92feb346788
dae1ffbc-22cc-5f26-a40e-563ff733dd0e,DEBIT,train,124,9912b9fcfd9f751f5d0d265038576cbcdf44dcb9a684717054aa92fc0ab2345d
6b80f56f-40da-5f35-bdcf-37280fefba87,DEBIT,train,125,9a7963aec6fb55e83fe41805cb709e6ce71229db4660c66580c09276f1f1d335
3af062ad-5815-5a8c-9f8b-3f09e9865e2e,DEBIT,train,126,9a94ec1296fba32313a1206bca7d275fac79e220d3bbbb1be89c40480a86ed43
73f48629-0301-51f3-8375-85d1dfb12f0a,DEBIT,train,127,9df555c56963b179fd9d9755c9fd9648019bdffe33ecab0e4ff94f30563f65b8
3b85d143-e148-5999-95e1-6af03148a3ce,DEBIT,train,128,9e3e3698c3c8e94a465c62d1399560b07720f874fec1da133b5cd0bd6f729c19
57d08e8c-e7b9-57e0-a988-5ff06945e061,DEBIT,train,129,a17c89a6850cc3fa4688503889d3ff50a941cddddd9a0265b9c448cbc7a9af63
ad6a1228-69d2-5ea4-af4b-ee71e31d1ea8,DEBIT,train,130,a2d806e6f260c08e218b3a89513b46366d5b6b453c48fe5a84c06891ae66bc06
63047105-0340-5762-845b-da1a3ade3c5e,DEBIT,train,131,a7d5973e80e4deeaaf1400fad5c6ddb28f2eb06c22d6560e558cab68df8c255d
3f75da4c-2fac-5a28-bd1f-7b4733dd02bc,DEBIT,train,132,a907d89945508ef124fc55f2f3a4800e83ab6e719ae5d96dd1d9268b9296ce12
85ed433b-de68-58fe-b6d0-867a265ced6b,DEBIT,train,133,ab7d11f3be896c78e5e2432f3e1614dacd210cf45a7eb1869f93a7ae0d24fe47
f4475d6c-69d8-550e-b89a-64cf63df94f5,DEBIT,train,134,ac9438f4cf918a7818e4142e17ea448f718f469230305060536aab0bf0183778
a5f9296d-3efa-5bf3-b9a6-a6c444ccee82,DEBIT,train,135,ad7d690b3d6118abb843a86e78ba21a3d2d8704f9da8f064a979cbf37cf16d7f
a30d3012-04a6-5447-8cc3-56e90dc2d50d,DEBIT,train,136,aec691b778c62d71189af56e75b5b58b0bfbdc83772220b22f6c4ae167069143
73921950-ac42-59c7-a327-5da1182275c1,DEBIT,train,137,af22b9fa8d221c6d69f02d7e5f2d4cb2f478364f839d259c0b43f3ce689d4569
bdb27363-a79b-5224-a9f6-7a8046c2a4d8,DEBIT,train,138,b1229dd8b29140cb8ee3bf6c9ab1af75b9445437710d5f1de45c74953a40eb1d
34da903f-7e56-5c94-841c-fec284510882,DEBIT,train,139,b5ada2ea01cbada66aa6453811caedca36742acb515477088f0b1e4052211235
ff564ab8-0467-55ce-9273-94c538d2bbf0,DEBIT,train,140,b7ad7f90348e64b18ecde0c9a5da25b082e3be03ed59866433195cde5d0bd237
5ef8135f-a72b-55cd-82ca-30d2be11c3a6,DEBIT,validation,1,ba0136cd23566403d650d2b47432633a6834605f49217d590eadd6c70f3f281e
dc0db0a2-3262-5fff-ba57-d02560f75cb6,DEBIT,validation,2,ba7a5ac0acb0ed75eabaed0c8f9096e5ae2c4311cb0d871c22b5c5b9b9b0fcb1
79c82d0a-670a-529f-bfb1-a99c6b1ca4f1,DEBIT,validation,3,bccf9a9a8679d8d600cfc04746038903c5d258a0901b7ef4d02a374909339af8
096b21bc-bbb4-5254-b3e5-e130aff24b8f,DEBIT,validation,4,bd52f547b9db0e7463c4a5388119f418fab3359b43c8781c8d6e1bed7bdefdce
edf1fc8f-2855-563f-98bd-ecbf3940e077,DEBIT,validation,5,bfa0f64ec891fd294c8f96546987981bb121b4120ce720e05289f8bc91a1fe6c
16594c47-9402-56dd-8095-4fca5e228a15,DEBIT,validation,6,bfd3b6b2e04210d729910c8a4dda6ffe57efe7f9af12f37c5f12ac1353dbf3e1
4995cb17-1b47-523f-aa97-a0708884aaaf,DEBIT,validation,7,c060d026e0c914744d9c4efb5944f53ca7d23f5b0b27cdfb0cdaeec4f0c94822
05fbb944-dcb6-57f8-b0a9-9028d6250294,DEBIT,validation,8,c1e487e61ca255cc07bdd9ae524e98e456fd5cdd4f64d4744fd8288ff45c20b1
7361e073-9c82-5f2d-8548-1501f2f612e4,DEBIT,validation,9,c2444043e5f7c2fe28fbfa195d7760272a5ed0a1da2a90623bcda763ded6cdc6
768f5240-c66e-5183-a439-3b428b9576a6,DEBIT,validation,10,c2e2313d0ec659c8875b69db79989e186a2182160018903ab1391b415bf3187a
aafc0ba2-a05b-567f-a8c9-8bf3090984c6,DEBIT,validation,11,c34502d1b604ce8717e67c06b4581e5a7ef32ce8839974f4b57da659aff2fc41
521d4d2a-f633-59a7-884a-f3bbc4929ee4,DEBIT,validation,12,c49fa054a5f74ee1dea979c77508bbb7a4af30a3465b3ef118aa7e89ee868496
f18bb36d-67bb-5e78-9eb7-658823f44f08,DEBIT,validation,13,c6e312c415986daae2b2c1c6575b3309b85c0288592acd2d3944854874ef7fac
f0ecffff-1944-56f3-9fda-3a5536019dba,DEBIT,validation,14,c74ac1dba64ef9ad0a1b2f8c39c29a8b2ffdb44b9c84d755ef11c0a65fcae02b
a2a14fc3-92d2-597a-8bd5-f070e4a7bb34,DEBIT,validation,15,c7dd28736fcd1c5742f078eaf25600ac7b9380bd834c68ab6f7423d80dba1564
b0a25a1f-7473-5910-a471-6bff8afca458,DEBIT,validation,16,c965fd997530cf5ed4ba97db6844bd45a46d69e35fff2b20b2420b897561eb76
cdd4439c-b4b3-5567-851e-8c29df559029,DEBIT,validation,17,ca2ad1952a002e1a52a66ad50b1c10b090a339733dcf17e91ef8d5f6339fee75
dd7e216d-e532-527c-9e0a-2fe42f875c98,DEBIT,validation,18,cb0d07dd2efbce76f65d73418c8a98b55421d89111b38ce07ec5bfc06d40c5bc
369cb39b-4ef4-554b-b64e-18c3f9b6e25d,DEBIT,validation,19,cb864cc2ad1a7a3d358c17a38c1399855133e8e2f9cec6b154efb832162b6dcb
4f4a5a2d-0b51-5ed2-91da-723ac6bdfcaf,DEBIT,validation,20,cb97aff46e4c0909843637a5b3aafe44eca8c446a9e1728ee4b6304fbecd905e
58a736f7-eba2-56c5-be71-ab106e2e30da,DEBIT,validation,21,cd094e1165d103baf7d3b6ba468f395fe6616e563265ee1280a9020fd8decfb8
89065001-bdd3-5126-af54-c65fc6922d45,DEBIT,validation,22,ce17a305507d356783e906c3a44602cf5d025a160e92940810c980f9cbfd1913
95e746a5-ce76-50a6-85bd-8acced922f5b,DEBIT,validation,23,ce848e5867b76070cdfdca6a92f531564ec68473551bec989fa88eb31ff2b5f3
9cc95fe4-6736-5efd-b4b3-328c059ae7dd,DEBIT,validation,24,cfd38308f199a47569f8d7b262dad44d7cd22551064b79b48c4f51da5a7d8e32
9fbbb13e-bccf-5655-9d4d-7629127a02a3,DEBIT,validation,25,d17695a363f6b63ba1190a6867738c477b3753f5dd0f945076d99bb4462213dd
2ea70c4f-d6e3-5ace-8f02-cc824333032c,DEBIT,validation,26,d2cecc4dbe4eff2f28ab81e8eed10e72b588aa8ca87a1b32fa9a233e9f98033e
598498b9-413c-579a-8486-83a4a29329ce,DEBIT,validation,27,d335c0fba88086483115e81e7b1505bd8ce15b95dd14880f6497b04f4bb69cf9
acc8b2c9-0cae-544a-ba27-bd8b6d53f56c,DEBIT,validation,28,d375dc0c78e8a18df9ab67331a597f27a52d6de1d91767740f4003be03196714
9f4084e1-871c-51fd-94e3-c62aaea5a7b8,DEBIT,validation,29,d41f1229b0442cc673bb44424f6ab3b58c96c1ab3caa8b6dbabe52d996700318
d4e0f750-431b-56c1-a25a-d1bc750c79a3,DEBIT,validation,30,d45fc5b03235bbaa52f6438433262276662947078fb1eef46e9516f3a4315600
5e7d4fa9-89b5-52fa-b436-237eabba8acb,DEBIT,test,1,d63f14c52e0273d413ffe4283c75b6b4492d0c21d131b0d1d62f6a41c420bc5f
030ad86f-64cb-5dc0-b815-5c6c312ed82a,DEBIT,test,2,d7a72c9e8b34d13466412ce66f1239a15bd44c7add9161c536caf313c60b3d41
214eff1f-554f-5805-8eb8-0ceee044fd09,DEBIT,test,3,d7e0042dc3a85205d113c4435e597356ceb36a08f2075ebf882be5a640bc0050
d44bb94d-3e87-5032-b319-668524e60388,DEBIT,test,4,d8299722ca35aab4b30015982d43a1737e5ca436c6c55ef1eccb27749b959974
c8253ac1-f72e-5b85-8f5d-947d8731518a,DEBIT,test,5,d83383bb0e5c5aafbbd9db96a7a7d28066981b6aa9aeecb61dac281f87668adf
82acc271-3a90-5bf6-a0ff-0f1342b75b64,DEBIT,test,6,d9514d09e5dc20482fd72b5fcd1b5c796f99201558869087491965809914dfec
264edf62-d2aa-5a90-958a-ee73b9ee7e28,DEBIT,test,7,dac1ded5b8503b05b1dcb4eb8629216bae91ab016a140f6c127d26d1ef68e714
2cc24e2a-123e-5036-ba5a-2c8a926f4da1,DEBIT,test,8,dd680b5c3da3e608707c8f00a1bcff5a91473532b2c191a03039a4beb66ecf04
1cc79656-6134-5839-89a3-b092d57b3a4a,DEBIT,test,9,debb3ce7b737a28bb1e5a40742fa282635b49939668e53f24bf3b4ef9b226e84
12ac1209-c23d-5d71-82ec-f349fe0072fb,DEBIT,test,10,df4ba85a9c5ebf3b2bd6c22a1d8e1cec8396b62784ff44f3b3cf376d96e07a8e
59119887-97cf-583b-87a0-4cb04a93d968,DEBIT,test,11,df681eb75e7a3b7bc8a9a241beb53b06de07c105f68ec61aa63d0b5dfdbcd013
1f47ac5d-e35b-593b-aecd-703ce08c8f11,DEBIT,test,12,dfbf1990bd1bcf55d0e53c1c4901c07dca598e716e2a72e860313f303d64194c
fa9d3748-e536-5aed-b398-527ee6fbfe4b,DEBIT,test,13,e1866848cb32c13fac669673ead0b3dff3116759e803f23a513927aa9e88f523
54298a4f-f346-5f67-b4ee-f227d2229aae,DEBIT,test,14,e199380a66d79f2c31b39c46130fa26cb4207bd88ac7ac9b0a8a018a47eb82ad
7b48d681-a761-536e-b275-ffeda8a0236f,DEBIT,test,15,e49303764889e631ba3e0c462585d0c1cc022b8259eac608b00af2a9b57761af
bd7f27a7-3f8a-5e52-9b92-0bcf8cb79803,DEBIT,test,16,e5b68eb2056ff3264c945187a50bc50a88d595a707b6b9000de5446f9476643e
99898907-2bf0-5f7b-82e7-387a666b403b,DEBIT,test,17,e68077f8ea29b9e6836aa699b8bf5de8cf295677c101c133c7799b6fd7661acb
4e8e41d1-4f65-5bb1-9515-03c1e5039c28,DEBIT,test,18,e757b267465a94ea8c62c1f3dbc7de761c0b6e937e7571fb8075d9eea98ad19a
56fa52e5-ac62-5ea5-bc4a-4d171532443b,DEBIT,test,19,e8b1b73e6cfb5989f49fc3f4503380fe8bead44e6315813e2e2632178d52aaf7
c9232b23-6107-5924-86d2-28a3c92733d7,DEBIT,test,20,e91582ca8ed53105d72284c8082f8c1a79192077f431959050168b1bb81d4f83
50c10c8f-9457-5769-a637-fa5755c80432,DEBIT,test,21,efcdac9cc813109596931af1b09376bc6d8ce59fe2949ffdbfd6c01fd52829ed
758f425d-d4d9-536f-b0f5-ac7b29393cda,DEBIT,test,22,f2831704859c17cc55c423115925c765579ed62c7e4500cd08e73d697b369345
890564f9-86ac-53c4-87b3-afea517c14ae,DEBIT,test,23,f401e17fd9929528fed26bf2390e0cc4fbeecdedda9ce706014b6c67af92bce5
9f090ca6-1669-5a48-9a49-d020ca914aa8,DEBIT,test,24,f68e32a61fb28ac1e79229f5066ae1b00d28d3377d2194c667f4083f252972ef
2b4b96b0-3ff5-5b8b-9eaa-f42d6f3eb8dd,DEBIT,test,25,f6c9f739a4d0bd5ad3b2dd00b238afc620f1880d8e7fd1593f7afe75f7a1fc63
f00492e7-b7cf-55d3-8658-7bd746964027,DEBIT,test,26,f6ca73e0440dfc05b572bc2f874a5e9a7a827d988345291a4e26e64627680bce
f59bcd19-ce34-560b-a78d-8d30d8f0f6b0,DEBIT,test,27,f6f650b8a9c0c40f8452544c2a363182f11dbabb67afb3e9e9099bf6626dd500
6948067b-4202-5003-b359-6ad4a0a977de,DEBIT,test,28,f7757f38e06c04bbf96778e887c5d87e6dccc208b03f1c012782e4c7f8f008f4
a601a052-a58b-534f-8102-ac88eae0de8a,DEBIT,test,29,fadde76d3de5afbc4c76bb259efda9aebd43d149ebe9aac7e0e605b8e80ff13e
01440b5a-8496-54c3-acb3-e315e21312d5,DEBIT,test,30,ff107d5c42825ba64fed6ca8642e1c5bdb46379bd16e010554340daa884d4fdf
36b14bfe-c463-57ea-8c02-05e3b988b536,PAYMENT,train,1,00dc9b8b19e4496d1ec386fb2ba54082aba436a3e93d076d6838e0c95d030f78
45adfa5c-351c-55d2-a06f-3455cba9c7cf,PAYMENT,train,2,0126207b1d51d508111fabf3bc21c8561624eb7285a36e71de6e891df56cb75f
7dd50fbe-328e-5a97-bcd0-9e08abe13a16,PAYMENT,train,3,01499b864647512290d366d7dfe4880669015293c17a2e1e1276cc5a01910f89
16df337f-4b88-57ad-884d-d1c8ced9d24f,PAYMENT,train,4,02910b3557f6aecc14b744c46a8f6906d8364e03d443ac350753e35cdd4b4516
f29acdd4-3ba9-5de8-aa26-b4804dd89985,PAYMENT,train,5,0312ea848b43436c2a93eb4323b0b6dffa32fce941c6597799796cd676c893d5
dab13029-b40f-5e9c-aa4b-a7ae17e82cce,PAYMENT,train,6,04487d5ee59d7346fc7d359ef20db9e292d65a36a6e6167e6c7b6c46b2b38ec7
e4fefd44-ead5-5faf-a9b5-26de3b20a573,PAYMENT,train,7,06bba4b3de5e6dc3fb25132fbc2326e085fd5813b97ad66bb6d591ef18b59b7c
d7420041-fac4-5be4-8f64-1fcf601c283b,PAYMENT,train,8,0836c9971a7d072d4f61e7b0a812f62ad0d819c899861ebe305b8eea4b7293aa
59c4591e-3989-5ee5-b771-5d4c6527a315,PAYMENT,train,9,0890110ddbc31fdcebfd388d6ee9d9b0290efc9bc26adf5a364f3583cc807ee6
f92eaa27-bce8-5d83-95c9-12801bf2e0e6,PAYMENT,train,10,09d1684166be39bcbb71f69b08cb2e3da0dfd3d0eefe59ee25b89c2edda7c81e
af42b1a7-fe0a-52c3-83ff-ff5adc797381,PAYMENT,train,11,0a8d53dfc9eb4ff76f1ddf7010056a7d079c882dc5fac3116e3a207995a7a05c
55545e5d-dbb4-5fa8-981c-8ced94adfd83,PAYMENT,train,12,0aa9a8046a1dfc28d4bba9044ae1dce7a41a666f243961183da47cd15c3724ae
90f688f3-b2eb-5fe8-81f2-4766ecca585a,PAYMENT,train,13,0b0b08da438aa02875cf318a7e6b16f79bd3bf1ca3a82b18cd80557a41f278c9
0e45fbc3-44a1-5dda-8128-81337380c3ce,PAYMENT,train,14,0b72f0b3c67054cf12872451b34036b41b7cd20aed4c0b4702873dc346915339
831b7063-e910-5751-be91-2619d14b88e8,PAYMENT,train,15,0cf9a5883bdd90743ec355dd4e3bfe21b11c00c2efd732c81916ad48a6a04873
24e0142f-f228-502b-94c9-4c72ad8d53e0,PAYMENT,train,16,0e235d2dd9bbf5675fee686b63ffa5ba8192f322633060900eb37537ecc8c7f9
c39557a5-a4ae-5a0a-9383-2acf55e78b1a,PAYMENT,train,17,0f7cad54b956f425cb3e0278a730230ceeb257ec67763655456d8bf080ef8fe4
88306d08-04f2-54f4-89d3-c64b6b2958e5,PAYMENT,train,18,0fbac374cf55fe28d45cc2b91faec9dc6221fcb51b07b892edaf40acdcee1684
a26e9b89-e488-5c3a-a341-aee81bafa8d7,PAYMENT,train,19,100aa8288dfb856a19494e2701c128644e46e14ba265e112349f1f3a780d931a
18c8cec2-85b7-5054-b1f9-ea93bfff7091,PAYMENT,train,20,11f01e0bc5b3f1441befe70db8e561461a7e58950925c8fb92fed2b416193d61
1f95b840-821b-5ab7-b822-988987b0c7f4,PAYMENT,train,21,12a82aca8f07a015e15e7e5d902c48697a17322264e11405015519b269b77b14
8406192d-7c6b-5fbe-a824-eea1d2853761,PAYMENT,train,22,133081ca30354d206172ce5c4adca2ba2bb2fa9b2ea899fed734f427131fab08
24e99fc4-e985-5c76-a39c-3790a00e9184,PAYMENT,train,23,134cabdfb4c492308dcda553d5ada389d02b961f206d94bd8befb696e970e7eb
390a9fa5-8097-5880-8bba-3516ba408373,PAYMENT,train,24,152995d6b076d44ec3e14359f473c2e230e6d2af857f37f4f74b034636ec9dea
7343a7ce-f112-5db8-adbf-1e931f58d9b4,PAYMENT,train,25,15f463f14df1af87ee248693e2bb721d9236623b356086e696a69be76cbd994d
19d1d7ea-8f37-54b2-8ff2-8ff6fef08ed8,PAYMENT,train,26,165b09789718b89c9dda3f6c875185ca6f6c1ddfa53ec9ef4df4bce421fb8bcf
4b353f08-e1df-59e5-b887-ac5043fe116e,PAYMENT,train,27,176a2b5a64fd8359e38b8570a78a23783a2a1b46a3824143d3a12f98d7ee2d37
18f186df-5850-574e-bc12-5ac0d788a23e,PAYMENT,train,28,1863a58e0c8c1bcf6d605fc93dd4b26b142a5f278ddf2156b0662f325362ec1f
bc366411-3ab0-5a06-9027-494465143238,PAYMENT,train,29,18c723b7cb37c4fee827cda4421a0d01581c8ddc575d377cf800e5c4b1c0031a
0bdb3baa-dd01-5350-90a7-4d8ca40094a2,PAYMENT,train,30,1a826dd776220a2ba015ddd6d15d6dd02978e243640b442586b89120d60cd7ec
8c8e4412-1f89-5c66-9733-6ec2e1bdac4a,PAYMENT,train,31,1c41b27bf4b5975f650a827bdd92bbb2b5ce9ed33012f96b5d033123155e7fca
7038f227-74de-5ad0-b559-1c834728ea5b,PAYMENT,train,32,1d22d16f0facec732bee050db810eb200ad7b124f95a5b3ad847a09b2e861337
4e27569a-1e09-5735-8c47-ce3ec1034469,PAYMENT,train,33,1d45a2d66381d821c8732c520d7d9bcd0e4ce7a9570bffeddb4e176c3df22cfd
db8a8246-daad-585c-9486-a55038d96140,PAYMENT,train,34,1d7e5882c1734eac2162cfeb9d4b818298208dbf5231b2faf09f81990ef53367
c90c8547-1ab4-54b2-b73e-faf82ba8cbb8,PAYMENT,train,35,1dc1a91df22592b484086fe3c6d1a6fd5bda7305023a36f662b5e31ec90c9693
da408625-149c-58b8-a9e6-a01e33d98179,PAYMENT,train,36,1e74a7fce1c30d427c15b9b5d92501264c6fbd9770c1c92b304d9473ffa48e7b
7d0790c3-9c22-58d5-8fce-fe8cc41dcc5c,PAYMENT,train,37,1fbc6931f19a5f539b68fc23d75ae8624a9ef3f3b911bfa3c7ce3ab9453f644f
81dff892-7a7f-5818-9e3b-9d45a424ebda,PAYMENT,train,38,202e52e749bcf1cb0f084e61ddb21fffdb186c77362f44e864a0c18199771cc3
7256d5e6-02a0-5bf8-973e-fa1b4029359e,PAYMENT,train,39,20ea7a971228934ed18f44989f1e2e2ffbfb17e42bbccb26309b09a3229b80d7
f49c0dbd-d96e-550e-afc9-e0510695a5c1,PAYMENT,train,40,20efcd1646df3a572fd43a1be12a5f4e401e025eb654ad9863fd8bbd9845e360
c09608a2-68d8-506e-a00e-17e223eb67c7,PAYMENT,train,41,23b8345f2e682571ac4786485fbb37f3a77e6f2aa5c719c59fab73cea63ff163
6481aaa7-95d7-5dac-8434-ec29926f1b47,PAYMENT,train,42,25ade329794da5a0253bd4732c26a320bf28e1e437ee4b6d4f41e97ad1de44c4
41aab73d-40c3-52e4-9e7b-3dcfd34021ff,PAYMENT,train,43,2965e0bc8437336f13e494fb4fb3b0375aefad50b617462310924b77f608ab08
69fbceb4-cd5e-5845-bad0-e13a158899cd,PAYMENT,train,44,2c5f47a8cdfc03f7b0b1fbd641f8f0a11c7cba4c85dc1016c2f5b7ffd11c3140
ef583ab9-e43b-5cc9-bb94-0d7526855dc6,PAYMENT,train,45,2cc6cfbc7c402ed28a44f6dcef07ef2232a3f3fe9a25cfe8a7aefefcf550d00d
99312557-e50c-5d9e-b8c3-35d7c5df2655,PAYMENT,train,46,2edcfd01acaf3d437fbffe193baf3424196e832f34634e9772bc68029c15adf3
7aefde7b-09fd-5fe0-8e11-cc80dc966248,PAYMENT,train,47,30d301deee636ddffed3605f2fa81331301339b2d42e82a70803305dc7e190d2
e5a09cfe-f098-59ca-a8f6-970a8b8fc8f6,PAYMENT,train,48,31371af0b8c525b746ebf1432a22d732c5b7b782fe449ab312162b0bb4ad4782
379db4d7-1d43-5d02-bf0d-a48c030b0571,PAYMENT,train,49,320e2ca69e022c50adeb0d5e32083de08b2e154aed9c38295fb322f3845f19ea
45e3c8a3-d110-5da0-b421-392b0c2e5a4f,PAYMENT,train,50,331903cca42e6680d253ffd9eb9ffd3359a4672f765ea027c0f5d0c09054634f
ad5ed959-d618-5db8-8417-b87147c32586,PAYMENT,train,51,357ba28528ac7d619538bd1b2c72c66c396396148ad72d00bd22689600c6e5cf
f94bfd04-90e5-59b1-8195-757d21542d7c,PAYMENT,train,52,36f5f0a546301c9211640d94f55fc20afa3533eb1ecea473b49c1b3786b508cc
dd65e59e-318a-5b61-909c-6f31f89a2f25,PAYMENT,train,53,39781ed437d580e76e3972f12db130718a5acce324a6ef532cb1a587407f182c
aa1f248c-b42f-5ff7-b73b-ae6aa84570ce,PAYMENT,train,54,39a01802c335f6ecc0f259bb47a6f3c1c74a424ca6ae279e04dd8dac35547f71
45ee67e0-eb16-5ac6-9671-12732fd17f5a,PAYMENT,train,55,3b8c186562df80b38c9602694f962391c38ee381dcab6afba86a4f15cf003adc
a5466260-34e2-58de-82fa-a963b6ebf429,PAYMENT,train,56,3bb0a3c5b8a0f5ba957d73c5de3dbdf83f279c7ec3d2dd4deadd28d8f91ebf91
2b85986c-be56-5f86-9581-6b2a5cf37809,PAYMENT,train,57,3c29d82903b9036ba05f3e699c6a38b2b58ba0bf6f44d7fa7515279974b6c6eb
f60803fd-5f3a-5bf7-b89c-c03a070630cc,PAYMENT,train,58,3c7a0c6194040e82672cce32debbb487fa4b745e009c23a14eacf90bdc28f06b
19d15394-28c3-519e-a032-838abad9b520,PAYMENT,train,59,3da5ffc3f0967522fabc727e86ea12bcecba7a2841ecb4ba053a47025a77fd0f
f1348a6c-fe00-517a-9b99-df4faba88270,PAYMENT,train,60,3f2d7e0028b68ca9e7418646fcfd2f528a54640c406dce1ccf684bf6ca306dbb
5861d70e-e9f4-592a-8df1-745c47b242a2,PAYMENT,train,61,4024f9acb33f38b080ee64e74c89c46f03294c5b15e9462a8442bbb4236620d7
83ff4915-1ee7-55b4-9295-1e3f5f51aec2,PAYMENT,train,62,4034779b0e22d64870e68fdeac3acf156740f7248bcac05605aeff086514924f
ba7ee21f-3cf6-5903-9de1-422be391f817,PAYMENT,train,63,409df928ca39c37f539e629596ca7fddec0f4c823ef096738fc787e7919ff67f
a7381948-3d93-5a26-be1e-7d8238eff981,PAYMENT,train,64,40c87310d304eeaa3430cab74dae3d90d08a717131184202087a8cdcbed606c3
d7f4f64f-f8d4-5b14-aa53-b8a955e58fa7,PAYMENT,train,65,417b974afccace9ad652671a2fccac5bcaab50ef11157df03d578d9edb1574d9
2218b09a-1ca3-5e7d-b0d9-8c2ea5ffcc42,PAYMENT,train,66,4260d9afdac972d17773eaee67c2827860968642b74ec2f064f894d8d7beec2a
986e8860-7011-57c8-b78e-df72d99e1aa3,PAYMENT,train,67,43a5aebdc085f601cbbb16fa1c2722bd225f07e3201be20164da93ecd045b292
9953087b-5c35-531c-acf5-184a2a3edc98,PAYMENT,train,68,44aa1fca4b64f553aaeeb80074ca5024d6f42041698ae19a1b55b42dc254f6b8
d2a32f65-adb8-5b69-869d-5ad6264a9a59,PAYMENT,train,69,45d510dbac2edcca5890aefee56e9748a9c16f1b2edeaa1a3c880afe88106532
1382dd1c-b770-563c-aae3-0e74118a32de,PAYMENT,train,70,490aaabf95804d89e6594be87392fd842ecf84f9d0c44ab8c378f489c7660871
6f7bbe79-2418-5930-ad1d-e75c580ce46e,PAYMENT,train,71,4910ec3369898fad457bc1bf2ed753f2e749006b57f17601402b924dbbb5a105
f44cb27e-2fb5-5d82-8458-bfae3fecbd55,PAYMENT,train,72,4925b628c302cb4eaa1fc8dfbee39068d24f25ec8865c4bf9feed76fda6405ab
683df9da-9d3e-59f4-9a2c-4bc82fda6708,PAYMENT,train,73,4a227b4eecbc043d2267ba3937307fb908bc48792c0430092018b922255fde2c
f5c751bc-2321-5343-91a9-3caaa351cb0a,PAYMENT,train,74,4a9d460370212ecd407a604ca873cc95de4457b148065f87c4e15108a2fd6b0a
e52b4284-fc46-5c86-9896-c15166f9946b,PAYMENT,train,75,4b1fbdac2acda09d3a75f960918b201a13fb0a1b894a52a0749326fb3cd67288
c6592fb4-94f0-5811-b980-bddb7e59508a,PAYMENT,train,76,4c60acd9d0d7c59286cc0129ad07b83dee4261e7c8458fd0b76cde97f71782e7
27ed83b2-be03-55c4-bb3e-2747d6f11d3e,PAYMENT,train,77,4eddec8ea1f7e44e3c569fc8edeab003557f35592c48e6bf30e190241d69faf9
c0900f14-85de-5f63-983e-bfc49e31234d,PAYMENT,train,78,515789badbde83cbda8eadc4ea472aed0a0a499b7fb0f58c013dbc3a540b0893
76a437f9-4ee2-5a3f-8de3-d4ec021f174c,PAYMENT,train,79,53787ffd7f910e1d94b32e06fdf7e0d7c54933bc6289049bdb41de9087ede5f0
092b61d7-aa22-505b-add5-4f5b5d3a74d7,PAYMENT,train,80,55638540a1e7831e99d1f579ffcf1d25405555861eb3f352c499d1bc7b053d00
9303d632-4d64-5b4e-a423-8a4de696f38e,PAYMENT,train,81,582b804853c7e56d8cdc48456cbbf094c062fb29aafd4b7cf6169b7e407a978b
6fd9dc91-1fd5-5e8e-b0ae-2c39363a657e,PAYMENT,train,82,5942f2f30957d79f65232947fe95f3d2f6860546801a415c491f2d0f7e8609b4
ca8775ef-acf3-53dc-b730-a1083776b799,PAYMENT,train,83,5a6ed56958ad71b3d4568d064cd0426740581622be824147c27390d849e1d018
49410abc-a6ad-5655-abb7-bfae8ae98437,PAYMENT,train,84,5af9a556188dd20c03a1d1e449397fcbc077283706422c759c1558defeeb0eeb
30842c92-9a8c-5787-a0eb-aab7844acb01,PAYMENT,train,85,5b909165e0833b6a8a218150ebc26de922728f6426e3748e103d42094ffc9f79
d4a004c4-00a4-5ca7-a58d-df0b72d6c63d,PAYMENT,train,86,5b91ea67c4880ddfec75402a2784e955f7bca8a4f3c53b3d7a6376a910c51bcd
d6e9db41-752b-56ef-9d8d-70b6e4c12e88,PAYMENT,train,87,5d3ba180e0a34bfaa37d3dd784723e06ea3c0ff4b8d8e4a30e8a1a640edd5b5b
97d1a53d-59e5-5aec-925a-4f4be13c660e,PAYMENT,train,88,5f1e9c809701fc7b360e449f4233b1dfb98074a0bb84a3e5275dd41ef5760c48
8851bb03-eec8-5001-9273-ed61ed002352,PAYMENT,train,89,5f356a66de036460dd3bfb0ce021085c8d80de3cb2c4ded496c48eb73e255ed0
c1e37210-ea5c-5f37-be32-98c6f8c5867d,PAYMENT,train,90,5f6ea9d0e93e0de7feaef413b9e87ccc2792cb84cf10901ae8b32d42c6d196d8
482789ca-6ae9-5dfd-8ab2-57b07e87dd11,PAYMENT,train,91,600ab35965c144bc0e2b215577fb6f1efb617e040c95194d0c3eb328d163d09a
2b3fe9c4-03c6-5ba5-b1be-3f68d7db2414,PAYMENT,train,92,61ddeaeec22d3242b1c66a4dddbef4007f6bfa84b7abbf45f3ecfc775b3bfd39
b643acb2-8fbc-5569-96b2-38811522462c,PAYMENT,train,93,6572914890182595b418969a79beb2fd71d1191e1f3f2e256bddd1429dc111ad
9a897146-68ff-57f5-808d-c32118a9fded,PAYMENT,train,94,659f742ffea31fd4aff3d13ca64a64ddec036d7d362d2ff9ba741fa84b15ff88
bb58e0f7-4ead-5563-a6d7-4ecc594f711f,PAYMENT,train,95,680f3754b9e63605ef5a46b6055a978a8a135da061695be7575bbbac1fd8fa54
f3537ea6-8622-51a5-8a06-c0a6ad7ced4f,PAYMENT,train,96,6bc1128ecdc5c9bd5942e27313c9be844df9c7d727ffb789dbf1661fa847536e
e91d206a-61f7-5c79-adb1-31a8c8f48abe,PAYMENT,train,97,6ee2818f050323773dee02ed3431ed36bf72934cfb21a5162aa219216ade164b
304d6b71-cb7d-517e-a03e-61cf8005c452,PAYMENT,train,98,6feab27446302e672501578179bad2e3c2fa29b03fdd40a62c2615cdc8e70c7b
bc1f45da-9317-520b-a008-2498be4ec9d2,PAYMENT,train,99,7077ab0b57dc6739a653766652a9632c49f778fb61d6e2d2edc1da9445605aef
99a44ebe-dc46-55c4-b0ae-e0bdc9cdada1,PAYMENT,train,100,74356b1d5d3bd2b09701b09aa48fda9dcb31cdce998a7b0a555892eea28e75cc
ffb47ebd-b537-5d6e-bf42-2520973a7d1b,PAYMENT,train,101,761a7451c432d3972a57fb768a1957a1f28b6d2668bdb82e8e489aaee26b1d32
1d659387-cf37-50bc-8c0f-296ee420f630,PAYMENT,train,102,78ce22b93f87ea6ef643b793a3eb7ef3f90073c5952f95edca16d1b40e16e050
4a499576-8c25-560c-8d4f-8c3d4ad38cd4,PAYMENT,train,103,7cd0cf612dcf13c457dee0ae54abf75cf7fc23685a919a2ad3a78b7b74c5cfad
db09d211-10e5-5d53-a971-f2fcace5d0bd,PAYMENT,train,104,7da3fc6b7373a10a582bcc11c78f0d5695d97d033ea040f497907a643a5f5d99
fa219153-d1ae-5c7c-8f81-702ed625a22b,PAYMENT,train,105,7eb96825c5f1a085e9411e8a26688c8c5ebc47ecdae1d69e61509cc0050030a2
caee07b4-c444-5e42-bf2a-4365bbe9e36b,PAYMENT,train,106,7f1810048c1a730f60747fa3d9d503b401d3bf35c0f269acfec022157b8c2a2c
e28880c4-7579-57a9-b2b0-3bb48de4373f,PAYMENT,train,107,7f79e08c1d0ff40f86ef70d14f76efea220e9218c1dec53e1410e05cd5847bf2
7fca8acd-b172-5432-8cc7-44c591b27c3e,PAYMENT,train,108,826c586385fa7d8c53a67b95b7538156cc63842d4505dd620d452a6c0c58fdd9
5411e666-5a63-5f28-a5a2-7bc1f5150776,PAYMENT,train,109,827385812e3e0c6ad24940e2fbb5ef95d0d5ec5adb6b1f4cb05f4b7cf1cae571
ab365da7-0c4a-528d-9d5d-52d7ce958e01,PAYMENT,train,110,83b038f5bbcd5ad0c34b1af989dd1a6d4baf3002734f270b1f13fca0c968a3ad
20f343cb-54fe-5bc8-baeb-fb0a8dba8eee,PAYMENT,train,111,861ecb92a0e97139253667145b80c55b8b9dd4303b45a4ef6f261a2115dd9aab
328112ef-2473-5750-921e-45a755320dd9,PAYMENT,train,112,890d9c00b711582337c3ad654cad49ab6dbc0e3066d582f68872abae3d910fef
2a028d4f-843b-5236-9bcf-9db0987f73f5,PAYMENT,train,113,8c29da865fc0a61847e636ff488af5eaa4b16b1fb6cdba075e269c78e7f394af
bfdb815b-1570-5c79-9479-b0bfff1f6780,PAYMENT,train,114,8d65ed103fb55a23175c36624e0f2a1797be8d3af4ca98e85ab3199e435d1cd3
2f2d1543-4a6d-56ff-a637-f74f4688b0a3,PAYMENT,train,115,8d965c8393d7676d00e62c4fcfc4e77529dd2645db85c8db88e5c0e51d39b7e0
d8aad420-3ace-545d-ba5e-839163d2878f,PAYMENT,train,116,8e13dcc328b64c1e6a3966082d477e51850fed59479e394e3a5f2fd118547590
957130a1-78ed-51c5-b882-17640165e8fa,PAYMENT,train,117,90c9d9cb14b862357255f0c2d404c9a189c41a637102dcdf9f13858cb4d7839b
d8dbfd90-1cb4-594a-bfe3-34b4de1ac86f,PAYMENT,train,118,922ff1c0ee6d9f0acf2d05082cc0b734bc55b7d739afec45b0fa872ff4f915ce
807d6627-34fa-53b9-953d-a55efc3e672a,PAYMENT,train,119,9244cff50ebf965b87564e1a8d5c3fc131c2afad854079c39c33d8257211a9f1
c52535e4-772c-5723-97f8-34f24a54e8ee,PAYMENT,train,120,92d44c60cc08fe8bf831f23dca38d9a964ef3db05dff19e9eb330bd96751e8f7
47cee5b5-0f9a-5559-853d-91b51f88e7c1,PAYMENT,train,121,946d0b124005fb2e9a880306f83df7ebe4a602cfc95c8296cf269a531725a32a
4c1df3f4-29a3-547d-a408-8222c6d90501,PAYMENT,train,122,95fa88285e15cec7e7885c9b91495be0f0a4f165960a975b2012a852dc96a324
893cb5b5-8d2c-5f58-bce8-c0834e7b6ac2,PAYMENT,train,123,9853e0c7437b484ff6934f628437b29ffc8d68b74b7a29b568182eea317bb565
f489b9af-ef7a-53ef-b987-cdbb52ee0c68,PAYMENT,train,124,9a555fa61bf6e558ca572c57030baa4edb6caf9cc848c18d4c14a0bdb991774b
f8806739-dbfc-56a9-b03e-595dbeb60988,PAYMENT,train,125,9aa90ba4e2c336f27ca04841dffd6d735a7792b5426bd0a5573e7156bf96fc48
c8e61896-9855-54a1-b853-6186ea5ab599,PAYMENT,train,126,9ac328ad7cfb5bc21e7d17d56e2587f5dda53f7f44ec0496f8ab2f18245124d5
657640f5-99d0-5f4d-afc4-025951956292,PAYMENT,train,127,9af0a9c591a837b959c849de69eb0495faf8683ba6b2a307ae788ca31b8636db
bdcdccff-3478-5696-96bb-0343a0014570,PAYMENT,train,128,9fdbdab0d894f643bcfba37f4ae72ba62029b5031031ea19682fa7f9698e0d49
05089c32-86d3-566e-8442-8504f02a4fdf,PAYMENT,train,129,a20b6b391d78e8e27e58c10d04d5f3be0a5c2ded6f991b2ad3bbd4765c0645ad
5767e7e9-cedc-5f35-a529-4f4c45b8df2e,PAYMENT,train,130,a55daeec09462c4b0bc1d6e18a83e5a0a6ae8ae02ff78921dead1161e77af000
72f8e765-4c3b-5a57-aaa4-4d1d1b86d5b2,PAYMENT,train,131,a6427b0703f5db3090f8654e7047d6d38c456be9ba43af371b890fc85f4f4818
9ab8b517-c0d6-5ae8-a2e4-6f9b3aa832ea,PAYMENT,train,132,a75b3d8e9666d5864acfc35168d8750385c12ce2d928acd6648dfad4dbd903dd
f0795a79-8f6c-5aa7-b630-2c7de286e73a,PAYMENT,train,133,a9da5252de59cea7582b1a8989ee3d87b3125d00821ede2db6105739c19167d4
0f5f0b8e-bba3-5114-b251-37d5ed152644,PAYMENT,train,134,aa13883cc42ae1c6f9b8e1f6f6c7b1e962b4d845d4458f16675b7541adc66984
a9cabca0-9609-5821-86ae-8489089b4448,PAYMENT,train,135,aa8b56f3b8494624b4106a580d08b4eeb94726bd1541ec0399b7a7cfe092c6e9
6ab70133-03a2-51bc-9e44-b26b06288ffc,PAYMENT,train,136,aaa588946d48e89a6c593b2042df0378c7770cb5f0c2934eb08c420e9a1ce1b9
c77d1342-d3a2-599e-b912-6b8efb41b078,PAYMENT,train,137,abeb53af3a3c86b0f0ec02124ad091c7066d1a72efe85f1ee4e2b971a0bc5832
45119a3f-834f-5cef-9ecf-012b3023a199,PAYMENT,train,138,ac8826fb2055ffaabc48cef6e25c3071bd3562e8073e43204e84127b29df8a64
fb22d799-19a4-5780-9058-139264407aa2,PAYMENT,train,139,ad224cc3531b8243599bd72bed18886ad2d83329ce79d24600808e020f2d63a2
f01379f7-1275-51d7-99b1-bce06ed69a97,PAYMENT,train,140,ae951e09ccb756b7855c400a3c9a7c72e3ba488cd38ba50cc37379428f6866b3
388d84a3-fdc8-54a3-8840-ed96b05f5e95,PAYMENT,validation,1,aec0a53537bef83b2fd9aea11f8ffdc718309a902f9b40440b26df67523823e5
ce10a15d-7230-5663-b432-73a4eab0c805,PAYMENT,validation,2,b1b033486cad66c39d84f30ee7198bc34cec41238a1f3466c16f60b2a2426cdb
cc713f51-1ca5-5588-837a-8e5f216b9a08,PAYMENT,validation,3,b49b91e616ff74316327d50620b8475b64bb2656912a7a1577353888debd2a1f
e28713da-d7b4-50fe-961a-ce31f2ff0ef2,PAYMENT,validation,4,b4c8948c036be7f02b2ea15f2ada5a26336006a5c95f64bf83d3c38110cf4416
5ac22bab-2751-55b4-b246-f654a24149e3,PAYMENT,validation,5,b56a60ac7df4f4d94e1a6e87472c217627ac88de89a22939939543ef641bc82c
766ef6aa-0402-5248-b676-cd360c16e726,PAYMENT,validation,6,b583480ac915ca953220fc7ab56c376989fad410b89f80130b9721fddb131c54
92b6cc78-32ce-567d-a1af-b731430c349c,PAYMENT,validation,7,b7ac48abb53cea250edf5cc36e4d4509cf2b399a435354386056f9cb591bde0a
a83cae23-fcf2-5583-b279-a1a5af4768e1,PAYMENT,validation,8,b7e4457c4380af456df2d0a4e60d3d0b6575356f13343fb7d453f5f87d388009
fec6c960-91a2-5140-96d2-3bda3b870125,PAYMENT,validation,9,b80ad1af4e4b467130ddd611d4c044b0064e103340db7ce7296a12c29526f14d
f49e38e6-9c7d-533b-9d34-c016c436ebf3,PAYMENT,validation,10,ba726aeb0670f2e46f4d96461937590ccd626fb695e8372c7c032c9b8024caee
f454e1cc-79c5-5f45-8105-b318d0b686a2,PAYMENT,validation,11,bb64d19aa1ad2e62a7e1bd8c23f1b8ec46188a5c80d0356c2806ed2b28b28011
159862dd-3f86-5420-8161-80616a1bbd45,PAYMENT,validation,12,bbccf86c818a224618e26c2159139f1f2830a1685ec824a67974118f857fe631
7acff86c-eb87-5396-9b3e-6df95305251f,PAYMENT,validation,13,bbf691d88df595be9987a714342ebc1657137b5399e54eefd13e64b03d04f94a
54df7f5f-495d-5d7c-9e6b-3be8a0dfe2bf,PAYMENT,validation,14,bc52b09692d85099b863031337b1afc05b98dd46a0c4915dcf01089d55b297bc
624d2838-e9b9-5cf2-a4e3-98b8223b1ec6,PAYMENT,validation,15,c1718773a2c64105aeff615dad32989e979dedb1b3b8909316dbe3a3eec47ddc
fdff0ddb-1c42-5c98-8fad-d7d7a60676e0,PAYMENT,validation,16,c43901dff9f3383a8f2c549020c39a285afc59d0f0cf87d2a41fdfb8813e5692
c0e82d43-9bd3-57f1-9897-20144fb7d970,PAYMENT,validation,17,c4b0188a53440e902f42e6eca13b6258e700a620311f0137f9bd2070e52d9726
0a70e6cc-59dd-5d07-beff-0e3313451a1b,PAYMENT,validation,18,c4b49aa03370db7b1a4095bf074d4f4456049841ee3a1d0d0618c370b95e885a
c81a0acd-7db3-588b-9a44-72dfd46c70e2,PAYMENT,validation,19,c5721a2c557c762b0f46fa71543a2506acf076c7bf34aa1eca53677286b6392d
2095851f-46b0-5439-9139-f8aa85034077,PAYMENT,validation,20,c9e613b25da06f1c8f13ca0e7af01325f1e6d221aa5a24bf411899bb6299b6d6
f85d7e79-91b1-52b3-98f0-3ff3d81dd620,PAYMENT,validation,21,ca09ecfb6ca2296f8656658d39b0a15c4641e28092c6e8902600d965c76d903d
19221dcc-09e9-591e-90db-d7e910231135,PAYMENT,validation,22,cb186250106fd47fa57d7a51aeb340de5819138e873887aa7c479df77d0cfb0c
e2ce2ded-b0c0-54a1-9361-1118a755dc45,PAYMENT,validation,23,ccf0557b6863727771a6fb1ab0725e140510ac1d9ac69ca38809ef8d568096ca
58332f6a-b247-5419-ae5c-b44aad21a282,PAYMENT,validation,24,d05a18fdadfe172228a5972e7096a95d0d4207152bdfe8ee2fd9388fb02e1b2f
0312ed91-0dbc-53d9-9595-9a0bb2c6ad4c,PAYMENT,validation,25,d1a3353db6c4c48d5791809a4f707d4d35cddc2ac76ab728f4fa5b74571d79e6
2ce5b65f-6387-5d6a-98d4-69635ffe9bfd,PAYMENT,validation,26,d656f0efc7dac931264de3298308177bdaec0bab3060d9c7fc49aa73115dd850
f0df9f8d-6068-51fa-8851-3f2b58baa252,PAYMENT,validation,27,d66adacf4bbf9a3c2dd34efac4c664b1bf8fe40bb6486443bb92758cea5238e3
4a02d157-c724-58b7-9a46-40e7dba46771,PAYMENT,validation,28,d6e71794562af4e45c17fe0656de8750e3149c583847e8c97e12141de7d370b4
b4483670-2a6b-5666-a8ca-0dd5dbfd3b4d,PAYMENT,validation,29,d6fe21a93387b1fa1b0c1c2be41fc9e18be49a20120ffaf97106f398710bc296
96e430e4-52de-5da4-9f1c-f5c0916d2a2a,PAYMENT,validation,30,da4a314726baa3a65059cc7391211278b6918eaaccc86f8333b10d5f28bea15b
e8947227-cb7c-51bd-bd74-825a57bff079,PAYMENT,test,1,dab0120ddc190138613e640373411154e8ce668f463e271a56c8e8e79c6923a2
c184c70f-2229-553d-ab67-a9c677703367,PAYMENT,test,2,dacaa5e48f32ce4bcceabb3b83e50426a8eadde68419e7bce9db7b94c8014532
b2729870-e175-5fa3-99e6-b0231930830b,PAYMENT,test,3,dafb3f784aff0910da3dea909fe958bee692a235399a3ffe53628d14430ed953
f6fdfa41-6f8c-5b9b-a648-dbb6b46166c1,PAYMENT,test,4,ddcad1db5c5fce9c75d7c5f4c4de5bed59ca63e3a35096ba883947cc7fc2b80c
da7f3684-d1f1-51d6-b415-d5e9d704cf04,PAYMENT,test,5,e0350fcdb8192e68c50eaadda2f7a3e013ff585e7b9008845a3cf28b27adc4bf
65b8795f-696f-5bac-ae7e-21df35d8c30f,PAYMENT,test,6,e2a22a43c4d0ce4df757d4b26ba08fdc3089079fa8ee97ff0d996d864101561a
faaa76fa-0e93-559c-ac76-cdeeb214805e,PAYMENT,test,7,e50b937452722940cd4ae091c02ed437c1d83e81c2a0d2037a82f85927447b14
fc534286-3b55-5828-a992-01689b8f9216,PAYMENT,test,8,e5e9aad42a35d78c8e05b44f7727696d812a416c4301f06a17cc707d4bc15704
90318212-6c5b-5876-b480-dbe208cd742e,PAYMENT,test,9,e8605d4b038c787ac11fb90286f9842c99fc6a62066e0a93bcabfec890947665
675d95b5-f435-5ea5-b6e3-359508b8a62e,PAYMENT,test,10,e8e9bb2265145fc862700adaafa28d525ffc2ee8433239bdfaf0eb41a548b128
fea96b1e-174c-5de2-a585-203050d3696e,PAYMENT,test,11,e9a99b2957b0d6fe4ae738de7da2abbdac89ab722e52d3e7528cbf3655dd9549
99ced5de-e468-52de-b028-64d5c178c99f,PAYMENT,test,12,ea4475638680bb11a1b888ecf13839e55c25b4d09e653672aff8a565f591ca39
283b5935-a00a-53db-aced-f81226d164f4,PAYMENT,test,13,eb9210bde6681ae5e3d4398e9993622b10c6caf090a7b0fe7425bd1537851ef5
3ed8e8db-be14-5580-89f7-47a39a199b50,PAYMENT,test,14,edc327a0d83faa2c088f7ef6b8c2627e0294e9088dd5f0ff537410196e68bc4c
221b7076-eea8-5a20-98a8-1d3c311c390a,PAYMENT,test,15,ef3e0c61bd47637fc9dcbfedbcea20f86acd465be70b5722999ea02dc2af01ce
c2b5a4ea-5cbb-5bea-9743-e1c8cde7d548,PAYMENT,test,16,ef89cf50b287875856ddf191a815c3c2de065795e310c665567531559192e5ae
65658372-5e35-5d71-8708-cb4c79f96e6b,PAYMENT,test,17,f0a80d6063aeaa5ab4dc65db8ef85d8ef0d1d3b6baee9748c378c1c3873c7124
dfa6e9ef-fd43-5beb-b3d3-cfea5fffb614,PAYMENT,test,18,f216b79b5fd9471dc67ff309ff3f580ef30c9623714ac75701e6cf386c5ae0cc
9575bee5-73b3-555f-be33-278d972e6803,PAYMENT,test,19,f228d32cef486422797e3edf196ed2ca3562c1d02603069f9aeadf56dbd89e80
9de5e2db-f95b-5a56-b7c7-d330a5bee6db,PAYMENT,test,20,f272578916a30f0a771bd125352a596a1494ad6afd402c969b8d5cdb01b68e17
b0f5b3c1-fc51-5326-b57a-ae70edbb8f5b,PAYMENT,test,21,f38db4b7c56ed7e5faa13776c3f28cece1c098132e5e09188a2dbfc3975f8008
ef4a3c7e-6399-5b1f-9a48-86555325a5ee,PAYMENT,test,22,f5f3022922c4e491735a1e29a74da3ea56311917c8eefd692d2ff99d8fb01297
21c370da-2daf-5c4e-ae3f-e7525a9aa05f,PAYMENT,test,23,f6a0c4936d10c52f48ad6a9eda3fe57a3425aa8120f5822fd8ed97cef713bd2f
ce45be9d-5c10-57ca-be6f-9285e51021f2,PAYMENT,test,24,f83d50605c6ab8770284c60b34266b8696225a90a33b7dadf9d85d9508e6f044
d14f521f-8060-57de-9916-b0c9cd122fad,PAYMENT,test,25,f87ad6c0e1701eefbbeeff0b358320f7b1bf0184bc6c573f8ab2057840783db4
d98d0f24-c120-53f5-8c88-4c6f96c6a59a,PAYMENT,test,26,fa52fd8e0233e6a8c7643beebce0a3390b76738940656dbcb5ea349bcc58badd
8e2c4436-9ef0-5d5d-8835-ad8bb6ac5f29,PAYMENT,test,27,fb2bcc53f4ac62d5d46c67e1781c80a6567ea34ca95259ea373ba6f8c362e0e8
2aa6e3b6-b17b-53cc-ba0a-e5aa3bc90cd9,PAYMENT,test,28,fb7148e68052751303521de9e5204d16f284509d39bb304098092184671cc32e
57ddcdd0-5c2b-520a-9a5d-7bb6deba6165,PAYMENT,test,29,fbb91689a165c46575328da262b5f8efeff2cf81b4ae414c23796dc07524f917
a765c3e3-972a-5cf6-9f73-4d61cf853b31,PAYMENT,test,30,fc797f24184c6fa6a845c2b09aa51041883e23d5d51adc3471902f452bba1f48
3688d699-da7c-50c3-a693-c6cced2b247a,TRANSFER,train,1,00e8c3a2ee4ff7f1fd3a553060aca7ba02b22e6dbc87a3129c119970cc81da1c
93cac94e-b732-558b-8601-20de990057e6,TRANSFER,train,2,01544769c5297f1c5a9bf2b5cebbca461ec6982014535710b52fd8c07fb038b1
eee54f0b-1634-5f4a-ab23-bc5c6230b9ce,TRANSFER,train,3,0493f3e4d5dd538f0dcaad322fc4534dde8b9022b2bc583196e3adac07717d21
dd9a4ae0-3d0d-5ebe-93d8-786ef184dbeb,TRANSFER,train,4,05163bc9aa4a1d926e6345759ed70bbd9a0865dc940226ba8c9c050da45ce96b
ddea7e3b-4742-54a4-a417-1daf855ee55f,TRANSFER,train,5,0603e06712c6bbfa23c4d4851725afc929310b258e1b3b49859fcc16181939f0
71df24e8-b7a4-5eec-aef5-54d8273946b4,TRANSFER,train,6,06e86175135bade2d24fcbc78ac483eda6cca1cf093b6330ba3a361c8c9574a0
60f4fcd1-7ce9-5cfa-a3f0-10f5b0c6b9c2,TRANSFER,train,7,0797fc11f586b1b9d8a4bcdc124761ff4300d5bdab1044b984a20d88432cd4cb
bb6156d8-9a70-5cbf-b7ab-b3d4dfdf2cd6,TRANSFER,train,8,0dc6ee666f40f1706c4dafe61d4f7eac90936260b6adb456ca364854f245298d
503a27d6-c901-58ff-97c4-ed11d64603e0,TRANSFER,train,9,0f18b8499f93d79a0824861782f93c35d2e2914af97be73de59ec6976d368ed8
4917b270-f264-5b3c-bc94-805958881348,TRANSFER,train,10,10a1b841f2e3d4fe9097a2107b477dc3770f900bc2de79512ad450f926703754
abb95b18-738b-5cc5-a585-da8b56717cbd,TRANSFER,train,11,12a04f99bf12ab2c0c3dabf24510a5e477e6637a8cb1a87f5caac23b61c277d1
af5666b6-99dc-5289-bed2-1f8a27dec4c2,TRANSFER,train,12,13591611ba9ca00c0c93df221bf2ab268eb52724c1b4c6c26d461189efddde02
d4c49e5e-3d3f-5c02-b89b-ec6dd136531f,TRANSFER,train,13,1419a1fd68536731e6e34ae195975b277bb607a750eb814bc67ffc936540a584
dc7d7307-74bc-5713-8142-cbf982b673fa,TRANSFER,train,14,14381e98f04a6a3d9141904b60b9b52c4c484e19da34c3accae2a09e0ffb4abe
dff99647-3ef3-5a16-8990-4842bc6e0694,TRANSFER,train,15,14bfab969a6e59c1b0c671451f2b2036d663571b00effa9efa9438e7617fb45b
5bd88827-283b-5e00-a82b-34d3c9cf8c35,TRANSFER,train,16,1573b9ade551f7999bb0687c22cad17659758a9253b8d68526b488a96906e856
89d99087-9dec-5b07-b1d8-89468d66d679,TRANSFER,train,17,16150951683edac39ed261256c96cd0c2d96019902cfbcd78cf4b1f6cd5990a7
e815334c-e2ac-5f94-8aaa-80b993a0ef8c,TRANSFER,train,18,174d2e38bb0dc25f355709a96cf43b665f3401ce15978d0dab9b79f550216074
a5d6c967-1dba-529c-9911-5b5407fbea54,TRANSFER,train,19,19c9b8cc988010e42d645bb3c42b1719a4ffdbe9eafcb2b481ef8c34bca26e8a
d8e168cb-880d-572a-82bd-00f306f72fbd,TRANSFER,train,20,19e8543f74de10334f72b6abe21e40d02e82de78b4ec2816f9dc928c3973f703
b3c2fb87-24fb-563d-98d6-64887ac19170,TRANSFER,train,21,1c6150d93f028292b890335b10da5f77ba1656a21a856891007a69d7cc253d39
cbbc05e5-8fcb-54d7-8551-26175a54ca31,TRANSFER,train,22,1cd3ec9e1367e314d2c7a848f65e96f8083d33b1b9da032fd634104070107384
171872c1-d8e5-5c5b-8c2f-9996888502b1,TRANSFER,train,23,21804beb832183f2df9d68fa52c1d2bd8821cb59ba8b7df14279f4de06703cf8
c8c81448-b38b-5939-88f9-050690ea8d55,TRANSFER,train,24,21ed2f4ad6994b53c26f566524edcde05a0c5cc75430d4d0c2b2175d31744d74
d945c703-b2b5-5b91-85da-a8a5fe1c1af8,TRANSFER,train,25,22287b6dbf1d7b5e367883e3b645b27132242c90c57f9ede37fc9ba4949d1714
cbd18f2b-6013-5885-9058-48de91b10811,TRANSFER,train,26,2427cdc143fa823a18f1a7a28785e47b3b84e07f40512a589fc57a600b91d167
674301c5-8409-5134-974c-68ed11ad47d9,TRANSFER,train,27,2479fdd3dc5e768bc40eba21a7f2b6de22deca962c7bc274a02679438296c592
7469ad2a-c63f-530a-88ec-23e11bcf4556,TRANSFER,train,28,26685af0b377c62f7740feca6f96fa943e6840b3c4ce23c9f93e1c7de986a6dc
bced725c-8756-5cbd-a84c-f37a7fb1deeb,TRANSFER,train,29,274cd9cc18114739bc6648293e55a472dc0c973eab619634944ac0fd9e463495
b4aae99e-94f6-5629-b862-1981bce319d2,TRANSFER,train,30,27b8da556418639741d34080f13b7636be66b2c40ecdda6b9f8e45af5a9722e0
48b6e754-652e-540d-b04e-77eafe782cf8,TRANSFER,train,31,2a0a30ffe47529fc429788810d60584d1eaa92a4fc4bdf65f736e8ea372d235b
7ce4384f-20f6-57a9-b354-f8b408c29ffc,TRANSFER,train,32,2ac23682c741a6fc4f71fc49960a88f0bdcdaa09548c443b8eecca1cf678e05f
f421c3e3-460a-53cf-8742-998b9ebed808,TRANSFER,train,33,2b137ce63e905578616433b74437077da1744146a706c54f3dfc7efd1350ed89
0531499a-3c32-5e9e-a341-4315f9e6ccf4,TRANSFER,train,34,2d0de59f5c567a1eb0c952343178bc5e3c20463b25d5375b99c6797e506de053
adbd0375-a8fd-560e-b4eb-4ea4343b0227,TRANSFER,train,35,328e1084e9181e9f8aa45c85e55af05d2a2a23d5264d607b1d386b6baf9b853f
0efdb3bc-4c33-5b83-ad74-4ad1996df7e6,TRANSFER,train,36,3421ecb1aed814b91c277a257328b1a31ceb48d82bde2fad343c6a15085a19c1
5b3f2cd2-94c2-5aef-bef2-55f45dcd80b9,TRANSFER,train,37,34a0e49fb63b59c4783dd386d9ae67e656b1eb49966ed4883b63f49c084cf01a
553317d2-cdb9-54a5-9289-aabfce273dab,TRANSFER,train,38,34b8a3d94188e4bcbb1d61da13d49c10258b97cc3aac1ff672c9b6f22ba45c03
fb8a9bd4-6bec-5fcf-b727-7d0705ba1720,TRANSFER,train,39,365a9afa98d98733f95ade2994e33e7ee7c55da2125ad678387f65364f42f289
11856bc6-cfc7-5941-b98d-541105d1ce12,TRANSFER,train,40,386f5e9be8a27dab6439c2dab39fcab29e514c47f495f3194e27f2e5b51c8d92
8a5c2c53-a497-5446-85c7-cc2a3bb6edce,TRANSFER,train,41,396df646ed7bbd97b8abac5b510106c8d437d09601e5d788f21cdf3be24c07cf
6b993cba-0acc-52b7-9be5-688a72ec1f7f,TRANSFER,train,42,3a1994cc4f02112060eadfb843c866274ae1fd1b314c6caf0ad51f16d5857602
bf8123f7-902e-5f9c-b777-d8b0bc7d8c42,TRANSFER,train,43,3d146e5c49602eddf8a5ba2503b332650d5ce2d8c087d32edff89025ea108a82
3e98491e-a94a-57a8-bcae-987000fddd52,TRANSFER,train,44,3ea1a592f5400b387319c5bd1e505495454c975336c39c3803aab58335f34a4d
9a4e80b6-dded-5af7-8407-7ad7f9ade523,TRANSFER,train,45,40b99215c25973838de726ee84c612e2b8f4b7b1dff54bb194bcd808bbdf3201
68f2d978-0084-5a4b-8625-09fca67b4a57,TRANSFER,train,46,41d788f26eca0390d6abffd0819340f9c71cfc6d53f5a6f5339d313acbf45e28
070e8076-9505-57fa-9781-f3f170b49d1c,TRANSFER,train,47,434f28e87d15d714e1b7844f3f0d1f0d0face730a57bbe7fc1b97ec95e520c2b
1a22f1b1-b2ba-5168-9b0d-f21599564ca5,TRANSFER,train,48,444ab154ca2c1c65dff88c551dedf732366008c428f2dbd6e07e33c608d910f6
a3d5d1e6-d3c1-5bd3-8769-fdeda06e4717,TRANSFER,train,49,44b1f621b4deba09a7b1968cacca00ecf9e64f01c56f37636f818a42bde3d678
51f25864-70bb-5a54-8692-45f1235084d4,TRANSFER,train,50,44d26ccf99b3b3228509485330d4ac65104e0be43163cc3b41f1c37d68f758e5
3538eb3d-c151-5982-83dd-d4b0f95ca975,TRANSFER,train,51,44fe3767337d5a13f0ba47d0473b268ffb12cbbd895de24e307251ef7be26ab2
2b34d23f-3619-53e1-bf41-f0c5d3399e9c,TRANSFER,train,52,457e29cea8531df548cb704fe4576c3aedbb23d826fc0b8dd9c420c213ba4568
51268208-64ea-5774-ab37-a5eada5c0b5d,TRANSFER,train,53,470a30040f9f18f57a90e87382a4f18eb9525e799d958f484121d838fb8374df
0ab40aab-3aaf-5c69-844a-986afe70651d,TRANSFER,train,54,47173b0edd24d53732ff3085fca3f180b2921b52475303b8ca3874ca4b29e6c7
98b085c9-ccac-583a-b0e4-f3fc21d67d35,TRANSFER,train,55,4910b95ecb52ae0b8d92f1717ea5c09f4bbcf197b883a0c564f62279892299cf
66cdd846-d032-5ee7-a8be-c925a5a1231f,TRANSFER,train,56,4a24e608c553dbeb256539ee42a039892bc92996f98b92d1ff40f4574e475c6b
5d31e1d6-dd8c-5884-b327-db2187b33764,TRANSFER,train,57,4aa83795d82b32a6d3edafcc174635f7858049ea1276a60582564793c2d03a66
454c7f5f-f609-5519-b553-2efa79e6672c,TRANSFER,train,58,4b83e3e11dbd8be57024fadeefd1ead24e95c5ee65f09fd0ab7c649c4939e958
ecd31ee5-8251-5192-8479-929d11c1bb77,TRANSFER,train,59,4b879013c008f79e19bf4b4ab35413fe1d2a580ccb0112801e7c2cc36633cc00
cc5750a9-8e1d-5dd6-a111-05f6764fdff7,TRANSFER,train,60,4c4fc5e4035ec4f120ae055483198e9b91d22906febdf841fa347082002b788d
060ffd69-8ab6-5349-a202-db2e986ce3b8,TRANSFER,train,61,4d0b31b1a54faa5b4ed0764a489aba8fabafeb640a2d40853bd77b1acf82af4e
27b99791-804b-500a-9037-8264f5165329,TRANSFER,train,62,4d612a1223068aacc44e00457cc8a867509b83c24257c729c1f15f052c8f215f
ef16b679-aa39-5a25-8430-a3f4be76563f,TRANSFER,train,63,4e864b48352b0aaea88c9fb2385f74a250f0ed076bc0fb2d396d96c488e121b4
ff034000-33b2-5b37-abe7-fca920186972,TRANSFER,train,64,5166ee2147735d6fc0fce4742bab4fa90940199bd55a7e6418fbff46eadd5c62
80aa0ebc-f043-59e9-9d90-a694802e4d7c,TRANSFER,train,65,52b61eaf4ab56bb8e914aefb6da74d51dace63a1d38a32fb512a9ea52f3d1315
7130681e-b799-51ea-a94a-1f42b0146e41,TRANSFER,train,66,530dcce86a64f6450ef4c40d5da68d22b1a3aea99a7924d1ea76c3db523a3155
92f6d485-0ba0-58e3-b3d7-ddf1e60ce849,TRANSFER,train,67,531a52d6083fa9061e1974d6e055e07a0dd2f817fda5f5ba725c7d76a8526dd9
570e915c-091d-50d7-b86c-d80031c489d4,TRANSFER,train,68,539ee8613a82d92139574216d9522f82710db3331224ca909efaa1097a47bbf7
459553f7-a663-56ab-a69e-2038ea7ec774,TRANSFER,train,69,58dab23f647913ee704a5f6aa130a7a99bc28090ad68ee37bd19abeb0cc183d9
2691afbd-411c-5c58-8821-16c9bf02fc55,TRANSFER,train,70,5a6bf7253552c051d7710d8ea1b6637652e2ae42b093bc3ad79199378389253e
e67ae684-c5a6-516b-9728-c97a6562b90a,TRANSFER,train,71,5a8ad0cc2e80f4add80f24d66af0970f01c21ec7e15832e74db64dfad9f8408a
6d40c5db-4e5e-5c87-9626-a381b6f54e7c,TRANSFER,train,72,5b89e087fa77c20ed8cbc3624deb9a4b63e634ccb8f015a5210698681a459e03
16532eb4-80bf-5b0d-bc9d-e6a55497353d,TRANSFER,train,73,5ce8a91f72bdfcf454ec8c463ec68bb112fe127408c9352fe6c3c289d0526d58
322d8ba1-bcc4-5621-9019-97052c2ff222,TRANSFER,train,74,5d36116b184fce615efa04f07e6aa85c1d579c59554dea1891a120041eae0fb8
26f4c5cf-a165-5c19-967e-4b8a0efe3f25,TRANSFER,train,75,5dbdf44c51c9aa3893a5f2b5af3e59b52e922043adb8f6c1cb7204d719a3ba20
c342d7e4-ace2-5eea-a8a4-30b4ce3cc1e0,TRANSFER,train,76,60312d2e89d257fa940bf9e2900442d199fcfa7b460e44e12d14e6d8aed73b1d
cd5cdf2b-8714-52d5-a9d6-2de05573c5c7,TRANSFER,train,77,63dfff8f91a9c9dfb3d3c5581c70275295bc43698be00dc3b5939b99b1d9db99
a3087b99-5aca-5b3f-9315-211b2a543add,TRANSFER,train,78,640d065c08b8d9c15e626a45fc38bbba7d85c8ef70479b4a806437424ffd441e
a401f657-d73b-500a-ab61-073cb118549c,TRANSFER,train,79,642eb1e41b582fa963b2903f573fd68226c5b92812c0b48debc9fbc6c960d915
bdb240c0-92a5-5ce1-a415-9cf58e659327,TRANSFER,train,80,643fb2c3d8d8f40067fa6c213d061136df7db53b4d63af7b7e42227ec63cdb77
78f9e6cf-ce66-5d28-b12a-8d7adbcbf43d,TRANSFER,train,81,648cb15fd4142e3f4454fd76e8a1d86ce378f69e8b594b56df553ab8f315c77d
b886af5b-8fbb-59ed-a6d3-843e87323e56,TRANSFER,train,82,64988fdc0e21d504e82f6ba3bd318e8e4117de4f2fcaad3cdbfa95ca3f801e74
85fa5f36-4722-51ec-9989-a99b3438c289,TRANSFER,train,83,652ed18d96202e7386aba86ea54196a2a9cf68e5a5bc032b8d40526d6ca43792
cbc739e9-4bfb-511b-be27-f9b748bc2714,TRANSFER,train,84,659ee6673b48071e492e7d22e9e3da2ca9ad563d14a4c4a9d6d28ef4a157d206
677266ff-99bd-5c4b-8b49-03ad2562fffe,TRANSFER,train,85,688d127fedc7a463c066ea62f2afb30e2ec9de389429781552f2c404a6898574
d4a154dc-e5b4-50eb-917f-3cba3c8c029b,TRANSFER,train,86,6b39b6ff30562b4ea37fa4282bef121a23bb2e632a69bdc65ceb228d06fe708b
1f0e89d2-468e-5779-8367-5b3085635d2c,TRANSFER,train,87,6cec667c4e58af9aaed153e18125d1e2239e0a03a6381d8f46c6ac83799a8e8a
e34eaf54-508a-5e85-875a-7c2756f6841a,TRANSFER,train,88,72499100ab8614a8c15cc26ae86c636cd3008171a4a3dad985e196d86cf4ecd3
7ced6272-7cf5-5c0c-913a-684cad85367e,TRANSFER,train,89,7518b6d99526466b84b43ea6fe186961473ced487178387e8e7548951306af4a
16e116a9-c09b-5d1a-a396-cd2733e1f526,TRANSFER,train,90,7566cddee137026291fdd16aeff7edbe31ebb184ba85d01cda1e985e76181c62
7e870eb2-dde9-5ba9-9533-178a4a3aff50,TRANSFER,train,91,79dfbafa0f52fd22d9892f6eaf4defe8437ff82cd59ad7f0b50f77d84bd45ec6
25897c4f-10c0-567d-bec4-4239ab833b1a,TRANSFER,train,92,7b87924b58a20ad088ded779ac4e0768e4833dc411e738d00c83c7608966dafa
b0d0ad6c-00a0-5956-ad1b-27704bd648da,TRANSFER,train,93,7c9a3c4ede42925e326e0c9d5fb0319d0214770dcc6eade4a62a6ec35a2492f8
adf3a561-c865-5b93-a5d6-c43145897914,TRANSFER,train,94,7cb826d1693e7fcd5919a24d6d1c691c2ebc912ed94559e2e8979481f19c1fd4
1c455fd7-6cc3-5e27-941c-8ceaa589c546,TRANSFER,train,95,7cf59a94fdea8876ad8ba0de3b819f01c30e755b703c9d7fd6cdf375dda0d490
94285ec9-f102-559d-b55d-381c87b954ee,TRANSFER,train,96,819bf9996258ddb2e3276321deff489239a9831ab594f179b9bbaad241147035
7a21bf49-5033-5f13-8ed7-db901b048058,TRANSFER,train,97,83558a6d07acedc5b9dcc52b7d927a8ad9d142551c59a485398606059e40a390
e566efe8-94e4-58ae-8195-b02c662614ff,TRANSFER,train,98,86d9578a1beacb880edd1e5a969bbf6b10cfb0a3ae77f37c715c39e5df5176c1
077472d9-90f6-5173-aaeb-5fa51f9684f5,TRANSFER,train,99,86e50fd80f64dcc126fe96aacb60fcccb7b411f4ee74300eb7c840c27efe2472
e8ac124c-0883-538b-995e-41d5950bc539,TRANSFER,train,100,879c81081db14685a783ca194aa286a8d06fa341f00dcb562ac9da316b07b4a9
52bb35c2-0cf8-5d76-95d2-18cee5bf6593,TRANSFER,train,101,89a472924312bbec330f45b624f447286d57f06825e11a61f2421b7bcaa946f5
4c046df8-09f8-510d-92d1-414ed259c5b4,TRANSFER,train,102,8ad630dceec6925cce66520c6b39da93e4fb5bdb6819d323bb19292848ddc125
034ace7a-2692-5f1c-b3e6-e789af5d2944,TRANSFER,train,103,8c2ea443f1a436abf00362066711712d2a604f51c283b8ed421ecbb25e31d786
5f6bc0de-3f05-5189-b5d0-1ea18e4e9175,TRANSFER,train,104,8f4e941b1c49ee8e2b19af549959e494d52d7992d3a6ad08e8064068acce0ce1
b43ac9c8-e6eb-59e1-8bfd-ce4ddf80adea,TRANSFER,train,105,908a6e3a0997e8274d8622bc59ecabe438dca316caac543456d07be120377acc
ab7375e1-7ede-51f3-b908-a74ef1e5da46,TRANSFER,train,106,92813c36472a6e2b0a1b682a9b93a2ea1cf820513301e6e69d5d28503bcf10de
d4369769-25ae-5bda-a9bb-d18b74d2ad3b,TRANSFER,train,107,930ee3295f006ee40269224ac36c88ccb6b2c51bd080df1355bbf3bc774cfc3a
b71a0111-3a1f-5d14-aae0-70ba2db09993,TRANSFER,train,108,931c0825b879ebc0ffa26914f4d78b7f29e62564ba2af2b9e2880ae0a96f0941
85d2935c-a6c5-5357-bcec-5e11ad658e82,TRANSFER,train,109,93d2e7f582cc821ef089175820fe4c0bff386791a5335e90c44ad115e16f42c5
689465b2-1b0c-5319-8652-72985a272575,TRANSFER,train,110,95730aa0b032f5a65ffdcc1d038088fa89c9f2f31c9c6ff568628dcd6e22b2ac
4052d61f-3f94-5d1d-935f-d8ec1112f3ad,TRANSFER,train,111,96236336d9a83a40ef19eaaa60ae7e4454de8859972185da20b19c9b13a0b82c
69226660-7396-59ab-8cd0-5020b038f2f7,TRANSFER,train,112,99b2a3152390147902d2d38bcdc765de728bbc371f586adc470d894db0f4f86b
429eb853-c7c6-5415-bfd1-c914b810c526,TRANSFER,train,113,99c2b1ee01e4ef5771f1fb2bf3ecebfcfc7733d139e6d90b5a224add1f007389
b63ace38-dd53-5051-997f-c0183fbad4e4,TRANSFER,train,114,9ad26fa0be4a441b3a2da1edfbc7b32f493895d7dc2ae09bb50b08dc4c28f45d
006ca6d7-2113-5e40-8812-de583cc5c117,TRANSFER,train,115,9de9582cb90b2fbf6f3be2de7c86ccf01dfc636f841fad6c95dd8806a773522f
a12c1404-d4de-5a2b-8f14-e1c3a9b8fbdd,TRANSFER,train,116,a2369744b7a720d700c8fcef9f30c1952f459f25b2b38bb5ef63dbf57b854d49
0b09dc7b-5678-5f2c-85d5-aae0d3822444,TRANSFER,train,117,a295222051a42b73c45ac365a518a61e1e0851d864655e1e886d0bc292824446
34e3c383-4ecc-533f-8dbc-5e473272df2a,TRANSFER,train,118,a45e6d05d8647172a742583b7eb048184af97208d0d769e399f70c6d2424957f
006ec7c4-7bbd-55ba-9138-807e1c4c988e,TRANSFER,train,119,a4a86a09bc25953d4aefb643ae9ca8b58db4f02617c963a22b11ae155e5d6dd6
98bf119f-43d3-576d-90c0-67c904b000bb,TRANSFER,train,120,a629f9a460ac665c5a58e3adaca24be885cf87085802843e54dffb0506c577e2
b3c3cb8f-3143-5497-8810-f1aa1493f216,TRANSFER,train,121,a649d35f9ba3235b1baf061377b8c0ae391308d5fd97d8450776096af555a37d
1f5df9f9-78fd-5097-a37f-eb5a97bd64ac,TRANSFER,train,122,a7d5c5b1cd958b276a98e171f9f655fbdf99190e7fc328bb04e27dbe7fd49e78
60b5f9a2-1c72-5658-a11c-82fb41d84efb,TRANSFER,train,123,a9034016fc564192b9d41959d5a48cb6381b3942780397de44e92b9e6c2d06f7
c9c8e1e4-b99f-5429-ace9-f0d0e1cad1a3,TRANSFER,train,124,ab7ce053a964649238e99779b1201915a8f7ad9766a8fafe2d6c3abdc988a755
fd7a6b00-eadb-5489-babc-07588c7ea406,TRANSFER,train,125,abd16bbcfbaccff030c71105dfb8879b35cfc8ef04fefa0c10b03d486e2729ae
75a84d1d-8c52-56f4-b56d-a6377e16035d,TRANSFER,train,126,ac8a97f9f8f3b1ec58f94db8fea2eceb3ba577c28335a9238212890d1a21b838
044c92c1-f354-5ff1-b135-2fda326aba5d,TRANSFER,train,127,acbaa03d244565c4d0cc4bfaf74fc7ad9e7054b6f6f212e5d02980d5bdf03d2c
94df8a72-c548-580f-b8b0-72677d8da97c,TRANSFER,train,128,ad30c8ac7b43362ce82ec0ee3f7445689df222a4c2edbaae1e697b4bb0c31441
0dbf7d7d-d5df-52eb-aded-78f268f117a9,TRANSFER,train,129,ad618dccbefe6cb73a423d68d1dbe31e71b924c311e646f6acbe2fd1b1dc054c
3e7aeb55-e259-5eeb-886b-b1f178e00465,TRANSFER,train,130,ad8c054ddfcae94c00da0008e9fcd7878065db62608226bab9385cb3686704da
88952438-1173-51a9-9b76-d3e1f775b007,TRANSFER,train,131,ae5c8b67af26afae8be16f9d533ec4ac7da4b428802f14570d051a4edc297fd2
be6ff22c-97d9-592b-834b-11da7317d4ee,TRANSFER,train,132,b090a2845f2061a4a3fa7fcfc9cdae184d6725e56d0b5cbd920d81b7dc02f1bb
6ae68cff-24ce-54f4-aebe-c2b1e34af9a9,TRANSFER,train,133,b0baa5287e5101274beff522edc1c19b0da05506e5b5b5ca1bbb82d7cd6886cf
57a6b1c4-caa0-54f5-9bf9-1c29ffd0f9f9,TRANSFER,train,134,b18f267957f5c0c21c5cc83ded4bdd7edf914d56a26df934ccc20198a32c5d1f
683bb639-b383-5d87-9873-1dee61306dec,TRANSFER,train,135,b1db0355311c892002a9f996a4c24ec318f749e6d13db1db0e601d29e8dd7732
cb6a32a9-5410-5277-b564-4a02628641dd,TRANSFER,train,136,b318fe36cc58105ebbc18d9b87f32bc536d3328df7530445ba18422faae4afe4
4319ed02-cd4d-50a2-89b4-760dbb6d1c80,TRANSFER,train,137,b8ca39d657506a49a5a46bb2f803af8330b21a62f98a9daf94faefc05607680a
184d4859-a155-50e2-ae74-c7bbd96d08ef,TRANSFER,train,138,b9b8061e5a28e938cb34cfb8fae1516ee0dc9d55499432c48f8de41f09130b11
d8b980c2-6bd9-5aa8-91a9-5f8ceb6ed790,TRANSFER,train,139,bb54e0936c95486f98f6e96afa318dbb055eac72b3bcea622eeef5f2efcc4a6c
12436bc8-1fda-500d-a0fb-3e1bfe9790b5,TRANSFER,train,140,bc56d7d8857319c915b33dd4abcb74dc74c09825bb4e0b39bf27028da9d849c0
30d84ab5-d210-5429-97f4-80d820d5b7a0,TRANSFER,validation,1,bdf12286ea76eefd54d885a6b135618bf0cee8c3bd7611aac829960fb549a93a
c18b4623-a580-55f6-b2c5-ec58899e9bcf,TRANSFER,validation,2,beb666e52ca8d44545e55dc432defd6c97126ddd0f23f89ffc54ad1f8bed4f23
847c026f-45d7-5324-99a0-b14aaa299181,TRANSFER,validation,3,c173d643d9e97c7941ea9da12083659670786a67f9227f024fa5fa7c518f1c50
90be1388-6262-5f10-ae7d-d8a71ff87155,TRANSFER,validation,4,c175eaeb40c3aee2448fe2021b2bb1c24ca64f6ab00673528ea1d6f6532f91aa
e7ffc029-20ae-5e56-9acf-c8c7bbd476f2,TRANSFER,validation,5,c48728192414120027e4a090cad52932aba1166e375b4fe349c1ae223164c600
2d42d02e-3a21-54b5-b25a-93c0846c7df2,TRANSFER,validation,6,c6f37ec2dc13bc3f160ef18fd6ab438b6756eea6f92c7817939666a6216b39b9
868d64bb-2baa-51d3-be5c-e5adb802c138,TRANSFER,validation,7,c9354e8bcf64b22e0cbc3e9db1dac32c5fd2e78f9c51dda69e299dd62e44374a
0f1ee10b-90da-5b1d-9acf-7cc7d4551825,TRANSFER,validation,8,c99cdf2435bb59ad262d10cb66accae1cc6cbf433b8db8071ffc91c110149660
ac20d6fa-455a-59c6-a2f8-a98c9c6b098c,TRANSFER,validation,9,c9b604607c8ede9c4a167830bf14fd67d199c5acc03dca0e6612aa711dc854cf
f68510dc-deb4-5da5-91d8-8c3eefc8284a,TRANSFER,validation,10,ca12f98e7111bddfdb71755e80e71c4df8bf2dc440712fd290bd8af9a2d3ce9c
db7af9bf-0fef-56f8-85d7-c40e5ef1507f,TRANSFER,validation,11,ca2b70132f3bb0e85b4391e1a504f57286781afd54eab8188612b1d38123c26d
a629be25-3c8f-5249-b1dd-c72b4ce9ae79,TRANSFER,validation,12,ca7d03cb0f2b4aa555a19f1e3db466b4d5d7a561b0a9fc108c1bb832e3075778
3262cd0a-62d0-55e8-be0b-098c5f71f690,TRANSFER,validation,13,cde2b02950e4116ab1c46c671fdcb0b896bebd25fdf6ce6ac51baf39e7a285b6
4229e081-2dc3-54a8-a11a-2bef1a3e29df,TRANSFER,validation,14,cf80183fcafa894b4c759fb98bf2e045548fa03f51d2a2d726b6b37c0ab9e326
4c02fc4b-1df2-5028-a276-bea4a22a1630,TRANSFER,validation,15,cfe245e85cbc53a5ce8799a017b52f990198d190ffed0bfac53963dc5d8d6ea8
f2eaa43c-f4b1-5f31-b8a5-0502bf86d57d,TRANSFER,validation,16,d0a46b08dd6f822561c01621644e37b98299d1f22a8b0dde1cf78a9d64a14411
ce406abb-77ab-5687-804d-ee31007c41e3,TRANSFER,validation,17,d167a1bce2c6dfa05b669fa9e3ef814edf3e73540e82705dffc70fac57addb5e
a93a60d2-a584-57cd-8c36-756daf48014a,TRANSFER,validation,18,d2056e4d7bf49b237500078e2a0d493ca0fd2952667838b7f27a9df25f394749
2251aa0b-7df1-5823-8e8f-3950438b23d6,TRANSFER,validation,19,d38d17e47d9c49d955733ccef74166594fe4ccf63ab49fd9ce9e19de5128b16b
1fe00ce2-1020-536c-963e-6965d7042142,TRANSFER,validation,20,d59b67e566ace58e1354c32e73db770b80304ff1f90c1b7fd8ffca9809eeccb4
daab98e2-1bb3-52f7-9df7-5a0325965d7a,TRANSFER,validation,21,d66498ca41537bf3b66a7adafe7e295de864aa984aad94e123c7f7163353402c
4536a69a-918c-5d76-9dba-623107918f91,TRANSFER,validation,22,d9d5b73a3ada2358f80d4c9dfec29183921772881f56d2d9e05b7e358fbed333
e4f2a204-acdd-5da1-8b09-a86f47e715be,TRANSFER,validation,23,da6b1dd67aae7a67db475b57f70ec9c749aa82fc5d4727d27f177173f8480c31
631dca55-1dac-5020-b137-a5a23fb07420,TRANSFER,validation,24,da9faab446c50be6071cb47fb542d87933200f9c22b50e31ef8c6255b3a95495
7e42cb6c-320d-5db5-98cd-17bed5640698,TRANSFER,validation,25,db42d1a74cea2ff0cf10ed063940b3495afef844a66b839fe0f8fb9e2c0d7045
c5420b50-a086-56ea-8c5e-8e0ce1d03536,TRANSFER,validation,26,dd48215b7b724678350ea41df67dcbf53ff0a1e8429ac2dbedf690004120ad76
3a26f065-7e73-59a4-9eef-d3025b75f0b1,TRANSFER,validation,27,de347ac815b4327c361d4e8c5edc47fa530791d7c0a9cc1cba62d3434758f8d9
4b3a1c16-ef2b-5432-8e61-6e344b009dc8,TRANSFER,validation,28,e20e08352d49416a2300d2a913dd5a32c871cd39dc986f7095c60524124b644b
aa47648b-4ea8-5ea9-9628-93867083b7c3,TRANSFER,validation,29,e272ec91bfb1fd8280969bdef4cd8d2973df8e01e6844c2b2b119f1890408b71
f0e34ec1-ff0f-5b85-ac36-e935b60c69b1,TRANSFER,validation,30,e278c5f35f5f2baa08b2a2a1b38cb15c4001ed3a6c5bca9a9aa831f13016cb65
8de29408-2126-543d-8fc4-989002f3a20c,TRANSFER,test,1,e3eb2d591a78888b18aa19428ce97ea016c1ab97db20c79d0ebfd4f559da1404
e75bd654-267a-5d1e-8778-3e1913f4ede8,TRANSFER,test,2,e476a9ac13a26f049b3c0aea3dc808b6d377237a343e78041cd47faa5b4d7c6a
2479af3b-eb57-511b-9bc0-707e7f041493,TRANSFER,test,3,e74ca01658c83fbf0a8e03eacbbaed6718a08c1655bb788b64372131e1f661c5
eb13980f-e586-545d-af08-14e940ad6e49,TRANSFER,test,4,e760f7fafae885b0e6910f15692834de9d0f299b69a3e493c9f732211d0c6dd4
011ecbf6-dc71-5b19-b123-7c2fb2411afa,TRANSFER,test,5,e830824ea1ff175be3d3d66f55ac1a434070e86b09ac42ad051a820ba709f69c
22e13f2f-c50f-5ca8-b7b5-792aa0436d21,TRANSFER,test,6,e8774d84d5c94c37580a1b1f7c0bba9cd832c0c322f8094435325b89828ca0eb
a10364c4-735f-5754-bfa3-b876437375f9,TRANSFER,test,7,e964c31617529dbe6630f0819139f60be953e16c1c80941e6cd4d4fbf5a93620
002b9f71-04f1-5937-9c16-3470136dd6dc,TRANSFER,test,8,e9ce606c46bbae70372bf926273a0e4d821c2bcb7a515c972b0d566edaa88ce1
c8705dd7-814b-575d-98a1-d2b07403b7ef,TRANSFER,test,9,eb8abed303a9640890f22c6777c119ee284b9cd5662cdaa789d622fe77001568
03772058-7cd6-5f74-aea1-f5639c71f661,TRANSFER,test,10,ec2802842d190cc341d101b431c790c5cbc1dc0f57c32b265ff7f68c2e0959d7
87d05d23-1d2c-5b62-bbf6-a454a7e2b378,TRANSFER,test,11,ec60670b1548ab7d5121f5d16a6403499ceab96e5f4c44acd4e3c00f5bd03cca
d2dc57fb-4ae1-5a02-9515-f881d4c888b7,TRANSFER,test,12,ed06d828dc8e78c3c42d29cdc013a34fef73e61faa45316c3fea1d47fab15dad
eff97d77-ae00-5d98-9a3d-815272fc70a4,TRANSFER,test,13,ed5ee26d8bb2015ec84d4d982d0595f5cf351b70e73e0d39d49d7196f44eab20
c34989a7-9d1a-54ab-b443-198313e962ba,TRANSFER,test,14,edcbe52a7d1587b544904c0e831ab03f2158061e377040486697532afb40d6a9
8a92100c-2cb9-53cd-8b22-1eac741f8880,TRANSFER,test,15,ee32598aba8c33eb4308b7a639bbd1ef92ccdd86a76d3c0c64c66a5b3b681c85
ff2c39ce-a07c-57c8-a46e-377cefb5fb47,TRANSFER,test,16,ef16b94e626bd21d98341fb40b0ab6acf800220eb04ea62f5559d57db1df6418
5b6c363e-f668-5b56-9d9d-ceae6a68243e,TRANSFER,test,17,f10b17e5a1df142c216136cc4ce052b344cf17465e745f7df63d9b227660cfdb
08b6ccb9-f02d-50fb-b837-bcda2a1486b0,TRANSFER,test,18,f13127b500b37ce7f6722516af60c9be52c7475d659dd901c9708072ad11bef7
da9dd7aa-fe85-5e2b-ab65-b1a0c973cdf3,TRANSFER,test,19,f1703149bd902312ec080454ac96cd2acc07c5879cd960c2af150d46a64b8e35
d8e9cbde-8352-58f2-8f23-f76c6aea652c,TRANSFER,test,20,f2354efb8940cad031b8f555e19f3c1a2ab49e3c3496cfb2e15760c85cf7325b
ccd7cefa-fa25-5ec0-bf68-ecc6d5fe25b5,TRANSFER,test,21,f3b91287a83a3e17eff3c8b6986883605ff9fa28096dc78b3c8131d0d0a028b1
4efe1b98-da81-5c6d-9aa3-5f2ad1fe4529,TRANSFER,test,22,f47bb3b3409e41d01a88f09ba2ac60b4a956ac00a6f36e092506d7952a1d3b4a
774638a3-4cdd-59dc-8f1c-3f2319b4e805,TRANSFER,test,23,f4ad0a09a2270757f648b59f8da9263d54dc640f8156e2d2e63786781f20e435
79b57c13-be72-5662-94d4-7f5874f9087a,TRANSFER,test,24,f83b051659a3948094352c20d7f33e84302fb859c3719bf1edfe208755715533
1aa61d85-7c52-58a2-8972-ae64f906c9da,TRANSFER,test,25,f8883f02016541aac08773903bc29d51c20ab230b27ce21a6492de9adf6a97ce
3aaf66d3-ec08-5c98-b89b-9b13173ec4d3,TRANSFER,test,26,f95745aa30a1a939ac543d2e18c425f048c483a25ad0d94f580d60a0dc46d044
b88be909-d098-5111-93d1-2e174bee5a4c,TRANSFER,test,27,f995a74d6dd6694f943afdf8ef59bdc00258a3841ce18ba3bb86457590335dfc
b7a3f1a2-8fb2-5c79-ad53-4818cb2a9193,TRANSFER,test,28,fb92d87999a7fbd253bb89d6d0082a2d2fb6646c0807f62276df2d12c7394f7a
7d07b607-ba2d-5e4b-aa87-4b1946a4896b,TRANSFER,test,29,fcf4cbd53b645ad68fcfbe3f7b54e9cdc093090400c08c2fb66e112a293880b3
d427b63b-542f-55ef-a18e-e443bf2f00fc,TRANSFER,test,30,fe09f5c7e07f16598181356ac36708d3c77543460131a1ed21c7128c8d0ec716
