split,transaction_id,state_replica,type,node_profile,active_workers,queue_length,simulator_regime,service_time_ms,actual_queue_wait_ms,completion_time_ms
train,006ca6d7-2113-5e40-8812-de583cc5c117,0,TRANSFER,High,3,0,idle,35.192886,0.0,35.192886
train,006ca6d7-2113-5e40-8812-de583cc5c117,1,TRANSFER,High,10,1,busy,35.192886,6.984385139393433,42.17727113939343
train,006ca6d7-2113-5e40-8812-de583cc5c117,2,TRANSFER,High,9,0,normal,35.192886,0.0,35.192886
train,006ca6d7-2113-5e40-8812-de583cc5c117,0,TRANSFER,Low,10,22,surge,59.519256,99.02623971912558,158.5454957191256
train,006ca6d7-2113-5e40-8812-de583cc5c117,1,TRANSFER,Low,6,0,normal,59.519256,0.0,59.519256
train,006ca6d7-2113-5e40-8812-de583cc5c117,2,TRANSFER,Low,9,0,normal,59.519256,0.0,59.519256
train,006ca6d7-2113-5e40-8812-de583cc5c117,0,TRANSFER,Medium,10,10,busy,48.003524,45.82347925085773,93.82700325085773
train,006ca6d7-2113-5e40-8812-de583cc5c117,1,TRANSFER,Medium,1,0,idle,48.003524,0.0,48.003524
train,006ca6d7-2113-5e40-8812-de583cc5c117,2,TRANSFER,Medium,10,0,busy,48.003524,2.587098056667431,50.59062205666743
train,006ec7c4-7bbd-55ba-9138-807e1c4c988e,0,TRANSFER,High,10,8,busy,36.525243,24.037721078243607,60.56296407824361
train,006ec7c4-7bbd-55ba-9138-807e1c4c988e,1,TRANSFER,High,10,10,busy,36.525243,28.31707951156163,64.84232251156163
train,006ec7c4-7bbd-55ba-9138-807e1c4c988e,2,TRANSFER,High,9,0,normal,36.525243,0.0,36.525243
train,006ec7c4-7bbd-55ba-9138-807e1c4c988e,0,TRANSFER,Low,10,3,busy,58.628935,17.788153173947073,76.41708817394706
train,006ec7c4-7bbd-55ba-9138-807e1c4c988e,1,TRANSFER,Low,6,0,normal,58.628935,0.0,58.628935
train,006ec7c4-7bbd-55ba-9138-807e1c4c988e,2,TRANSFER,Low,10,2,busy,58.628935,8.345353925022936,66.97428892502293
train,006ec7c4-7bbd-55ba-9138-807e1c4c988e,0,TRANSFER,Medium,9,0,normal,46.216302,0.0,46.216302
train,006ec7c4-7bbd-55ba-9138-807e1c4c988e,1,TRANSFER,Medium,10,3,busy,46.216302,9.879089538010069,56.09539153801007
train,006ec7c4-7bbd-55ba-9138-807e1c4c988e,2,TRANSFER,Medium,10,9,busy,46.216302,41.05229074972058,87.26859274972057
train,0087127e-c89f-572e-972a-057dd92716c6,0,DEBIT,High,5,0,normal,32.302378,0.0,32.302378
train,0087127e-c89f-572e-972a-057dd92716c6,1,DEBIT,High,4,0,idle,32.302378,0.0,32.302378
train,0087127e-c89f-572e-972a-057dd92716c6,2,DEBIT,High,10,3,busy,32.302378,12.334617879326501,44.6369958793265
train,0087127e-c89f-572e-972a-057dd92716c6,0,DEBIT,Low,10,3,busy,51.480569,28.39918688733098,79.87975588733099
train,0087127e-c89f-572e-972a-057dd92716c6,1,DEBIT,Low,6,0,normal,51.480569,0.0,51.480569
train,0087127e-c89f-572e-972a-057dd92716c6,2,DEBIT,Low,10,4,busy,51.480569,18.775559963146502,70.25612896314651
train,0087127e-c89f-572e-972a-057dd92716c6,0,DEBIT,Medium,8,0,normal,40.907439,0.0,40.907439
train,0087127e-c89f-572e-972a-057dd92716c6,1,DEBIT,Medium,7,0,normal,40.907439,0.0,40.907439
train,0087127e-c89f-572e-972a-057dd92716c6,2,DEBIT,Medium,10,30,surge,40.907439,110.47546481504736,151.38290381504737
train,01c21ab9-0508-5411-a641-0f98dacce6ba,0,DEBIT,High,8,0,normal,30.659332,0.0,30.659332
train,01c21ab9-0508-5411-a641-0f98dacce6ba,1,DEBIT,High,9,0,normal,30.659332,0.0,30.659332
train,01c21ab9-0508-5411-a641-0f98dacce6ba,2,DEBIT,High,2,0,idle,30.659332,0.0,30.659332
train,01c21ab9-0508-5411-a641-0f98dacce6ba,0,DEBIT,Low,10,3,busy,52.632105,9.753426402474892,62.385531402474896
train,01c21ab9-0508-5411-a641-0f98dacce6ba,1,DEBIT,Low,10,0,busy,52.632105,2.8841055392097656,55.516210539209766
train,01c21ab9-0508-5411-a641-0f98dacce6ba,2,DEBIT,Low,10,19,surge,52.632105,90.61226487529463,143.24436987529464
train,01c21ab9-0508-5411-a641-0f98dacce6ba,0,DEBIT,Medium,10,1,busy,40.643008,6.173680171228585,46.816688171228584
train,01c21ab9-0508-5411-a641-0f98dacce6ba,1,DEBIT,Medium,0,0,idle,40.643008,0.0,40.643008
train,01c21ab9-0508-5411-a641-0f98dacce6ba,2,DEBIT,Medium,9,0,normal,40.643008,0.0,40.643008
train,027edc78-b22f-5a49-8bea-93a58d26fd20,0,CASH_IN,High,0,0,idle,20.522681,0.0,20.522681
train,027edc78-b22f-5a49-8bea-93a58d26fd20,1,CASH_IN,High,8,0,normal,20.522681,0.0,20.522681
train,027edc78-b22f-5a49-8bea-93a58d26fd20,2,CASH_IN,High,9,0,normal,20.522681,0.0,20.522681
train,027edc78-b22f-5a49-8bea-93a58d26fd20,0,CASH_IN,Low,2,0,idle,37.720026,0.0,37.720026
train,027edc78-b22f-5a49-8bea-93a58d26fd20,1,CASH_IN,Low,10,16,surge,37.720026,79.61321509309084,117.33324109309083
train,027edc78-b22f-5a49-8bea-93a58d26fd20,2,CASH_IN,Low,1,0,idle,37.720026,0.0,37.720026
train,027edc78-b22f-5a49-8bea-93a58d26fd20,0,CASH_IN,Medium,10,2,busy,27.884205,16.797228363360635,44.68143336336064
train,027edc78-b22f-5a49-8bea-93a58d26fd20,1,CASH_IN,Medium,1,0,idle,27.884205,0.0,27.884205
train,027edc78-b22f-5a49-8bea-93a58d26fd20,2,CASH_IN,Medium,10,17,surge,27.884205,61.620458561479026,89.50466356147902
train,02f15c4d-03d8-5ae0-8951-33b67a411614,0,CASH_IN,High,10,18,surge,21.638728,51.37316854841432,73.01189654841431
train,02f15c4d-03d8-5ae0-8951-33b67a411614,1,CASH_IN,High,9,0,normal,21.638728,0.0,21.638728
train,02f15c4d-03d8-5ae0-8951-33b67a411614,2,CASH_IN,High,3,0,idle,21.638728,0.0,21.638728
train,02f15c4d-03d8-5ae0-8951-33b67a411614,0,CASH_IN,Low,5,0,normal,39.44726,0.0,39.44726
train,02f15c4d-03d8-5ae0-8951-33b67a411614,1,CASH_IN,Low,6,0,normal,39.44726,0.0,39.44726
train,02f15c4d-03d8-5ae0-8951-33b67a411614,2,CASH_IN,Low,5,0,normal,39.44726,0.0,39.44726
train,02f15c4d-03d8-5ae0-8951-33b67a411614,0,CASH_IN,Medium,6,0,normal,28.885096,0.0,28.885096
train,02f15c4d-03d8-5ae0-8951-33b67a411614,1,CASH_IN,Medium,10,13,surge,28.885096,49.31850045566009,78.20359645566009
train,02f15c4d-03d8-5ae0-8951-33b67a411614,2,CASH_IN,Medium,3,0,idle,28.885096,0.0,28.885096
train,0331c0ca-4ed3-5b7e-9af1-ea42c5f3eea7,0,CASH_IN,High,10,2,busy,20.584487,9.809151342917447,30.39363834291745
train,0331c0ca-4ed3-5b7e-9af1-ea42c5f3eea7,1,CASH_IN,High,9,0,normal,20.584487,0.0,20.584487
train,0331c0ca-4ed3-5b7e-9af1-ea42c5f3eea7,2,CASH_IN,High,10,26,surge,20.584487,77.74081131543753,98.32529831543752
train,0331c0ca-4ed3-5b7e-9af1-ea42c5f3eea7,0,CASH_IN,Low,10,28,surge,35.328827,136.14852985708595,171.47735685708594
train,0331c0ca-4ed3-5b7e-9af1-ea42c5f3eea7,1,CASH_IN,Low,5,0,normal,35.328827,0.0,35.328827
train,0331c0ca-4ed3-5b7e-9af1-ea42c5f3eea7,2,CASH_IN,Low,10,9,busy,35.328827,42.10849988905968,77.43732688905968
train,0331c0ca-4ed3-5b7e-9af1-ea42c5f3eea7,0,CASH_IN,Medium,10,4,busy,28.191534,13.101176288705258,41.29271028870526
train,0331c0ca-4ed3-5b7e-9af1-ea42c5f3eea7,1,CASH_IN,Medium,10,29,surge,28.191534,109.47958996029237,137.67112396029236
train,0331c0ca-4ed3-5b7e-9af1-ea42c5f3eea7,2,CASH_IN,Medium,10,5,busy,28.191534,10.751846533887397,38.9433805338874
train,034ace7a-2692-5f1c-b3e6-e789af5d2944,0,TRANSFER,High,8,0,normal,34.49264,0.0,34.49264
train,034ace7a-2692-5f1c-b3e6-e789af5d2944,1,TRANSFER,High,7,0,normal,34.49264,0.0,34.49264
train,034ace7a-2692-5f1c-b3e6-e789af5d2944,2,TRANSFER,High,4,0,idle,34.49264,0.0,34.49264
train,034ace7a-2692-5f1c-b3e6-e789af5d2944,0,TRANSFER,Low,10,8,busy,59.85752,23.93414565478964,83.79166565478964
train,034ace7a-2692-5f1c-b3e6-e789af5d2944,1,TRANSFER,Low,10,4,busy,59.85752,34.7518328851359,94.6093528851359
train,034ace7a-2692-5f1c-b3e6-e789af5d2944,2,TRANSFER,Low,10,6,busy,59.85752,35.43107856715662,95.28859856715661
train,034ace7a-2692-5f1c-b3e6-e789af5d2944,0,TRANSFER,Medium,10,26,surge,44.567274,95.09140841175724,139.65868241175724
train,034ace7a-2692-5f1c-b3e6-e789af5d2944,1,TRANSFER,Medium,1,0,idle,44.567274,0.0,44.567274
train,034ace7a-2692-5f1c-b3e6-e789af5d2944,2,TRANSFER,Medium,5,0,normal,44.567274,0.0,44.567274
train,03800b45-8301-53c2-9f30-6b7dd80497ae,0,CASH_IN,High,2,0,idle,21.161629,0.0,21.161629
train,03800b45-8301-53c2-9f30-6b7dd80497ae,1,CASH_IN,High,2,0,idle,21.161629,0.0,21.161629
train,03800b45-8301-53c2-9f30-6b7dd80497ae,2,CASH_IN,High,0,0,idle,21.161629,0.0,21.161629
train,03800b45-8301-53c2-9f30-6b7dd80497ae,0,CASH_IN,Low,10,0,busy,31.401046,5.391222480238067,36.792268480238064
train,03800b45-8301-53c2-9f30-6b7dd80497ae,1,CASH_IN,Low,10,2,busy,31.401046,9.893902612012324,41.29494861201233
train,03800b45-8301-53c2-9f30-6b7dd80497ae,2,CASH_IN,Low,0,0,idle,31.401046,0.0,31.401046
train,03800b45-8301-53c2-9f30-6b7dd80497ae,0,CASH_IN,Medium,7,0,normal,27.246777,0.0,27.246777
train,03800b45-8301-53c2-9f30-6b7dd80497ae,1,CASH_IN,Medium,10,5,busy,27.246777,25.429943417688186,52.67672041768819
train,03800b45-8301-53c2-9f30-6b7dd80497ae,2,CASH_IN,Medium,7,0,normal,27.246777,0.0,27.246777
train,03c2d846-b2d7-57e1-8ffc-2c800782ab44,0,CASH_OUT,High,10,19,surge,27.190341,59.0933611155757,86.28370211557571
train,03c2d846-b2d7-57e1-8ffc-2c800782ab44,1,CASH_OUT,High,10,4,busy,27.190341,12.048948537405279,39.23928953740528
train,03c2d846-b2d7-57e1-8ffc-2c800782ab44,2,CASH_OUT,High,0,0,idle,27.190341,0.0,27.190341
train,03c2d846-b2d7-57e1-8ffc-2c800782ab44,0,CASH_OUT,Low,8,0,normal,42.573071,0.0,42.573071
train,03c2d846-b2d7-57e1-8ffc-2c800782ab44,1,CASH_OUT,Low,0,0,idle,42.573071,0.0,42.573071
train,03c2d846-b2d7-57e1-8ffc-2c800782ab44,2,CASH_OUT,Low,10,0,busy,42.573071,3.169802146520593,45.742873146520594
train,03c2d846-b2d7-57e1-8ffc-2c800782ab44,0,CASH_OUT,Medium,10,2,busy,37.59729,6.755797961279461,44.35308796127946
train,03c2d846-b2d7-57e1-8ffc-2c800782ab44,1,CASH_OUT,Medium,5,0,normal,37.59729,0.0,37.59729
train,03c2d846-b2d7-57e1-8ffc-2c800782ab44,2,CASH_OUT,Medium,10,0,busy,37.59729,9.224896989517768,46.82218698951777
train,04147f2c-067b-5551-99e6-2a9106a91ad3,0,CASH_IN,High,6,0,normal,21.250065,0.0,21.250065
train,04147f2c-067b-5551-99e6-2a9106a91ad3,1,CASH_IN,High,10,18,surge,21.250065,52.46248445651456,73.71254945651455
train,04147f2c-067b-5551-99e6-2a9106a91ad3,2,CASH_IN,High,4,0,idle,21.250065,0.0,21.250065
train,04147f2c-067b-5551-99e6-2a9106a91ad3,0,CASH_IN,Low,0,0,idle,35.748624,0.0,35.748624
train,04147f2c-067b-5551-99e6-2a9106a91ad3,1,CASH_IN,Low,10,3,busy,35.748624,18.664538607824003,54.413162607824006
train,04147f2c-067b-5551-99e6-2a9106a91ad3,2,CASH_IN,Low,5,0,normal,35.748624,0.0,35.748624
train,04147f2c-067b-5551-99e6-2a9106a91ad3,0,CASH_IN,Medium,0,0,idle,27.548608,0.0,27.548608
train,04147f2c-067b-5551-99e6-2a9106a91ad3,1,CASH_IN,Medium,10,3,busy,27.548608,11.438329246101283,38.986937246101284
train,04147f2c-067b-5551-99e6-2a9106a91ad3,2,CASH_IN,Medium,10,7,busy,27.548608,13.808878139778813,41.357486139778814
train,044c92c1-f354-5ff1-b135-2fda326aba5d,0,TRANSFER,High,0,0,idle,35.492888,0.0,35.492888
train,044c92c1-f354-5ff1-b135-2fda326aba5d,1,TRANSFER,High,5,0,normal,35.492888,0.0,35.492888
train,044c92c1-f354-5ff1-b135-2fda326aba5d,2,TRANSFER,High,5,0,normal,35.492888,0.0,35.492888
train,044c92c1-f354-5ff1-b135-2fda326aba5d,0,TRANSFER,Low,7,0,normal,57.666637,0.0,57.666637
train,044c92c1-f354-5ff1-b135-2fda326aba5d,1,TRANSFER,Low,8,0,normal,57.666637,0.0,57.666637
train,044c92c1-f354-5ff1-b135-2fda326aba5d,2,TRANSFER,Low,6,0,normal,57.666637,0.0,57.666637
train,044c92c1-f354-5ff1-b135-2fda326aba5d,0,TRANSFER,Medium,5,0,normal,47.761104,0.0,47.761104
train,044c92c1-f354-5ff1-b135-2fda326aba5d,1,TRANSFER,Medium,5,0,normal,47.761104,0.0,47.761104
train,044c92c1-f354-5ff1-b135-2fda326aba5d,2,TRANSFER,Medium,10,9,busy,47.761104,30.795582314936418,78.55668631493643
train,048c2934-3022-5d0d-a6ea-c03796b449ed,0,CASH_OUT,High,1,0,idle,28.174795,0.0,28.174795
train,048c2934-3022-5d0d-a6ea-c03796b449ed,1,CASH_OUT,High,2,0,idle,28.174795,0.0,28.174795
train,048c2934-3022-5d0d-a6ea-c03796b449ed,2,CASH_OUT,High,6,0,normal,28.174795,0.0,28.174795
train,048c2934-3022-5d0d-a6ea-c03796b449ed,0,CASH_OUT,Low,10,10,busy,45.633336,50.50531972830124,96.13865572830125
train,048c2934-3022-5d0d-a6ea-c03796b449ed,1,CASH_OUT,Low,10,12,surge,45.633336,66.43337152053105,112.06670752053105
train,048c2934-3022-5d0d-a6ea-c03796b449ed,2,CASH_OUT,Low,9,0,normal,45.633336,0.0,45.633336
train,048c2934-3022-5d0d-a6ea-c03796b449ed,0,CASH_OUT,Medium,4,0,idle,36.958512,0.0,36.958512
train,048c2934-3022-5d0d-a6ea-c03796b449ed,1,CASH_OUT,Medium,5,0,normal,36.958512,0.0,36.958512
train,048c2934-3022-5d0d-a6ea-c03796b449ed,2,CASH_OUT,Medium,1,0,idle,36.958512,0.0,36.958512
train,05089c32-86d3-566e-8442-8504f02a4fdf,0,PAYMENT,High,8,0,normal,24.204766,0.0,24.204766
train,05089c32-86d3-566e-8442-8504f02a4fdf,1,PAYMENT,High,5,0,normal,24.204766,0.0,24.204766
train,05089c32-86d3-566e-8442-8504f02a4fdf,2,PAYMENT,High,4,0,idle,24.204766,0.0,24.204766
train,05089c32-86d3-566e-8442-8504f02a4fdf,0,PAYMENT,Low,7,0,normal,39.51519,0.0,39.51519
train,05089c32-86d3-566e-8442-8504f02a4fdf,1,PAYMENT,Low,4,0,idle,39.51519,0.0,39.51519
train,05089c32-86d3-566e-8442-8504f02a4fdf,2,PAYMENT,Low,5,0,normal,39.51519,0.0,39.51519
train,05089c32-86d3-566e-8442-8504f02a4fdf,0,PAYMENT,Medium,10,6,busy,33.547559,19.333884821791937,52.88144382179193
train,05089c32-86d3-566e-8442-8504f02a4fdf,1,PAYMENT,Medium,7,0,normal,33.547559,0.0,33.547559
train,05089c32-86d3-566e-8442-8504f02a4fdf,2,PAYMENT,Medium,10,16,surge,33.547559,57.950950044337546,91.49850904433754
train,052c87ae-edb7-509d-ad69-c6647c7988eb,0,DEBIT,High,10,7,busy,31.480106,22.565713766794932,54.045819766794935
train,052c87ae-edb7-509d-ad69-c6647c7988eb,1,DEBIT,High,10,0,busy,31.480106,9.706993283950938,41.187099283950936
train,052c87ae-edb7-509d-ad69-c6647c7988eb,2,DEBIT,High,10,4,busy,31.480106,16.38642892534878,47.86653492534878
train,052c87ae-edb7-509d-ad69-c6647c7988eb,0,DEBIT,Low,2,0,idle,51.042453,0.0,51.042453
train,052c87ae-edb7-509d-ad69-c6647c7988eb,1,DEBIT,Low,10,10,busy,51.042453,35.75670526900643,86.79915826900643
train,052c87ae-edb7-509d-ad69-c6647c7988eb,2,DEBIT,Low,10,1,busy,51.042453,27.97730583208528,79.01975883208527
train,052c87ae-edb7-509d-ad69-c6647c7988eb,0,DEBIT,Medium,10,16,surge,40.121395,55.72577702852921,95.8471720285292
train,052c87ae-edb7-509d-ad69-c6647c7988eb,1,DEBIT,Medium,3,0,idle,40.121395,0.0,40.121395
train,052c87ae-edb7-509d-ad69-c6647c7988eb,2,DEBIT,Medium,10,18,surge,40.121395,71.92599506753515,112.04739006753516
train,0531499a-3c32-5e9e-a341-4315f9e6ccf4,0,TRANSFER,High,0,0,idle,34.18875,0.0,34.18875
train,0531499a-3c32-5e9e-a341-4315f9e6ccf4,1,TRANSFER,High,7,0,normal,34.18875,0.0,34.18875
train,0531499a-3c32-5e9e-a341-4315f9e6ccf4,2,TRANSFER,High,2,0,idle,34.18875,0.0,34.18875
train,0531499a-3c32-5e9e-a341-4315f9e6ccf4,0,TRANSFER,Low,0,0,idle,57.113029,0.0,57.113029
train,0531499a-3c32-5e9e-a341-4315f9e6ccf4,1,TRANSFER,Low,10,2,busy,57.113029,16.90439676286299,74.01742576286298
train,0531499a-3c32-5e9e-a341-4315f9e6ccf4,2,TRANSFER,Low,7,0,normal,57.113029,0.0,57.113029
train,0531499a-3c32-5e9e-a341-4315f9e6ccf4,0,TRANSFER,Medium,5,0,normal,44.596166,0.0,44.596166
train,0531499a-3c32-5e9e-a341-4315f9e6ccf4,1,TRANSFER,Medium,3,0,idle,44.596166,0.0,44.596166
train,0531499a-3c32-5e9e-a341-4315f9e6ccf4,2,TRANSFER,Medium,6,0,normal,44.596166,0.0,44.596166
train,056650cb-a96b-5432-815e-2fcc7faddedd,0,DEBIT,High,9,0,normal,31.488615,0.0,31.488615
train,056650cb-a96b-5432-815e-2fcc7faddedd,1,DEBIT,High,4,0,idle,31.488615,0.0,31.488615
train,056650cb-a96b-5432-815e-2fcc7faddedd,2,DEBIT,High,2,0,idle,31.488615,0.0,31.488615
train,056650cb-a96b-5432-815e-2fcc7faddedd,0,DEBIT,Low,5,0,normal,51.421558,0.0,51.421558
train,056650cb-a96b-5432-815e-2fcc7faddedd,1,DEBIT,Low,8,0,normal,51.421558,0.0,51.421558
train,056650cb-a96b-5432-815e-2fcc7faddedd,2,DEBIT,Low,10,0,busy,51.421558,3.2390503962341213,54.66060839623412
train,056650cb-a96b-5432-815e-2fcc7faddedd,0,DEBIT,Medium,6,0,normal,40.377996,0.0,40.377996
train,056650cb-a96b-5432-815e-2fcc7faddedd,1,DEBIT,Medium,7,0,normal,40.377996,0.0,40.377996
train,056650cb-a96b-5432-815e-2fcc7faddedd,2,DEBIT,Medium,10,3,busy,40.377996,13.807797966626918,54.18579396662692
train,060ffd69-8ab6-5349-a202-db2e986ce3b8,0,TRANSFER,High,10,5,busy,34.075977,13.884546184653136,47.96052318465314
train,060ffd69-8ab6-5349-a202-db2e986ce3b8,1,TRANSFER,High,10,13,surge,34.075977,40.21084072080479,74.28681772080479
train,060ffd69-8ab6-5349-a202-db2e986ce3b8,2,TRANSFER,High,7,0,normal,34.075977,0.0,34.075977
train,060ffd69-8ab6-5349-a202-db2e986ce3b8,0,TRANSFER,Low,10,26,surge,57.117874,122.09902678664392,179.21690078664392
train,060ffd69-8ab6-5349-a202-db2e986ce3b8,1,TRANSFER,Low,8,0,normal,57.117874,0.0,57.117874
train,060ffd69-8ab6-5349-a202-db2e986ce3b8,2,TRANSFER,Low,10,6,busy,57.117874,40.49058721365092,97.60846121365091
train,060ffd69-8ab6-5349-a202-db2e986ce3b8,0,TRANSFER,Medium,6,0,normal,44.450174,0.0,44.450174
train,060ffd69-8ab6-5349-a202-db2e986ce3b8,1,TRANSFER,Medium,0,0,idle,44.450174,0.0,44.450174
train,060ffd69-8ab6-5349-a202-db2e986ce3b8,2,TRANSFER,Medium,4,0,idle,44.450174,0.0,44.450174
train,070e8076-9505-57fa-9781-f3f170b49d1c,0,TRANSFER,High,9,0,normal,36.986262,0.0,36.986262
train,070e8076-9505-57fa-9781-f3f170b49d1c,1,TRANSFER,High,10,7,busy,36.986262,27.59541658920593,64.58167858920594
train,070e8076-9505-57fa-9781-f3f170b49d1c,2,TRANSFER,High,10,0,busy,36.986262,2.20734011500769,39.19360211500769
train,070e8076-9505-57fa-9781-f3f170b49d1c,0,TRANSFER,Low,4,0,idle,58.010082,0.0,58.010082
train,070e8076-9505-57fa-9781-f3f170b49d1c,1,TRANSFER,Low,10,10,busy,58.010082,44.54479195307198,102.55487395307198
train,070e8076-9505-57fa-9781-f3f170b49d1c,2,TRANSFER,Low,9,0,normal,58.010082,0.0,58.010082
train,070e8076-9505-57fa-9781-f3f170b49d1c,0,TRANSFER,Medium,10,10,busy,43.985017,41.07865028113383,85.06366728113383
train,070e8076-9505-57fa-9781-f3f170b49d1c,1,TRANSFER,Medium,7,0,normal,43.985017,0.0,43.985017
train,070e8076-9505-57fa-9781-f3f170b49d1c,2,TRANSFER,Medium,5,0,normal,43.985017,0.0,43.985017
train,077472d9-90f6-5173-aaeb-5fa51f9684f5,0,TRANSFER,High,10,6,busy,34.133379,14.162599066021075,48.29597806602107
train,077472d9-90f6-5173-aaeb-5fa51f9684f5,1,TRANSFER,High,9,0,normal,34.133379,0.0,34.133379
train,077472d9-90f6-5173-aaeb-5fa51f9684f5,2,TRANSFER,High,10,0,busy,34.133379,4.012045206365811,38.14542420636581
train,077472d9-90f6-5173-aaeb-5fa51f9684f5,0,TRANSFER,Low,8,0,normal,57.530325,0.0,57.530325
train,077472d9-90f6-5173-aaeb-5fa51f9684f5,1,TRANSFER,Low,7,0,normal,57.530325,0.0,57.530325
train,077472d9-90f6-5173-aaeb-5fa51f9684f5,2,TRANSFER,Low,1,0,idle,57.530325,0.0,57.530325
train,077472d9-90f6-5173-aaeb-5fa51f9684f5,0,TRANSFER,Medium,7,0,normal,43.769847,0.0,43.769847
train,077472d9-90f6-5173-aaeb-5fa51f9684f5,1,TRANSFER,Medium,10,11,surge,43.769847,40.063872496975854,83.83371949697585
train,077472d9-90f6-5173-aaeb-5fa51f9684f5,2,TRANSFER,Medium,10,0,busy,43.769847,5.371076247330345,49.14092324733034
train,07960d88-70bc-5a15-bc6d-8b89673096e9,0,CASH_OUT,High,10,19,surge,28.038303,51.854152801995326,79.89245580199533
train,07960d88-70bc-5a15-bc6d-8b89673096e9,1,CASH_OUT,High,10,8,busy,28.038303,23.05299645216317,51.09129945216317
train,07960d88-70bc-5a15-bc6d-8b89673096e9,2,CASH_OUT,High,8,0,normal,28.038303,0.0,28.038303
train,07960d88-70bc-5a15-bc6d-8b89673096e9,0,CASH_OUT,Low,6,0,normal,48.015214,0.0,48.015214
train,07960d88-70bc-5a15-bc6d-8b89673096e9,1,CASH_OUT,Low,10,8,busy,48.015214,44.217715831603165,92.23292983160317
train,07960d88-70bc-5a15-bc6d-8b89673096e9,2,CASH_OUT,Low,0,0,idle,48.015214,0.0,48.015214
train,07960d88-70bc-5a15-bc6d-8b89673096e9,0,CASH_OUT,Medium,6,0,normal,36.260674,0.0,36.260674
train,07960d88-70bc-5a15-bc6d-8b89673096e9,1,CASH_OUT,Medium,1,0,idle,36.260674,0.0,36.260674
train,07960d88-70bc-5a15-bc6d-8b89673096e9,2,CASH_OUT,Medium,8,0,normal,36.260674,0.0,36.260674
train,07b89b9e-50a4-5022-8e6d-b89b3f761a1c,0,CASH_OUT,High,5,0,normal,29.875414,0.0,29.875414
train,07b89b9e-50a4-5022-8e6d-b89b3f761a1c,1,CASH_OUT,High,10,2,busy,29.875414,8.091327713468065,37.96674171346807
train,07b89b9e-50a4-5022-8e6d-b89b3f761a1c,2,CASH_OUT,High,10,2,busy,29.875414,14.248927883298325,44.12434188329833
train,07b89b9e-50a4-5022-8e6d-b89b3f761a1c,0,CASH_OUT,Low,10,9,busy,44.096905,43.28899589599599,87.38590089599599
train,07b89b9e-50a4-5022-8e6d-b89b3f761a1c,1,CASH_OUT,Low,2,0,idle,44.096905,0.0,44.096905
train,07b89b9e-50a4-5022-8e6d-b89b3f761a1c,2,CASH_OUT,Low,5,0,normal,44.096905,0.0,44.096905
train,07b89b9e-50a4-5022-8e6d-b89b3f761a1c,0,CASH_OUT,Medium,10,4,busy,35.731551,16.788877292900267,52.52042829290027
train,07b89b9e-50a4-5022-8e6d-b89b3f761a1c,1,CASH_OUT,Medium,4,0,idle,35.731551,0.0,35.731551
train,07b89b9e-50a4-5022-8e6d-b89b3f761a1c,2,CASH_OUT,Medium,7,0,normal,35.731551,0.0,35.731551
train,082079e6-26f0-5c4a-88c0-058ade7de1c8,0,DEBIT,High,9,0,normal,31.983782,0.0,31.983782
train,082079e6-26f0-5c4a-88c0-058ade7de1c8,1,DEBIT,High,7,0,normal,31.983782,0.0,31.983782
train,082079e6-26f0-5c4a-88c0-058ade7de1c8,2,DEBIT,High,10,4,busy,31.983782,12.831831310898105,44.81561331089811
train,082079e6-26f0-5c4a-88c0-058ade7de1c8,0,DEBIT,Low,7,0,normal,52.912644,0.0,52.912644
train,082079e6-26f0-5c4a-88c0-058ade7de1c8,1,DEBIT,Low,10,14,surge,52.912644,78.2754387149583,131.18808271495828
train,082079e6-26f0-5c4a-88c0-058ade7de1c8,2,DEBIT,Low,0,0,idle,52.912644,0.0,52.912644
train,082079e6-26f0-5c4a-88c0-058ade7de1c8,0,DEBIT,Medium,6,0,normal,40.30579,0.0,40.30579
train,082079e6-26f0-5c4a-88c0-058ade7de1c8,1,DEBIT,Medium,10,21,surge,40.30579,72.14964755769441,112.45543755769441
train,082079e6-26f0-5c4a-88c0-058ade7de1c8,2,DEBIT,Medium,10,3,busy,40.30579,11.26616562270439,51.571955622704394
train,08d70150-f884-57a0-933c-1f31c5bcee5f,0,CASH_OUT,High,10,3,busy,27.420095,10.846041073934208,38.266136073934206
train,08d70150-f884-57a0-933c-1f31c5bcee5f,1,CASH_OUT,High,10,5,busy,27.420095,16.08871355718663,43.508808557186626
train,08d70150-f884-57a0-933c-1f31c5bcee5f,2,CASH_OUT,High,5,0,normal,27.420095,0.0,27.420095
train,08d70150-f884-57a0-933c-1f31c5bcee5f,0,CASH_OUT,Low,8,0,normal,46.868344,0.0,46.868344
train,08d70150-f884-57a0-933c-1f31c5bcee5f,1,CASH_OUT,Low,10,8,busy,46.868344,38.6461754091748,85.5145194091748
train,08d70150-f884-57a0-933c-1f31c5bcee5f,2,CASH_OUT,Low,7,0,normal,46.868344,0.0,46.868344
train,08d70150-f884-57a0-933c-1f31c5bcee5f,0,CASH_OUT,Medium,2,0,idle,38.250091,0.0,38.250091
train,08d70150-f884-57a0-933c-1f31c5bcee5f,1,CASH_OUT,Medium,10,1,busy,38.250091,4.1119105240849,42.362001524084896
train,08d70150-f884-57a0-933c-1f31c5bcee5f,2,CASH_OUT,Medium,7,0,normal,38.250091,0.0,38.250091
train,092b61d7-aa22-505b-add5-4f5b5d3a74d7,0,PAYMENT,High,10,5,busy,25.128322,10.532698346136007,35.661020346136006
train,092b61d7-aa22-505b-add5-4f5b5d3a74d7,1,PAYMENT,High,6,0,normal,25.128322,0.0,25.128322
train,092b61d7-aa22-505b-add5-4f5b5d3a74d7,2,PAYMENT,High,5,0,normal,25.128322,0.0,25.128322
train,092b61d7-aa22-505b-add5-4f5b5d3a74d7,0,PAYMENT,Low,10,12,surge,39.552689,53.7696136422306,93.3223026422306
train,092b61d7-aa22-505b-add5-4f5b5d3a74d7,1,PAYMENT,Low,7,0,normal,39.552689,0.0,39.552689
train,092b61d7-aa22-505b-add5-4f5b5d3a74d7,2,PAYMENT,Low,10,3,busy,39.552689,15.512875736565597,55.0655647365656
train,092b61d7-aa22-505b-add5-4f5b5d3a74d7,0,PAYMENT,Medium,8,0,normal,31.253999,0.0,31.253999
train,092b61d7-aa22-505b-add5-4f5b5d3a74d7,1,PAYMENT,Medium,0,0,idle,31.253999,0.0,31.253999
train,092b61d7-aa22-505b-add5-4f5b5d3a74d7,2,PAYMENT,Medium,2,0,idle,31.253999,0.0,31.253999
train,09ac347b-27bc-511e-b961-ac76c23466ef,0,CASH_IN,High,4,0,idle,21.808168,0.0,21.808168
train,09ac347b-27bc-511e-b961-ac76c23466ef,1,CASH_IN,High,3,0,idle,21.808168,0.0,21.808168
train,09ac347b-27bc-511e-b961-ac76c23466ef,2,CASH_IN,High,10,11,surge,21.808168,28.90581808118462,50.713986081184615
train,09ac347b-27bc-511e-b961-ac76c23466ef,0,CASH_IN,Low,6,0,normal,35.080446,0.0,35.080446
train,09ac347b-27bc-511e-b961-ac76c23466ef,1,CASH_IN,Low,4,0,idle,35.080446,0.0,35.080446
train,09ac347b-27bc-511e-b961-ac76c23466ef,2,CASH_IN,Low,10,0,busy,35.080446,4.554012439698247,39.63445843969825
train,09ac347b-27bc-511e-b961-ac76c23466ef,0,CASH_IN,Medium,10,2,busy,28.039591,4.144993129352562,32.184584129352565
train,09ac347b-27bc-511e-b961-ac76c23466ef,1,CASH_IN,Medium,10,12,surge,28.039591,42.756828136316955,70.79641913631696
train,09ac347b-27bc-511e-b961-ac76c23466ef,2,CASH_IN,Medium,10,8,busy,28.039591,28.619217502892738,56.65880850289274
train,0a867ee4-d35f-5013-a1a6-110ac16ed1a1,0,CASH_IN,High,3,0,idle,21.225072,0.0,21.225072
train,0a867ee4-d35f-5013-a1a6-110ac16ed1a1,1,CASH_IN,High,8,0,normal,21.225072,0.0,21.225072
train,0a867ee4-d35f-5013-a1a6-110ac16ed1a1,2,CASH_IN,High,1,0,idle,21.225072,0.0,21.225072
train,0a867ee4-d35f-5013-a1a6-110ac16ed1a1,0,CASH_IN,Low,7,0,normal,32.144327,0.0,32.144327
train,0a867ee4-d35f-5013-a1a6-110ac16ed1a1,1,CASH_IN,Low,7,0,normal,32.144327,0.0,32.144327
train,0a867ee4-d35f-5013-a1a6-110ac16ed1a1,2,CASH_IN,Low,10,6,busy,32.144327,34.35509277781212,66.49941977781211
train,0a867ee4-d35f-5013-a1a6-110ac16ed1a1,0,CASH_IN,Medium,2,0,idle,27.408373,0.0,27.408373
train,0a867ee4-d35f-5013-a1a6-110ac16ed1a1,1,CASH_IN,Medium,0,0,idle,27.408373,0.0,27.408373
train,0a867ee4-d35f-5013-a1a6-110ac16ed1a1,2,CASH_IN,Medium,10,10,busy,27.408373,35.93284530290723,63.34121830290724
train,0ab40aab-3aaf-5c69-844a-986afe70651d,0,TRANSFER,High,5,0,normal,34.709768,0.0,34.709768
train,0ab40aab-3aaf-5c69-844a-986afe70651d,1,TRANSFER,High,5,0,normal,34.709768,0.0,34.709768
train,0ab40aab-3aaf-5c69-844a-986afe70651d,2,TRANSFER,High,1,0,idle,34.709768,0.0,34.709768
train,0ab40aab-3aaf-5c69-844a-986afe70651d,0,TRANSFER,Low,6,0,normal,55.992337,0.0,55.992337
train,0ab40aab-3aaf-5c69-844a-986afe70651d,1,TRANSFER,Low,7,0,normal,55.992337,0.0,55.992337
train,0ab40aab-3aaf-5c69-844a-986afe70651d,2,TRANSFER,Low,10,6,busy,55.992337,38.67928105580482,94.67161805580483
train,0ab40aab-3aaf-5c69-844a-986afe70651d,0,TRANSFER,Medium,4,0,idle,47.416098,0.0,47.416098
train,0ab40aab-3aaf-5c69-844a-986afe70651d,1,TRANSFER,Medium,10,14,surge,47.416098,53.3539399084092,100.7700379084092
train,0ab40aab-3aaf-5c69-844a-986afe70651d,2,TRANSFER,Medium,8,0,normal,47.416098,0.0,47.416098
train,0b09dc7b-5678-5f2c-85d5-aae0d3822444,0,TRANSFER,High,1,0,idle,37.382746,0.0,37.382746
train,0b09dc7b-5678-5f2c-85d5-aae0d3822444,1,TRANSFER,High,10,6,busy,37.382746,15.742925203743605,53.1256712037436
train,0b09dc7b-5678-5f2c-85d5-aae0d3822444,2,TRANSFER,High,1,0,idle,37.382746,0.0,37.382746
train,0b09dc7b-5678-5f2c-85d5-aae0d3822444,0,TRANSFER,Low,8,0,normal,58.074827,0.0,58.074827
train,0b09dc7b-5678-5f2c-85d5-aae0d3822444,1,TRANSFER,Low,10,13,surge,58.074827,63.32578831443445,121.40061531443445
train,0b09dc7b-5678-5f2c-85d5-aae0d3822444,2,TRANSFER,Low,10,22,surge,58.074827,99.40308383158418,157.47791083158418
train,0b09dc7b-5678-5f2c-85d5-aae0d3822444,0,TRANSFER,Medium,10,24,surge,44.231505,97.7983566754004,142.0298616754004
train,0b09dc7b-5678-5f2c-85d5-aae0d3822444,1,TRANSFER,Medium,10,0,busy,44.231505,2.855953392473049,47.087458392473046
train,0b09dc7b-5678-5f2c-85d5-aae0d3822444,2,TRANSFER,Medium,3,0,idle,44.231505,0.0,44.231505
train,0b1b6c93-e198-5fe7-8c52-ce99b8aa8761,0,CASH_OUT,High,10,8,busy,29.37451,28.7075282181855,58.0820382181855
train,0b1b6c93-e198-5fe7-8c52-ce99b8aa8761,1,CASH_OUT,High,7,0,normal,29.37451,0.0,29.37451
train,0b1b6c93-e198-5fe7-8c52-ce99b8aa8761,2,CASH_OUT,High,10,3,busy,29.37451,16.930809473295245,46.30531947329524
train,0b1b6c93-e198-5fe7-8c52-ce99b8aa8761,0,CASH_OUT,Low,9,0,normal,43.432928,0.0,43.432928
train,0b1b6c93-e198-5fe7-8c52-ce99b8aa8761,1,CASH_OUT,Low,9,0,normal,43.432928,0.0,43.432928
train,0b1b6c93-e198-5fe7-8c52-ce99b8aa8761,2,CASH_OUT,Low,10,7,busy,43.432928,27.05809741392751,70.4910254139275
train,0b1b6c93-e198-5fe7-8c52-ce99b8aa8761,0,CASH_OUT,Medium,6,0,normal,39.216224,0.0,39.216224
train,0b1b6c93-e198-5fe7-8c52-ce99b8aa8761,1,CASH_OUT,Medium,10,28,surge,39.216224,106.10285427939561,145.31907827939563
train,0b1b6c93-e198-5fe7-8c52-ce99b8aa8761,2,CASH_OUT,Medium,3,0,idle,39.216224,0.0,39.216224
train,0ba231bc-5c82-5feb-a1e8-c4074ee665f2,0,CASH_IN,High,4,0,idle,20.728207,0.0,20.728207
train,0ba231bc-5c82-5feb-a1e8-c4074ee665f2,1,CASH_IN,High,10,5,busy,20.728207,9.639788123749248,30.36799512374925
train,0ba231bc-5c82-5feb-a1e8-c4074ee665f2,2,CASH_IN,High,9,0,normal,20.728207,0.0,20.728207
train,0ba231bc-5c82-5feb-a1e8-c4074ee665f2,0,CASH_IN,Low,2,0,idle,36.776397,0.0,36.776397
train,0ba231bc-5c82-5feb-a1e8-c4074ee665f2,1,CASH_IN,Low,10,5,busy,36.776397,27.034137880575777,63.81053488057578
train,0ba231bc-5c82-5feb-a1e8-c4074ee665f2,2,CASH_IN,Low,10,3,busy,36.776397,8.36911389488741,45.145510894887416
train,0ba231bc-5c82-5feb-a1e8-c4074ee665f2,0,CASH_IN,Medium,10,20,surge,27.901964,76.26542727157869,104.16739127157868
train,0ba231bc-5c82-5feb-a1e8-c4074ee665f2,1,CASH_IN,Medium,3,0,idle,27.901964,0.0,27.901964
train,0ba231bc-5c82-5feb-a1e8-c4074ee665f2,2,CASH_IN,Medium,10,30,surge,27.901964,109.72061273666218,137.62257673666218
train,0bd78f65-b6c9-5916-8278-ccecc0039ab2,0,CASH_IN,High,8,0,normal,20.465832,0.0,20.465832
train,0bd78f65-b6c9-5916-8278-ccecc0039ab2,1,CASH_IN,High,8,0,normal,20.465832,0.0,20.465832
train,0bd78f65-b6c9-5916-8278-ccecc0039ab2,2,CASH_IN,High,10,4,busy,20.465832,20.848827508070325,41.31465950807032
train,0bd78f65-b6c9-5916-8278-ccecc0039ab2,0,CASH_IN,Low,4,0,idle,33.431226,0.0,33.431226
train,0bd78f65-b6c9-5916-8278-ccecc0039ab2,1,CASH_IN,Low,10,6,busy,33.431226,19.129663485040158,52.560889485040164
train,0bd78f65-b6c9-5916-8278-ccecc0039ab2,2,CASH_IN,Low,1,0,idle,33.431226,0.0,33.431226
train,0bd78f65-b6c9-5916-8278-ccecc0039ab2,0,CASH_IN,Medium,10,10,busy,27.521194,33.07575309305436,60.59694709305436
train,0bd78f65-b6c9-5916-8278-ccecc0039ab2,1,CASH_IN,Medium,10,6,busy,27.521194,24.080835165392983,51.602029165392985
train,0bd78f65-b6c9-5916-8278-ccecc0039ab2,2,CASH_IN,Medium,2,0,idle,27.521194,0.0,27.521194
train,0bdb3baa-dd01-5350-90a7-4d8ca40094a2,0,PAYMENT,High,7,0,normal,25.198903,0.0,25.198903
train,0bdb3baa-dd01-5350-90a7-4d8ca40094a2,1,PAYMENT,High,7,0,normal,25.198903,0.0,25.198903
train,0bdb3baa-dd01-5350-90a7-4d8ca40094a2,2,PAYMENT,High,10,2,busy,25.198903,7.29648592423739,32.49538892423739
train,0bdb3baa-dd01-5350-90a7-4d8ca40094a2,0,PAYMENT,Low,2,0,idle,39.962074,0.0,39.962074
train,0bdb3baa-dd01-5350-90a7-4d8ca40094a2,1,PAYMENT,Low,10,10,busy,39.962074,41.943107740771204,81.90518174077121
train,0bdb3baa-dd01-5350-90a7-4d8ca40094a2,2,PAYMENT,Low,10,8,busy,39.962074,29.637700981341354,69.59977498134135
train,0bdb3baa-dd01-5350-90a7-4d8ca40094a2,0,PAYMENT,Medium,6,0,normal,31.465343,0.0,31.465343
train,0bdb3baa-dd01-5350-90a7-4d8ca40094a2,1,PAYMENT,Medium,10,30,surge,31.465343,114.56108977901047,146.02643277901046
train,0bdb3baa-dd01-5350-90a7-4d8ca40094a2,2,PAYMENT,Medium,10,30,surge,31.465343,118.63746781014086,150.10281081014085
train,0ca950b2-a3e8-556d-92b0-6dcc731da193,0,DEBIT,High,10,10,busy,31.238993,33.23389559168236,64.47288859168236
train,0ca950b2-a3e8-556d-92b0-6dcc731da193,1,DEBIT,High,10,10,busy,31.238993,28.743110001575815,59.982103001575815
train,0ca950b2-a3e8-556d-92b0-6dcc731da193,2,DEBIT,High,6,0,normal,31.238993,0.0,31.238993
train,0ca950b2-a3e8-556d-92b0-6dcc731da193,0,DEBIT,Low,10,0,busy,52.936157,1.8197518623965077,54.75590886239651
train,0ca950b2-a3e8-556d-92b0-6dcc731da193,1,DEBIT,Low,5,0,normal,52.936157,0.0,52.936157
train,0ca950b2-a3e8-556d-92b0-6dcc731da193,2,DEBIT,Low,8,0,normal,52.936157,0.0,52.936157
train,0ca950b2-a3e8-556d-92b0-6dcc731da193,0,DEBIT,Medium,7,0,normal,40.429323,0.0,40.429323
train,0ca950b2-a3e8-556d-92b0-6dcc731da193,1,DEBIT,Medium,5,0,normal,40.429323,0.0,40.429323
train,0ca950b2-a3e8-556d-92b0-6dcc731da193,2,DEBIT,Medium,10,25,surge,40.429323,100.15545602805001,140.58477902805
train,0d16b314-ccdd-53d5-91dc-8cead500f4c4,0,CASH_OUT,High,4,0,idle,29.495682,0.0,29.495682
train,0d16b314-ccdd-53d5-91dc-8cead500f4c4,1,CASH_OUT,High,10,6,busy,29.495682,11.277545467166,40.773227467165995
train,0d16b314-ccdd-53d5-91dc-8cead500f4c4,2,CASH_OUT,High,6,0,normal,29.495682,0.0,29.495682
train,0d16b314-ccdd-53d5-91dc-8cead500f4c4,0,CASH_OUT,Low,10,0,busy,46.413155,13.744901723484459,60.158056723484464
train,0d16b314-ccdd-53d5-91dc-8cead500f4c4,1,CASH_OUT,Low,9,0,normal,46.413155,0.0,46.413155
train,0d16b314-ccdd-53d5-91dc-8cead500f4c4,2,CASH_OUT,Low,0,0,idle,46.413155,0.0,46.413155
train,0d16b314-ccdd-53d5-91dc-8cead500f4c4,0,CASH_OUT,Medium,10,1,busy,37.413018,8.239419428506126,45.652437428506126
train,0d16b314-ccdd-53d5-91dc-8cead500f4c4,1,CASH_OUT,Medium,8,0,normal,37.413018,0.0,37.413018
train,0d16b314-ccdd-53d5-91dc-8cead500f4c4,2,CASH_OUT,Medium,10,26,surge,37.413018,89.81811941533162,127.23113741533163
train,0d72aa38-cac4-521a-9625-5e0d947720f7,0,CASH_IN,High,10,4,busy,20.76558,11.234341643595757,31.999921643595755
train,0d72aa38-cac4-521a-9625-5e0d947720f7,1,CASH_IN,High,8,0,normal,20.76558,0.0,20.76558
train,0d72aa38-cac4-521a-9625-5e0d947720f7,2,CASH_IN,High,5,0,normal,20.76558,0.0,20.76558
train,0d72aa38-cac4-521a-9625-5e0d947720f7,0,CASH_IN,Low,10,5,busy,33.259435,29.43148533931152,62.690920339311525
train,0d72aa38-cac4-521a-9625-5e0d947720f7,1,CASH_IN,Low,10,18,surge,33.259435,84.4020987181941,117.66153371819411
train,0d72aa38-cac4-521a-9625-5e0d947720f7,2,CASH_IN,Low,10,23,surge,33.259435,116.29703756691136,149.55647256691137
train,0d72aa38-cac4-521a-9625-5e0d947720f7,0,CASH_IN,Medium,8,0,normal,27.560799,0.0,27.560799
train,0d72aa38-cac4-521a-9625-5e0d947720f7,1,CASH_IN,Medium,10,5,busy,27.560799,22.812137492165867,50.37293649216586
train,0d72aa38-cac4-521a-9625-5e0d947720f7,2,CASH_IN,Medium,10,21,surge,27.560799,72.59343679190525,100.15423579190525
train,0d7abbb4-76d9-502c-a2c5-a9575d2221c7,0,CASH_IN,High,0,0,idle,21.649278,0.0,21.649278
train,0d7abbb4-76d9-502c-a2c5-a9575d2221c7,1,CASH_IN,High,10,0,busy,21.649278,3.3382896912088182,24.987567691208817
train,0d7abbb4-76d9-502c-a2c5-a9575d2221c7,2,CASH_IN,High,4,0,idle,21.649278,0.0,21.649278
train,0d7abbb4-76d9-502c-a2c5-a9575d2221c7,0,CASH_IN,Low,10,1,busy,36.42601,12.259732984534988,48.68574298453498
train,0d7abbb4-76d9-502c-a2c5-a9575d2221c7,1,CASH_IN,Low,10,11,surge,36.42601,48.59521755296687,85.02122755296688
train,0d7abbb4-76d9-502c-a2c5-a9575d2221c7,2,CASH_IN,Low,10,2,busy,36.42601,6.997700694976444,43.42371069497644
train,0d7abbb4-76d9-502c-a2c5-a9575d2221c7,0,CASH_IN,Medium,10,19,surge,29.539636,66.7569026903195,96.29653869031951
train,0d7abbb4-76d9-502c-a2c5-a9575d2221c7,1,CASH_IN,Medium,9,0,normal,29.539636,0.0,29.539636
train,0d7abbb4-76d9-502c-a2c5-a9575d2221c7,2,CASH_IN,Medium,10,5,busy,29.539636,21.150861484402288,50.690497484402286
train,0dbf7d7d-d5df-52eb-aded-78f268f117a9,0,TRANSFER,High,10,26,surge,37.938169,72.41814819297778,110.35631719297778
train,0dbf7d7d-d5df-52eb-aded-78f268f117a9,1,TRANSFER,High,0,0,idle,37.938169,0.0,37.938169
train,0dbf7d7d-d5df-52eb-aded-78f268f117a9,2,TRANSFER,High,8,0,normal,37.938169,0.0,37.938169
train,0dbf7d7d-d5df-52eb-aded-78f268f117a9,0,TRANSFER,Low,9,0,normal,58.32452,0.0,58.32452
train,0dbf7d7d-d5df-52eb-aded-78f268f117a9,1,TRANSFER,Low,7,0,normal,58.32452,0.0,58.32452
train,0dbf7d7d-d5df-52eb-aded-78f268f117a9,2,TRANSFER,Low,0,0,idle,58.32452,0.0,58.32452
train,0dbf7d7d-d5df-52eb-aded-78f268f117a9,0,TRANSFER,Medium,10,10,busy,45.983925,42.53360327943868,88.51752827943868
train,0dbf7d7d-d5df-52eb-aded-78f268f117a9,1,TRANSFER,Medium,4,0,idle,45.983925,0.0,45.983925
train,0dbf7d7d-d5df-52eb-aded-78f268f117a9,2,TRANSFER,Medium,10,23,surge,45.983925,82.99150261448145,128.97542761448145
train,0e2b52b3-6428-5b97-bb81-fd999255da72,0,DEBIT,High,10,21,surge,30.663181,61.90732331399744,92.57050431399745
train,0e2b52b3-6428-5b97-bb81-fd999255da72,1,DEBIT,High,8,0,normal,30.663181,0.0,30.663181
train,0e2b52b3-6428-5b97-bb81-fd999255da72,2,DEBIT,High,10,0,busy,30.663181,3.9099701554458353,34.573151155445835
train,0e2b52b3-6428-5b97-bb81-fd999255da72,0,DEBIT,Low,10,2,busy,50.119744,7.973377334177453,58.093121334177454
train,0e2b52b3-6428-5b97-bb81-fd999255da72,1,DEBIT,Low,10,1,busy,50.119744,17.79920099718267,67.91894499718266
train,0e2b52b3-6428-5b97-bb81-fd999255da72,2,DEBIT,Low,10,2,busy,50.119744,18.006495511608474,68.12623951160847
train,0e2b52b3-6428-5b97-bb81-fd999255da72,0,DEBIT,Medium,2,0,idle,41.036471,0.0,41.036471
train,0e2b52b3-6428-5b97-bb81-fd999255da72,1,DEBIT,Medium,10,6,busy,41.036471,25.650775940405985,66.68724694040598
train,0e2b52b3-6428-5b97-bb81-fd999255da72,2,DEBIT,Medium,10,1,busy,41.036471,10.30467112548388,51.34114212548388
train,0e45fbc3-44a1-5dda-8128-81337380c3ce,0,PAYMENT,High,10,15,surge,25.352374,38.99239257104464,64.34476657104464
train,0e45fbc3-44a1-5dda-8128-81337380c3ce,1,PAYMENT,High,6,0,normal,25.352374,0.0,25.352374
train,0e45fbc3-44a1-5dda-8128-81337380c3ce,2,PAYMENT,High,10,3,busy,25.352374,19.379781703578907,44.73215570357891
train,0e45fbc3-44a1-5dda-8128-81337380c3ce,0,PAYMENT,Low,9,0,normal,39.855854,0.0,39.855854
train,0e45fbc3-44a1-5dda-8128-81337380c3ce,1,PAYMENT,Low,9,0,normal,39.855854,0.0,39.855854
train,0e45fbc3-44a1-5dda-8128-81337380c3ce,2,PAYMENT,Low,7,0,normal,39.855854,0.0,39.855854
train,0e45fbc3-44a1-5dda-8128-81337380c3ce,0,PAYMENT,Medium,3,0,idle,33.130017,0.0,33.130017
train,0e45fbc3-44a1-5dda-8128-81337380c3ce,1,PAYMENT,Medium,10,4,busy,33.130017,21.349261015885805,54.47927801588581
train,0e45fbc3-44a1-5dda-8128-81337380c3ce,2,PAYMENT,Medium,9,0,normal,33.130017,0.0,33.130017
train,0efdb3bc-4c33-5b83-ad74-4ad1996df7e6,0,TRANSFER,High,0,0,idle,34.097444,0.0,34.097444
train,0efdb3bc-4c33-5b83-ad74-4ad1996df7e6,1,TRANSFER,High,10,3,busy,34.097444,9.637711013650202,43.73515501365021
train,0efdb3bc-4c33-5b83-ad74-4ad1996df7e6,2,TRANSFER,High,10,11,surge,34.097444,29.834559262469604,63.93200326246961
train,0efdb3bc-4c33-5b83-ad74-4ad1996df7e6,0,TRANSFER,Low,5,0,normal,57.412132,0.0,57.412132
train,0efdb3bc-4c33-5b83-ad74-4ad1996df7e6,1,TRANSFER,Low,10,10,busy,57.412132,52.36937919109791,109.7815111910979
train,0efdb3bc-4c33-5b83-ad74-4ad1996df7e6,2,TRANSFER,Low,0,0,idle,57.412132,0.0,57.412132
train,0efdb3bc-4c33-5b83-ad74-4ad1996df7e6,0,TRANSFER,Medium,7,0,normal,46.119156,0.0,46.119156
train,0efdb3bc-4c33-5b83-ad74-4ad1996df7e6,1,TRANSFER,Medium,10,19,surge,46.119156,61.45891597184467,107.57807197184466
train,0efdb3bc-4c33-5b83-ad74-4ad1996df7e6,2,TRANSFER,Medium,6,0,normal,46.119156,0.0,46.119156
train,0f15a669-11dc-56eb-a4b1-9ce1e392828d,0,DEBIT,High,4,0,idle,33.649441,0.0,33.649441
train,0f15a669-11dc-56eb-a4b1-9ce1e392828d,1,DEBIT,High,1,0,idle,33.649441,0.0,33.649441
train,0f15a669-11dc-56eb-a4b1-9ce1e392828d,2,DEBIT,High,10,0,busy,33.649441,1.6763504883878837,35.325791488387885
train,0f15a669-11dc-56eb-a4b1-9ce1e392828d,0,DEBIT,Low,10,2,busy,51.669278,7.413907351206183,59.08318535120618
train,0f15a669-11dc-56eb-a4b1-9ce1e392828d,1,DEBIT,Low,10,22,surge,51.669278,107.5997677610768,159.2690457610768
train,0f15a669-11dc-56eb-a4b1-9ce1e392828d,2,DEBIT,Low,10,27,surge,51.669278,126.11659739904985,177.78587539904984
train,0f15a669-11dc-56eb-a4b1-9ce1e392828d,0,DEBIT,Medium,10,29,surge,42.050703,110.5642615515101,152.6149645515101
train,0f15a669-11dc-56eb-a4b1-9ce1e392828d,1,DEBIT,Medium,10,6,busy,42.050703,26.756683035918215,68.80738603591821
train,0f15a669-11dc-56eb-a4b1-9ce1e392828d,2,DEBIT,Medium,10,1,busy,42.050703,5.459413610591714,47.51011661059171
train,0f5f0b8e-bba3-5114-b251-37d5ed152644,0,PAYMENT,High,10,3,busy,23.913389,6.539863060213138,30.45325206021314
train,0f5f0b8e-bba3-5114-b251-37d5ed152644,1,PAYMENT,High,6,0,normal,23.913389,0.0,23.913389
train,0f5f0b8e-bba3-5114-b251-37d5ed152644,2,PAYMENT,High,9,0,normal,23.913389,0.0,23.913389
train,0f5f0b8e-bba3-5114-b251-37d5ed152644,0,PAYMENT,Low,10,9,busy,39.290522,35.58121187458681,74.87173387458682
train,0f5f0b8e-bba3-5114-b251-37d5ed152644,1,PAYMENT,Low,6,0,normal,39.290522,0.0,39.290522
train,0f5f0b8e-bba3-5114-b251-37d5ed152644,2,PAYMENT,Low,8,0,normal,39.290522,0.0,39.290522
train,0f5f0b8e-bba3-5114-b251-37d5ed152644,0,PAYMENT,Medium,10,5,busy,31.537826,12.1636483364827,43.7014743364827
train,0f5f0b8e-bba3-5114-b251-37d5ed152644,1,PAYMENT,Medium,4,0,idle,31.537826,0.0,31.537826
train,0f5f0b8e-bba3-5114-b251-37d5ed152644,2,PAYMENT,Medium,5,0,normal,31.537826,0.0,31.537826
train,10eaaf9e-0c47-53a1-b244-c94929cb486f,0,DEBIT,High,10,7,busy,31.050119,21.06751417661385,52.11763317661385
train,10eaaf9e-0c47-53a1-b244-c94929cb486f,1,DEBIT,High,10,3,busy,31.050119,11.973001244883942,43.02312024488394
train,10eaaf9e-0c47-53a1-b244-c94929cb486f,2,DEBIT,High,10,24,surge,31.050119,68.74100649988355,99.79112549988355
train,10eaaf9e-0c47-53a1-b244-c94929cb486f,0,DEBIT,Low,6,0,normal,51.11192,0.0,51.11192
train,10eaaf9e-0c47-53a1-b244-c94929cb486f,1,DEBIT,Low,3,0,idle,51.11192,0.0,51.11192
train,10eaaf9e-0c47-53a1-b244-c94929cb486f,2,DEBIT,Low,10,30,surge,51.11192,152.50528328350836,203.61720328350836
train,10eaaf9e-0c47-53a1-b244-c94929cb486f,0,DEBIT,Medium,10,0,busy,40.361686,3.7985901943842793,44.16027619438428
train,10eaaf9e-0c47-53a1-b244-c94929cb486f,1,DEBIT,Medium,6,0,normal,40.361686,0.0,40.361686
train,10eaaf9e-0c47-53a1-b244-c94929cb486f,2,DEBIT,Medium,10,5,busy,40.361686,18.386156972148196,58.74784297214819
train,11856bc6-cfc7-5941-b98d-541105d1ce12,0,TRANSFER,High,4,0,idle,34.719272,0.0,34.719272
train,11856bc6-cfc7-5941-b98d-541105d1ce12,1,TRANSFER,High,4,0,idle,34.719272,0.0,34.719272
train,11856bc6-cfc7-5941-b98d-541105d1ce12,2,TRANSFER,High,5,0,normal,34.719272,0.0,34.719272
train,11856bc6-cfc7-5941-b98d-541105d1ce12,0,TRANSFER,Low,10,3,busy,59.776267,36.74332857960023,96.51959557960024
train,11856bc6-cfc7-5941-b98d-541105d1ce12,1,TRANSFER,Low,10,18,surge,59.776267,84.88757433377016,144.66384133377016
train,11856bc6-cfc7-5941-b98d-541105d1ce12,2,TRANSFER,Low,10,12,surge,59.776267,74.73000284731395,134.50626984731394
train,11856bc6-cfc7-5941-b98d-541105d1ce12,0,TRANSFER,Medium,0,0,idle,47.014016,0.0,47.014016
train,11856bc6-cfc7-5941-b98d-541105d1ce12,1,TRANSFER,Medium,10,8,busy,47.014016,35.210107479853974,82.22412347985397
train,11856bc6-cfc7-5941-b98d-541105d1ce12,2,TRANSFER,Medium,10,0,busy,47.014016,6.794561604523251,53.80857760452325
train,122118bd-1707-5e1c-9522-d9f0df13190e,0,CASH_IN,High,9,0,normal,20.794562,0.0,20.794562
train,122118bd-1707-5e1c-9522-d9f0df13190e,1,CASH_IN,High,10,23,surge,20.794562,65.96256003066232,86.75712203066232
train,122118bd-1707-5e1c-9522-d9f0df13190e,2,CASH_IN,High,10,14,surge,20.794562,41.18656484875159,61.981126848751586
train,122118bd-1707-5e1c-9522-d9f0df13190e,0,CASH_IN,Low,10,8,busy,36.070337,42.03017144704036,78.10050844704037
train,122118bd-1707-5e1c-9522-d9f0df13190e,1,CASH_IN,Low,7,0,normal,36.070337,0.0,36.070337
train,122118bd-1707-5e1c-9522-d9f0df13190e,2,CASH_IN,Low,5,0,normal,36.070337,0.0,36.070337
train,122118bd-1707-5e1c-9522-d9f0df13190e,0,CASH_IN,Medium,8,0,normal,28.54896,0.0,28.54896
train,122118bd-1707-5e1c-9522-d9f0df13190e,1,CASH_IN,Medium,9,0,normal,28.54896,0.0,28.54896
train,122118bd-1707-5e1c-9522-d9f0df13190e,2,CASH_IN,Medium,2,0,idle,28.54896,0.0,28.54896
train,122580d8-53f8-5ed8-a06f-6182625c2c80,0,DEBIT,High,2,0,idle,30.845391,0.0,30.845391
train,122580d8-53f8-5ed8-a06f-6182625c2c80,1,DEBIT,High,2,0,idle,30.845391,0.0,30.845391
train,122580d8-53f8-5ed8-a06f-6182625c2c80,2,DEBIT,High,6,0,normal,30.845391,0.0,30.845391
train,122580d8-53f8-5ed8-a06f-6182625c2c80,0,DEBIT,Low,10,24,surge,50.697943,114.05668380966635,164.75462680966635
train,122580d8-53f8-5ed8-a06f-6182625c2c80,1,DEBIT,Low,6,0,normal,50.697943,0.0,50.697943
train,122580d8-53f8-5ed8-a06f-6182625c2c80,2,DEBIT,Low,10,4,busy,50.697943,13.06167641380067,63.75961941380067
train,122580d8-53f8-5ed8-a06f-6182625c2c80,0,DEBIT,Medium,0,0,idle,41.369509,0.0,41.369509
train,122580d8-53f8-5ed8-a06f-6182625c2c80,1,DEBIT,Medium,4,0,idle,41.369509,0.0,41.369509
train,122580d8-53f8-5ed8-a06f-6182625c2c80,2,DEBIT,Medium,10,4,busy,41.369509,17.704807676504647,59.07431667650465
train,12436bc8-1fda-500d-a0fb-3e1bfe9790b5,0,TRANSFER,High,3,0,idle,36.125666,0.0,36.125666
train,12436bc8-1fda-500d-a0fb-3e1bfe9790b5,1,TRANSFER,High,3,0,idle,36.125666,0.0,36.125666
train,12436bc8-1fda-500d-a0fb-3e1bfe9790b5,2,TRANSFER,High,10,3,busy,36.125666,4.496609349363408,40.62227534936341
train,12436bc8-1fda-500d-a0fb-3e1bfe9790b5,0,TRANSFER,Low,5,0,normal,58.408397,0.0,58.408397
train,12436bc8-1fda-500d-a0fb-3e1bfe9790b5,1,TRANSFER,Low,0,0,idle,58.408397,0.0,58.408397
train,12436bc8-1fda-500d-a0fb-3e1bfe9790b5,2,TRANSFER,Low,10,24,surge,58.408397,116.96825244444736,175.37664944444737
train,12436bc8-1fda-500d-a0fb-3e1bfe9790b5,0,TRANSFER,Medium,9,0,normal,44.14001,0.0,44.14001
train,12436bc8-1fda-500d-a0fb-3e1bfe9790b5,1,TRANSFER,Medium,10,20,surge,44.14001,74.26180399918607,118.40181399918606
train,12436bc8-1fda-500d-a0fb-3e1bfe9790b5,2,TRANSFER,Medium,4,0,idle,44.14001,0.0,44.14001
train,12e33a49-5163-501c-a70e-c442ef7c445a,0,CASH_OUT,High,10,4,busy,29.36989,18.838918361521987,48.20880836152199
train,12e33a49-5163-501c-a70e-c442ef7c445a,1,CASH_OUT,High,10,9,busy,29.36989,24.320916271842602,53.690806271842604
train,12e33a49-5163-501c-a70e-c442ef7c445a,2,CASH_OUT,High,10,1,busy,29.36989,2.4822179535844944,31.852107953584497
train,12e33a49-5163-501c-a70e-c442ef7c445a,0,CASH_OUT,Low,10,5,busy,47.1495,31.05684439113929,78.2063443911393
train,12e33a49-5163-501c-a70e-c442ef7c445a,1,CASH_OUT,Low,1,0,idle,47.1495,0.0,47.1495
train,12e33a49-5163-501c-a70e-c442ef7c445a,2,CASH_OUT,Low,9,0,normal,47.1495,0.0,47.1495
train,12e33a49-5163-501c-a70e-c442ef7c445a,0,CASH_OUT,Medium,10,26,surge,36.962273,103.07070006140607,140.03297306140607
train,12e33a49-5163-501c-a70e-c442ef7c445a,1,CASH_OUT,Medium,6,0,normal,36.962273,0.0,36.962273
train,12e33a49-5163-501c-a70e-c442ef7c445a,2,CASH_OUT,Medium,5,0,normal,36.962273,0.0,36.962273
train,134d33e6-a3a2-5550-b005-c20a8cc38221,0,DEBIT,High,10,9,busy,34.666645,28.0011494018478,62.6677944018478
train,134d33e6-a3a2-5550-b005-c20a8cc38221,1,DEBIT,High,10,0,busy,34.666645,4.1418016704670375,38.80844667046704
train,134d33e6-a3a2-5550-b005-c20a8cc38221,2,DEBIT,High,10,5,busy,34.666645,12.572917224602268,47.23956222460227
train,134d33e6-a3a2-5550-b005-c20a8cc38221,0,DEBIT,Low,10,28,surge,53.748781,128.85132570139373,182.60010670139374
train,134d33e6-a3a2-5550-b005-c20a8cc38221,1,DEBIT,Low,10,5,busy,53.748781,33.26599553579672,87.01477653579673
train,134d33e6-a3a2-5550-b005-c20a8cc38221,2,DEBIT,Low,10,4,busy,53.748781,23.899534986945778,77.64831598694578
train,134d33e6-a3a2-5550-b005-c20a8cc38221,0,DEBIT,Medium,7,0,normal,42.70481,0.0,42.70481
train,134d33e6-a3a2-5550-b005-c20a8cc38221,1,DEBIT,Medium,10,1,busy,42.70481,5.60148722945423,48.30629722945423
train,134d33e6-a3a2-5550-b005-c20a8cc38221,2,DEBIT,Medium,5,0,normal,42.70481,0.0,42.70481
train,1382dd1c-b770-563c-aae3-0e74118a32de,0,PAYMENT,High,2,0,idle,24.138385,0.0,24.138385
train,1382dd1c-b770-563c-aae3-0e74118a32de,1,PAYMENT,High,10,0,busy,24.138385,9.857528853459723,33.995913853459726
train,1382dd1c-b770-563c-aae3-0e74118a32de,2,PAYMENT,High,10,2,busy,24.138385,9.460945029221387,33.599330029221385
train,1382dd1c-b770-563c-aae3-0e74118a32de,0,PAYMENT,Low,5,0,normal,40.92956,0.0,40.92956
train,1382dd1c-b770-563c-aae3-0e74118a32de,1,PAYMENT,Low,10,2,busy,40.92956,7.66593489337292,48.59549489337292
train,1382dd1c-b770-563c-aae3-0e74118a32de,2,PAYMENT,Low,2,0,idle,40.92956,0.0,40.92956
train,1382dd1c-b770-563c-aae3-0e74118a32de,0,PAYMENT,Medium,10,0,busy,31.019282,13.692637953310152,44.71191995331015
train,1382dd1c-b770-563c-aae3-0e74118a32de,1,PAYMENT,Medium,10,1,busy,31.019282,4.0498397223799225,35.069121722379926
train,1382dd1c-b770-563c-aae3-0e74118a32de,2,PAYMENT,Medium,10,29,surge,31.019282,107.7028103344802,138.7220923344802
train,16532eb4-80bf-5b0d-bc9d-e6a55497353d,0,TRANSFER,High,10,9,busy,34.065696,31.58149615970206,65.64719215970206
train,16532eb4-80bf-5b0d-bc9d-e6a55497353d,1,TRANSFER,High,10,4,busy,34.065696,9.316882915862717,43.38257891586272
train,16532eb4-80bf-5b0d-bc9d-e6a55497353d,2,TRANSFER,High,1,0,idle,34.065696,0.0,34.065696
train,16532eb4-80bf-5b0d-bc9d-e6a55497353d,0,TRANSFER,Low,10,5,busy,57.67756,31.256658713664113,88.93421871366411
train,16532eb4-80bf-5b0d-bc9d-e6a55497353d,1,TRANSFER,Low,5,0,normal,57.67756,0.0,57.67756
train,16532eb4-80bf-5b0d-bc9d-e6a55497353d,2,TRANSFER,Low,2,0,idle,57.67756,0.0,57.67756
train,16532eb4-80bf-5b0d-bc9d-e6a55497353d,0,TRANSFER,Medium,0,0,idle,44.295857,0.0,44.295857
train,16532eb4-80bf-5b0d-bc9d-e6a55497353d,1,TRANSFER,Medium,10,24,surge,44.295857,92.52877561983998,136.82463261983997
train,16532eb4-80bf-5b0d-bc9d-e6a55497353d,2,TRANSFER,Medium,4,0,idle,44.295857,0.0,44.295857
train,1697fa3b-b1ac-5e46-977c-0fbca9c9c898,0,CASH_IN,High,10,24,surge,20.545762,70.61261468651216,91.15837668651216
train,1697fa3b-b1ac-5e46-977c-0fbca9c9c898,1,CASH_IN,High,10,4,busy,20.545762,14.360095335928703,34.9058573359287
train,1697fa3b-b1ac-5e46-977c-0fbca9c9c898,2,CASH_IN,High,10,27,surge,20.545762,74.17959684548605,94.72535884548604
train,1697fa3b-b1ac-5e46-977c-0fbca9c9c898,0,CASH_IN,Low,4,0,idle,32.850858,0.0,32.850858
train,1697fa3b-b1ac-5e46-977c-0fbca9c9c898,1,CASH_IN,Low,9,0,normal,32.850858,0.0,32.850858
train,1697fa3b-b1ac-5e46-977c-0fbca9c9c898,2,CASH_IN,Low,10,11,surge,32.850858,56.96528637434008,89.81614437434008
train,1697fa3b-b1ac-5e46-977c-0fbca9c9c898,0,CASH_IN,Medium,8,0,normal,28.836844,0.0,28.836844
train,1697fa3b-b1ac-5e46-977c-0fbca9c9c898,1,CASH_IN,Medium,10,5,busy,28.836844,23.14546373853667,51.98230773853667
train,1697fa3b-b1ac-5e46-977c-0fbca9c9c898,2,CASH_IN,Medium,10,7,busy,28.836844,31.381442287947756,60.218286287947755
train,16bfca3f-5607-51f9-93ee-686dcdf2f39c,0,DEBIT,High,10,9,busy,30.90902,23.76772793264296,54.67674793264296
train,16bfca3f-5607-51f9-93ee-686dcdf2f39c,1,DEBIT,High,3,0,idle,30.90902,0.0,30.90902
train,16bfca3f-5607-51f9-93ee-686dcdf2f39c,2,DEBIT,High,8,0,normal,30.90902,0.0,30.90902
train,16bfca3f-5607-51f9-93ee-686dcdf2f39c,0,DEBIT,Low,10,28,surge,51.113928,128.1455231913961,179.25945119139612
train,16bfca3f-5607-51f9-93ee-686dcdf2f39c,1,DEBIT,Low,10,18,surge,51.113928,72.526932304959,123.640860304959
train,16bfca3f-5607-51f9-93ee-686dcdf2f39c,2,DEBIT,Low,10,0,busy,51.113928,7.787324248532771,58.90125224853277
train,16bfca3f-5607-51f9-93ee-686dcdf2f39c,0,DEBIT,Medium,6,0,normal,40.535523,0.0,40.535523
train,16bfca3f-5607-51f9-93ee-686dcdf2f39c,1,DEBIT,Medium,10,10,busy,40.535523,34.66362275231634,75.19914575231634
train,16bfca3f-5607-51f9-93ee-686dcdf2f39c,2,DEBIT,Medium,10,7,busy,40.535523,28.275742986958107,68.8112659869581
train,16df337f-4b88-57ad-884d-d1c8ced9d24f,0,PAYMENT,High,10,19,surge,23.91908,50.84489396707814,74.76397396707814
train,16df337f-4b88-57ad-884d-d1c8ced9d24f,1,PAYMENT,High,10,4,busy,23.91908,21.0036929540599,44.9227729540599
train,16df337f-4b88-57ad-884d-d1c8ced9d24f,2,PAYMENT,High,10,9,busy,23.91908,33.67820823100694,57.59728823100694
train,16df337f-4b88-57ad-884d-d1c8ced9d24f,0,PAYMENT,Low,8,0,normal,41.429598,0.0,41.429598
train,16df337f-4b88-57ad-884d-d1c8ced9d24f,1,PAYMENT,Low,10,4,busy,41.429598,26.19090507726873,67.62050307726872
train,16df337f-4b88-57ad-884d-d1c8ced9d24f,2,PAYMENT,Low,5,0,normal,41.429598,0.0,41.429598
train,16df337f-4b88-57ad-884d-d1c8ced9d24f,0,PAYMENT,Medium,10,29,surge,31.670213,98.85910458592684,130.52931758592683
train,16df337f-4b88-57ad-884d-d1c8ced9d24f,1,PAYMENT,Medium,0,0,idle,31.670213,0.0,31.670213
train,16df337f-4b88-57ad-884d-d1c8ced9d24f,2,PAYMENT,Medium,6,0,normal,31.670213,0.0,31.670213
train,16e116a9-c09b-5d1a-a396-cd2733e1f526,0,TRANSFER,High,4,0,idle,34.597064,0.0,34.597064
train,16e116a9-c09b-5d1a-a396-cd2733e1f526,1,TRANSFER,High,8,0,normal,34.597064,0.0,34.597064
train,16e116a9-c09b-5d1a-a396-cd2733e1f526,2,TRANSFER,High,6,0,normal,34.597064,0.0,34.597064
train,16e116a9-c09b-5d1a-a396-cd2733e1f526,0,TRANSFER,Low,4,0,idle,58.601456,0.0,58.601456
train,16e116a9-c09b-5d1a-a396-cd2733e1f526,1,TRANSFER,Low,10,1,busy,58.601456,12.227340609893044,70.82879660989305
train,16e116a9-c09b-5d1a-a396-cd2733e1f526,2,TRANSFER,Low,10,14,surge,58.601456,62.751185768520514,121.35264176852051
train,16e116a9-c09b-5d1a-a396-cd2733e1f526,0,TRANSFER,Medium,4,0,idle,45.7018,0.0,45.7018
train,16e116a9-c09b-5d1a-a396-cd2733e1f526,1,TRANSFER,Medium,4,0,idle,45.7018,0.0,45.7018
train,16e116a9-c09b-5d1a-a396-cd2733e1f526,2,TRANSFER,Medium,10,27,surge,45.7018,91.09005728431421,136.7918572843142
train,171872c1-d8e5-5c5b-8c2f-9996888502b1,0,TRANSFER,High,10,6,busy,34.317332,16.825402412778953,51.14273441277895
train,171872c1-d8e5-5c5b-8c2f-9996888502b1,1,TRANSFER,High,10,5,busy,34.317332,18.36385251079894,52.68118451079894
train,171872c1-d8e5-5c5b-8c2f-9996888502b1,2,TRANSFER,High,10,4,busy,34.317332,13.781176119574422,48.09850811957442
train,171872c1-d8e5-5c5b-8c2f-9996888502b1,0,TRANSFER,Low,10,5,busy,57.166015,21.79451250997261,78.96052750997261
train,171872c1-d8e5-5c5b-8c2f-9996888502b1,1,TRANSFER,Low,10,3,busy,57.166015,31.06068188169853,88.22669688169853
train,171872c1-d8e5-5c5b-8c2f-9996888502b1,2,TRANSFER,Low,8,0,normal,57.166015,0.0,57.166015
train,171872c1-d8e5-5c5b-8c2f-9996888502b1,0,TRANSFER,Medium,5,0,normal,47.194865,0.0,47.194865
train,171872c1-d8e5-5c5b-8c2f-9996888502b1,1,TRANSFER,Medium,9,0,normal,47.194865,0.0,47.194865
train,171872c1-d8e5-5c5b-8c2f-9996888502b1,2,TRANSFER,Medium,10,27,surge,47.194865,95.54353547383414,142.73840047383413
train,174a421a-ff17-5579-b9a9-1eaf6ceff1cb,0,CASH_OUT,High,10,29,surge,28.6187,78.9737952555841,107.5924952555841
train,174a421a-ff17-5579-b9a9-1eaf6ceff1cb,1,CASH_OUT,High,1,0,idle,28.6187,0.0,28.6187
train,174a421a-ff17-5579-b9a9-1eaf6ceff1cb,2,CASH_OUT,High,10,9,busy,28.6187,30.26927053449586,58.887970534495864
train,174a421a-ff17-5579-b9a9-1eaf6ceff1cb,0,CASH_OUT,Low,4,0,idle,47.771928,0.0,47.771928
train,174a421a-ff17-5579-b9a9-1eaf6ceff1cb,1,CASH_OUT,Low,2,0,idle,47.771928,0.0,47.771928
train,174a421a-ff17-5579-b9a9-1eaf6ceff1cb,2,CASH_OUT,Low,10,0,busy,47.771928,14.217866732719884,61.989794732719886
train,174a421a-ff17-5579-b9a9-1eaf6ceff1cb,0,CASH_OUT,Medium,8,0,normal,36.683421,0.0,36.683421
train,174a421a-ff17-5579-b9a9-1eaf6ceff1cb,1,CASH_OUT,Medium,10,2,busy,36.683421,16.455117342731523,53.13853834273152
train,174a421a-ff17-5579-b9a9-1eaf6ceff1cb,2,CASH_OUT,Medium,8,0,normal,36.683421,0.0,36.683421
train,184d4859-a155-50e2-ae74-c7bbd96d08ef,0,TRANSFER,High,10,1,busy,35.417041,3.668804187819322,39.08584518781932
train,184d4859-a155-50e2-ae74-c7bbd96d08ef,1,TRANSFER,High,2,0,idle,35.417041,0.0,35.417041
train,184d4859-a155-50e2-ae74-c7bbd96d08ef,2,TRANSFER,High,3,0,idle,35.417041,0.0,35.417041
train,184d4859-a155-50e2-ae74-c7bbd96d08ef,0,TRANSFER,Low,2,0,idle,57.781136,0.0,57.781136
train,184d4859-a155-50e2-ae74-c7bbd96d08ef,1,TRANSFER,Low,1,0,idle,57.781136,0.0,57.781136
train,184d4859-a155-50e2-ae74-c7bbd96d08ef,2,TRANSFER,Low,1,0,idle,57.781136,0.0,57.781136
train,184d4859-a155-50e2-ae74-c7bbd96d08ef,0,TRANSFER,Medium,5,0,normal,45.447349,0.0,45.447349
train,184d4859-a155-50e2-ae74-c7bbd96d08ef,1,TRANSFER,Medium,10,20,surge,45.447349,69.21464920248584,114.66199820248585
train,184d4859-a155-50e2-ae74-c7bbd96d08ef,2,TRANSFER,Medium,8,0,normal,45.447349,0.0,45.447349
train,18970099-0877-505c-abd4-294473da83f6,0,CASH_OUT,High,8,0,normal,28.017637,0.0,28.017637
train,18970099-0877-505c-abd4-294473da83f6,1,CASH_OUT,High,10,12,surge,28.017637,35.40653937252308,63.42417637252308
train,18970099-0877-505c-abd4-294473da83f6,2,CASH_OUT,High,7,0,normal,28.017637,0.0,28.017637
train,18970099-0877-505c-abd4-294473da83f6,0,CASH_OUT,Low,10,4,busy,45.494045,14.253999900270333,59.74804490027033
train,18970099-0877-505c-abd4-294473da83f6,1,CASH_OUT,Low,7,0,normal,45.494045,0.0,45.494045
train,18970099-0877-505c-abd4-294473da83f6,2,CASH_OUT,Low,10,12,surge,45.494045,60.87619331272583,106.37023831272583
train,18970099-0877-505c-abd4-294473da83f6,0,CASH_OUT,Medium,8,0,normal,36.310117,0.0,36.310117
train,18970099-0877-505c-abd4-294473da83f6,1,CASH_OUT,Medium,10,9,busy,36.310117,32.174634528661116,68.48475152866112
train,18970099-0877-505c-abd4-294473da83f6,2,CASH_OUT,Medium,8,0,normal,36.310117,0.0,36.310117
train,18c8cec2-85b7-5054-b1f9-ea93bfff7091,0,PAYMENT,High,9,0,normal,24.527857,0.0,24.527857
train,18c8cec2-85b7-5054-b1f9-ea93bfff7091,1,PAYMENT,High,10,20,surge,24.527857,64.96560217476657,89.49345917476657
train,18c8cec2-85b7-5054-b1f9-ea93bfff7091,2,PAYMENT,High,10,0,busy,24.527857,6.893556114729684,31.421413114729685
train,18c8cec2-85b7-5054-b1f9-ea93bfff7091,0,PAYMENT,Low,9,0,normal,38.546762,0.0,38.546762
train,18c8cec2-85b7-5054-b1f9-ea93bfff7091,1,PAYMENT,Low,8,0,normal,38.546762,0.0,38.546762
train,18c8cec2-85b7-5054-b1f9-ea93bfff7091,2,PAYMENT,Low,10,16,surge,38.546762,69.97118013931981,108.51794213931981
train,18c8cec2-85b7-5054-b1f9-ea93bfff7091,0,PAYMENT,Medium,10,30,surge,30.893933,105.6202212237003,136.5141542237003
train,18c8cec2-85b7-5054-b1f9-ea93bfff7091,1,PAYMENT,Medium,7,0,normal,30.893933,0.0,30.893933
train,18c8cec2-85b7-5054-b1f9-ea93bfff7091,2,PAYMENT,Medium,10,6,busy,30.893933,30.455630487342024,61.349563487342024
train,18f186df-5850-574e-bc12-5ac0d788a23e,0,PAYMENT,High,7,0,normal,26.172499,0.0,26.172499
train,18f186df-5850-574e-bc12-5ac0d788a23e,1,PAYMENT,High,1,0,idle,26.172499,0.0,26.172499
train,18f186df-5850-574e-bc12-5ac0d788a23e,2,PAYMENT,High,4,0,idle,26.172499,0.0,26.172499
train,18f186df-5850-574e-bc12-5ac0d788a23e,0,PAYMENT,Low,10,1,busy,39.869095,11.364680422359323,51.23377542235932
train,18f186df-5850-574e-bc12-5ac0d788a23e,1,PAYMENT,Low,10,27,surge,39.869095,129.22763652323982,169.09673152323984
train,18f186df-5850-574e-bc12-5ac0d788a23e,2,PAYMENT,Low,0,0,idle,39.869095,0.0,39.869095
train,18f186df-5850-574e-bc12-5ac0d788a23e,0,PAYMENT,Medium,10,4,busy,31.848137,20.076774402148168,51.92491140214817
train,18f186df-5850-574e-bc12-5ac0d788a23e,1,PAYMENT,Medium,8,0,normal,31.848137,0.0,31.848137
train,18f186df-5850-574e-bc12-5ac0d788a23e,2,PAYMENT,Medium,2,0,idle,31.848137,0.0,31.848137
train,193d27d2-7329-5b7a-82be-a2c4e5a06c47,0,CASH_OUT,High,10,1,busy,27.68782,12.759354143402419,40.44717414340242
train,193d27d2-7329-5b7a-82be-a2c4e5a06c47,1,CASH_OUT,High,10,2,busy,27.68782,7.515218487802793,35.20303848780279
train,193d27d2-7329-5b7a-82be-a2c4e5a06c47,2,CASH_OUT,High,10,2,busy,27.68782,7.058785092916254,34.746605092916255
train,193d27d2-7329-5b7a-82be-a2c4e5a06c47,0,CASH_OUT,Low,10,4,busy,47.682547,14.082880296322204,61.7654272963222
train,193d27d2-7329-5b7a-82be-a2c4e5a06c47,1,CASH_OUT,Low,10,1,busy,47.682547,14.060310053830166,61.742857053830164
train,193d27d2-7329-5b7a-82be-a2c4e5a06c47,2,CASH_OUT,Low,8,0,normal,47.682547,0.0,47.682547
train,193d27d2-7329-5b7a-82be-a2c4e5a06c47,0,CASH_OUT,Medium,6,0,normal,37.502207,0.0,37.502207
train,193d27d2-7329-5b7a-82be-a2c4e5a06c47,1,CASH_OUT,Medium,10,2,busy,37.502207,13.724876866951167,51.22708386695116
train,193d27d2-7329-5b7a-82be-a2c4e5a06c47,2,CASH_OUT,Medium,10,5,busy,37.502207,12.46814075377439,49.97034775377439
train,19af3230-a76d-59ef-8e4e-9776da7276fb,0,DEBIT,High,7,0,normal,31.248852,0.0,31.248852
train,19af3230-a76d-59ef-8e4e-9776da7276fb,1,DEBIT,High,5,0,normal,31.248852,0.0,31.248852
train,19af3230-a76d-59ef-8e4e-9776da7276fb,2,DEBIT,High,4,0,idle,31.248852,0.0,31.248852
train,19af3230-a76d-59ef-8e4e-9776da7276fb,0,DEBIT,Low,10,14,surge,51.413956,66.62849860282289,118.04245460282289
train,19af3230-a76d-59ef-8e4e-9776da7276fb,1,DEBIT,Low,10,21,surge,51.413956,104.05203259772954,155.46598859772953
train,19af3230-a76d-59ef-8e4e-9776da7276fb,2,DEBIT,Low,6,0,normal,51.413956,0.0,51.413956
train,19af3230-a76d-59ef-8e4e-9776da7276fb,0,DEBIT,Medium,3,0,idle,40.217037,0.0,40.217037
train,19af3230-a76d-59ef-8e4e-9776da7276fb,1,DEBIT,Medium,8,0,normal,40.217037,0.0,40.217037
train,19af3230-a76d-59ef-8e4e-9776da7276fb,2,DEBIT,Medium,10,3,busy,40.217037,13.834377216309015,54.05141421630901
train,19d15394-28c3-519e-a032-838abad9b520,0,PAYMENT,High,8,0,normal,24.525964,0.0,24.525964
train,19d15394-28c3-519e-a032-838abad9b520,1,PAYMENT,High,0,0,idle,24.525964,0.0,24.525964
train,19d15394-28c3-519e-a032-838abad9b520,2,PAYMENT,High,10,4,busy,24.525964,13.67984985138255,38.205813851382544
train,19d15394-28c3-519e-a032-838abad9b520,0,PAYMENT,Low,9,0,normal,38.348476,0.0,38.348476
train,19d15394-28c3-519e-a032-838abad9b520,1,PAYMENT,Low,10,7,busy,38.348476,28.255282373545988,66.60375837354599
train,19d15394-28c3-519e-a032-838abad9b520,2,PAYMENT,Low,9,0,normal,38.348476,0.0,38.348476
train,19d15394-28c3-519e-a032-838abad9b520,0,PAYMENT,Medium,3,0,idle,30.9977,0.0,30.9977
train,19d15394-28c3-519e-a032-838abad9b520,1,PAYMENT,Medium,2,0,idle,30.9977,0.0,30.9977
train,19d15394-28c3-519e-a032-838abad9b520,2,PAYMENT,Medium,10,5,busy,30.9977,22.58983646065479,53.58753646065479
train,19d1d7ea-8f37-54b2-8ff2-8ff6fef08ed8,0,PAYMENT,High,9,0,normal,24.234512,0.0,24.234512
train,19d1d7ea-8f37-54b2-8ff2-8ff6fef08ed8,1,PAYMENT,High,4,0,idle,24.234512,0.0,24.234512
train,19d1d7ea-8f37-54b2-8ff2-8ff6fef08ed8,2,PAYMENT,High,6,0,normal,24.234512,0.0,24.234512
train,19d1d7ea-8f37-54b2-8ff2-8ff6fef08ed8,0,PAYMENT,Low,10,10,busy,41.126355,38.585510669890425,79.71186566989041
train,19d1d7ea-8f37-54b2-8ff2-8ff6fef08ed8,1,PAYMENT,Low,10,27,surge,41.126355,133.2208017309804,174.3471567309804
train,19d1d7ea-8f37-54b2-8ff2-8ff6fef08ed8,2,PAYMENT,Low,10,0,busy,41.126355,3.327585483733781,44.453940483733774
train,19d1d7ea-8f37-54b2-8ff2-8ff6fef08ed8,0,PAYMENT,Medium,10,6,busy,32.951318,28.40233488277007,61.35365288277007
train,19d1d7ea-8f37-54b2-8ff2-8ff6fef08ed8,1,PAYMENT,Medium,9,0,normal,32.951318,0.0,32.951318
train,19d1d7ea-8f37-54b2-8ff2-8ff6fef08ed8,2,PAYMENT,Medium,10,3,busy,32.951318,8.177578395787293,41.128896395787294
train,19f1d0d1-9e4e-5555-9e8e-4adf8816013d,0,DEBIT,High,0,0,idle,30.759606,0.0,30.759606
train,19f1d0d1-9e4e-5555-9e8e-4adf8816013d,1,DEBIT,High,10,9,busy,30.759606,27.668762080226102,58.42836808022611
train,19f1d0d1-9e4e-5555-9e8e-4adf8816013d,2,DEBIT,High,10,4,busy,30.759606,13.521639952029268,44.281245952029266
train,19f1d0d1-9e4e-5555-9e8e-4adf8816013d,0,DEBIT,Low,3,0,idle,50.402676,0.0,50.402676
train,19f1d0d1-9e4e-5555-9e8e-4adf8816013d,1,DEBIT,Low,1,0,idle,50.402676,0.0,50.402676
train,19f1d0d1-9e4e-5555-9e8e-4adf8816013d,2,DEBIT,Low,7,0,normal,50.402676,0.0,50.402676
train,19f1d0d1-9e4e-5555-9e8e-4adf8816013d,0,DEBIT,Medium,6,0,normal,40.548664,0.0,40.548664
train,19f1d0d1-9e4e-5555-9e8e-4adf8816013d,1,DEBIT,Medium,9,0,normal,40.548664,0.0,40.548664
train,19f1d0d1-9e4e-5555-9e8e-4adf8816013d,2,DEBIT,Medium,10,14,surge,40.548664,65.97355728589439,106.52222128589439
train,19f29c8c-7363-5cd3-8d5b-15110c3009ee,0,CASH_IN,High,10,30,surge,21.717309,85.33496511255505,107.05227411255505
train,19f29c8c-7363-5cd3-8d5b-15110c3009ee,1,CASH_IN,High,10,0,busy,21.717309,1.3804155059565673,23.097724505956567
train,19f29c8c-7363-5cd3-8d5b-15110c3009ee,2,CASH_IN,High,10,9,busy,21.717309,28.555029512042452,50.27233851204245
train,19f29c8c-7363-5cd3-8d5b-15110c3009ee,0,CASH_IN,Low,10,1,busy,36.105928,7.112473200798222,43.21840120079822
train,19f29c8c-7363-5cd3-8d5b-15110c3009ee,1,CASH_IN,Low,10,8,busy,36.105928,33.491785345388344,69.59771334538834
train,19f29c8c-7363-5cd3-8d5b-15110c3009ee,2,CASH_IN,Low,10,1,busy,36.105928,7.386679237073858,43.492607237073855
train,19f29c8c-7363-5cd3-8d5b-15110c3009ee,0,CASH_IN,Medium,10,3,busy,28.292714,7.339716147191736,35.632430147191734
train,19f29c8c-7363-5cd3-8d5b-15110c3009ee,1,CASH_IN,Medium,2,0,idle,28.292714,0.0,28.292714
train,19f29c8c-7363-5cd3-8d5b-15110c3009ee,2,CASH_IN,Medium,9,0,normal,28.292714,0.0,28.292714
train,1a22f1b1-b2ba-5168-9b0d-f21599564ca5,0,TRANSFER,High,4,0,idle,36.098397,0.0,36.098397
train,1a22f1b1-b2ba-5168-9b0d-f21599564ca5,1,TRANSFER,High,10,4,busy,36.098397,15.660407617817361,51.75880461781736
train,1a22f1b1-b2ba-5168-9b0d-f21599564ca5,2,TRANSFER,High,2,0,idle,36.098397,0.0,36.098397
train,1a22f1b1-b2ba-5168-9b0d-f21599564ca5,0,TRANSFER,Low,5,0,normal,57.604871,0.0,57.604871
train,1a22f1b1-b2ba-5168-9b0d-f21599564ca5,1,TRANSFER,Low,2,0,idle,57.604871,0.0,57.604871
train,1a22f1b1-b2ba-5168-9b0d-f21599564ca5,2,TRANSFER,Low,10,2,busy,57.604871,16.347373290281922,73.95224429028193
train,1a22f1b1-b2ba-5168-9b0d-f21599564ca5,0,TRANSFER,Medium,9,0,normal,47.735563,0.0,47.735563
train,1a22f1b1-b2ba-5168-9b0d-f21599564ca5,1,TRANSFER,Medium,10,5,busy,47.735563,23.557529976044293,71.29309297604429
train,1a22f1b1-b2ba-5168-9b0d-f21599564ca5,2,TRANSFER,Medium,10,3,busy,47.735563,11.198580501729177,58.934143501729174
train,1a2618d9-d569-5862-a7ae-8a5fec39364e,0,CASH_IN,High,10,7,busy,21.148525,26.433595856230703,47.5821208562307
train,1a2618d9-d569-5862-a7ae-8a5fec39364e,1,CASH_IN,High,8,0,normal,21.148525,0.0,21.148525
train,1a2618d9-d569-5862-a7ae-8a5fec39364e,2,CASH_IN,High,10,10,busy,21.148525,28.406671252072453,49.55519625207245
train,1a2618d9-d569-5862-a7ae-8a5fec39364e,0,CASH_IN,Low,7,0,normal,34.78863,0.0,34.78863
train,1a2618d9-d569-5862-a7ae-8a5fec39364e,1,CASH_IN,Low,4,0,idle,34.78863,0.0,34.78863
train,1a2618d9-d569-5862-a7ae-8a5fec39364e,2,CASH_IN,Low,10,0,busy,34.78863,3.3855375943772303,38.17416759437723
train,1a2618d9-d569-5862-a7ae-8a5fec39364e,0,CASH_IN,Medium,7,0,normal,27.122878,0.0,27.122878
train,1a2618d9-d569-5862-a7ae-8a5fec39364e,1,CASH_IN,Medium,7,0,normal,27.122878,0.0,27.122878
train,1a2618d9-d569-5862-a7ae-8a5fec39364e,2,CASH_IN,Medium,10,6,busy,27.122878,19.76796715642785,46.89084515642785
train,1a483f13-0b45-5dea-947d-b36a12a6fc5c,0,CASH_IN,High,10,5,busy,20.621965,22.375221170187665,42.99718617018766
train,1a483f13-0b45-5dea-947d-b36a12a6fc5c,1,CASH_IN,High,10,19,surge,20.621965,59.66311160970717,80.28507660970718
train,1a483f13-0b45-5dea-947d-b36a12a6fc5c,2,CASH_IN,High,10,0,busy,20.621965,4.112832611562462,24.734797611562463
train,1a483f13-0b45-5dea-947d-b36a12a6fc5c,0,CASH_IN,Low,10,27,surge,32.774613,129.90855143575266,162.68316443575264
train,1a483f13-0b45-5dea-947d-b36a12a6fc5c,1,CASH_IN,Low,9,0,normal,32.774613,0.0,32.774613
train,1a483f13-0b45-5dea-947d-b36a12a6fc5c,2,CASH_IN,Low,5,0,normal,32.774613,0.0,32.774613
train,1a483f13-0b45-5dea-947d-b36a12a6fc5c,0,CASH_IN,Medium,8,0,normal,25.9941,0.0,25.9941
train,1a483f13-0b45-5dea-947d-b36a12a6fc5c,1,CASH_IN,Medium,10,27,surge,25.9941,94.05606200348043,120.05016200348044
train,1a483f13-0b45-5dea-947d-b36a12a6fc5c,2,CASH_IN,Medium,5,0,normal,25.9941,0.0,25.9941
train,1c455fd7-6cc3-5e27-941c-8ceaa589c546,0,TRANSFER,High,3,0,idle,34.040218,0.0,34.040218
train,1c455fd7-6cc3-5e27-941c-8ceaa589c546,1,TRANSFER,High,10,12,surge,34.040218,30.330278463427902,64.37049646342791
train,1c455fd7-6cc3-5e27-941c-8ceaa589c546,2,TRANSFER,High,10,0,busy,34.040218,9.703618269039618,43.74383626903962
train,1c455fd7-6cc3-5e27-941c-8ceaa589c546,0,TRANSFER,Low,7,0,normal,57.028507,0.0,57.028507
train,1c455fd7-6cc3-5e27-941c-8ceaa589c546,1,TRANSFER,Low,10,5,busy,57.028507,18.770638706517538,75.79914570651754
train,1c455fd7-6cc3-5e27-941c-8ceaa589c546,2,TRANSFER,Low,6,0,normal,57.028507,0.0,57.028507
train,1c455fd7-6cc3-5e27-941c-8ceaa589c546,0,TRANSFER,Medium,3,0,idle,45.829592,0.0,45.829592
train,1c455fd7-6cc3-5e27-941c-8ceaa589c546,1,TRANSFER,Medium,8,0,normal,45.829592,0.0,45.829592
train,1c455fd7-6cc3-5e27-941c-8ceaa589c546,2,TRANSFER,Medium,3,0,idle,45.829592,0.0,45.829592
train,1d3b687c-0475-5ea3-bdb3-c18d5515fabf,0,CASH_OUT,High,1,0,idle,27.319504,0.0,27.319504
train,1d3b687c-0475-5ea3-bdb3-c18d5515fabf,1,CASH_OUT,High,4,0,idle,27.319504,0.0,27.319504
train,1d3b687c-0475-5ea3-bdb3-c18d5515fabf,2,CASH_OUT,High,10,4,busy,27.319504,10.428959567398367,37.74846356739837
train,1d3b687c-0475-5ea3-bdb3-c18d5515fabf,0,CASH_OUT,Low,10,8,busy,42.435716,39.22943527692543,81.66515127692543
train,1d3b687c-0475-5ea3-bdb3-c18d5515fabf,1,CASH_OUT,Low,10,10,busy,42.435716,49.05113179257432,91.48684779257431
train,1d3b687c-0475-5ea3-bdb3-c18d5515fabf,2,CASH_OUT,Low,10,2,busy,42.435716,11.127030863388505,53.562746863388504
train,1d3b687c-0475-5ea3-bdb3-c18d5515fabf,0,CASH_OUT,Medium,10,4,busy,38.460411,16.106272629414477,54.56668362941448
train,1d3b687c-0475-5ea3-bdb3-c18d5515fabf,1,CASH_OUT,Medium,9,0,normal,38.460411,0.0,38.460411
train,1d3b687c-0475-5ea3-bdb3-c18d5515fabf,2,CASH_OUT,Medium,3,0,idle,38.460411,0.0,38.460411
train,1d620def-950c-5657-80e7-9cc476dd6d8b,0,CASH_OUT,High,10,10,busy,29.927631,25.06115426079721,54.988785260797215
train,1d620def-950c-5657-80e7-9cc476dd6d8b,1,CASH_OUT,High,7,0,normal,29.927631,0.0,29.927631
train,1d620def-950c-5657-80e7-9cc476dd6d8b,2,CASH_OUT,High,10,6,busy,29.927631,16.298864333072945,46.22649533307295
train,1d620def-950c-5657-80e7-9cc476dd6d8b,0,CASH_OUT,Low,3,0,idle,46.341047,0.0,46.341047
train,1d620def-950c-5657-80e7-9cc476dd6d8b,1,CASH_OUT,Low,0,0,idle,46.341047,0.0,46.341047
train,1d620def-950c-5657-80e7-9cc476dd6d8b,2,CASH_OUT,Low,10,2,busy,46.341047,24.52360834875264,70.86465534875265
train,1d620def-950c-5657-80e7-9cc476dd6d8b,0,CASH_OUT,Medium,10,4,busy,35.521977,17.996982655804725,53.51895965580472
train,1d620def-950c-5657-80e7-9cc476dd6d8b,1,CASH_OUT,Medium,8,0,normal,35.521977,0.0,35.521977
train,1d620def-950c-5657-80e7-9cc476dd6d8b,2,CASH_OUT,Medium,9,0,normal,35.521977,0.0,35.521977
train,1d659387-cf37-50bc-8c0f-296ee420f630,0,PAYMENT,High,10,0,busy,24.318857,2.005193830341259,26.32405083034126
train,1d659387-cf37-50bc-8c0f-296ee420f630,1,PAYMENT,High,10,8,busy,24.318857,17.322871523079947,41.64172852307995
train,1d659387-cf37-50bc-8c0f-296ee420f630,2,PAYMENT,High,10,10,busy,24.318857,41.3094344155877,65.62829141558771
train,1d659387-cf37-50bc-8c0f-296ee420f630,0,PAYMENT,Low,10,28,surge,41.25949,135.93405123244418,177.19354123244418
train,1d659387-cf37-50bc-8c0f-296ee420f630,1,PAYMENT,Low,10,0,busy,41.25949,3.5122516504062298,44.77174165040623
train,1d659387-cf37-50bc-8c0f-296ee420f630,2,PAYMENT,Low,10,0,busy,41.25949,3.065199287848418,44.324689287848415
train,1d659387-cf37-50bc-8c0f-296ee420f630,0,PAYMENT,Medium,1,0,idle,33.005772,0.0,33.005772
train,1d659387-cf37-50bc-8c0f-296ee420f630,1,PAYMENT,Medium,10,1,busy,33.005772,3.572949476503425,36.578721476503425
train,1d659387-cf37-50bc-8c0f-296ee420f630,2,PAYMENT,Medium,10,18,surge,33.005772,73.23359137940102,106.23936337940103
train,1e3aaaad-794a-5c0e-8bd1-30a486532bb6,0,CASH_IN,High,10,10,busy,21.003666,26.36156215209615,47.36522815209615
train,1e3aaaad-794a-5c0e-8bd1-30a486532bb6,1,CASH_IN,High,8,0,normal,21.003666,0.0,21.003666
train,1e3aaaad-794a-5c0e-8bd1-30a486532bb6,2,CASH_IN,High,8,0,normal,21.003666,0.0,21.003666
train,1e3aaaad-794a-5c0e-8bd1-30a486532bb6,0,CASH_IN,Low,10,5,busy,34.612988,28.052066660496923,62.66505466049692
train,1e3aaaad-794a-5c0e-8bd1-30a486532bb6,1,CASH_IN,Low,10,5,busy,34.612988,28.56715924900051,63.18014724900051
train,1e3aaaad-794a-5c0e-8bd1-30a486532bb6,2,CASH_IN,Low,1,0,idle,34.612988,0.0,34.612988
train,1e3aaaad-794a-5c0e-8bd1-30a486532bb6,0,CASH_IN,Medium,10,0,busy,27.687523,2.1959803022033317,29.88350330220333
train,1e3aaaad-794a-5c0e-8bd1-30a486532bb6,1,CASH_IN,Medium,10,27,surge,27.687523,95.74064270055715,123.42816570055714
train,1e3aaaad-794a-5c0e-8bd1-30a486532bb6,2,CASH_IN,Medium,10,1,busy,27.687523,7.925508506462099,35.6130315064621
train,1e511552-e132-544b-8ef7-190c634d380c,0,DEBIT,High,2,0,idle,33.240385,0.0,33.240385
train,1e511552-e132-544b-8ef7-190c634d380c,1,DEBIT,High,10,1,busy,33.240385,4.04854688418309,37.28893188418309
train,1e511552-e132-544b-8ef7-190c634d380c,2,DEBIT,High,10,1,busy,33.240385,9.871151854530003,43.11153685453001
train,1e511552-e132-544b-8ef7-190c634d380c,0,DEBIT,Low,10,5,busy,51.481321,20.857679817154317,72.33900081715431
train,1e511552-e132-544b-8ef7-190c634d380c,1,DEBIT,Low,10,18,surge,51.481321,87.92055999361068,139.4018809936107
train,1e511552-e132-544b-8ef7-190c634d380c,2,DEBIT,Low,0,0,idle,51.481321,0.0,51.481321
train,1e511552-e132-544b-8ef7-190c634d380c,0,DEBIT,Medium,3,0,idle,40.82542,0.0,40.82542
train,1e511552-e132-544b-8ef7-190c634d380c,1,DEBIT,Medium,10,26,surge,40.82542,94.06901522004569,134.8944352200457
train,1e511552-e132-544b-8ef7-190c634d380c,2,DEBIT,Medium,5,0,normal,40.82542,0.0,40.82542
train,1eae0c5e-b84b-5a44-97f4-2c5c3fa03d68,0,CASH_OUT,High,10,25,surge,28.003654,64.4953193067691,92.4989733067691
train,1eae0c5e-b84b-5a44-97f4-2c5c3fa03d68,1,CASH_OUT,High,0,0,idle,28.003654,0.0,28.003654
train,1eae0c5e-b84b-5a44-97f4-2c5c3fa03d68,2,CASH_OUT,High,1,0,idle,28.003654,0.0,28.003654
train,1eae0c5e-b84b-5a44-97f4-2c5c3fa03d68,0,CASH_OUT,Low,10,7,busy,41.815232,35.877483356793746,77.69271535679374
train,1eae0c5e-b84b-5a44-97f4-2c5c3fa03d68,1,CASH_OUT,Low,9,0,normal,41.815232,0.0,41.815232
train,1eae0c5e-b84b-5a44-97f4-2c5c3fa03d68,2,CASH_OUT,Low,3,0,idle,41.815232,0.0,41.815232
train,1eae0c5e-b84b-5a44-97f4-2c5c3fa03d68,0,CASH_OUT,Medium,10,19,surge,36.35596,75.1601333537217,111.51609335372171
train,1eae0c5e-b84b-5a44-97f4-2c5c3fa03d68,1,CASH_OUT,Medium,10,28,surge,36.35596,96.69140700622847,133.04736700622848
train,1eae0c5e-b84b-5a44-97f4-2c5c3fa03d68,2,CASH_OUT,Medium,10,7,busy,36.35596,21.30604452128628,57.662004521286285
train,1f0e89d2-468e-5779-8367-5b3085635d2c,0,TRANSFER,High,10,16,surge,37.958776,42.401113866173915,80.35988986617392
train,1f0e89d2-468e-5779-8367-5b3085635d2c,1,TRANSFER,High,8,0,normal,37.958776,0.0,37.958776
train,1f0e89d2-468e-5779-8367-5b3085635d2c,2,TRANSFER,High,6,0,normal,37.958776,0.0,37.958776
train,1f0e89d2-468e-5779-8367-5b3085635d2c,0,TRANSFER,Low,4,0,idle,58.112343,0.0,58.112343
train,1f0e89d2-468e-5779-8367-5b3085635d2c,1,TRANSFER,Low,8,0,normal,58.112343,0.0,58.112343
train,1f0e89d2-468e-5779-8367-5b3085635d2c,2,TRANSFER,Low,0,0,idle,58.112343,0.0,58.112343
train,1f0e89d2-468e-5779-8367-5b3085635d2c,0,TRANSFER,Medium,0,0,idle,46.183762,0.0,46.183762
train,1f0e89d2-468e-5779-8367-5b3085635d2c,1,TRANSFER,Medium,10,4,busy,46.183762,12.2519527594386,58.4357147594386
train,1f0e89d2-468e-5779-8367-5b3085635d2c,2,TRANSFER,Medium,10,22,surge,46.183762,83.16902963952715,129.35279163952714
train,1f5df9f9-78fd-5097-a37f-eb5a97bd64ac,0,TRANSFER,High,8,0,normal,37.865091,0.0,37.865091
train,1f5df9f9-78fd-5097-a37f-eb5a97bd64ac,1,TRANSFER,High,1,0,idle,37.865091,0.0,37.865091
train,1f5df9f9-78fd-5097-a37f-eb5a97bd64ac,2,TRANSFER,High,10,5,busy,37.865091,18.289739747188296,56.1548307471883
train,1f5df9f9-78fd-5097-a37f-eb5a97bd64ac,0,TRANSFER,Low,6,0,normal,57.935907,0.0,57.935907
train,1f5df9f9-78fd-5097-a37f-eb5a97bd64ac,1,TRANSFER,Low,8,0,normal,57.935907,0.0,57.935907
train,1f5df9f9-78fd-5097-a37f-eb5a97bd64ac,2,TRANSFER,Low,10,18,surge,57.935907,81.71696102004586,139.65286802004584
train,1f5df9f9-78fd-5097-a37f-eb5a97bd64ac,0,TRANSFER,Medium,10,10,busy,46.033641,42.722731273265495,88.7563722732655
train,1f5df9f9-78fd-5097-a37f-eb5a97bd64ac,1,TRANSFER,Medium,10,7,busy,46.033641,32.764185428103715,78.79782642810372
train,1f5df9f9-78fd-5097-a37f-eb5a97bd64ac,2,TRANSFER,Medium,10,7,busy,46.033641,27.09678426757317,73.13042526757317
train,1f95b840-821b-5ab7-b822-988987b0c7f4,0,PAYMENT,High,8,0,normal,25.325275,0.0,25.325275
train,1f95b840-821b-5ab7-b822-988987b0c7f4,1,PAYMENT,High,10,9,busy,25.325275,25.577060009118,50.902335009118005
train,1f95b840-821b-5ab7-b822-988987b0c7f4,2,PAYMENT,High,10,7,busy,25.325275,21.683906320375158,47.00918132037516
train,1f95b840-821b-5ab7-b822-988987b0c7f4,0,PAYMENT,Low,8,0,normal,40.479483,0.0,40.479483
train,1f95b840-821b-5ab7-b822-988987b0c7f4,1,PAYMENT,Low,10,11,surge,40.479483,61.67393573277908,102.15341873277907
train,1f95b840-821b-5ab7-b822-988987b0c7f4,2,PAYMENT,Low,10,19,surge,40.479483,87.37992329630711,127.85940629630711
train,1f95b840-821b-5ab7-b822-988987b0c7f4,0,PAYMENT,Medium,10,16,surge,33.400191,51.127786885335105,84.5279778853351
train,1f95b840-821b-5ab7-b822-988987b0c7f4,1,PAYMENT,Medium,0,0,idle,33.400191,0.0,33.400191
train,1f95b840-821b-5ab7-b822-988987b0c7f4,2,PAYMENT,Medium,10,2,busy,33.400191,6.077904169199137,39.478095169199136
train,1ff689b3-6ba5-56fe-b8fb-8fdc609c53b6,0,DEBIT,High,3,0,idle,30.769615,0.0,30.769615
train,1ff689b3-6ba5-56fe-b8fb-8fdc609c53b6,1,DEBIT,High,6,0,normal,30.769615,0.0,30.769615
train,1ff689b3-6ba5-56fe-b8fb-8fdc609c53b6,2,DEBIT,High,9,0,normal,30.769615,0.0,30.769615
train,1ff689b3-6ba5-56fe-b8fb-8fdc609c53b6,0,DEBIT,Low,10,7,busy,50.912139,35.65433260127559,86.5664716012756
train,1ff689b3-6ba5-56fe-b8fb-8fdc609c53b6,1,DEBIT,Low,10,0,busy,50.912139,3.4507558406023984,54.3628948406024
train,1ff689b3-6ba5-56fe-b8fb-8fdc609c53b6,2,DEBIT,Low,6,0,normal,50.912139,0.0,50.912139
train,1ff689b3-6ba5-56fe-b8fb-8fdc609c53b6,0,DEBIT,Medium,10,2,busy,40.383442,10.796727534993087,51.18016953499309
train,1ff689b3-6ba5-56fe-b8fb-8fdc609c53b6,1,DEBIT,Medium,10,3,busy,40.383442,16.670473473295658,57.05391547329566
train,1ff689b3-6ba5-56fe-b8fb-8fdc609c53b6,2,DEBIT,Medium,5,0,normal,40.383442,0.0,40.383442
train,203f57be-2e8b-5fb6-99a1-74ba85ecd0d3,0,CASH_OUT,High,9,0,normal,28.315148,0.0,28.315148
train,203f57be-2e8b-5fb6-99a1-74ba85ecd0d3,1,CASH_OUT,High,10,2,busy,28.315148,3.113250971394565,31.428398971394564
train,203f57be-2e8b-5fb6-99a1-74ba85ecd0d3,2,CASH_OUT,High,10,7,busy,28.315148,21.82802468856951,50.14317268856951
train,203f57be-2e8b-5fb6-99a1-74ba85ecd0d3,0,CASH_OUT,Low,1,0,idle,47.439363,0.0,47.439363
train,203f57be-2e8b-5fb6-99a1-74ba85ecd0d3,1,CASH_OUT,Low,6,0,normal,47.439363,0.0,47.439363
train,203f57be-2e8b-5fb6-99a1-74ba85ecd0d3,2,CASH_OUT,Low,10,21,surge,47.439363,97.38828722651857,144.82765022651859
train,203f57be-2e8b-5fb6-99a1-74ba85ecd0d3,0,CASH_OUT,Medium,9,0,normal,36.671611,0.0,36.671611
train,203f57be-2e8b-5fb6-99a1-74ba85ecd0d3,1,CASH_OUT,Medium,3,0,idle,36.671611,0.0,36.671611
train,203f57be-2e8b-5fb6-99a1-74ba85ecd0d3,2,CASH_OUT,Medium,9,0,normal,36.671611,0.0,36.671611
train,205bedf2-553d-5d61-85bc-40b67037f983,0,CASH_OUT,High,10,19,surge,29.532123,55.364129907139585,84.89625290713958
train,205bedf2-553d-5d61-85bc-40b67037f983,1,CASH_OUT,High,10,30,surge,29.532123,86.94680134897477,116.47892434897477
train,205bedf2-553d-5d61-85bc-40b67037f983,2,CASH_OUT,High,10,8,busy,29.532123,27.792543719075294,57.324666719075296
train,205bedf2-553d-5d61-85bc-40b67037f983,0,CASH_OUT,Low,1,0,idle,46.200699,0.0,46.200699
train,205bedf2-553d-5d61-85bc-40b67037f983,1,CASH_OUT,Low,3,0,idle,46.200699,0.0,46.200699
train,205bedf2-553d-5d61-85bc-40b67037f983,2,CASH_OUT,Low,9,0,normal,46.200699,0.0,46.200699
train,205bedf2-553d-5d61-85bc-40b67037f983,0,CASH_OUT,Medium,9,0,normal,37.214789,0.0,37.214789
train,205bedf2-553d-5d61-85bc-40b67037f983,1,CASH_OUT,Medium,4,0,idle,37.214789,0.0,37.214789
train,205bedf2-553d-5d61-85bc-40b67037f983,2,CASH_OUT,Medium,0,0,idle,37.214789,0.0,37.214789
train,20f343cb-54fe-5bc8-baeb-fb0a8dba8eee,0,PAYMENT,High,6,0,normal,25.590331,0.0,25.590331
train,20f343cb-54fe-5bc8-baeb-fb0a8dba8eee,1,PAYMENT,High,9,0,normal,25.590331,0.0,25.590331
train,20f343cb-54fe-5bc8-baeb-fb0a8dba8eee,2,PAYMENT,High,10,0,busy,25.590331,4.518555760108495,30.108886760108494
train,20f343cb-54fe-5bc8-baeb-fb0a8dba8eee,0,PAYMENT,Low,8,0,normal,39.518611,0.0,39.518611
train,20f343cb-54fe-5bc8-baeb-fb0a8dba8eee,1,PAYMENT,Low,8,0,normal,39.518611,0.0,39.518611
train,20f343cb-54fe-5bc8-baeb-fb0a8dba8eee,2,PAYMENT,Low,9,0,normal,39.518611,0.0,39.518611
train,20f343cb-54fe-5bc8-baeb-fb0a8dba8eee,0,PAYMENT,Medium,9,0,normal,32.549122,0.0,32.549122
train,20f343cb-54fe-5bc8-baeb-fb0a8dba8eee,1,PAYMENT,Medium,2,0,idle,32.549122,0.0,32.549122
train,20f343cb-54fe-5bc8-baeb-fb0a8dba8eee,2,PAYMENT,Medium,6,0,normal,32.549122,0.0,32.549122
train,2182c8ab-233e-5794-bf9a-b805cccd087f,0,CASH_OUT,High,10,10,busy,27.436275,36.74910847781587,64.18538347781586
train,2182c8ab-233e-5794-bf9a-b805cccd087f,1,CASH_OUT,High,10,6,busy,27.436275,16.761716367643785,44.19799136764378
train,2182c8ab-233e-5794-bf9a-b805cccd087f,2,CASH_OUT,High,1,0,idle,27.436275,0.0,27.436275
train,2182c8ab-233e-5794-bf9a-b805cccd087f,0,CASH_OUT,Low,10,8,busy,45.932927,45.34012093632659,91.27304793632659
train,2182c8ab-233e-5794-bf9a-b805cccd087f,1,CASH_OUT,Low,9,0,normal,45.932927,0.0,45.932927
train,2182c8ab-233e-5794-bf9a-b805cccd087f,2,CASH_OUT,Low,10,1,busy,45.932927,8.835689571551777,54.768616571551775
train,2182c8ab-233e-5794-bf9a-b805cccd087f,0,CASH_OUT,Medium,10,0,busy,34.330715,2.4231838890234383,36.75389888902344
train,2182c8ab-233e-5794-bf9a-b805cccd087f,1,CASH_OUT,Medium,10,6,busy,34.330715,35.10707346457152,69.43778846457153
train,2182c8ab-233e-5794-bf9a-b805cccd087f,2,CASH_OUT,Medium,10,6,busy,34.330715,22.78491374302268,57.11562874302268
train,2218b09a-1ca3-5e7d-b0d9-8c2ea5ffcc42,0,PAYMENT,High,4,0,idle,25.825584,0.0,25.825584
train,2218b09a-1ca3-5e7d-b0d9-8c2ea5ffcc42,1,PAYMENT,High,10,10,busy,25.825584,33.29979302281566,59.12537702281566
train,2218b09a-1ca3-5e7d-b0d9-8c2ea5ffcc42,2,PAYMENT,High,1,0,idle,25.825584,0.0,25.825584
train,2218b09a-1ca3-5e7d-b0d9-8c2ea5ffcc42,0,PAYMENT,Low,9,0,normal,39.953201,0.0,39.953201
train,2218b09a-1ca3-5e7d-b0d9-8c2ea5ffcc42,1,PAYMENT,Low,10,15,surge,39.953201,79.02927200107001,118.98247300107002
train,2218b09a-1ca3-5e7d-b0d9-8c2ea5ffcc42,2,PAYMENT,Low,10,3,busy,39.953201,18.793719855898907,58.74692085589891
train,2218b09a-1ca3-5e7d-b0d9-8c2ea5ffcc42,0,PAYMENT,Medium,9,0,normal,32.085617,0.0,32.085617
train,2218b09a-1ca3-5e7d-b0d9-8c2ea5ffcc42,1,PAYMENT,Medium,10,1,busy,32.085617,5.326622861857842,37.41223986185784
train,2218b09a-1ca3-5e7d-b0d9-8c2ea5ffcc42,2,PAYMENT,Medium,7,0,normal,32.085617,0.0,32.085617
train,2266b497-5505-5551-b181-d6b93d0a6dfe,0,CASH_IN,High,10,3,busy,20.476577,11.170177156908522,31.64675415690852
train,2266b497-5505-5551-b181-d6b93d0a6dfe,1,CASH_IN,High,10,2,busy,20.476577,15.682178068979022,36.15875506897902
train,2266b497-5505-5551-b181-d6b93d0a6dfe,2,CASH_IN,High,10,8,busy,20.476577,21.874606020071525,42.351183020071524
train,2266b497-5505-5551-b181-d6b93d0a6dfe,0,CASH_IN,Low,2,0,idle,35.438203,0.0,35.438203
train,2266b497-5505-5551-b181-d6b93d0a6dfe,1,CASH_IN,Low,10,10,busy,35.438203,48.04297699208687,83.48117999208688
train,2266b497-5505-5551-b181-d6b93d0a6dfe,2,CASH_IN,Low,10,7,busy,35.438203,18.93421174712119,54.37241474712119
train,2266b497-5505-5551-b181-d6b93d0a6dfe,0,CASH_IN,Medium,1,0,idle,27.81563,0.0,27.81563
train,2266b497-5505-5551-b181-d6b93d0a6dfe,1,CASH_IN,Medium,4,0,idle,27.81563,0.0,27.81563
train,2266b497-5505-5551-b181-d6b93d0a6dfe,2,CASH_IN,Medium,0,0,idle,27.81563,0.0,27.81563
train,22c04ab7-ed0b-5c39-81b4-ddbf10ca8eed,0,CASH_IN,High,10,14,surge,20.753346,36.893240662706326,57.646586662706326
train,22c04ab7-ed0b-5c39-81b4-ddbf10ca8eed,1,CASH_IN,High,1,0,idle,20.753346,0.0,20.753346
train,22c04ab7-ed0b-5c39-81b4-ddbf10ca8eed,2,CASH_IN,High,10,22,surge,20.753346,54.90388722874308,75.65723322874308
train,22c04ab7-ed0b-5c39-81b4-ddbf10ca8eed,0,CASH_IN,Low,10,24,surge,34.214549,111.23147820110613,145.44602720110612
train,22c04ab7-ed0b-5c39-81b4-ddbf10ca8eed,1,CASH_IN,Low,10,5,busy,34.214549,31.733309833993633,65.94785883399364
train,22c04ab7-ed0b-5c39-81b4-ddbf10ca8eed,2,CASH_IN,Low,10,6,busy,34.214549,35.0189312348239,69.2334802348239
train,22c04ab7-ed0b-5c39-81b4-ddbf10ca8eed,0,CASH_IN,Medium,10,13,surge,27.226333,47.75236860190544,74.97870160190544
train,22c04ab7-ed0b-5c39-81b4-ddbf10ca8eed,1,CASH_IN,Medium,9,0,normal,27.226333,0.0,27.226333
train,22c04ab7-ed0b-5c39-81b4-ddbf10ca8eed,2,CASH_IN,Medium,10,13,surge,27.226333,54.60094323252869,81.82727623252869
train,22f7e957-ac0b-575f-b24b-e832d58b10e9,0,CASH_IN,High,10,16,surge,21.886365,49.648439380745145,71.53480438074514
train,22f7e957-ac0b-575f-b24b-e832d58b10e9,1,CASH_IN,High,7,0,normal,21.886365,0.0,21.886365
train,22f7e957-ac0b-575f-b24b-e832d58b10e9,2,CASH_IN,High,7,0,normal,21.886365,0.0,21.886365
train,22f7e957-ac0b-575f-b24b-e832d58b10e9,0,CASH_IN,Low,10,19,surge,36.335286,87.54926227921099,123.884548279211
train,22f7e957-ac0b-575f-b24b-e832d58b10e9,1,CASH_IN,Low,10,18,surge,36.335286,70.97117220953467,107.30645820953467
train,22f7e957-ac0b-575f-b24b-e832d58b10e9,2,CASH_IN,Low,10,3,busy,36.335286,12.543954745972949,48.87924074597295
train,22f7e957-ac0b-575f-b24b-e832d58b10e9,0,CASH_IN,Medium,6,0,normal,26.5737,0.0,26.5737
train,22f7e957-ac0b-575f-b24b-e832d58b10e9,1,CASH_IN,Medium,10,21,surge,26.5737,80.32767928146654,106.90137928146655
train,22f7e957-ac0b-575f-b24b-e832d58b10e9,2,CASH_IN,Medium,10,19,surge,26.5737,67.69741742247176,94.27111742247176
train,2460f192-8a40-5a1b-b3d7-f3da9a6294ea,0,CASH_IN,High,9,0,normal,22.470312,0.0,22.470312
train,2460f192-8a40-5a1b-b3d7-f3da9a6294ea,1,CASH_IN,High,10,15,surge,22.470312,51.57042678665261,74.04073878665261
train,2460f192-8a40-5a1b-b3d7-f3da9a6294ea,2,CASH_IN,High,5,0,normal,22.470312,0.0,22.470312
train,2460f192-8a40-5a1b-b3d7-f3da9a6294ea,0,CASH_IN,Low,9,0,normal,36.338176,0.0,36.338176
train,2460f192-8a40-5a1b-b3d7-f3da9a6294ea,1,CASH_IN,Low,2,0,idle,36.338176,0.0,36.338176
train,2460f192-8a40-5a1b-b3d7-f3da9a6294ea,2,CASH_IN,Low,8,0,normal,36.338176,0.0,36.338176
train,2460f192-8a40-5a1b-b3d7-f3da9a6294ea,0,CASH_IN,Medium,10,27,surge,29.410263,112.11504904749539,141.5253120474954
train,2460f192-8a40-5a1b-b3d7-f3da9a6294ea,1,CASH_IN,Medium,10,0,busy,29.410263,2.269663093630603,31.679926093630602
train,2460f192-8a40-5a1b-b3d7-f3da9a6294ea,2,CASH_IN,Medium,10,5,busy,29.410263,24.4521793399991,53.8624423399991
train,24897818-2c71-5573-a17b-c7596e94bc4e,0,CASH_OUT,High,2,0,idle,29.55279,0.0,29.55279
train,24897818-2c71-5573-a17b-c7596e94bc4e,1,CASH_OUT,High,10,9,busy,29.55279,27.45397891346336,57.00676891346336
train,24897818-2c71-5573-a17b-c7596e94bc4e,2,CASH_OUT,High,6,0,normal,29.55279,0.0,29.55279
train,24897818-2c71-5573-a17b-c7596e94bc4e,0,CASH_OUT,Low,10,2,busy,48.547107,11.789625544128972,60.33673254412897
train,24897818-2c71-5573-a17b-c7596e94bc4e,1,CASH_OUT,Low,10,2,busy,48.547107,5.95507650126612,54.50218350126612
train,24897818-2c71-5573-a17b-c7596e94bc4e,2,CASH_OUT,Low,0,0,idle,48.547107,0.0,48.547107
train,24897818-2c71-5573-a17b-c7596e94bc4e,0,CASH_OUT,Medium,1,0,idle,37.320882,0.0,37.320882
train,24897818-2c71-5573-a17b-c7596e94bc4e,1,CASH_OUT,Medium,5,0,normal,37.320882,0.0,37.320882
train,24897818-2c71-5573-a17b-c7596e94bc4e,2,CASH_OUT,Medium,2,0,idle,37.320882,0.0,37.320882
train,24e0142f-f228-502b-94c9-4c72ad8d53e0,0,PAYMENT,High,4,0,idle,25.376708,0.0,25.376708
train,24e0142f-f228-502b-94c9-4c72ad8d53e0,1,PAYMENT,High,10,17,surge,25.376708,42.96945253730803,68.34616053730804
train,24e0142f-f228-502b-94c9-4c72ad8d53e0,2,PAYMENT,High,10,8,busy,25.376708,23.829574254008946,49.20628225400895
train,24e0142f-f228-502b-94c9-4c72ad8d53e0,0,PAYMENT,Low,4,0,idle,39.676986,0.0,39.676986
train,24e0142f-f228-502b-94c9-4c72ad8d53e0,1,PAYMENT,Low,4,0,idle,39.676986,0.0,39.676986
train,24e0142f-f228-502b-94c9-4c72ad8d53e0,2,PAYMENT,Low,0,0,idle,39.676986,0.0,39.676986
train,24e0142f-f228-502b-94c9-4c72ad8d53e0,0,PAYMENT,Medium,6,0,normal,31.259021,0.0,31.259021
train,24e0142f-f228-502b-94c9-4c72ad8d53e0,1,PAYMENT,Medium,10,7,busy,31.259021,26.263745353893245,57.522766353893246
train,24e0142f-f228-502b-94c9-4c72ad8d53e0,2,PAYMENT,Medium,10,1,busy,31.259021,3.2298977365398684,34.48891873653987
train,24e99fc4-e985-5c76-a39c-3790a00e9184,0,PAYMENT,High,10,10,busy,24.434293,30.076890116883217,54.51118311688322
train,24e99fc4-e985-5c76-a39c-3790a00e9184,1,PAYMENT,High,6,0,normal,24.434293,0.0,24.434293
train,24e99fc4-e985-5c76-a39c-3790a00e9184,2,PAYMENT,High,10,0,busy,24.434293,1.299307364819919,25.73360036481992
train,24e99fc4-e985-5c76-a39c-3790a00e9184,0,PAYMENT,Low,8,0,normal,41.08248,0.0,41.08248
train,24e99fc4-e985-5c76-a39c-3790a00e9184,1,PAYMENT,Low,5,0,normal,41.08248,0.0,41.08248
train,24e99fc4-e985-5c76-a39c-3790a00e9184,2,PAYMENT,Low,10,2,busy,41.08248,10.566553806125809,51.64903380612581
train,24e99fc4-e985-5c76-a39c-3790a00e9184,0,PAYMENT,Medium,6,0,normal,32.821712,0.0,32.821712
train,24e99fc4-e985-5c76-a39c-3790a00e9184,1,PAYMENT,Medium,7,0,normal,32.821712,0.0,32.821712
train,24e99fc4-e985-5c76-a39c-3790a00e9184,2,PAYMENT,Medium,10,9,busy,32.821712,32.46484468961808,65.28655668961808
train,25897c4f-10c0-567d-bec4-4239ab833b1a,0,TRANSFER,High,10,24,surge,34.100292,62.54530807163786,96.64560007163786
train,25897c4f-10c0-567d-bec4-4239ab833b1a,1,TRANSFER,High,3,0,idle,34.100292,0.0,34.100292
train,25897c4f-10c0-567d-bec4-4239ab833b1a,2,TRANSFER,High,0,0,idle,34.100292,0.0,34.100292
train,25897c4f-10c0-567d-bec4-4239ab833b1a,0,TRANSFER,Low,8,0,normal,56.361402,0.0,56.361402
train,25897c4f-10c0-567d-bec4-4239ab833b1a,1,TRANSFER,Low,7,0,normal,56.361402,0.0,56.361402
train,25897c4f-10c0-567d-bec4-4239ab833b1a,2,TRANSFER,Low,10,11,surge,56.361402,56.12797670006839,112.48937870006839
train,25897c4f-10c0-567d-bec4-4239ab833b1a,0,TRANSFER,Medium,2,0,idle,44.099382,0.0,44.099382
train,25897c4f-10c0-567d-bec4-4239ab833b1a,1,TRANSFER,Medium,9,0,normal,44.099382,0.0,44.099382
train,25897c4f-10c0-567d-bec4-4239ab833b1a,2,TRANSFER,Medium,10,15,surge,44.099382,62.297392233711406,106.3967742337114
train,260ddc4b-781d-51f7-82c7-b79f8cc3b60d,0,DEBIT,High,9,0,normal,32.865083,0.0,32.865083
train,260ddc4b-781d-51f7-82c7-b79f8cc3b60d,1,DEBIT,High,7,0,normal,32.865083,0.0,32.865083
train,260ddc4b-781d-51f7-82c7-b79f8cc3b60d,2,DEBIT,High,3,0,idle,32.865083,0.0,32.865083
train,260ddc4b-781d-51f7-82c7-b79f8cc3b60d,0,DEBIT,Low,10,8,busy,51.614755,43.77668250241501,95.39143750241502
train,260ddc4b-781d-51f7-82c7-b79f8cc3b60d,1,DEBIT,Low,2,0,idle,51.614755,0.0,51.614755
train,260ddc4b-781d-51f7-82c7-b79f8cc3b60d,2,DEBIT,Low,5,0,normal,51.614755,0.0,51.614755
train,260ddc4b-781d-51f7-82c7-b79f8cc3b60d,0,DEBIT,Medium,10,7,busy,40.851936,21.177891282242555,62.02982728224256
train,260ddc4b-781d-51f7-82c7-b79f8cc3b60d,1,DEBIT,Medium,7,0,normal,40.851936,0.0,40.851936
train,260ddc4b-781d-51f7-82c7-b79f8cc3b60d,2,DEBIT,Medium,2,0,idle,40.851936,0.0,40.851936
train,265e4888-dd8e-55a1-87f4-ce90d23a768c,0,CASH_OUT,High,10,5,busy,27.559041,9.42863205276413,36.98767305276413
train,265e4888-dd8e-55a1-87f4-ce90d23a768c,1,CASH_OUT,High,10,6,busy,27.559041,10.15566213259666,37.71470313259666
train,265e4888-dd8e-55a1-87f4-ce90d23a768c,2,CASH_OUT,High,0,0,idle,27.559041,0.0,27.559041
train,265e4888-dd8e-55a1-87f4-ce90d23a768c,0,CASH_OUT,Low,10,30,surge,44.42498,146.20739757627533,190.63237757627533
train,265e4888-dd8e-55a1-87f4-ce90d23a768c,1,CASH_OUT,Low,5,0,normal,44.42498,0.0,44.42498
train,265e4888-dd8e-55a1-87f4-ce90d23a768c,2,CASH_OUT,Low,1,0,idle,44.42498,0.0,44.42498
train,265e4888-dd8e-55a1-87f4-ce90d23a768c,0,CASH_OUT,Medium,9,0,normal,36.413756,0.0,36.413756
train,265e4888-dd8e-55a1-87f4-ce90d23a768c,1,CASH_OUT,Medium,9,0,normal,36.413756,0.0,36.413756
train,265e4888-dd8e-55a1-87f4-ce90d23a768c,2,CASH_OUT,Medium,10,2,busy,36.413756,7.11135766969397,43.52511366969397
train,2673d003-770b-5f1b-b738-748a9c1028c9,0,CASH_OUT,High,10,9,busy,27.358539,27.966490557802217,55.32502955780222
train,2673d003-770b-5f1b-b738-748a9c1028c9,1,CASH_OUT,High,10,3,busy,27.358539,13.821253750520102,41.1797927505201
train,2673d003-770b-5f1b-b738-748a9c1028c9,2,CASH_OUT,High,10,10,busy,27.358539,33.22445551127964,60.582994511279644
train,2673d003-770b-5f1b-b738-748a9c1028c9,0,CASH_OUT,Low,5,0,normal,47.066017,0.0,47.066017
train,2673d003-770b-5f1b-b738-748a9c1028c9,1,CASH_OUT,Low,10,3,busy,47.066017,19.351137083662966,66.41715408366296
train,2673d003-770b-5f1b-b738-748a9c1028c9,2,CASH_OUT,Low,6,0,normal,47.066017,0.0,47.066017
train,2673d003-770b-5f1b-b738-748a9c1028c9,0,CASH_OUT,Medium,5,0,normal,37.032992,0.0,37.032992
train,2673d003-770b-5f1b-b738-748a9c1028c9,1,CASH_OUT,Medium,8,0,normal,37.032992,0.0,37.032992
train,2673d003-770b-5f1b-b738-748a9c1028c9,2,CASH_OUT,Medium,10,8,busy,37.032992,33.98947626585125,71.02246826585124
train,2691afbd-411c-5c58-8821-16c9bf02fc55,0,TRANSFER,High,10,24,surge,34.129504,63.988190499074335,98.11769449907433
train,2691afbd-411c-5c58-8821-16c9bf02fc55,1,TRANSFER,High,9,0,normal,34.129504,0.0,34.129504
train,2691afbd-411c-5c58-8821-16c9bf02fc55,2,TRANSFER,High,10,5,busy,34.129504,7.94149713304511,42.07100113304511
train,2691afbd-411c-5c58-8821-16c9bf02fc55,0,TRANSFER,Low,7,0,normal,56.472968,0.0,56.472968
train,2691afbd-411c-5c58-8821-16c9bf02fc55,1,TRANSFER,Low,10,7,busy,56.472968,15.825171961499791,72.2981399614998
train,2691afbd-411c-5c58-8821-16c9bf02fc55,2,TRANSFER,Low,6,0,normal,56.472968,0.0,56.472968
train,2691afbd-411c-5c58-8821-16c9bf02fc55,0,TRANSFER,Medium,8,0,normal,45.905061,0.0,45.905061
train,2691afbd-411c-5c58-8821-16c9bf02fc55,1,TRANSFER,Medium,10,7,busy,45.905061,28.74245061439547,74.64751161439547
train,2691afbd-411c-5c58-8821-16c9bf02fc55,2,TRANSFER,Medium,10,30,surge,45.905061,112.42957445881925,158.33463545881926
train,26f4c5cf-a165-5c19-967e-4b8a0efe3f25,0,TRANSFER,High,10,0,busy,34.343927,1.4710067310292534,35.81493373102926
train,26f4c5cf-a165-5c19-967e-4b8a0efe3f25,1,TRANSFER,High,10,5,busy,34.343927,12.56711840482551,46.911045404825515
train,26f4c5cf-a165-5c19-967e-4b8a0efe3f25,2,TRANSFER,High,10,10,busy,34.343927,36.364578112861835,70.70850511286184
train,26f4c5cf-a165-5c19-967e-4b8a0efe3f25,0,TRANSFER,Low,10,6,busy,56.318463,34.508702267124775,90.82716526712477
train,26f4c5cf-a165-5c19-967e-4b8a0efe3f25,1,TRANSFER,Low,10,20,surge,56.318463,97.3869686557301,153.7054316557301
train,26f4c5cf-a165-5c19-967e-4b8a0efe3f25,2,TRANSFER,Low,10,1,busy,56.318463,9.175096932548387,65.4935599325484
train,26f4c5cf-a165-5c19-967e-4b8a0efe3f25,0,TRANSFER,Medium,10,3,busy,46.081623,7.734580678784946,53.816203678784944
train,26f4c5cf-a165-5c19-967e-4b8a0efe3f25,1,TRANSFER,Medium,10,18,surge,46.081623,63.59413966287608,109.67576266287608
train,26f4c5cf-a165-5c19-967e-4b8a0efe3f25,2,TRANSFER,Medium,10,0,busy,46.081623,4.325068365122353,50.406691365122356
train,26ffec8b-241c-5f3f-aeb7-3df362d2eb95,0,DEBIT,High,5,0,normal,32.703303,0.0,32.703303
train,26ffec8b-241c-5f3f-aeb7-3df362d2eb95,1,DEBIT,High,9,0,normal,32.703303,0.0,32.703303
train,26ffec8b-241c-5f3f-aeb7-3df362d2eb95,2,DEBIT,High,8,0,normal,32.703303,0.0,32.703303
train,26ffec8b-241c-5f3f-aeb7-3df362d2eb95,0,DEBIT,Low,10,1,busy,51.727176,11.897245365660474,63.624421365660474
train,26ffec8b-241c-5f3f-aeb7-3df362d2eb95,1,DEBIT,Low,3,0,idle,51.727176,0.0,51.727176
train,26ffec8b-241c-5f3f-aeb7-3df362d2eb95,2,DEBIT,Low,10,7,busy,51.727176,41.4915455535502,93.21872155355021
train,26ffec8b-241c-5f3f-aeb7-3df362d2eb95,0,DEBIT,Medium,10,27,surge,40.827736,97.86972717159148,138.6974631715915
train,26ffec8b-241c-5f3f-aeb7-3df362d2eb95,1,DEBIT,Medium,4,0,idle,40.827736,0.0,40.827736
train,26ffec8b-241c-5f3f-aeb7-3df362d2eb95,2,DEBIT,Medium,10,8,busy,40.827736,25.313590378386053,66.14132637838605
train,273dc82e-7675-5d7d-bedf-e22a53bae41d,0,CASH_IN,High,3,0,idle,21.998932,0.0,21.998932
train,273dc82e-7675-5d7d-bedf-e22a53bae41d,1,CASH_IN,High,10,10,busy,21.998932,31.1853583114356,53.1842903114356
train,273dc82e-7675-5d7d-bedf-e22a53bae41d,2,CASH_IN,High,5,0,normal,21.998932,0.0,21.998932
train,273dc82e-7675-5d7d-bedf-e22a53bae41d,0,CASH_IN,Low,10,8,busy,36.568598,32.71964900124584,69.28824700124585
train,273dc82e-7675-5d7d-bedf-e22a53bae41d,1,CASH_IN,Low,8,0,normal,36.568598,0.0,36.568598
train,273dc82e-7675-5d7d-bedf-e22a53bae41d,2,CASH_IN,Low,1,0,idle,36.568598,0.0,36.568598
train,273dc82e-7675-5d7d-bedf-e22a53bae41d,0,CASH_IN,Medium,2,0,idle,25.847059,0.0,25.847059
train,273dc82e-7675-5d7d-bedf-e22a53bae41d,1,CASH_IN,Medium,3,0,idle,25.847059,0.0,25.847059
train,273dc82e-7675-5d7d-bedf-e22a53bae41d,2,CASH_IN,Medium,6,0,normal,25.847059,0.0,25.847059
train,27b99791-804b-500a-9037-8264f5165329,0,TRANSFER,High,1,0,idle,36.683039,0.0,36.683039
train,27b99791-804b-500a-9037-8264f5165329,1,TRANSFER,High,7,0,normal,36.683039,0.0,36.683039
train,27b99791-804b-500a-9037-8264f5165329,2,TRANSFER,High,9,0,normal,36.683039,0.0,36.683039
train,27b99791-804b-500a-9037-8264f5165329,0,TRANSFER,Low,10,3,busy,57.741359,16.390280211434863,74.13163921143487
train,27b99791-804b-500a-9037-8264f5165329,1,TRANSFER,Low,10,8,busy,57.741359,39.35416979626302,97.09552879626303
train,27b99791-804b-500a-9037-8264f5165329,2,TRANSFER,Low,10,6,busy,57.741359,31.84893527642304,89.59029427642304
train,27b99791-804b-500a-9037-8264f5165329,0,TRANSFER,Medium,8,0,normal,46.09745,0.0,46.09745
train,27b99791-804b-500a-9037-8264f5165329,1,TRANSFER,Medium,4,0,idle,46.09745,0.0,46.09745
train,27b99791-804b-500a-9037-8264f5165329,2,TRANSFER,Medium,3,0,idle,46.09745,0.0,46.09745
train,27ed83b2-be03-55c4-bb3e-2747d6f11d3e,0,PAYMENT,High,10,9,busy,24.014697,26.36592072389554,50.38061772389554
train,27ed83b2-be03-55c4-bb3e-2747d6f11d3e,1,PAYMENT,High,10,9,busy,24.014697,33.13047649178516,57.14517349178516
train,27ed83b2-be03-55c4-bb3e-2747d6f11d3e,2,PAYMENT,High,2,0,idle,24.014697,0.0,24.014697
train,27ed83b2-be03-55c4-bb3e-2747d6f11d3e,0,PAYMENT,Low,8,0,normal,39.584365,0.0,39.584365
train,27ed83b2-be03-55c4-bb3e-2747d6f11d3e,1,PAYMENT,Low,0,0,idle,39.584365,0.0,39.584365
train,27ed83b2-be03-55c4-bb3e-2747d6f11d3e,2,PAYMENT,Low,10,10,busy,39.584365,50.81708634219891,90.40145134219891
train,27ed83b2-be03-55c4-bb3e-2747d6f11d3e,0,PAYMENT,Medium,4,0,idle,33.211057,0.0,33.211057
train,27ed83b2-be03-55c4-bb3e-2747d6f11d3e,1,PAYMENT,Medium,5,0,normal,33.211057,0.0,33.211057
train,27ed83b2-be03-55c4-bb3e-2747d6f11d3e,2,PAYMENT,Medium,1,0,idle,33.211057,0.0,33.211057
train,282ccca9-f3f2-5b5e-bf6a-99c77d7e91f4,0,DEBIT,High,6,0,normal,30.760125,0.0,30.760125
train,282ccca9-f3f2-5b5e-bf6a-99c77d7e91f4,1,DEBIT,High,6,0,normal,30.760125,0.0,30.760125
train,282ccca9-f3f2-5b5e-bf6a-99c77d7e91f4,2,DEBIT,High,9,0,normal,30.760125,0.0,30.760125
train,282ccca9-f3f2-5b5e-bf6a-99c77d7e91f4,0,DEBIT,Low,10,9,busy,51.195669,29.83564036907218,81.03130936907218
train,282ccca9-f3f2-5b5e-bf6a-99c77d7e91f4,1,DEBIT,Low,5,0,normal,51.195669,0.0,51.195669
train,282ccca9-f3f2-5b5e-bf6a-99c77d7e91f4,2,DEBIT,Low,7,0,normal,51.195669,0.0,51.195669
train,282ccca9-f3f2-5b5e-bf6a-99c77d7e91f4,0,DEBIT,Medium,10,27,surge,40.315437,102.64224180911634,142.95767880911635
train,282ccca9-f3f2-5b5e-bf6a-99c77d7e91f4,1,DEBIT,Medium,10,20,surge,40.315437,75.00803942199232,115.32347642199232
train,282ccca9-f3f2-5b5e-bf6a-99c77d7e91f4,2,DEBIT,Medium,10,24,surge,40.315437,89.5023962040775,129.8178332040775
train,283d3ac1-0eea-511e-a299-dec6962743ba,0,CASH_OUT,High,9,0,normal,28.467388,0.0,28.467388
train,283d3ac1-0eea-511e-a299-dec6962743ba,1,CASH_OUT,High,9,0,normal,28.467388,0.0,28.467388
train,283d3ac1-0eea-511e-a299-dec6962743ba,2,CASH_OUT,High,7,0,normal,28.467388,0.0,28.467388
train,283d3ac1-0eea-511e-a299-dec6962743ba,0,CASH_OUT,Low,10,11,surge,46.734639,62.33440046364193,109.06903946364193
train,283d3ac1-0eea-511e-a299-dec6962743ba,1,CASH_OUT,Low,4,0,idle,46.734639,0.0,46.734639
train,283d3ac1-0eea-511e-a299-dec6962743ba,2,CASH_OUT,Low,5,0,normal,46.734639,0.0,46.734639
train,283d3ac1-0eea-511e-a299-dec6962743ba,0,CASH_OUT,Medium,10,5,busy,35.825024,20.490170744723493,56.31519474472349
train,283d3ac1-0eea-511e-a299-dec6962743ba,1,CASH_OUT,Medium,10,8,busy,35.825024,24.88703008156178,60.712054081561774
train,283d3ac1-0eea-511e-a299-dec6962743ba,2,CASH_OUT,Medium,8,0,normal,35.825024,0.0,35.825024
train,29282cd1-fa1d-509b-9bca-ac0eca48c93b,0,CASH_OUT,High,10,9,busy,27.694682,29.84727508823113,57.54195708823113
train,29282cd1-fa1d-509b-9bca-ac0eca48c93b,1,CASH_OUT,High,10,25,surge,27.694682,74.68354491855656,102.37822691855656
train,29282cd1-fa1d-509b-9bca-ac0eca48c93b,2,CASH_OUT,High,1,0,idle,27.694682,0.0,27.694682
train,29282cd1-fa1d-509b-9bca-ac0eca48c93b,0,CASH_OUT,Low,3,0,idle,44.554533,0.0,44.554533
train,29282cd1-fa1d-509b-9bca-ac0eca48c93b,1,CASH_OUT,Low,10,15,surge,44.554533,68.26253965968809,112.81707265968808
train,29282cd1-fa1d-509b-9bca-ac0eca48c93b,2,CASH_OUT,Low,10,10,busy,44.554533,55.283981023482276,99.83851402348228
train,29282cd1-fa1d-509b-9bca-ac0eca48c93b,0,CASH_OUT,Medium,9,0,normal,37.00016,0.0,37.00016
train,29282cd1-fa1d-509b-9bca-ac0eca48c93b,1,CASH_OUT,Medium,4,0,idle,37.00016,0.0,37.00016
train,29282cd1-fa1d-509b-9bca-ac0eca48c93b,2,CASH_OUT,Medium,7,0,normal,37.00016,0.0,37.00016
train,2a028d4f-843b-5236-9bcf-9db0987f73f5,0,PAYMENT,High,10,1,busy,23.847443,3.5341614900024174,27.381604490002417
train,2a028d4f-843b-5236-9bcf-9db0987f73f5,1,PAYMENT,High,10,12,surge,23.847443,33.178182042683105,57.0256250426831
train,2a028d4f-843b-5236-9bcf-9db0987f73f5,2,PAYMENT,High,4,0,idle,23.847443,0.0,23.847443
train,2a028d4f-843b-5236-9bcf-9db0987f73f5,0,PAYMENT,Low,5,0,normal,39.579373,0.0,39.579373
train,2a028d4f-843b-5236-9bcf-9db0987f73f5,1,PAYMENT,Low,10,7,busy,39.579373,24.644562202422865,64.22393520242287
train,2a028d4f-843b-5236-9bcf-9db0987f73f5,2,PAYMENT,Low,10,3,busy,39.579373,24.62664629473763,64.20601929473763
train,2a028d4f-843b-5236-9bcf-9db0987f73f5,0,PAYMENT,Medium,10,1,busy,33.291569,6.709991153745293,40.001560153745295
train,2a028d4f-843b-5236-9bcf-9db0987f73f5,1,PAYMENT,Medium,3,0,idle,33.291569,0.0,33.291569
train,2a028d4f-843b-5236-9bcf-9db0987f73f5,2,PAYMENT,Medium,10,2,busy,33.291569,9.568040017797104,42.859609017797105
train,2ae9c647-f4f5-5426-9120-a9fd75d8b8a0,0,CASH_OUT,High,10,3,busy,28.683752,4.500994436338535,33.184746436338536
train,2ae9c647-f4f5-5426-9120-a9fd75d8b8a0,1,CASH_OUT,High,9,0,normal,28.683752,0.0,28.683752
train,2ae9c647-f4f5-5426-9120-a9fd75d8b8a0,2,CASH_OUT,High,0,0,idle,28.683752,0.0,28.683752
train,2ae9c647-f4f5-5426-9120-a9fd75d8b8a0,0,CASH_OUT,Low,10,8,busy,46.235248,29.809550696058867,76.04479869605886
train,2ae9c647-f4f5-5426-9120-a9fd75d8b8a0,1,CASH_OUT,Low,9,0,normal,46.235248,0.0,46.235248
train,2ae9c647-f4f5-5426-9120-a9fd75d8b8a0,2,CASH_OUT,Low,10,3,busy,46.235248,30.583657058069807,76.8189050580698
train,2ae9c647-f4f5-5426-9120-a9fd75d8b8a0,0,CASH_OUT,Medium,10,14,surge,36.491875,40.98565146160224,77.47752646160224
train,2ae9c647-f4f5-5426-9120-a9fd75d8b8a0,1,CASH_OUT,Medium,10,4,busy,36.491875,11.773641564714453,48.26551656471445
train,2ae9c647-f4f5-5426-9120-a9fd75d8b8a0,2,CASH_OUT,Medium,10,8,busy,36.491875,33.5935073023569,70.08538230235689
train,2b34d23f-3619-53e1-bf41-f0c5d3399e9c,0,TRANSFER,High,10,27,surge,34.674871,77.05224021592105,111.72711121592104
train,2b34d23f-3619-53e1-bf41-f0c5d3399e9c,1,TRANSFER,High,1,0,idle,34.674871,0.0,34.674871
train,2b34d23f-3619-53e1-bf41-f0c5d3399e9c,2,TRANSFER,High,10,4,busy,34.674871,18.51332316799464,53.18819416799464
train,2b34d23f-3619-53e1-bf41-f0c5d3399e9c,0,TRANSFER,Low,9,0,normal,59.794116,0.0,59.794116
train,2b34d23f-3619-53e1-bf41-f0c5d3399e9c,1,TRANSFER,Low,10,5,busy,59.794116,30.008262738620733,89.80237873862073
train,2b34d23f-3619-53e1-bf41-f0c5d3399e9c,2,TRANSFER,Low,4,0,idle,59.794116,0.0,59.794116
train,2b34d23f-3619-53e1-bf41-f0c5d3399e9c,0,TRANSFER,Medium,9,0,normal,43.630946,0.0,43.630946
train,2b34d23f-3619-53e1-bf41-f0c5d3399e9c,1,TRANSFER,Medium,9,0,normal,43.630946,0.0,43.630946
train,2b34d23f-3619-53e1-bf41-f0c5d3399e9c,2,TRANSFER,Medium,7,0,normal,43.630946,0.0,43.630946
train,2b3c67ff-af4e-5b90-8c00-4979d4bb4836,0,CASH_IN,High,9,0,normal,21.562539,0.0,21.562539
train,2b3c67ff-af4e-5b90-8c00-4979d4bb4836,1,CASH_IN,High,10,7,busy,21.562539,20.86011127873411,42.42265027873411
train,2b3c67ff-af4e-5b90-8c00-4979d4bb4836,2,CASH_IN,High,5,0,normal,21.562539,0.0,21.562539
train,2b3c67ff-af4e-5b90-8c00-4979d4bb4836,0,CASH_IN,Low,10,6,busy,37.794418,30.385669121835974,68.18008712183598
train,2b3c67ff-af4e-5b90-8c00-4979d4bb4836,1,CASH_IN,Low,10,27,surge,37.794418,141.06408642493642,178.85850442493643
train,2b3c67ff-af4e-5b90-8c00-4979d4bb4836,2,CASH_IN,Low,10,3,busy,37.794418,27.302531195697743,65.09694919569775
train,2b3c67ff-af4e-5b90-8c00-4979d4bb4836,0,CASH_IN,Medium,10,4,busy,26.242879,11.862748168758026,38.105627168758026
train,2b3c67ff-af4e-5b90-8c00-4979d4bb4836,1,CASH_IN,Medium,10,8,busy,26.242879,39.63236468675219,65.87524368675219
train,2b3c67ff-af4e-5b90-8c00-4979d4bb4836,2,CASH_IN,Medium,9,0,normal,26.242879,0.0,26.242879
train,2b3fe9c4-03c6-5ba5-b1be-3f68d7db2414,0,PAYMENT,High,3,0,idle,24.599792,0.0,24.599792
train,2b3fe9c4-03c6-5ba5-b1be-3f68d7db2414,1,PAYMENT,High,6,0,normal,24.599792,0.0,24.599792
train,2b3fe9c4-03c6-5ba5-b1be-3f68d7db2414,2,PAYMENT,High,6,0,normal,24.599792,0.0,24.599792
train,2b3fe9c4-03c6-5ba5-b1be-3f68d7db2414,0,PAYMENT,Low,10,9,busy,38.826975,47.03649740959317,85.86347240959316
train,2b3fe9c4-03c6-5ba5-b1be-3f68d7db2414,1,PAYMENT,Low,2,0,idle,38.826975,0.0,38.826975
train,2b3fe9c4-03c6-5ba5-b1be-3f68d7db2414,2,PAYMENT,Low,10,27,surge,38.826975,123.08029218830784,161.90726718830783
train,2b3fe9c4-03c6-5ba5-b1be-3f68d7db2414,0,PAYMENT,Medium,10,1,busy,31.498319,5.533197801719219,37.03151680171922
train,2b3fe9c4-03c6-5ba5-b1be-3f68d7db2414,1,PAYMENT,Medium,10,12,surge,31.498319,43.070142294816286,74.56846129481629
train,2b3fe9c4-03c6-5ba5-b1be-3f68d7db2414,2,PAYMENT,Medium,10,0,busy,31.498319,2.894750190231123,34.393069190231124
train,2b7495fe-5b41-54ab-a779-3ac6d858464a,0,CASH_OUT,High,10,6,busy,27.582147,15.395694517847472,42.97784151784747
train,2b7495fe-5b41-54ab-a779-3ac6d858464a,1,CASH_OUT,High,9,0,normal,27.582147,0.0,27.582147
train,2b7495fe-5b41-54ab-a779-3ac6d858464a,2,CASH_OUT,High,10,4,busy,27.582147,7.96320170147274,35.54534870147274
train,2b7495fe-5b41-54ab-a779-3ac6d858464a,0,CASH_OUT,Low,10,7,busy,45.999007,28.18502507591123,74.18403207591123
train,2b7495fe-5b41-54ab-a779-3ac6d858464a,1,CASH_OUT,Low,0,0,idle,45.999007,0.0,45.999007
train,2b7495fe-5b41-54ab-a779-3ac6d858464a,2,CASH_OUT,Low,1,0,idle,45.999007,0.0,45.999007
train,2b7495fe-5b41-54ab-a779-3ac6d858464a,0,CASH_OUT,Medium,7,0,normal,36.921741,0.0,36.921741
train,2b7495fe-5b41-54ab-a779-3ac6d858464a,1,CASH_OUT,Medium,10,21,surge,36.921741,76.45394767629901,113.375688676299
train,2b7495fe-5b41-54ab-a779-3ac6d858464a,2,CASH_OUT,Medium,0,0,idle,36.921741,0.0,36.921741
train,2b85986c-be56-5f86-9581-6b2a5cf37809,0,PAYMENT,High,10,0,busy,24.1302,1.7367205254976814,25.86692052549768
train,2b85986c-be56-5f86-9581-6b2a5cf37809,1,PAYMENT,High,10,5,busy,24.1302,12.8421612046274,36.9723612046274
train,2b85986c-be56-5f86-9581-6b2a5cf37809,2,PAYMENT,High,1,0,idle,24.1302,0.0,24.1302
train,2b85986c-be56-5f86-9581-6b2a5cf37809,0,PAYMENT,Low,10,7,busy,41.387673,35.356366078918974,76.74403907891897
train,2b85986c-be56-5f86-9581-6b2a5cf37809,1,PAYMENT,Low,7,0,normal,41.387673,0.0,41.387673
train,2b85986c-be56-5f86-9581-6b2a5cf37809,2,PAYMENT,Low,10,9,busy,41.387673,46.168968612524075,87.55664161252407
train,2b85986c-be56-5f86-9581-6b2a5cf37809,0,PAYMENT,Medium,10,10,busy,33.025781,38.858697813072126,71.88447881307212
train,2b85986c-be56-5f86-9581-6b2a5cf37809,1,PAYMENT,Medium,10,22,surge,33.025781,78.53254734419953,111.55832834419954
train,2b85986c-be56-5f86-9581-6b2a5cf37809,2,PAYMENT,Medium,0,0,idle,33.025781,0.0,33.025781
train,2b951803-a57d-5612-a681-262ebe76eb44,0,CASH_OUT,High,10,2,busy,27.382882,8.956947666524956,36.339829666524956
train,2b951803-a57d-5612-a681-262ebe76eb44,1,CASH_OUT,High,10,10,busy,27.382882,34.0478895712878,61.43077157128779
train,2b951803-a57d-5612-a681-262ebe76eb44,2,CASH_OUT,High,5,0,normal,27.382882,0.0,27.382882
train,2b951803-a57d-5612-a681-262ebe76eb44,0,CASH_OUT,Low,4,0,idle,45.005049,0.0,45.005049
train,2b951803-a57d-5612-a681-262ebe76eb44,1,CASH_OUT,Low,8,0,normal,45.005049,0.0,45.005049
train,2b951803-a57d-5612-a681-262ebe76eb44,2,CASH_OUT,Low,9,0,normal,45.005049,0.0,45.005049
train,2b951803-a57d-5612-a681-262ebe76eb44,0,CASH_OUT,Medium,10,3,busy,37.214133,18.445422045136567,55.659555045136564
train,2b951803-a57d-5612-a681-262ebe76eb44,1,CASH_OUT,Medium,1,0,idle,37.214133,0.0,37.214133
train,2b951803-a57d-5612-a681-262ebe76eb44,2,CASH_OUT,Medium,10,14,surge,37.214133,51.39177074145892,88.60590374145892
train,2bc16360-50db-5aee-a61b-29068ec46191,0,CASH_OUT,High,10,6,busy,27.395116,19.989907355179287,47.385023355179285
train,2bc16360-50db-5aee-a61b-29068ec46191,1,CASH_OUT,High,2,0,idle,27.395116,0.0,27.395116
train,2bc16360-50db-5aee-a61b-29068ec46191,2,CASH_OUT,High,8,0,normal,27.395116,0.0,27.395116
train,2bc16360-50db-5aee-a61b-29068ec46191,0,CASH_OUT,Low,10,3,busy,45.795282,20.492734563623003,66.288016563623
train,2bc16360-50db-5aee-a61b-29068ec46191,1,CASH_OUT,Low,10,2,busy,45.795282,16.55291246470748,62.348194464707476
train,2bc16360-50db-5aee-a61b-29068ec46191,2,CASH_OUT,Low,10,4,busy,45.795282,19.709163417999456,65.50444541799945
train,2bc16360-50db-5aee-a61b-29068ec46191,0,CASH_OUT,Medium,10,25,surge,36.427834,95.09086145536693,131.51869545536692
train,2bc16360-50db-5aee-a61b-29068ec46191,1,CASH_OUT,Medium,7,0,normal,36.427834,0.0,36.427834
train,2bc16360-50db-5aee-a61b-29068ec46191,2,CASH_OUT,Medium,10,28,surge,36.427834,107.65957945820445,144.08741345820445
train,2c6356fa-0c31-5ba2-b738-dc93b35bebc9,0,DEBIT,High,10,23,surge,32.067271,60.93224245166775,92.99951345166775
train,2c6356fa-0c31-5ba2-b738-dc93b35bebc9,1,DEBIT,High,6,0,normal,32.067271,0.0,32.067271
train,2c6356fa-0c31-5ba2-b738-dc93b35bebc9,2,DEBIT,High,9,0,normal,32.067271,0.0,32.067271
train,2c6356fa-0c31-5ba2-b738-dc93b35bebc9,0,DEBIT,Low,0,0,idle,51.29936,0.0,51.29936
train,2c6356fa-0c31-5ba2-b738-dc93b35bebc9,1,DEBIT,Low,10,17,surge,51.29936,91.30905609609793,142.60841609609793
train,2c6356fa-0c31-5ba2-b738-dc93b35bebc9,2,DEBIT,Low,7,0,normal,51.29936,0.0,51.29936
train,2c6356fa-0c31-5ba2-b738-dc93b35bebc9,0,DEBIT,Medium,10,12,surge,40.687932,39.035442583120336,79.72337458312035
train,2c6356fa-0c31-5ba2-b738-dc93b35bebc9,1,DEBIT,Medium,3,0,idle,40.687932,0.0,40.687932
train,2c6356fa-0c31-5ba2-b738-dc93b35bebc9,2,DEBIT,Medium,8,0,normal,40.687932,0.0,40.687932
train,2ccf2e7a-abf4-57de-bead-3519274ffb90,0,DEBIT,High,6,0,normal,31.233146,0.0,31.233146
train,2ccf2e7a-abf4-57de-bead-3519274ffb90,1,DEBIT,High,10,10,busy,31.233146,33.20645479910003,64.43960079910003
train,2ccf2e7a-abf4-57de-bead-3519274ffb90,2,DEBIT,High,10,4,busy,31.233146,17.8884362038497,49.1215822038497
train,2ccf2e7a-abf4-57de-bead-3519274ffb90,0,DEBIT,Low,10,27,surge,51.54388,136.85751749640923,188.40139749640923
train,2ccf2e7a-abf4-57de-bead-3519274ffb90,1,DEBIT,Low,2,0,idle,51.54388,0.0,51.54388
train,2ccf2e7a-abf4-57de-bead-3519274ffb90,2,DEBIT,Low,10,3,busy,51.54388,10.652480596931957,62.19636059693196
train,2ccf2e7a-abf4-57de-bead-3519274ffb90,0,DEBIT,Medium,10,21,surge,40.416218,80.88659585381998,121.30281385381998
train,2ccf2e7a-abf4-57de-bead-3519274ffb90,1,DEBIT,Medium,7,0,normal,40.416218,0.0,40.416218
train,2ccf2e7a-abf4-57de-bead-3519274ffb90,2,DEBIT,Medium,10,0,busy,40.416218,3.7212359913260467,44.13745399132605
train,2ce89939-9ca1-5a33-89a0-b5bca7ee1f9c,0,CASH_OUT,High,10,21,surge,29.867501,61.698198077073755,91.56569907707376
train,2ce89939-9ca1-5a33-89a0-b5bca7ee1f9c,1,CASH_OUT,High,4,0,idle,29.867501,0.0,29.867501
train,2ce89939-9ca1-5a33-89a0-b5bca7ee1f9c,2,CASH_OUT,High,2,0,idle,29.867501,0.0,29.867501
train,2ce89939-9ca1-5a33-89a0-b5bca7ee1f9c,0,CASH_OUT,Low,10,0,busy,46.24803,6.129571228239152,52.37760122823915
train,2ce89939-9ca1-5a33-89a0-b5bca7ee1f9c,1,CASH_OUT,Low,10,0,busy,46.24803,2.736537444961952,48.984567444961954
train,2ce89939-9ca1-5a33-89a0-b5bca7ee1f9c,2,CASH_OUT,Low,10,5,busy,46.24803,31.215736770918436,77.46376677091844
train,2ce89939-9ca1-5a33-89a0-b5bca7ee1f9c,0,CASH_OUT,Medium,0,0,idle,39.578571,0.0,39.578571
train,2ce89939-9ca1-5a33-89a0-b5bca7ee1f9c,1,CASH_OUT,Medium,10,7,busy,39.578571,32.713265757657716,72.2918367576577
train,2ce89939-9ca1-5a33-89a0-b5bca7ee1f9c,2,CASH_OUT,Medium,4,0,idle,39.578571,0.0,39.578571
train,2dadc7ba-2a83-5b55-b0d1-1b4c2b782f74,0,CASH_OUT,High,10,11,surge,27.848442,31.51967240028193,59.368114400281925
train,2dadc7ba-2a83-5b55-b0d1-1b4c2b782f74,1,CASH_OUT,High,10,26,surge,27.848442,76.0518924789155,103.90033447891551
train,2dadc7ba-2a83-5b55-b0d1-1b4c2b782f74,2,CASH_OUT,High,3,0,idle,27.848442,0.0,27.848442
train,2dadc7ba-2a83-5b55-b0d1-1b4c2b782f74,0,CASH_OUT,Low,10,5,busy,49.047609,23.957601014366798,73.0052100143668
train,2dadc7ba-2a83-5b55-b0d1-1b4c2b782f74,1,CASH_OUT,Low,9,0,normal,49.047609,0.0,49.047609
train,2dadc7ba-2a83-5b55-b0d1-1b4c2b782f74,2,CASH_OUT,Low,10,7,busy,49.047609,26.917503257081247,75.96511225708124
train,2dadc7ba-2a83-5b55-b0d1-1b4c2b782f74,0,CASH_OUT,Medium,6,0,normal,36.790449,0.0,36.790449
train,2dadc7ba-2a83-5b55-b0d1-1b4c2b782f74,1,CASH_OUT,Medium,10,9,busy,36.790449,40.88881613553484,77.67926513553485
train,2dadc7ba-2a83-5b55-b0d1-1b4c2b782f74,2,CASH_OUT,Medium,6,0,normal,36.790449,0.0,36.790449
train,2e1b4eba-37ce-5d1a-9a3c-40677efa55ce,0,CASH_OUT,High,10,5,busy,28.008974,20.04984806470282,48.058822064702824
train,2e1b4eba-37ce-5d1a-9a3c-40677efa55ce,1,CASH_OUT,High,10,7,busy,28.008974,25.6432087300439,53.6521827300439
train,2e1b4eba-37ce-5d1a-9a3c-40677efa55ce,2,CASH_OUT,High,7,0,normal,28.008974,0.0,28.008974
train,2e1b4eba-37ce-5d1a-9a3c-40677efa55ce,0,CASH_OUT,Low,9,0,normal,48.003698,0.0,48.003698
train,2e1b4eba-37ce-5d1a-9a3c-40677efa55ce,1,CASH_OUT,Low,10,6,busy,48.003698,28.107384915210094,76.11108291521009
train,2e1b4eba-37ce-5d1a-9a3c-40677efa55ce,2,CASH_OUT,Low,3,0,idle,48.003698,0.0,48.003698
train,2e1b4eba-37ce-5d1a-9a3c-40677efa55ce,0,CASH_OUT,Medium,10,3,busy,36.647029,10.995541204803583,47.64257020480359
train,2e1b4eba-37ce-5d1a-9a3c-40677efa55ce,1,CASH_OUT,Medium,8,0,normal,36.647029,0.0,36.647029
train,2e1b4eba-37ce-5d1a-9a3c-40677efa55ce,2,CASH_OUT,Medium,10,3,busy,36.647029,16.036313531657164,52.68334253165717
train,2edc9143-e848-5790-a928-f3b25a763c8b,0,CASH_OUT,High,8,0,normal,28.133558,0.0,28.133558
train,2edc9143-e848-5790-a928-f3b25a763c8b,1,CASH_OUT,High,10,8,busy,28.133558,18.831655132793312,46.96521313279331
train,2edc9143-e848-5790-a928-f3b25a763c8b,2,CASH_OUT,High,10,3,busy,28.133558,13.365976199288072,41.49953419928807
train,2edc9143-e848-5790-a928-f3b25a763c8b,0,CASH_OUT,Low,10,5,busy,45.796533,38.50415204664515,84.30068504664516
train,2edc9143-e848-5790-a928-f3b25a763c8b,1,CASH_OUT,Low,3,0,idle,45.796533,0.0,45.796533
train,2edc9143-e848-5790-a928-f3b25a763c8b,2,CASH_OUT,Low,8,0,normal,45.796533,0.0,45.796533
train,2edc9143-e848-5790-a928-f3b25a763c8b,0,CASH_OUT,Medium,10,22,surge,38.033426,92.75480305152391,130.7882290515239
train,2edc9143-e848-5790-a928-f3b25a763c8b,1,CASH_OUT,Medium,9,0,normal,38.033426,0.0,38.033426
train,2edc9143-e848-5790-a928-f3b25a763c8b,2,CASH_OUT,Medium,10,28,surge,38.033426,114.19371292879549,152.22713892879548
train,2f066c91-12ff-522e-8288-1aed3b49b1cb,0,DEBIT,High,10,3,busy,30.848756,14.11782112211427,44.96657712211427
train,2f066c91-12ff-522e-8288-1aed3b49b1cb,1,DEBIT,High,10,28,surge,30.848756,84.31206291501032,115.16081891501031
train,2f066c91-12ff-522e-8288-1aed3b49b1cb,2,DEBIT,High,7,0,normal,30.848756,0.0,30.848756
train,2f066c91-12ff-522e-8288-1aed3b49b1cb,0,DEBIT,Low,10,5,busy,50.376475,27.20035981149477,77.57683481149476
train,2f066c91-12ff-522e-8288-1aed3b49b1cb,1,DEBIT,Low,10,3,busy,50.376475,25.92585456922625,76.30232956922625
train,2f066c91-12ff-522e-8288-1aed3b49b1cb,2,DEBIT,Low,10,1,busy,50.376475,5.249152984917467,55.625627984917465
train,2f066c91-12ff-522e-8288-1aed3b49b1cb,0,DEBIT,Medium,2,0,idle,40.716778,0.0,40.716778
train,2f066c91-12ff-522e-8288-1aed3b49b1cb,1,DEBIT,Medium,5,0,normal,40.716778,0.0,40.716778
train,2f066c91-12ff-522e-8288-1aed3b49b1cb,2,DEBIT,Medium,8,0,normal,40.716778,0.0,40.716778
train,2f2d1543-4a6d-56ff-a637-f74f4688b0a3,0,PAYMENT,High,4,0,idle,24.201001,0.0,24.201001
train,2f2d1543-4a6d-56ff-a637-f74f4688b0a3,1,PAYMENT,High,8,0,normal,24.201001,0.0,24.201001
train,2f2d1543-4a6d-56ff-a637-f74f4688b0a3,2,PAYMENT,High,4,0,idle,24.201001,0.0,24.201001
train,2f2d1543-4a6d-56ff-a637-f74f4688b0a3,0,PAYMENT,Low,10,9,busy,41.453947,43.575226540887535,85.02917354088754
train,2f2d1543-4a6d-56ff-a637-f74f4688b0a3,1,PAYMENT,Low,10,28,surge,41.453947,128.3753036477696,169.8292506477696
train,2f2d1543-4a6d-56ff-a637-f74f4688b0a3,2,PAYMENT,Low,1,0,idle,41.453947,0.0,41.453947
train,2f2d1543-4a6d-56ff-a637-f74f4688b0a3,0,PAYMENT,Medium,9,0,normal,30.952205,0.0,30.952205
train,2f2d1543-4a6d-56ff-a637-f74f4688b0a3,1,PAYMENT,Medium,4,0,idle,30.952205,0.0,30.952205
train,2f2d1543-4a6d-56ff-a637-f74f4688b0a3,2,PAYMENT,Medium,6,0,normal,30.952205,0.0,30.952205
train,304d6b71-cb7d-517e-a03e-61cf8005c452,0,PAYMENT,High,2,0,idle,25.984489,0.0,25.984489
train,304d6b71-cb7d-517e-a03e-61cf8005c452,1,PAYMENT,High,2,0,idle,25.984489,0.0,25.984489
train,304d6b71-cb7d-517e-a03e-61cf8005c452,2,PAYMENT,High,0,0,idle,25.984489,0.0,25.984489
train,304d6b71-cb7d-517e-a03e-61cf8005c452,0,PAYMENT,Low,5,0,normal,39.899204,0.0,39.899204
train,304d6b71-cb7d-517e-a03e-61cf8005c452,1,PAYMENT,Low,1,0,idle,39.899204,0.0,39.899204
train,304d6b71-cb7d-517e-a03e-61cf8005c452,2,PAYMENT,Low,5,0,normal,39.899204,0.0,39.899204
train,304d6b71-cb7d-517e-a03e-61cf8005c452,0,PAYMENT,Medium,2,0,idle,31.166002,0.0,31.166002
train,304d6b71-cb7d-517e-a03e-61cf8005c452,1,PAYMENT,Medium,10,9,busy,31.166002,29.5912875860385,60.757289586038496
train,304d6b71-cb7d-517e-a03e-61cf8005c452,2,PAYMENT,Medium,5,0,normal,31.166002,0.0,31.166002
train,3056b961-e4e3-5b45-8b11-9ba18bda6832,0,CASH_OUT,High,5,0,normal,27.376588,0.0,27.376588
train,3056b961-e4e3-5b45-8b11-9ba18bda6832,1,CASH_OUT,High,10,25,surge,27.376588,66.0864620780148,93.4630500780148
train,3056b961-e4e3-5b45-8b11-9ba18bda6832,2,CASH_OUT,High,6,0,normal,27.376588,0.0,27.376588
train,3056b961-e4e3-5b45-8b11-9ba18bda6832,0,CASH_OUT,Low,10,7,busy,46.356719,36.121812542076235,82.47853154207624
train,3056b961-e4e3-5b45-8b11-9ba18bda6832,1,CASH_OUT,Low,10,8,busy,46.356719,35.37864249609429,81.73536149609428
train,3056b961-e4e3-5b45-8b11-9ba18bda6832,2,CASH_OUT,Low,10,28,surge,46.356719,120.52160290153495,166.87832190153495
train,3056b961-e4e3-5b45-8b11-9ba18bda6832,0,CASH_OUT,Medium,10,9,busy,38.39379,30.23156853819194,68.62535853819195
train,3056b961-e4e3-5b45-8b11-9ba18bda6832,1,CASH_OUT,Medium,10,6,busy,38.39379,19.12778309760517,57.52157309760517
train,3056b961-e4e3-5b45-8b11-9ba18bda6832,2,CASH_OUT,Medium,3,0,idle,38.39379,0.0,38.39379
train,30842c92-9a8c-5787-a0eb-aab7844acb01,0,PAYMENT,High,6,0,normal,23.964516,0.0,23.964516
train,30842c92-9a8c-5787-a0eb-aab7844acb01,1,PAYMENT,High,10,17,surge,23.964516,51.539989461769004,75.504505461769
train,30842c92-9a8c-5787-a0eb-aab7844acb01,2,PAYMENT,High,1,0,idle,23.964516,0.0,23.964516
train,30842c92-9a8c-5787-a0eb-aab7844acb01,0,PAYMENT,Low,6,0,normal,38.966213,0.0,38.966213
train,30842c92-9a8c-5787-a0eb-aab7844acb01,1,PAYMENT,Low,10,26,surge,38.966213,124.51137291729712,163.47758591729712
train,30842c92-9a8c-5787-a0eb-aab7844acb01,2,PAYMENT,Low,10,20,surge,38.966213,87.75540374266421,126.72161674266422
train,30842c92-9a8c-5787-a0eb-aab7844acb01,0,PAYMENT,Medium,10,0,busy,32.005811,5.182275728663176,37.18808672866318
train,30842c92-9a8c-5787-a0eb-aab7844acb01,1,PAYMENT,Medium,10,9,busy,32.005811,38.91463338779972,70.92044438779972
train,30842c92-9a8c-5787-a0eb-aab7844acb01,2,PAYMENT,Medium,10,9,busy,32.005811,31.36525548377621,63.37106648377621
train,314a3933-a222-5e37-b782-eef32559529c,0,DEBIT,High,2,0,idle,31.161507,0.0,31.161507
train,314a3933-a222-5e37-b782-eef32559529c,1,DEBIT,High,10,9,busy,31.161507,24.39364361598466,55.55515061598466
train,314a3933-a222-5e37-b782-eef32559529c,2,DEBIT,High,7,0,normal,31.161507,0.0,31.161507
train,314a3933-a222-5e37-b782-eef32559529c,0,DEBIT,Low,6,0,normal,51.026492,0.0,51.026492
train,314a3933-a222-5e37-b782-eef32559529c,1,DEBIT,Low,10,8,busy,51.026492,42.23381738556656,93.26030938556656
train,314a3933-a222-5e37-b782-eef32559529c,2,DEBIT,Low,10,16,surge,51.026492,81.05198598337489,132.07847798337488
train,314a3933-a222-5e37-b782-eef32559529c,0,DEBIT,Medium,10,4,busy,40.224561,11.47260098038437,51.69716198038437
train,314a3933-a222-5e37-b782-eef32559529c,1,DEBIT,Medium,10,5,busy,40.224561,17.907616544505533,58.13217754450554
train,314a3933-a222-5e37-b782-eef32559529c,2,DEBIT,Medium,10,28,surge,40.224561,114.64696238119654,154.87152338119654
train,31e6944c-29b7-55d1-8487-5d2d17ef3627,0,DEBIT,High,5,0,normal,32.769711,0.0,32.769711
train,31e6944c-29b7-55d1-8487-5d2d17ef3627,1,DEBIT,High,10,9,busy,32.769711,30.963307102772298,63.7330181027723
train,31e6944c-29b7-55d1-8487-5d2d17ef3627,2,DEBIT,High,10,8,busy,32.769711,24.55696456761343,57.326675567613435
train,31e6944c-29b7-55d1-8487-5d2d17ef3627,0,DEBIT,Low,5,0,normal,52.096379,0.0,52.096379
train,31e6944c-29b7-55d1-8487-5d2d17ef3627,1,DEBIT,Low,9,0,normal,52.096379,0.0,52.096379
train,31e6944c-29b7-55d1-8487-5d2d17ef3627,2,DEBIT,Low,10,4,busy,52.096379,27.755356122840237,79.85173512284024
train,31e6944c-29b7-55d1-8487-5d2d17ef3627,0,DEBIT,Medium,6,0,normal,41.438373,0.0,41.438373
train,31e6944c-29b7-55d1-8487-5d2d17ef3627,1,DEBIT,Medium,5,0,normal,41.438373,0.0,41.438373
train,31e6944c-29b7-55d1-8487-5d2d17ef3627,2,DEBIT,Medium,10,1,busy,41.438373,14.17527095216493,55.61364395216493
train,3202960b-2340-5c6b-beb1-f97e53d3a33c,0,CASH_OUT,High,10,25,surge,31.079964,78.27452177743244,109.35448577743244
train,3202960b-2340-5c6b-beb1-f97e53d3a33c,1,CASH_OUT,High,9,0,normal,31.079964,0.0,31.079964
train,3202960b-2340-5c6b-beb1-f97e53d3a33c,2,CASH_OUT,High,9,0,normal,31.079964,0.0,31.079964
train,3202960b-2340-5c6b-beb1-f97e53d3a33c,0,CASH_OUT,Low,3,0,idle,47.411077,0.0,47.411077
train,3202960b-2340-5c6b-beb1-f97e53d3a33c,1,CASH_OUT,Low,10,1,busy,47.411077,9.238529703605261,56.64960670360526
train,3202960b-2340-5c6b-beb1-f97e53d3a33c,2,CASH_OUT,Low,5,0,normal,47.411077,0.0,47.411077
train,3202960b-2340-5c6b-beb1-f97e53d3a33c,0,CASH_OUT,Medium,7,0,normal,39.350934,0.0,39.350934
train,3202960b-2340-5c6b-beb1-f97e53d3a33c,1,CASH_OUT,Medium,10,10,busy,39.350934,37.75129022115682,77.10222422115683
train,3202960b-2340-5c6b-beb1-f97e53d3a33c,2,CASH_OUT,Medium,6,0,normal,39.350934,0.0,39.350934
train,322d8ba1-bcc4-5621-9019-97052c2ff222,0,TRANSFER,High,8,0,normal,34.858527,0.0,34.858527
train,322d8ba1-bcc4-5621-9019-97052c2ff222,1,TRANSFER,High,10,19,surge,34.858527,54.20182029614443,89.06034729614444
train,322d8ba1-bcc4-5621-9019-97052c2ff222,2,TRANSFER,High,10,1,busy,34.858527,2.8849153647113828,37.743442364711385
train,322d8ba1-bcc4-5621-9019-97052c2ff222,0,TRANSFER,Low,5,0,normal,59.607259,0.0,59.607259
train,322d8ba1-bcc4-5621-9019-97052c2ff222,1,TRANSFER,Low,9,0,normal,59.607259,0.0,59.607259
train,322d8ba1-bcc4-5621-9019-97052c2ff222,2,TRANSFER,Low,10,4,busy,59.607259,18.00801963413135,77.61527863413136
train,322d8ba1-bcc4-5621-9019-97052c2ff222,0,TRANSFER,Medium,5,0,normal,45.646443,0.0,45.646443
train,322d8ba1-bcc4-5621-9019-97052c2ff222,1,TRANSFER,Medium,7,0,normal,45.646443,0.0,45.646443
train,322d8ba1-bcc4-5621-9019-97052c2ff222,2,TRANSFER,Medium,10,6,busy,45.646443,18.556422509734485,64.20286550973448
train,328112ef-2473-5750-921e-45a755320dd9,0,PAYMENT,High,10,24,surge,25.03955,72.73501736039327,97.77456736039326
train,328112ef-2473-5750-921e-45a755320dd9,1,PAYMENT,High,9,0,normal,25.03955,0.0,25.03955
train,328112ef-2473-5750-921e-45a755320dd9,2,PAYMENT,High,10,4,busy,25.03955,9.912210745001882,34.95176074500188
train,328112ef-2473-5750-921e-45a755320dd9,0,PAYMENT,Low,10,2,busy,39.587696,13.585133808995975,53.17282980899598
train,328112ef-2473-5750-921e-45a755320dd9,1,PAYMENT,Low,7,0,normal,39.587696,0.0,39.587696
train,328112ef-2473-5750-921e-45a755320dd9,2,PAYMENT,Low,9,0,normal,39.587696,0.0,39.587696
train,328112ef-2473-5750-921e-45a755320dd9,0,PAYMENT,Medium,10,11,surge,31.446071,50.2382360574454,81.6843070574454
train,328112ef-2473-5750-921e-45a755320dd9,1,PAYMENT,Medium,2,0,idle,31.446071,0.0,31.446071
train,328112ef-2473-5750-921e-45a755320dd9,2,PAYMENT,Medium,1,0,idle,31.446071,0.0,31.446071
train,34da903f-7e56-5c94-841c-fec284510882,0,DEBIT,High,3,0,idle,33.250813,0.0,33.250813
train,34da903f-7e56-5c94-841c-fec284510882,1,DEBIT,High,4,0,idle,33.250813,0.0,33.250813
train,34da903f-7e56-5c94-841c-fec284510882,2,DEBIT,High,8,0,normal,33.250813,0.0,33.250813
train,34da903f-7e56-5c94-841c-fec284510882,0,DEBIT,Low,3,0,idle,50.75524,0.0,50.75524
train,34da903f-7e56-5c94-841c-fec284510882,1,DEBIT,Low,1,0,idle,50.75524,0.0,50.75524
train,34da903f-7e56-5c94-841c-fec284510882,2,DEBIT,Low,10,9,busy,50.75524,38.464657656076135,89.21989765607614
train,34da903f-7e56-5c94-841c-fec284510882,0,DEBIT,Medium,10,11,surge,39.739866,48.42525542825892,88.16512142825891
train,34da903f-7e56-5c94-841c-fec284510882,1,DEBIT,Medium,5,0,normal,39.739866,0.0,39.739866
train,34da903f-7e56-5c94-841c-fec284510882,2,DEBIT,Medium,9,0,normal,39.739866,0.0,39.739866
train,34e3c383-4ecc-533f-8dbc-5e473272df2a,0,TRANSFER,High,10,10,busy,36.72191,33.25187517024719,69.9737851702472
train,34e3c383-4ecc-533f-8dbc-5e473272df2a,1,TRANSFER,High,10,22,surge,36.72191,72.97134477976954,109.69325477976955
train,34e3c383-4ecc-533f-8dbc-5e473272df2a,2,TRANSFER,High,7,0,normal,36.72191,0.0,36.72191
train,34e3c383-4ecc-533f-8dbc-5e473272df2a,0,TRANSFER,Low,0,0,idle,57.980578,0.0,57.980578
train,34e3c383-4ecc-533f-8dbc-5e473272df2a,1,TRANSFER,Low,8,0,normal,57.980578,0.0,57.980578
train,34e3c383-4ecc-533f-8dbc-5e473272df2a,2,TRANSFER,Low,8,0,normal,57.980578,0.0,57.980578
train,34e3c383-4ecc-533f-8dbc-5e473272df2a,0,TRANSFER,Medium,2,0,idle,47.396759,0.0,47.396759
train,34e3c383-4ecc-533f-8dbc-5e473272df2a,1,TRANSFER,Medium,2,0,idle,47.396759,0.0,47.396759
train,34e3c383-4ecc-533f-8dbc-5e473272df2a,2,TRANSFER,Medium,3,0,idle,47.396759,0.0,47.396759
train,34f66708-03e7-54ce-96bd-68fb55af9d91,0,DEBIT,High,3,0,idle,30.573995,0.0,30.573995
train,34f66708-03e7-54ce-96bd-68fb55af9d91,1,DEBIT,High,1,0,idle,30.573995,0.0,30.573995
train,34f66708-03e7-54ce-96bd-68fb55af9d91,2,DEBIT,High,7,0,normal,30.573995,0.0,30.573995
train,34f66708-03e7-54ce-96bd-68fb55af9d91,0,DEBIT,Low,6,0,normal,52.482758,0.0,52.482758
train,34f66708-03e7-54ce-96bd-68fb55af9d91,1,DEBIT,Low,10,8,busy,52.482758,40.35298608618032,92.83574408618031
train,34f66708-03e7-54ce-96bd-68fb55af9d91,2,DEBIT,Low,6,0,normal,52.482758,0.0,52.482758
train,34f66708-03e7-54ce-96bd-68fb55af9d91,0,DEBIT,Medium,10,6,busy,40.450687,22.706337758385366,63.15702475838537
train,34f66708-03e7-54ce-96bd-68fb55af9d91,1,DEBIT,Medium,10,21,surge,40.450687,78.6248393757706,119.07552637577061
train,34f66708-03e7-54ce-96bd-68fb55af9d91,2,DEBIT,Medium,7,0,normal,40.450687,0.0,40.450687
train,3538eb3d-c151-5982-83dd-d4b0f95ca975,0,TRANSFER,High,10,25,surge,36.68988,68.20106072651694,104.89094072651694
train,3538eb3d-c151-5982-83dd-d4b0f95ca975,1,TRANSFER,High,9,0,normal,36.68988,0.0,36.68988
train,3538eb3d-c151-5982-83dd-d4b0f95ca975,2,TRANSFER,High,10,9,busy,36.68988,25.730513742540815,62.42039374254082
train,3538eb3d-c151-5982-83dd-d4b0f95ca975,0,TRANSFER,Low,2,0,idle,60.375685,0.0,60.375685
train,3538eb3d-c151-5982-83dd-d4b0f95ca975,1,TRANSFER,Low,10,9,busy,60.375685,40.81753798123506,101.19322298123507
train,3538eb3d-c151-5982-83dd-d4b0f95ca975,2,TRANSFER,Low,6,0,normal,60.375685,0.0,60.375685
train,3538eb3d-c151-5982-83dd-d4b0f95ca975,0,TRANSFER,Medium,4,0,idle,46.282121,0.0,46.282121
train,3538eb3d-c151-5982-83dd-d4b0f95ca975,1,TRANSFER,Medium,4,0,idle,46.282121,0.0,46.282121
train,3538eb3d-c151-5982-83dd-d4b0f95ca975,2,TRANSFER,Medium,9,0,normal,46.282121,0.0,46.282121
train,35d1cc07-98f9-5f64-9129-0e64179d3650,0,CASH_OUT,High,10,4,busy,27.589055,15.563465120263928,43.15252012026393
train,35d1cc07-98f9-5f64-9129-0e64179d3650,1,CASH_OUT,High,10,13,surge,27.589055,39.875927264685195,67.46498226468519
train,35d1cc07-98f9-5f64-9129-0e64179d3650,2,CASH_OUT,High,8,0,normal,27.589055,0.0,27.589055
train,35d1cc07-98f9-5f64-9129-0e64179d3650,0,CASH_OUT,Low,10,3,busy,47.518069,24.210988845149256,71.72905784514926
train,35d1cc07-98f9-5f64-9129-0e64179d3650,1,CASH_OUT,Low,10,20,surge,47.518069,87.80334630052589,135.32141530052587
train,35d1cc07-98f9-5f64-9129-0e64179d3650,2,CASH_OUT,Low,10,26,surge,47.518069,122.0532049130178,169.5712739130178
train,35d1cc07-98f9-5f64-9129-0e64179d3650,0,CASH_OUT,Medium,1,0,idle,39.306733,0.0,39.306733
train,35d1cc07-98f9-5f64-9129-0e64179d3650,1,CASH_OUT,Medium,7,0,normal,39.306733,0.0,39.306733
train,35d1cc07-98f9-5f64-9129-0e64179d3650,2,CASH_OUT,Medium,7,0,normal,39.306733,0.0,39.306733
train,3688d699-da7c-50c3-a693-c6cced2b247a,0,TRANSFER,High,10,9,busy,36.23439,23.242667305043593,59.47705730504359
train,3688d699-da7c-50c3-a693-c6cced2b247a,1,TRANSFER,High,10,1,busy,36.23439,7.259824153676158,43.494214153676154
train,3688d699-da7c-50c3-a693-c6cced2b247a,2,TRANSFER,High,3,0,idle,36.23439,0.0,36.23439
train,3688d699-da7c-50c3-a693-c6cced2b247a,0,TRANSFER,Low,8,0,normal,57.303896,0.0,57.303896
train,3688d699-da7c-50c3-a693-c6cced2b247a,1,TRANSFER,Low,8,0,normal,57.303896,0.0,57.303896
train,3688d699-da7c-50c3-a693-c6cced2b247a,2,TRANSFER,Low,10,4,busy,57.303896,27.604896929307877,84.90879292930788
train,3688d699-da7c-50c3-a693-c6cced2b247a,0,TRANSFER,Medium,10,24,surge,48.503538,99.01368264325012,147.5172206432501
train,3688d699-da7c-50c3-a693-c6cced2b247a,1,TRANSFER,Medium,9,0,normal,48.503538,0.0,48.503538
train,3688d699-da7c-50c3-a693-c6cced2b247a,2,TRANSFER,Medium,5,0,normal,48.503538,0.0,48.503538
train,368cb8d6-9688-527d-9f98-6d3cf54bb7b0,0,CASH_IN,High,1,0,idle,21.977626,0.0,21.977626
train,368cb8d6-9688-527d-9f98-6d3cf54bb7b0,1,CASH_IN,High,10,24,surge,21.977626,74.11839523658315,96.09602123658316
train,368cb8d6-9688-527d-9f98-6d3cf54bb7b0,2,CASH_IN,High,10,5,busy,21.977626,10.832299684911897,32.809925684911896
train,368cb8d6-9688-527d-9f98-6d3cf54bb7b0,0,CASH_IN,Low,5,0,normal,36.975983,0.0,36.975983
train,368cb8d6-9688-527d-9f98-6d3cf54bb7b0,1,CASH_IN,Low,10,3,busy,36.975983,19.978968457782955,56.954951457782954
train,368cb8d6-9688-527d-9f98-6d3cf54bb7b0,2,CASH_IN,Low,6,0,normal,36.975983,0.0,36.975983
train,368cb8d6-9688-527d-9f98-6d3cf54bb7b0,0,CASH_IN,Medium,10,29,surge,29.020442,110.41122770817071,139.43166970817072
train,368cb8d6-9688-527d-9f98-6d3cf54bb7b0,1,CASH_IN,Medium,2,0,idle,29.020442,0.0,29.020442
train,368cb8d6-9688-527d-9f98-6d3cf54bb7b0,2,CASH_IN,Medium,7,0,normal,29.020442,0.0,29.020442
train,36b14bfe-c463-57ea-8c02-05e3b988b536,0,PAYMENT,High,10,12,surge,24.860814,35.78186844486807,60.64268244486807
train,36b14bfe-c463-57ea-8c02-05e3b988b536,1,PAYMENT,High,9,0,normal,24.860814,0.0,24.860814
train,36b14bfe-c463-57ea-8c02-05e3b988b536,2,PAYMENT,High,5,0,normal,24.860814,0.0,24.860814
train,36b14bfe-c463-57ea-8c02-05e3b988b536,0,PAYMENT,Low,8,0,normal,39.327108,0.0,39.327108
train,36b14bfe-c463-57ea-8c02-05e3b988b536,1,PAYMENT,Low,2,0,idle,39.327108,0.0,39.327108
train,36b14bfe-c463-57ea-8c02-05e3b988b536,2,PAYMENT,Low,6,0,normal,39.327108,0.0,39.327108
train,36b14bfe-c463-57ea-8c02-05e3b988b536,0,PAYMENT,Medium,10,2,busy,33.793884,10.07464068613696,43.86852468613696
train,36b14bfe-c463-57ea-8c02-05e3b988b536,1,PAYMENT,Medium,2,0,idle,33.793884,0.0,33.793884
train,36b14bfe-c463-57ea-8c02-05e3b988b536,2,PAYMENT,Medium,10,3,busy,33.793884,13.049285258901666,46.84316925890167
train,36f983d2-c3e7-5500-8814-615af9459f66,0,CASH_IN,High,4,0,idle,22.763057,0.0,22.763057
train,36f983d2-c3e7-5500-8814-615af9459f66,1,CASH_IN,High,0,0,idle,22.763057,0.0,22.763057
train,36f983d2-c3e7-5500-8814-615af9459f66,2,CASH_IN,High,10,20,surge,22.763057,55.948999744171694,78.71205674417169
train,36f983d2-c3e7-5500-8814-615af9459f66,0,CASH_IN,Low,1,0,idle,37.884845,0.0,37.884845
train,36f983d2-c3e7-5500-8814-615af9459f66,1,CASH_IN,Low,10,2,busy,37.884845,11.249506862647744,49.13435186264774
train,36f983d2-c3e7-5500-8814-615af9459f66,2,CASH_IN,Low,6,0,normal,37.884845,0.0,37.884845
train,36f983d2-c3e7-5500-8814-615af9459f66,0,CASH_IN,Medium,2,0,idle,29.069507,0.0,29.069507
train,36f983d2-c3e7-5500-8814-615af9459f66,1,CASH_IN,Medium,10,11,surge,29.069507,39.09645300540258,68.16596000540258
train,36f983d2-c3e7-5500-8814-615af9459f66,2,CASH_IN,Medium,10,4,busy,29.069507,22.531921966746328,51.601428966746326
train,3781aa85-9c1e-52ee-a4ae-58b0fcbf8fd8,0,CASH_OUT,High,5,0,normal,27.2281,0.0,27.2281
train,3781aa85-9c1e-52ee-a4ae-58b0fcbf8fd8,1,CASH_OUT,High,8,0,normal,27.2281,0.0,27.2281
train,3781aa85-9c1e-52ee-a4ae-58b0fcbf8fd8,2,CASH_OUT,High,1,0,idle,27.2281,0.0,27.2281
train,3781aa85-9c1e-52ee-a4ae-58b0fcbf8fd8,0,CASH_OUT,Low,2,0,idle,46.80273,0.0,46.80273
train,3781aa85-9c1e-52ee-a4ae-58b0fcbf8fd8,1,CASH_OUT,Low,6,0,normal,46.80273,0.0,46.80273
train,3781aa85-9c1e-52ee-a4ae-58b0fcbf8fd8,2,CASH_OUT,Low,10,0,busy,46.80273,6.28197196676585,53.08470196676585
train,3781aa85-9c1e-52ee-a4ae-58b0fcbf8fd8,0,CASH_OUT,Medium,2,0,idle,38.294571,0.0,38.294571
train,3781aa85-9c1e-52ee-a4ae-58b0fcbf8fd8,1,CASH_OUT,Medium,5,0,normal,38.294571,0.0,38.294571
train,3781aa85-9c1e-52ee-a4ae-58b0fcbf8fd8,2,CASH_OUT,Medium,9,0,normal,38.294571,0.0,38.294571
train,378b4515-f4c3-5f34-b14e-3fa204c98ac8,0,CASH_IN,High,4,0,idle,20.855283,0.0,20.855283
train,378b4515-f4c3-5f34-b14e-3fa204c98ac8,1,CASH_IN,High,10,6,busy,20.855283,23.27936680647497,44.13464980647497
train,378b4515-f4c3-5f34-b14e-3fa204c98ac8,2,CASH_IN,High,10,10,busy,20.855283,29.88668024176463,50.74196324176463
train,378b4515-f4c3-5f34-b14e-3fa204c98ac8,0,CASH_IN,Low,10,19,surge,32.496999,94.13544515068256,126.63244415068256
train,378b4515-f4c3-5f34-b14e-3fa204c98ac8,1,CASH_IN,Low,10,18,surge,32.496999,88.47895497533597,120.97595397533597
train,378b4515-f4c3-5f34-b14e-3fa204c98ac8,2,CASH_IN,Low,10,15,surge,32.496999,70.97892876356376,103.47592776356376
train,378b4515-f4c3-5f34-b14e-3fa204c98ac8,0,CASH_IN,Medium,5,0,normal,27.75672,0.0,27.75672
train,378b4515-f4c3-5f34-b14e-3fa204c98ac8,1,CASH_IN,Medium,10,18,surge,27.75672,69.34003711865292,97.09675711865292
train,378b4515-f4c3-5f34-b14e-3fa204c98ac8,2,CASH_IN,Medium,10,25,surge,27.75672,92.5091476851911,120.2658676851911
train,379db4d7-1d43-5d02-bf0d-a48c030b0571,0,PAYMENT,High,5,0,normal,25.402787,0.0,25.402787
train,379db4d7-1d43-5d02-bf0d-a48c030b0571,1,PAYMENT,High,7,0,normal,25.402787,0.0,25.402787
train,379db4d7-1d43-5d02-bf0d-a48c030b0571,2,PAYMENT,High,1,0,idle,25.402787,0.0,25.402787
train,379db4d7-1d43-5d02-bf0d-a48c030b0571,0,PAYMENT,Low,9,0,normal,41.058305,0.0,41.058305
train,379db4d7-1d43-5d02-bf0d-a48c030b0571,1,PAYMENT,Low,7,0,normal,41.058305,0.0,41.058305
train,379db4d7-1d43-5d02-bf0d-a48c030b0571,2,PAYMENT,Low,7,0,normal,41.058305,0.0,41.058305
train,379db4d7-1d43-5d02-bf0d-a48c030b0571,0,PAYMENT,Medium,10,1,busy,33.280807,7.639987447073033,40.920794447073035
train,379db4d7-1d43-5d02-bf0d-a48c030b0571,1,PAYMENT,Medium,10,10,busy,33.280807,33.080388395256875,66.36119539525689
train,379db4d7-1d43-5d02-bf0d-a48c030b0571,2,PAYMENT,Medium,10,30,surge,33.280807,122.76122183762328,156.0420288376233
train,37ee98da-5ed6-55a0-8228-034d423f3702,0,DEBIT,High,7,0,normal,32.686246,0.0,32.686246
train,37ee98da-5ed6-55a0-8228-034d423f3702,1,DEBIT,High,10,3,busy,32.686246,21.06833022591438,53.75457622591438
train,37ee98da-5ed6-55a0-8228-034d423f3702,2,DEBIT,High,10,3,busy,32.686246,11.643596098738803,44.3298420987388
train,37ee98da-5ed6-55a0-8228-034d423f3702,0,DEBIT,Low,10,8,busy,51.366174,39.95513674386981,91.32131074386982
train,37ee98da-5ed6-55a0-8228-034d423f3702,1,DEBIT,Low,2,0,idle,51.366174,0.0,51.366174
train,37ee98da-5ed6-55a0-8228-034d423f3702,2,DEBIT,Low,10,0,busy,51.366174,3.042764176688369,54.408938176688366
train,37ee98da-5ed6-55a0-8228-034d423f3702,0,DEBIT,Medium,10,23,surge,40.704203,104.57036117322585,145.27456417322585
train,37ee98da-5ed6-55a0-8228-034d423f3702,1,DEBIT,Medium,3,0,idle,40.704203,0.0,40.704203
train,37ee98da-5ed6-55a0-8228-034d423f3702,2,DEBIT,Medium,8,0,normal,40.704203,0.0,40.704203
train,38876450-a360-584e-a401-49ede2d5a5ae,0,CASH_OUT,High,10,3,busy,27.326101,13.412164611935019,40.73826561193502
train,38876450-a360-584e-a401-49ede2d5a5ae,1,CASH_OUT,High,0,0,idle,27.326101,0.0,27.326101
train,38876450-a360-584e-a401-49ede2d5a5ae,2,CASH_OUT,High,9,0,normal,27.326101,0.0,27.326101
train,38876450-a360-584e-a401-49ede2d5a5ae,0,CASH_OUT,Low,10,8,busy,42.617416,37.11884361893604,79.73625961893603
train,38876450-a360-584e-a401-49ede2d5a5ae,1,CASH_OUT,Low,10,6,busy,42.617416,31.61533937816448,74.23275537816448
train,38876450-a360-584e-a401-49ede2d5a5ae,2,CASH_OUT,Low,0,0,idle,42.617416,0.0,42.617416
train,38876450-a360-584e-a401-49ede2d5a5ae,0,CASH_OUT,Medium,5,0,normal,34.897944,0.0,34.897944
train,38876450-a360-584e-a401-49ede2d5a5ae,1,CASH_OUT,Medium,3,0,idle,34.897944,0.0,34.897944
train,38876450-a360-584e-a401-49ede2d5a5ae,2,CASH_OUT,Medium,1,0,idle,34.897944,0.0,34.897944
train,388fef44-d9ef-56b6-9503-bb028ffb7041,0,CASH_IN,High,10,20,surge,20.943183,52.054966215313776,72.99814921531377
train,388fef44-d9ef-56b6-9503-bb028ffb7041,1,CASH_IN,High,8,0,normal,20.943183,0.0,20.943183
train,388fef44-d9ef-56b6-9503-bb028ffb7041,2,CASH_IN,High,10,17,surge,20.943183,50.125329538386566,71.06851253838657
train,388fef44-d9ef-56b6-9503-bb028ffb7041,0,CASH_IN,Low,7,0,normal,30.402625,0.0,30.402625
train,388fef44-d9ef-56b6-9503-bb028ffb7041,1,CASH_IN,Low,10,5,busy,30.402625,29.700007143918242,60.10263214391824
train,388fef44-d9ef-56b6-9503-bb028ffb7041,2,CASH_IN,Low,2,0,idle,30.402625,0.0,30.402625
train,388fef44-d9ef-56b6-9503-bb028ffb7041,0,CASH_IN,Medium,10,10,busy,27.713084,31.04841696639715,58.76150096639715
train,388fef44-d9ef-56b6-9503-bb028ffb7041,1,CASH_IN,Medium,10,26,surge,27.713084,103.21657867240299,130.929662672403
train,388fef44-d9ef-56b6-9503-bb028ffb7041,2,CASH_IN,Medium,9,0,normal,27.713084,0.0,27.713084
train,38afc6be-6778-54ae-9b18-4020b0941ce1,0,CASH_OUT,High,1,0,idle,29.569437,0.0,29.569437
train,38afc6be-6778-54ae-9b18-4020b0941ce1,1,CASH_OUT,High,10,8,busy,29.569437,24.328498959493885,53.897935959493886
train,38afc6be-6778-54ae-9b18-4020b0941ce1,2,CASH_OUT,High,10,10,busy,29.569437,29.46624742121564,59.03568442121564
train,38afc6be-6778-54ae-9b18-4020b0941ce1,0,CASH_OUT,Low,5,0,normal,44.19282,0.0,44.19282
train,38afc6be-6778-54ae-9b18-4020b0941ce1,1,CASH_OUT,Low,8,0,normal,44.19282,0.0,44.19282
train,38afc6be-6778-54ae-9b18-4020b0941ce1,2,CASH_OUT,Low,10,5,busy,44.19282,37.51898062331494,81.71180062331493
train,38afc6be-6778-54ae-9b18-4020b0941ce1,0,CASH_OUT,Medium,10,27,surge,37.421046,97.30152092926139,134.72256692926138
train,38afc6be-6778-54ae-9b18-4020b0941ce1,1,CASH_OUT,Medium,9,0,normal,37.421046,0.0,37.421046
train,38afc6be-6778-54ae-9b18-4020b0941ce1,2,CASH_OUT,Medium,10,8,busy,37.421046,28.715662416959358,66.13670841695935
train,390a9fa5-8097-5880-8bba-3516ba408373,0,PAYMENT,High,8,0,normal,23.874303,0.0,23.874303
train,390a9fa5-8097-5880-8bba-3516ba408373,1,PAYMENT,High,7,0,normal,23.874303,0.0,23.874303
train,390a9fa5-8097-5880-8bba-3516ba408373,2,PAYMENT,High,9,0,normal,23.874303,0.0,23.874303
train,390a9fa5-8097-5880-8bba-3516ba408373,0,PAYMENT,Low,10,8,busy,39.600996,31.216271335842467,70.81726733584247
train,390a9fa5-8097-5880-8bba-3516ba408373,1,PAYMENT,Low,2,0,idle,39.600996,0.0,39.600996
train,390a9fa5-8097-5880-8bba-3516ba408373,2,PAYMENT,Low,10,2,busy,39.600996,12.248517288897936,51.84951328889794
train,390a9fa5-8097-5880-8bba-3516ba408373,0,PAYMENT,Medium,10,12,surge,31.070911,50.55796389202534,81.62887489202534
train,390a9fa5-8097-5880-8bba-3516ba408373,1,PAYMENT,Medium,10,25,surge,31.070911,88.97875905450154,120.04967005450153
train,390a9fa5-8097-5880-8bba-3516ba408373,2,PAYMENT,Medium,10,3,busy,31.070911,17.660587960264213,48.73149896026421
train,392c7d8e-86a8-5c33-b71e-d1f21cbbda82,0,DEBIT,High,10,5,busy,30.722298,13.959109474159824,44.681407474159826
train,392c7d8e-86a8-5c33-b71e-d1f21cbbda82,1,DEBIT,High,9,0,normal,30.722298,0.0,30.722298
train,392c7d8e-86a8-5c33-b71e-d1f21cbbda82,2,DEBIT,High,10,1,busy,30.722298,5.7510841275079985,36.473382127507996
train,392c7d8e-86a8-5c33-b71e-d1f21cbbda82,0,DEBIT,Low,10,6,busy,51.393097,29.118291410909443,80.51138841090943
train,392c7d8e-86a8-5c33-b71e-d1f21cbbda82,1,DEBIT,Low,9,0,normal,51.393097,0.0,51.393097
train,392c7d8e-86a8-5c33-b71e-d1f21cbbda82,2,DEBIT,Low,10,5,busy,51.393097,16.747183281480787,68.14028028148078
train,392c7d8e-86a8-5c33-b71e-d1f21cbbda82,0,DEBIT,Medium,4,0,idle,40.127322,0.0,40.127322
train,392c7d8e-86a8-5c33-b71e-d1f21cbbda82,1,DEBIT,Medium,7,0,normal,40.127322,0.0,40.127322
train,392c7d8e-86a8-5c33-b71e-d1f21cbbda82,2,DEBIT,Medium,5,0,normal,40.127322,0.0,40.127322
train,396b9b39-d198-5079-8348-b849508008d6,0,CASH_IN,High,9,0,normal,21.792215,0.0,21.792215
train,396b9b39-d198-5079-8348-b849508008d6,1,CASH_IN,High,9,0,normal,21.792215,0.0,21.792215
train,396b9b39-d198-5079-8348-b849508008d6,2,CASH_IN,High,7,0,normal,21.792215,0.0,21.792215
train,396b9b39-d198-5079-8348-b849508008d6,0,CASH_IN,Low,8,0,normal,36.303035,0.0,36.303035
train,396b9b39-d198-5079-8348-b849508008d6,1,CASH_IN,Low,10,7,busy,36.303035,40.03871082118271,76.34174582118271
train,396b9b39-d198-5079-8348-b849508008d6,2,CASH_IN,Low,8,0,normal,36.303035,0.0,36.303035
train,396b9b39-d198-5079-8348-b849508008d6,0,CASH_IN,Medium,10,7,busy,27.249154,27.899373671669164,55.148527671669164
train,396b9b39-d198-5079-8348-b849508008d6,1,CASH_IN,Medium,10,4,busy,27.249154,15.6999435899585,42.9490975899585
train,396b9b39-d198-5079-8348-b849508008d6,2,CASH_IN,Medium,9,0,normal,27.249154,0.0,27.249154
train,39b5f649-fc3c-5de6-bbab-1a12422f73da,0,CASH_IN,High,10,23,surge,21.665201,70.09343829880802,91.75863929880802
train,39b5f649-fc3c-5de6-bbab-1a12422f73da,1,CASH_IN,High,5,0,normal,21.665201,0.0,21.665201
train,39b5f649-fc3c-5de6-bbab-1a12422f73da,2,CASH_IN,High,2,0,idle,21.665201,0.0,21.665201
train,39b5f649-fc3c-5de6-bbab-1a12422f73da,0,CASH_IN,Low,6,0,normal,35.918033,0.0,35.918033
train,39b5f649-fc3c-5de6-bbab-1a12422f73da,1,CASH_IN,Low,9,0,normal,35.918033,0.0,35.918033
train,39b5f649-fc3c-5de6-bbab-1a12422f73da,2,CASH_IN,Low,8,0,normal,35.918033,0.0,35.918033
train,39b5f649-fc3c-5de6-bbab-1a12422f73da,0,CASH_IN,Medium,6,0,normal,29.011469,0.0,29.011469
train,39b5f649-fc3c-5de6-bbab-1a12422f73da,1,CASH_IN,Medium,10,24,surge,29.011469,102.94554300482429,131.9570120048243
train,39b5f649-fc3c-5de6-bbab-1a12422f73da,2,CASH_IN,Medium,7,0,normal,29.011469,0.0,29.011469
train,39fe0d9d-682c-57de-bbd3-72a0ec3a6353,0,CASH_IN,High,5,0,normal,21.246324,0.0,21.246324
train,39fe0d9d-682c-57de-bbd3-72a0ec3a6353,1,CASH_IN,High,5,0,normal,21.246324,0.0,21.246324
train,39fe0d9d-682c-57de-bbd3-72a0ec3a6353,2,CASH_IN,High,10,0,busy,21.246324,3.443084024364396,24.689408024364397
train,39fe0d9d-682c-57de-bbd3-72a0ec3a6353,0,CASH_IN,Low,10,4,busy,33.261438,12.944110351893135,46.205548351893135
train,39fe0d9d-682c-57de-bbd3-72a0ec3a6353,1,CASH_IN,Low,2,0,idle,33.261438,0.0,33.261438
train,39fe0d9d-682c-57de-bbd3-72a0ec3a6353,2,CASH_IN,Low,7,0,normal,33.261438,0.0,33.261438
train,39fe0d9d-682c-57de-bbd3-72a0ec3a6353,0,CASH_IN,Medium,10,3,busy,28.225931,8.559635767484162,36.78556676748416
train,39fe0d9d-682c-57de-bbd3-72a0ec3a6353,1,CASH_IN,Medium,10,1,busy,28.225931,9.648992188031581,37.87492318803158
train,39fe0d9d-682c-57de-bbd3-72a0ec3a6353,2,CASH_IN,Medium,10,15,surge,28.225931,55.12451131504481,83.35044231504482
train,3a4cdd1a-cad2-55a7-bded-41db175f6115,0,CASH_IN,High,10,19,surge,21.998298,61.82252449335527,83.82082249335527
train,3a4cdd1a-cad2-55a7-bded-41db175f6115,1,CASH_IN,High,10,5,busy,21.998298,21.83597198427599,43.83426998427599
train,3a4cdd1a-cad2-55a7-bded-41db175f6115,2,CASH_IN,High,0,0,idle,21.998298,0.0,21.998298
train,3a4cdd1a-cad2-55a7-bded-41db175f6115,0,CASH_IN,Low,9,0,normal,37.239955,0.0,37.239955
train,3a4cdd1a-cad2-55a7-bded-41db175f6115,1,CASH_IN,Low,10,3,busy,37.239955,10.266754066111126,47.50670906611113
train,3a4cdd1a-cad2-55a7-bded-41db175f6115,2,CASH_IN,Low,0,0,idle,37.239955,0.0,37.239955
train,3a4cdd1a-cad2-55a7-bded-41db175f6115,0,CASH_IN,Medium,8,0,normal,29.333273,0.0,29.333273
train,3a4cdd1a-cad2-55a7-bded-41db175f6115,1,CASH_IN,Medium,10,1,busy,29.333273,2.823096740374752,32.15636974037475
train,3a4cdd1a-cad2-55a7-bded-41db175f6115,2,CASH_IN,Medium,0,0,idle,29.333273,0.0,29.333273
train,3af062ad-5815-5a8c-9f8b-3f09e9865e2e,0,DEBIT,High,8,0,normal,34.557882,0.0,34.557882
train,3af062ad-5815-5a8c-9f8b-3f09e9865e2e,1,DEBIT,High,10,23,surge,34.557882,59.356847559860185,93.91472955986018
train,3af062ad-5815-5a8c-9f8b-3f09e9865e2e,2,DEBIT,High,7,0,normal,34.557882,0.0,34.557882
train,3af062ad-5815-5a8c-9f8b-3f09e9865e2e,0,DEBIT,Low,10,11,surge,51.599218,64.22168317942528,115.82090117942528
train,3af062ad-5815-5a8c-9f8b-3f09e9865e2e,1,DEBIT,Low,10,23,surge,51.599218,121.47260605379685,173.07182405379686
train,3af062ad-5815-5a8c-9f8b-3f09e9865e2e,2,DEBIT,Low,9,0,normal,51.599218,0.0,51.599218
train,3af062ad-5815-5a8c-9f8b-3f09e9865e2e,0,DEBIT,Medium,0,0,idle,42.772498,0.0,42.772498
train,3af062ad-5815-5a8c-9f8b-3f09e9865e2e,1,DEBIT,Medium,10,2,busy,42.772498,11.376186525354235,54.148684525354234
train,3af062ad-5815-5a8c-9f8b-3f09e9865e2e,2,DEBIT,Medium,10,17,surge,42.772498,58.519238052711344,101.29173605271134
train,3b85d143-e148-5999-95e1-6af03148a3ce,0,DEBIT,High,9,0,normal,33.896982,0.0,33.896982
train,3b85d143-e148-5999-95e1-6af03148a3ce,1,DEBIT,High,10,3,busy,33.896982,19.705922114574527,53.60290411457453
train,3b85d143-e148-5999-95e1-6af03148a3ce,2,DEBIT,High,8,0,normal,33.896982,0.0,33.896982
train,3b85d143-e148-5999-95e1-6af03148a3ce,0,DEBIT,Low,6,0,normal,53.431971,0.0,53.431971
train,3b85d143-e148-5999-95e1-6af03148a3ce,1,DEBIT,Low,6,0,normal,53.431971,0.0,53.431971
train,3b85d143-e148-5999-95e1-6af03148a3ce,2,DEBIT,Low,10,0,busy,53.431971,6.089015734118042,59.52098673411804
train,3b85d143-e148-5999-95e1-6af03148a3ce,0,DEBIT,Medium,6,0,normal,39.367326,0.0,39.367326
train,3b85d143-e148-5999-95e1-6af03148a3ce,1,DEBIT,Medium,10,10,busy,39.367326,30.198689169900977,69.56601516990098
train,3b85d143-e148-5999-95e1-6af03148a3ce,2,DEBIT,Medium,1,0,idle,39.367326,0.0,39.367326
train,3bb364bf-9182-5063-b60d-50802b3e35ff,0,CASH_OUT,High,2,0,idle,28.535996,0.0,28.535996
train,3bb364bf-9182-5063-b60d-50802b3e35ff,1,CASH_OUT,High,0,0,idle,28.535996,0.0,28.535996
train,3bb364bf-9182-5063-b60d-50802b3e35ff,2,CASH_OUT,High,7,0,normal,28.535996,0.0,28.535996
train,3bb364bf-9182-5063-b60d-50802b3e35ff,0,CASH_OUT,Low,7,0,normal,46.171762,0.0,46.171762
train,3bb364bf-9182-5063-b60d-50802b3e35ff,1,CASH_OUT,Low,3,0,idle,46.171762,0.0,46.171762
train,3bb364bf-9182-5063-b60d-50802b3e35ff,2,CASH_OUT,Low,10,27,surge,46.171762,153.65088329993858,199.82264529993859
train,3bb364bf-9182-5063-b60d-50802b3e35ff,0,CASH_OUT,Medium,1,0,idle,37.308156,0.0,37.308156
train,3bb364bf-9182-5063-b60d-50802b3e35ff,1,CASH_OUT,Medium,8,0,normal,37.308156,0.0,37.308156
train,3bb364bf-9182-5063-b60d-50802b3e35ff,2,CASH_OUT,Medium,8,0,normal,37.308156,0.0,37.308156
train,3d478182-b4f9-5855-b5e7-42c7dbe33b0d,0,CASH_IN,High,10,0,busy,21.747251,2.47933051799638,24.22658151799638
train,3d478182-b4f9-5855-b5e7-42c7dbe33b0d,1,CASH_IN,High,2,0,idle,21.747251,0.0,21.747251
train,3d478182-b4f9-5855-b5e7-42c7dbe33b0d,2,CASH_IN,High,6,0,normal,21.747251,0.0,21.747251
train,3d478182-b4f9-5855-b5e7-42c7dbe33b0d,0,CASH_IN,Low,10,10,busy,36.903864,54.00623141192068,90.91009541192068
train,3d478182-b4f9-5855-b5e7-42c7dbe33b0d,1,CASH_IN,Low,10,5,busy,36.903864,22.685534927701116,59.58939892770111
train,3d478182-b4f9-5855-b5e7-42c7dbe33b0d,2,CASH_IN,Low,1,0,idle,36.903864,0.0,36.903864
train,3d478182-b4f9-5855-b5e7-42c7dbe33b0d,0,CASH_IN,Medium,10,2,busy,26.77885,11.530178501956785,38.30902850195678
train,3d478182-b4f9-5855-b5e7-42c7dbe33b0d,1,CASH_IN,Medium,10,6,busy,26.77885,19.985275653828108,46.7641256538281
train,3d478182-b4f9-5855-b5e7-42c7dbe33b0d,2,CASH_IN,Medium,1,0,idle,26.77885,0.0,26.77885
train,3d656471-8cc9-5f93-9d79-428b797d3231,0,DEBIT,High,7,0,normal,34.486217,0.0,34.486217
train,3d656471-8cc9-5f93-9d79-428b797d3231,1,DEBIT,High,2,0,idle,34.486217,0.0,34.486217
train,3d656471-8cc9-5f93-9d79-428b797d3231,2,DEBIT,High,8,0,normal,34.486217,0.0,34.486217
train,3d656471-8cc9-5f93-9d79-428b797d3231,0,DEBIT,Low,10,4,busy,50.366083,21.89662024049335,72.26270324049335
train,3d656471-8cc9-5f93-9d79-428b797d3231,1,DEBIT,Low,10,19,surge,50.366083,84.36346549675028,134.72954849675028
train,3d656471-8cc9-5f93-9d79-428b797d3231,2,DEBIT,Low,10,9,busy,50.366083,41.773306179453094,92.1393891794531
train,3d656471-8cc9-5f93-9d79-428b797d3231,0,DEBIT,Medium,10,5,busy,42.904165,23.57869307236444,66.48285807236444
train,3d656471-8cc9-5f93-9d79-428b797d3231,1,DEBIT,Medium,6,0,normal,42.904165,0.0,42.904165
train,3d656471-8cc9-5f93-9d79-428b797d3231,2,DEBIT,Medium,5,0,normal,42.904165,0.0,42.904165
train,3d7eab65-5ab0-5a83-932e-4ce7eb1ce406,0,CASH_IN,High,8,0,normal,20.79992,0.0,20.79992
train,3d7eab65-5ab0-5a83-932e-4ce7eb1ce406,1,CASH_IN,High,10,7,busy,20.79992,16.87497621333781,37.67489621333781
train,3d7eab65-5ab0-5a83-932e-4ce7eb1ce406,2,CASH_IN,High,10,29,surge,20.79992,80.68028062392138,101.48020062392138
train,3d7eab65-5ab0-5a83-932e-4ce7eb1ce406,0,CASH_IN,Low,8,0,normal,36.025907,0.0,36.025907
train,3d7eab65-5ab0-5a83-932e-4ce7eb1ce406,1,CASH_IN,Low,7,0,normal,36.025907,0.0,36.025907
train,3d7eab65-5ab0-5a83-932e-4ce7eb1ce406,2,CASH_IN,Low,1,0,idle,36.025907,0.0,36.025907
train,3d7eab65-5ab0-5a83-932e-4ce7eb1ce406,0,CASH_IN,Medium,10,2,busy,27.533343,16.671001785168617,44.204344785168615
train,3d7eab65-5ab0-5a83-932e-4ce7eb1ce406,1,CASH_IN,Medium,10,21,surge,27.533343,78.89497298733761,106.42831598733761
train,3d7eab65-5ab0-5a83-932e-4ce7eb1ce406,2,CASH_IN,Medium,3,0,idle,27.533343,0.0,27.533343
train,3dd4141a-5e24-50dd-8cc7-29c9dae5058c,0,DEBIT,High,10,8,busy,30.702964,26.602790961099764,57.305754961099765
train,3dd4141a-5e24-50dd-8cc7-29c9dae5058c,1,DEBIT,High,0,0,idle,30.702964,0.0,30.702964
train,3dd4141a-5e24-50dd-8cc7-29c9dae5058c,2,DEBIT,High,10,9,busy,30.702964,19.932738928048202,50.635702928048204
train,3dd4141a-5e24-50dd-8cc7-29c9dae5058c,0,DEBIT,Low,10,30,surge,53.143522,141.51742341839284,194.66094541839283
train,3dd4141a-5e24-50dd-8cc7-29c9dae5058c,1,DEBIT,Low,10,4,busy,53.143522,24.0926680838675,77.2361900838675
train,3dd4141a-5e24-50dd-8cc7-29c9dae5058c,2,DEBIT,Low,10,9,busy,53.143522,45.386682210447525,98.53020421044752
train,3dd4141a-5e24-50dd-8cc7-29c9dae5058c,0,DEBIT,Medium,10,4,busy,40.490247,20.99958754836353,61.489834548363525
train,3dd4141a-5e24-50dd-8cc7-29c9dae5058c,1,DEBIT,Medium,10,6,busy,40.490247,16.176199316065617,56.66644631606562
train,3dd4141a-5e24-50dd-8cc7-29c9dae5058c,2,DEBIT,Medium,6,0,normal,40.490247,0.0,40.490247
train,3e7aeb55-e259-5eeb-886b-b1f178e00465,0,TRANSFER,High,10,10,busy,34.524178,35.75246870898798,70.27664670898798
train,3e7aeb55-e259-5eeb-886b-b1f178e00465,1,TRANSFER,High,4,0,idle,34.524178,0.0,34.524178
train,3e7aeb55-e259-5eeb-886b-b1f178e00465,2,TRANSFER,High,0,0,idle,34.524178,0.0,34.524178
train,3e7aeb55-e259-5eeb-886b-b1f178e00465,0,TRANSFER,Low,10,1,busy,55.765381,8.718507516838732,64.48388851683873
train,3e7aeb55-e259-5eeb-886b-b1f178e00465,1,TRANSFER,Low,10,1,busy,55.765381,9.86082254691549,65.62620354691549
train,3e7aeb55-e259-5eeb-886b-b1f178e00465,2,TRANSFER,Low,8,0,normal,55.765381,0.0,55.765381
train,3e7aeb55-e259-5eeb-886b-b1f178e00465,0,TRANSFER,Medium,10,5,busy,43.58568,19.0233713278383,62.6090513278383
train,3e7aeb55-e259-5eeb-886b-b1f178e00465,1,TRANSFER,Medium,10,6,busy,43.58568,25.128703590822344,68.71438359082235
train,3e7aeb55-e259-5eeb-886b-b1f178e00465,2,TRANSFER,Medium,6,0,normal,43.58568,0.0,43.58568
train,3e98491e-a94a-57a8-bcae-987000fddd52,0,TRANSFER,High,10,7,busy,36.221541,19.564936362523664,55.78647736252367
train,3e98491e-a94a-57a8-bcae-987000fddd52,1,TRANSFER,High,5,0,normal,36.221541,0.0,36.221541
train,3e98491e-a94a-57a8-bcae-987000fddd52,2,TRANSFER,High,6,0,normal,36.221541,0.0,36.221541
train,3e98491e-a94a-57a8-bcae-987000fddd52,0,TRANSFER,Low,6,0,normal,58.724627,0.0,58.724627
train,3e98491e-a94a-57a8-bcae-987000fddd52,1,TRANSFER,Low,2,0,idle,58.724627,0.0,58.724627
train,3e98491e-a94a-57a8-bcae-987000fddd52,2,TRANSFER,Low,10,2,busy,58.724627,12.75846267041049,71.4830896704105
train,3e98491e-a94a-57a8-bcae-987000fddd52,0,TRANSFER,Medium,9,0,normal,44.456505,0.0,44.456505
train,3e98491e-a94a-57a8-bcae-987000fddd52,1,TRANSFER,Medium,7,0,normal,44.456505,0.0,44.456505
train,3e98491e-a94a-57a8-bcae-987000fddd52,2,TRANSFER,Medium,9,0,normal,44.456505,0.0,44.456505
train,3ee89359-b9b5-5aa0-811c-bde4275cce10,0,CASH_OUT,High,10,13,surge,31.135792,36.94670319397194,68.08249519397194
train,3ee89359-b9b5-5aa0-811c-bde4275cce10,1,CASH_OUT,High,10,11,surge,31.135792,33.455188691767475,64.59098069176747
train,3ee89359-b9b5-5aa0-811c-bde4275cce10,2,CASH_OUT,High,2,0,idle,31.135792,0.0,31.135792
train,3ee89359-b9b5-5aa0-811c-bde4275cce10,0,CASH_OUT,Low,10,3,busy,44.067709,21.99867802676227,66.06638702676227
train,3ee89359-b9b5-5aa0-811c-bde4275cce10,1,CASH_OUT,Low,3,0,idle,44.067709,0.0,44.067709
train,3ee89359-b9b5-5aa0-811c-bde4275cce10,2,CASH_OUT,Low,10,13,surge,44.067709,68.74990013586543,112.81760913586544
train,3ee89359-b9b5-5aa0-811c-bde4275cce10,0,CASH_OUT,Medium,10,7,busy,35.451432,29.001760624981006,64.453192624981
train,3ee89359-b9b5-5aa0-811c-bde4275cce10,1,CASH_OUT,Medium,5,0,normal,35.451432,0.0,35.451432
train,3ee89359-b9b5-5aa0-811c-bde4275cce10,2,CASH_OUT,Medium,9,0,normal,35.451432,0.0,35.451432
train,3f5d0ef4-7d0c-5784-9114-5669e1a94ef1,0,CASH_IN,High,10,19,surge,21.86146,59.157915700701935,81.01937570070194
train,3f5d0ef4-7d0c-5784-9114-5669e1a94ef1,1,CASH_IN,High,5,0,normal,21.86146,0.0,21.86146
train,3f5d0ef4-7d0c-5784-9114-5669e1a94ef1,2,CASH_IN,High,9,0,normal,21.86146,0.0,21.86146
train,3f5d0ef4-7d0c-5784-9114-5669e1a94ef1,0,CASH_IN,Low,6,0,normal,31.546211,0.0,31.546211
train,3f5d0ef4-7d0c-5784-9114-5669e1a94ef1,1,CASH_IN,Low,10,2,busy,31.546211,18.6384599398884,50.1846709398884
train,3f5d0ef4-7d0c-5784-9114-5669e1a94ef1,2,CASH_IN,Low,4,0,idle,31.546211,0.0,31.546211
train,3f5d0ef4-7d0c-5784-9114-5669e1a94ef1,0,CASH_IN,Medium,9,0,normal,27.784455,0.0,27.784455
train,3f5d0ef4-7d0c-5784-9114-5669e1a94ef1,1,CASH_IN,Medium,8,0,normal,27.784455,0.0,27.784455
train,3f5d0ef4-7d0c-5784-9114-5669e1a94ef1,2,CASH_IN,Medium,10,5,busy,27.784455,16.471230485515473,44.25568548551547
train,3f75da4c-2fac-5a28-bd1f-7b4733dd02bc,0,DEBIT,High,10,19,surge,34.3621,51.301179589027484,85.66327958902748
train,3f75da4c-2fac-5a28-bd1f-7b4733dd02bc,1,DEBIT,High,2,0,idle,34.3621,0.0,34.3621
train,3f75da4c-2fac-5a28-bd1f-7b4733dd02bc,2,DEBIT,High,10,7,busy,34.3621,23.7225538447515,58.0846538447515
train,3f75da4c-2fac-5a28-bd1f-7b4733dd02bc,0,DEBIT,Low,10,2,busy,51.98984,17.625173430379174,69.61501343037918
train,3f75da4c-2fac-5a28-bd1f-7b4733dd02bc,1,DEBIT,Low,8,0,normal,51.98984,0.0,51.98984
train,3f75da4c-2fac-5a28-bd1f-7b4733dd02bc,2,DEBIT,Low,3,0,idle,51.98984,0.0,51.98984
train,3f75da4c-2fac-5a28-bd1f-7b4733dd02bc,0,DEBIT,Medium,6,0,normal,42.523071,0.0,42.523071
train,3f75da4c-2fac-5a28-bd1f-7b4733dd02bc,1,DEBIT,Medium,10,8,busy,42.523071,34.92784982549137,77.45092082549138
train,3f75da4c-2fac-5a28-bd1f-7b4733dd02bc,2,DEBIT,Medium,0,0,idle,42.523071,0.0,42.523071
train,3fd8cab6-c6e6-57c3-9a43-2158a9502e61,0,DEBIT,High,2,0,idle,32.783666,0.0,32.783666
train,3fd8cab6-c6e6-57c3-9a43-2158a9502e61,1,DEBIT,High,8,0,normal,32.783666,0.0,32.783666
train,3fd8cab6-c6e6-57c3-9a43-2158a9502e61,2,DEBIT,High,10,2,busy,32.783666,11.35337773943182,44.13704373943182
train,3fd8cab6-c6e6-57c3-9a43-2158a9502e61,0,DEBIT,Low,3,0,idle,52.787528,0.0,52.787528
train,3fd8cab6-c6e6-57c3-9a43-2158a9502e61,1,DEBIT,Low,6,0,normal,52.787528,0.0,52.787528
train,3fd8cab6-c6e6-57c3-9a43-2158a9502e61,2,DEBIT,Low,10,16,surge,52.787528,80.73930168290637,133.52682968290637
train,3fd8cab6-c6e6-57c3-9a43-2158a9502e61,0,DEBIT,Medium,7,0,normal,40.923647,0.0,40.923647
train,3fd8cab6-c6e6-57c3-9a43-2158a9502e61,1,DEBIT,Medium,5,0,normal,40.923647,0.0,40.923647
train,3fd8cab6-c6e6-57c3-9a43-2158a9502e61,2,DEBIT,Medium,2,0,idle,40.923647,0.0,40.923647
train,3ff26729-2676-560d-8735-1e3285f5add1,0,CASH_IN,High,10,2,busy,20.535879,13.28856646381088,33.82444546381088
train,3ff26729-2676-560d-8735-1e3285f5add1,1,CASH_IN,High,1,0,idle,20.535879,0.0,20.535879
train,3ff26729-2676-560d-8735-1e3285f5add1,2,CASH_IN,High,7,0,normal,20.535879,0.0,20.535879
train,3ff26729-2676-560d-8735-1e3285f5add1,0,CASH_IN,Low,10,10,busy,35.55695,49.30965756206917,84.86660756206916
train,3ff26729-2676-560d-8735-1e3285f5add1,1,CASH_IN,Low,10,6,busy,35.55695,33.074650797521876,68.63160079752188
train,3ff26729-2676-560d-8735-1e3285f5add1,2,CASH_IN,Low,10,1,busy,35.55695,12.141311524080507,47.69826152408051
train,3ff26729-2676-560d-8735-1e3285f5add1,0,CASH_IN,Medium,3,0,idle,27.952537,0.0,27.952537
train,3ff26729-2676-560d-8735-1e3285f5add1,1,CASH_IN,Medium,10,2,busy,27.952537,9.84791037445902,37.80044737445902
train,3ff26729-2676-560d-8735-1e3285f5add1,2,CASH_IN,Medium,6,0,normal,27.952537,0.0,27.952537
train,4052d61f-3f94-5d1d-935f-d8ec1112f3ad,0,TRANSFER,High,9,0,normal,37.901325,0.0,37.901325
train,4052d61f-3f94-5d1d-935f-d8ec1112f3ad,1,TRANSFER,High,5,0,normal,37.901325,0.0,37.901325
train,4052d61f-3f94-5d1d-935f-d8ec1112f3ad,2,TRANSFER,High,3,0,idle,37.901325,0.0,37.901325
train,4052d61f-3f94-5d1d-935f-d8ec1112f3ad,0,TRANSFER,Low,10,1,busy,59.83947,14.090932887848124,73.93040288784812
train,4052d61f-3f94-5d1d-935f-d8ec1112f3ad,1,TRANSFER,Low,10,6,busy,59.83947,23.870895121322803,83.71036512132281
train,4052d61f-3f94-5d1d-935f-d8ec1112f3ad,2,TRANSFER,Low,4,0,idle,59.83947,0.0,59.83947
train,4052d61f-3f94-5d1d-935f-d8ec1112f3ad,0,TRANSFER,Medium,8,0,normal,45.976966,0.0,45.976966
train,4052d61f-3f94-5d1d-935f-d8ec1112f3ad,1,TRANSFER,Medium,10,8,busy,45.976966,28.232430945449032,74.20939694544903
train,4052d61f-3f94-5d1d-935f-d8ec1112f3ad,2,TRANSFER,Medium,7,0,normal,45.976966,0.0,45.976966
train,41aab73d-40c3-52e4-9e7b-3dcfd34021ff,0,PAYMENT,High,10,16,surge,24.531835,49.221558024227505,73.7533930242275
train,41aab73d-40c3-52e4-9e7b-3dcfd34021ff,1,PAYMENT,High,6,0,normal,24.531835,0.0,24.531835
train,41aab73d-40c3-52e4-9e7b-3dcfd34021ff,2,PAYMENT,High,7,0,normal,24.531835,0.0,24.531835
train,41aab73d-40c3-52e4-9e7b-3dcfd34021ff,0,PAYMENT,Low,10,7,busy,39.265311,35.94792269340839,75.21323369340838
train,41aab73d-40c3-52e4-9e7b-3dcfd34021ff,1,PAYMENT,Low,6,0,normal,39.265311,0.0,39.265311
train,41aab73d-40c3-52e4-9e7b-3dcfd34021ff,2,PAYMENT,Low,9,0,normal,39.265311,0.0,39.265311
train,41aab73d-40c3-52e4-9e7b-3dcfd34021ff,0,PAYMENT,Medium,3,0,idle,32.825702,0.0,32.825702
train,41aab73d-40c3-52e4-9e7b-3dcfd34021ff,1,PAYMENT,Medium,1,0,idle,32.825702,0.0,32.825702
train,41aab73d-40c3-52e4-9e7b-3dcfd34021ff,2,PAYMENT,Medium,10,30,surge,32.825702,110.48032375061263,143.30602575061263
train,41da1495-acb3-5a1f-ab61-51b1f1ce286d,0,CASH_IN,High,6,0,normal,20.782754,0.0,20.782754
train,41da1495-acb3-5a1f-ab61-51b1f1ce286d,1,CASH_IN,High,4,0,idle,20.782754,0.0,20.782754
train,41da1495-acb3-5a1f-ab61-51b1f1ce286d,2,CASH_IN,High,7,0,normal,20.782754,0.0,20.782754
train,41da1495-acb3-5a1f-ab61-51b1f1ce286d,0,CASH_IN,Low,9,0,normal,33.278243,0.0,33.278243
train,41da1495-acb3-5a1f-ab61-51b1f1ce286d,1,CASH_IN,Low,10,1,busy,33.278243,8.363754960637536,41.64199796063754
train,41da1495-acb3-5a1f-ab61-51b1f1ce286d,2,CASH_IN,Low,10,3,busy,33.278243,19.952326347490768,53.23056934749077
train,41da1495-acb3-5a1f-ab61-51b1f1ce286d,0,CASH_IN,Medium,10,28,surge,27.562721,105.46890599067677,133.03162699067678
train,41da1495-acb3-5a1f-ab61-51b1f1ce286d,1,CASH_IN,Medium,1,0,idle,27.562721,0.0,27.562721
train,41da1495-acb3-5a1f-ab61-51b1f1ce286d,2,CASH_IN,Medium,9,0,normal,27.562721,0.0,27.562721
train,421c2e02-35ea-511b-99cf-f2bd69cfd59b,0,CASH_IN,High,4,0,idle,21.640268,0.0,21.640268
train,421c2e02-35ea-511b-99cf-f2bd69cfd59b,1,CASH_IN,High,6,0,normal,21.640268,0.0,21.640268
train,421c2e02-35ea-511b-99cf-f2bd69cfd59b,2,CASH_IN,High,10,6,busy,21.640268,11.160223085357089,32.80049108535709
train,421c2e02-35ea-511b-99cf-f2bd69cfd59b,0,CASH_IN,Low,10,5,busy,35.304598,23.878818339448916,59.18341633944891
train,421c2e02-35ea-511b-99cf-f2bd69cfd59b,1,CASH_IN,Low,10,0,busy,35.304598,18.269391489334698,53.57398948933469
train,421c2e02-35ea-511b-99cf-f2bd69cfd59b,2,CASH_IN,Low,2,0,idle,35.304598,0.0,35.304598
train,421c2e02-35ea-511b-99cf-f2bd69cfd59b,0,CASH_IN,Medium,2,0,idle,27.847714,0.0,27.847714
train,421c2e02-35ea-511b-99cf-f2bd69cfd59b,1,CASH_IN,Medium,10,1,busy,27.847714,5.3508498683900845,33.19856386839008
train,421c2e02-35ea-511b-99cf-f2bd69cfd59b,2,CASH_IN,Medium,9,0,normal,27.847714,0.0,27.847714
train,429eb853-c7c6-5415-bfd1-c914b810c526,0,TRANSFER,High,10,8,busy,38.111964,27.40480406832489,65.5167680683249
train,429eb853-c7c6-5415-bfd1-c914b810c526,1,TRANSFER,High,10,3,busy,38.111964,10.760531580896755,48.872495580896754
train,429eb853-c7c6-5415-bfd1-c914b810c526,2,TRANSFER,High,10,6,busy,38.111964,18.36727830438021,56.47924230438021
train,429eb853-c7c6-5415-bfd1-c914b810c526,0,TRANSFER,Low,10,14,surge,58.122175,71.77797183975255,129.90014683975255
train,429eb853-c7c6-5415-bfd1-c914b810c526,1,TRANSFER,Low,5,0,normal,58.122175,0.0,58.122175
train,429eb853-c7c6-5415-bfd1-c914b810c526,2,TRANSFER,Low,10,5,busy,58.122175,20.575991084356545,78.69816608435654
train,429eb853-c7c6-5415-bfd1-c914b810c526,0,TRANSFER,Medium,10,10,busy,46.21272,45.999494923355016,92.21221492335502
train,429eb853-c7c6-5415-bfd1-c914b810c526,1,TRANSFER,Medium,0,0,idle,46.21272,0.0,46.21272
train,429eb853-c7c6-5415-bfd1-c914b810c526,2,TRANSFER,Medium,5,0,normal,46.21272,0.0,46.21272
train,42a3b91c-40c4-568c-90da-8d64749f198c,0,DEBIT,High,10,3,busy,30.846539,11.633478927660477,42.48001792766048
train,42a3b91c-40c4-568c-90da-8d64749f198c,1,DEBIT,High,10,6,busy,30.846539,14.445421674038545,45.29196067403855
train,42a3b91c-40c4-568c-90da-8d64749f198c,2,DEBIT,High,10,2,busy,30.846539,7.00079327644219,37.84733227644219
train,42a3b91c-40c4-568c-90da-8d64749f198c,0,DEBIT,Low,7,0,normal,51.270724,0.0,51.270724
train,42a3b91c-40c4-568c-90da-8d64749f198c,1,DEBIT,Low,10,30,surge,51.270724,153.60798307276752,204.87870707276753
train,42a3b91c-40c4-568c-90da-8d64749f198c,2,DEBIT,Low,9,0,normal,51.270724,0.0,51.270724
train,42a3b91c-40c4-568c-90da-8d64749f198c,0,DEBIT,Medium,5,0,normal,40.744597,0.0,40.744597
train,42a3b91c-40c4-568c-90da-8d64749f198c,1,DEBIT,Medium,6,0,normal,40.744597,0.0,40.744597
train,42a3b91c-40c4-568c-90da-8d64749f198c,2,DEBIT,Medium,9,0,normal,40.744597,0.0,40.744597
train,4319ed02-cd4d-50a2-89b4-760dbb6d1c80,0,TRANSFER,High,10,10,busy,34.151596,26.69271247994939,60.84430847994939
train,4319ed02-cd4d-50a2-89b4-760dbb6d1c80,1,TRANSFER,High,10,6,busy,34.151596,16.72522108324423,50.87681708324423
train,4319ed02-cd4d-50a2-89b4-760dbb6d1c80,2,TRANSFER,High,7,0,normal,34.151596,0.0,34.151596
train,4319ed02-cd4d-50a2-89b4-760dbb6d1c80,0,TRANSFER,Low,7,0,normal,56.918358,0.0,56.918358
train,4319ed02-cd4d-50a2-89b4-760dbb6d1c80,1,TRANSFER,Low,8,0,normal,56.918358,0.0,56.918358
train,4319ed02-cd4d-50a2-89b4-760dbb6d1c80,2,TRANSFER,Low,7,0,normal,56.918358,0.0,56.918358
train,4319ed02-cd4d-50a2-89b4-760dbb6d1c80,0,TRANSFER,Medium,7,0,normal,46.651188,0.0,46.651188
train,4319ed02-cd4d-50a2-89b4-760dbb6d1c80,1,TRANSFER,Medium,6,0,normal,46.651188,0.0,46.651188
train,4319ed02-cd4d-50a2-89b4-760dbb6d1c80,2,TRANSFER,Medium,8,0,normal,46.651188,0.0,46.651188
train,4411648a-cb96-5dac-b7a9-c5682ebaba47,0,CASH_IN,High,10,10,busy,21.306189,28.92932328564233,50.23551228564233
train,4411648a-cb96-5dac-b7a9-c5682ebaba47,1,CASH_IN,High,10,10,busy,21.306189,31.434171071854834,52.74036007185484
train,4411648a-cb96-5dac-b7a9-c5682ebaba47,2,CASH_IN,High,8,0,normal,21.306189,0.0,21.306189
train,4411648a-cb96-5dac-b7a9-c5682ebaba47,0,CASH_IN,Low,7,0,normal,34.37736,0.0,34.37736
train,4411648a-cb96-5dac-b7a9-c5682ebaba47,1,CASH_IN,Low,10,13,surge,34.37736,62.91695711886753,97.29431711886753
train,4411648a-cb96-5dac-b7a9-c5682ebaba47,2,CASH_IN,Low,9,0,normal,34.37736,0.0,34.37736
train,4411648a-cb96-5dac-b7a9-c5682ebaba47,0,CASH_IN,Medium,10,29,surge,28.138681,103.81469788887668,131.95337888887667
train,4411648a-cb96-5dac-b7a9-c5682ebaba47,1,CASH_IN,Medium,10,8,busy,28.138681,25.02339486541578,53.16207586541578
train,4411648a-cb96-5dac-b7a9-c5682ebaba47,2,CASH_IN,Medium,10,27,surge,28.138681,97.53902650645958,125.67770750645957
train,442336dc-4c7d-5168-a98a-0e5cd4740dcd,0,DEBIT,High,5,0,normal,30.791623,0.0,30.791623
train,442336dc-4c7d-5168-a98a-0e5cd4740dcd,1,DEBIT,High,4,0,idle,30.791623,0.0,30.791623
train,442336dc-4c7d-5168-a98a-0e5cd4740dcd,2,DEBIT,High,0,0,idle,30.791623,0.0,30.791623
train,442336dc-4c7d-5168-a98a-0e5cd4740dcd,0,DEBIT,Low,7,0,normal,50.308272,0.0,50.308272
train,442336dc-4c7d-5168-a98a-0e5cd4740dcd,1,DEBIT,Low,2,0,idle,50.308272,0.0,50.308272
train,442336dc-4c7d-5168-a98a-0e5cd4740dcd,2,DEBIT,Low,6,0,normal,50.308272,0.0,50.308272
train,442336dc-4c7d-5168-a98a-0e5cd4740dcd,0,DEBIT,Medium,10,10,busy,40.36009,34.66355922686208,75.02364922686208
train,442336dc-4c7d-5168-a98a-0e5cd4740dcd,1,DEBIT,Medium,10,25,surge,40.36009,87.16313846999665,127.52322846999665
train,442336dc-4c7d-5168-a98a-0e5cd4740dcd,2,DEBIT,Medium,10,18,surge,40.36009,67.2968582119815,107.6569482119815
train,44aa37e4-dee0-5fab-801c-ad05c8679e55,0,CASH_IN,High,8,0,normal,21.58097,0.0,21.58097
train,44aa37e4-dee0-5fab-801c-ad05c8679e55,1,CASH_IN,High,8,0,normal,21.58097,0.0,21.58097
train,44aa37e4-dee0-5fab-801c-ad05c8679e55,2,CASH_IN,High,10,29,surge,21.58097,74.15470350601365,95.73567350601365
train,44aa37e4-dee0-5fab-801c-ad05c8679e55,0,CASH_IN,Low,5,0,normal,37.227346,0.0,37.227346
train,44aa37e4-dee0-5fab-801c-ad05c8679e55,1,CASH_IN,Low,10,10,busy,37.227346,38.6521176228544,75.87946362285439
train,44aa37e4-dee0-5fab-801c-ad05c8679e55,2,CASH_IN,Low,10,9,busy,37.227346,37.255215639654665,74.48256163965466
train,44aa37e4-dee0-5fab-801c-ad05c8679e55,0,CASH_IN,Medium,10,0,busy,30.289252,5.967739424624902,36.2569914246249
train,44aa37e4-dee0-5fab-801c-ad05c8679e55,1,CASH_IN,Medium,6,0,normal,30.289252,0.0,30.289252
train,44aa37e4-dee0-5fab-801c-ad05c8679e55,2,CASH_IN,Medium,5,0,normal,30.289252,0.0,30.289252
train,44c727c8-fda9-51d4-925d-38a407143a53,0,CASH_IN,High,1,0,idle,20.765608,0.0,20.765608
train,44c727c8-fda9-51d4-925d-38a407143a53,1,CASH_IN,High,10,4,busy,20.765608,12.144156319659002,32.909764319659004
train,44c727c8-fda9-51d4-925d-38a407143a53,2,CASH_IN,High,1,0,idle,20.765608,0.0,20.765608
train,44c727c8-fda9-51d4-925d-38a407143a53,0,CASH_IN,Low,10,21,surge,33.845659,110.11265163098375,143.95831063098376
train,44c727c8-fda9-51d4-925d-38a407143a53,1,CASH_IN,Low,10,1,busy,33.845659,4.577851367758629,38.423510367758624
train,44c727c8-fda9-51d4-925d-38a407143a53,2,CASH_IN,Low,9,0,normal,33.845659,0.0,33.845659
train,44c727c8-fda9-51d4-925d-38a407143a53,0,CASH_IN,Medium,5,0,normal,28.008293,0.0,28.008293
train,44c727c8-fda9-51d4-925d-38a407143a53,1,CASH_IN,Medium,10,4,busy,28.008293,14.360123939814072,42.36841693981407
train,44c727c8-fda9-51d4-925d-38a407143a53,2,CASH_IN,Medium,3,0,idle,28.008293,0.0,28.008293
train,44e31cfb-159e-583d-b08c-4765363b5223,0,CASH_IN,High,9,0,normal,21.432299,0.0,21.432299
train,44e31cfb-159e-583d-b08c-4765363b5223,1,CASH_IN,High,8,0,normal,21.432299,0.0,21.432299
train,44e31cfb-159e-583d-b08c-4765363b5223,2,CASH_IN,High,10,5,busy,21.432299,16.21319748105418,37.64549648105418
train,44e31cfb-159e-583d-b08c-4765363b5223,0,CASH_IN,Low,10,4,busy,35.224004,26.182875246947567,61.40687924694757
train,44e31cfb-159e-583d-b08c-4765363b5223,1,CASH_IN,Low,10,19,surge,35.224004,100.0471158960435,135.2711198960435
train,44e31cfb-159e-583d-b08c-4765363b5223,2,CASH_IN,Low,7,0,normal,35.224004,0.0,35.224004
train,44e31cfb-159e-583d-b08c-4765363b5223,0,CASH_IN,Medium,10,4,busy,29.765632,17.50570295154992,47.27133495154992
train,44e31cfb-159e-583d-b08c-4765363b5223,1,CASH_IN,Medium,7,0,normal,29.765632,0.0,29.765632
train,44e31cfb-159e-583d-b08c-4765363b5223,2,CASH_IN,Medium,10,9,busy,29.765632,31.73667039001556,61.50230239001556
train,44f656d8-f789-50ff-8192-036516dc5a30,0,CASH_OUT,High,1,0,idle,29.213336,0.0,29.213336
train,44f656d8-f789-50ff-8192-036516dc5a30,1,CASH_OUT,High,10,20,surge,29.213336,52.49861618203765,81.71195218203765
train,44f656d8-f789-50ff-8192-036516dc5a30,2,CASH_OUT,High,3,0,idle,29.213336,0.0,29.213336
train,44f656d8-f789-50ff-8192-036516dc5a30,0,CASH_OUT,Low,7,0,normal,48.200855,0.0,48.200855
train,44f656d8-f789-50ff-8192-036516dc5a30,1,CASH_OUT,Low,10,12,surge,48.200855,57.73156549734223,105.93242049734224
train,44f656d8-f789-50ff-8192-036516dc5a30,2,CASH_OUT,Low,2,0,idle,48.200855,0.0,48.200855
train,44f656d8-f789-50ff-8192-036516dc5a30,0,CASH_OUT,Medium,10,12,surge,35.571612,39.380946012918706,74.9525580129187
train,44f656d8-f789-50ff-8192-036516dc5a30,1,CASH_OUT,Medium,10,25,surge,35.571612,96.5500665458919,132.12167854589188
train,44f656d8-f789-50ff-8192-036516dc5a30,2,CASH_OUT,Medium,5,0,normal,35.571612,0.0,35.571612
train,450f03da-a2a1-5458-b553-207ac44a4375,0,CASH_OUT,High,10,23,surge,27.575682,63.57022441634753,91.14590641634753
train,450f03da-a2a1-5458-b553-207ac44a4375,1,CASH_OUT,High,10,3,busy,27.575682,8.347752446325293,35.923434446325295
train,450f03da-a2a1-5458-b553-207ac44a4375,2,CASH_OUT,High,10,11,surge,27.575682,34.489181710411984,62.064863710411984
train,450f03da-a2a1-5458-b553-207ac44a4375,0,CASH_OUT,Low,10,24,surge,46.937373,108.77238174891428,155.7097547489143
train,450f03da-a2a1-5458-b553-207ac44a4375,1,CASH_OUT,Low,8,0,normal,46.937373,0.0,46.937373
train,450f03da-a2a1-5458-b553-207ac44a4375,2,CASH_OUT,Low,6,0,normal,46.937373,0.0,46.937373
train,450f03da-a2a1-5458-b553-207ac44a4375,0,CASH_OUT,Medium,10,11,surge,36.950326,48.37997036867645,85.33029636867644
train,450f03da-a2a1-5458-b553-207ac44a4375,1,CASH_OUT,Medium,7,0,normal,36.950326,0.0,36.950326
train,450f03da-a2a1-5458-b553-207ac44a4375,2,CASH_OUT,Medium,6,0,normal,36.950326,0.0,36.950326
train,45119a3f-834f-5cef-9ecf-012b3023a199,0,PAYMENT,High,5,0,normal,23.870089,0.0,23.870089
train,45119a3f-834f-5cef-9ecf-012b3023a199,1,PAYMENT,High,6,0,normal,23.870089,0.0,23.870089
train,45119a3f-834f-5cef-9ecf-012b3023a199,2,PAYMENT,High,3,0,idle,23.870089,0.0,23.870089
train,45119a3f-834f-5cef-9ecf-012b3023a199,0,PAYMENT,Low,5,0,normal,39.8923,0.0,39.8923
train,45119a3f-834f-5cef-9ecf-012b3023a199,1,PAYMENT,Low,1,0,idle,39.8923,0.0,39.8923
train,45119a3f-834f-5cef-9ecf-012b3023a199,2,PAYMENT,Low,0,0,idle,39.8923,0.0,39.8923
train,45119a3f-834f-5cef-9ecf-012b3023a199,0,PAYMENT,Medium,7,0,normal,31.453237,0.0,31.453237
train,45119a3f-834f-5cef-9ecf-012b3023a199,1,PAYMENT,Medium,5,0,normal,31.453237,0.0,31.453237
train,45119a3f-834f-5cef-9ecf-012b3023a199,2,PAYMENT,Medium,10,10,busy,31.453237,53.28782389946163,84.74106089946163
train,451e25a7-5df0-5f51-84ce-104e5ebd748e,0,CASH_OUT,High,10,5,busy,28.268275,17.43759086402785,45.70586586402785
train,451e25a7-5df0-5f51-84ce-104e5ebd748e,1,CASH_OUT,High,0,0,idle,28.268275,0.0,28.268275
train,451e25a7-5df0-5f51-84ce-104e5ebd748e,2,CASH_OUT,High,10,3,busy,28.268275,8.276521475937374,36.544796475937375
train,451e25a7-5df0-5f51-84ce-104e5ebd748e,0,CASH_OUT,Low,3,0,idle,44.321165,0.0,44.321165
train,451e25a7-5df0-5f51-84ce-104e5ebd748e,1,CASH_OUT,Low,8,0,normal,44.321165,0.0,44.321165
train,451e25a7-5df0-5f51-84ce-104e5ebd748e,2,CASH_OUT,Low,10,2,busy,44.321165,9.678949454221202,54.000114454221205
train,451e25a7-5df0-5f51-84ce-104e5ebd748e,0,CASH_OUT,Medium,10,26,surge,36.647065,96.59759679497827,133.24466179497827
train,451e25a7-5df0-5f51-84ce-104e5ebd748e,1,CASH_OUT,Medium,9,0,normal,36.647065,0.0,36.647065
train,451e25a7-5df0-5f51-84ce-104e5ebd748e,2,CASH_OUT,Medium,10,5,busy,36.647065,7.709479600295267,44.356544600295265
train,454c7f5f-f609-5519-b553-2efa79e6672c,0,TRANSFER,High,7,0,normal,34.157823,0.0,34.157823
train,454c7f5f-f609-5519-b553-2efa79e6672c,1,TRANSFER,High,10,29,surge,34.157823,83.79705404174979,117.9548770417498
train,454c7f5f-f609-5519-b553-2efa79e6672c,2,TRANSFER,High,9,0,normal,34.157823,0.0,34.157823
train,454c7f5f-f609-5519-b553-2efa79e6672c,0,TRANSFER,Low,10,1,busy,56.512504,6.739004042326532,63.251508042326535
train,454c7f5f-f609-5519-b553-2efa79e6672c,1,TRANSFER,Low,7,0,normal,56.512504,0.0,56.512504
train,454c7f5f-f609-5519-b553-2efa79e6672c,2,TRANSFER,Low,10,24,surge,56.512504,110.54394370992154,167.05644770992154
train,454c7f5f-f609-5519-b553-2efa79e6672c,0,TRANSFER,Medium,6,0,normal,47.057003,0.0,47.057003
train,454c7f5f-f609-5519-b553-2efa79e6672c,1,TRANSFER,Medium,10,9,busy,47.057003,37.83619797812662,84.89320097812663
train,454c7f5f-f609-5519-b553-2efa79e6672c,2,TRANSFER,Medium,5,0,normal,47.057003,0.0,47.057003
train,459553f7-a663-56ab-a69e-2038ea7ec774,0,TRANSFER,High,5,0,normal,34.630278,0.0,34.630278
train,459553f7-a663-56ab-a69e-2038ea7ec774,1,TRANSFER,High,0,0,idle,34.630278,0.0,34.630278
train,459553f7-a663-56ab-a69e-2038ea7ec774,2,TRANSFER,High,3,0,idle,34.630278,0.0,34.630278
train,459553f7-a663-56ab-a69e-2038ea7ec774,0,TRANSFER,Low,8,0,normal,55.780333,0.0,55.780333
train,459553f7-a663-56ab-a69e-2038ea7ec774,1,TRANSFER,Low,10,7,busy,55.780333,29.272460782545107,85.05279378254511
train,459553f7-a663-56ab-a69e-2038ea7ec774,2,TRANSFER,Low,10,1,busy,55.780333,8.26356316599744,64.04389616599744
train,459553f7-a663-56ab-a69e-2038ea7ec774,0,TRANSFER,Medium,10,8,busy,44.187008,21.9231314378767,66.1101394378767
train,459553f7-a663-56ab-a69e-2038ea7ec774,1,TRANSFER,Medium,10,16,surge,44.187008,61.619486898972845,105.80649489897284
train,459553f7-a663-56ab-a69e-2038ea7ec774,2,TRANSFER,Medium,10,3,busy,44.187008,12.65125158188039,56.838259581880386
train,45adfa5c-351c-55d2-a06f-3455cba9c7cf,0,PAYMENT,High,7,0,normal,24.935474,0.0,24.935474
train,45adfa5c-351c-55d2-a06f-3455cba9c7cf,1,PAYMENT,High,4,0,idle,24.935474,0.0,24.935474
train,45adfa5c-351c-55d2-a06f-3455cba9c7cf,2,PAYMENT,High,10,0,busy,24.935474,2.8823577845432924,27.81783178454329
train,45adfa5c-351c-55d2-a06f-3455cba9c7cf,0,PAYMENT,Low,9,0,normal,39.93048,0.0,39.93048
train,45adfa5c-351c-55d2-a06f-3455cba9c7cf,1,PAYMENT,Low,8,0,normal,39.93048,0.0,39.93048
train,45adfa5c-351c-55d2-a06f-3455cba9c7cf,2,PAYMENT,Low,10,9,busy,39.93048,45.99320396707491,85.92368396707491
train,45adfa5c-351c-55d2-a06f-3455cba9c7cf,0,PAYMENT,Medium,10,7,busy,30.786524,20.62533122129613,51.41185522129613
train,45adfa5c-351c-55d2-a06f-3455cba9c7cf,1,PAYMENT,Medium,8,0,normal,30.786524,0.0,30.786524
train,45adfa5c-351c-55d2-a06f-3455cba9c7cf,2,PAYMENT,Medium,7,0,normal,30.786524,0.0,30.786524
train,45e3c8a3-d110-5da0-b421-392b0c2e5a4f,0,PAYMENT,High,10,5,busy,23.980321,20.330942812765887,44.31126381276589
train,45e3c8a3-d110-5da0-b421-392b0c2e5a4f,1,PAYMENT,High,4,0,idle,23.980321,0.0,23.980321
train,45e3c8a3-d110-5da0-b421-392b0c2e5a4f,2,PAYMENT,High,10,1,busy,23.980321,3.8036404776018293,27.783961477601828
train,45e3c8a3-d110-5da0-b421-392b0c2e5a4f,0,PAYMENT,Low,10,17,surge,40.312624,85.23857664843152,125.55120064843152
train,45e3c8a3-d110-5da0-b421-392b0c2e5a4f,1,PAYMENT,Low,3,0,idle,40.312624,0.0,40.312624
train,45e3c8a3-d110-5da0-b421-392b0c2e5a4f,2,PAYMENT,Low,10,9,busy,40.312624,42.36738838455575,82.68001238455575
train,45e3c8a3-d110-5da0-b421-392b0c2e5a4f,0,PAYMENT,Medium,5,0,normal,31.17688,0.0,31.17688
train,45e3c8a3-d110-5da0-b421-392b0c2e5a4f,1,PAYMENT,Medium,10,3,busy,31.17688,4.928071758663807,36.10495175866381
train,45e3c8a3-d110-5da0-b421-392b0c2e5a4f,2,PAYMENT,Medium,10,8,busy,31.17688,33.58163921579938,64.75851921579938
train,45ee67e0-eb16-5ac6-9671-12732fd17f5a,0,PAYMENT,High,10,2,busy,23.88221,6.02314404950666,29.905354049506663
train,45ee67e0-eb16-5ac6-9671-12732fd17f5a,1,PAYMENT,High,10,9,busy,23.88221,28.950244713605297,52.8324547136053
train,45ee67e0-eb16-5ac6-9671-12732fd17f5a,2,PAYMENT,High,1,0,idle,23.88221,0.0,23.88221
train,45ee67e0-eb16-5ac6-9671-12732fd17f5a,0,PAYMENT,Low,8,0,normal,39.860556,0.0,39.860556
train,45ee67e0-eb16-5ac6-9671-12732fd17f5a,1,PAYMENT,Low,8,0,normal,39.860556,0.0,39.860556
train,45ee67e0-eb16-5ac6-9671-12732fd17f5a,2,PAYMENT,Low,10,0,busy,39.860556,2.9526271086315266,42.81318310863153
train,45ee67e0-eb16-5ac6-9671-12732fd17f5a,0,PAYMENT,Medium,6,0,normal,31.221031,0.0,31.221031
train,45ee67e0-eb16-5ac6-9671-12732fd17f5a,1,PAYMENT,Medium,10,10,busy,31.221031,36.00820346445201,67.229234464452
train,45ee67e0-eb16-5ac6-9671-12732fd17f5a,2,PAYMENT,Medium,10,9,busy,31.221031,40.966661189541405,72.18769218954141
train,464f9282-542b-511e-8c76-bf3cabfe4fcd,0,CASH_IN,High,0,0,idle,20.815649,0.0,20.815649
train,464f9282-542b-511e-8c76-bf3cabfe4fcd,1,CASH_IN,High,10,25,surge,20.815649,65.03150771987285,85.84715671987286
train,464f9282-542b-511e-8c76-bf3cabfe4fcd,2,CASH_IN,High,6,0,normal,20.815649,0.0,20.815649
train,464f9282-542b-511e-8c76-bf3cabfe4fcd,0,CASH_IN,Low,7,0,normal,37.632931,0.0,37.632931
train,464f9282-542b-511e-8c76-bf3cabfe4fcd,1,CASH_IN,Low,6,0,normal,37.632931,0.0,37.632931
train,464f9282-542b-511e-8c76-bf3cabfe4fcd,2,CASH_IN,Low,10,18,surge,37.632931,78.34752097273534,115.98045197273534
train,464f9282-542b-511e-8c76-bf3cabfe4fcd,0,CASH_IN,Medium,2,0,idle,29.994662,0.0,29.994662
train,464f9282-542b-511e-8c76-bf3cabfe4fcd,1,CASH_IN,Medium,10,3,busy,29.994662,8.632403137723811,38.62706513772381
train,464f9282-542b-511e-8c76-bf3cabfe4fcd,2,CASH_IN,Medium,10,6,busy,29.994662,24.374572268393877,54.36923426839388
train,4657cfb6-f0e3-5e55-826a-0ed9c60011ed,0,CASH_OUT,High,7,0,normal,27.733548,0.0,27.733548
train,4657cfb6-f0e3-5e55-826a-0ed9c60011ed,1,CASH_OUT,High,10,8,busy,27.733548,23.874565976960778,51.60811397696078
train,4657cfb6-f0e3-5e55-826a-0ed9c60011ed,2,CASH_OUT,High,6,0,normal,27.733548,0.0,27.733548
train,4657cfb6-f0e3-5e55-826a-0ed9c60011ed,0,CASH_OUT,Low,10,7,busy,48.251661,32.49239029933488,80.74405129933487
train,4657cfb6-f0e3-5e55-826a-0ed9c60011ed,1,CASH_OUT,Low,6,0,normal,48.251661,0.0,48.251661
train,4657cfb6-f0e3-5e55-826a-0ed9c60011ed,2,CASH_OUT,Low,10,14,surge,48.251661,70.26924809679097,118.52090909679097
train,4657cfb6-f0e3-5e55-826a-0ed9c60011ed,0,CASH_OUT,Medium,7,0,normal,36.992168,0.0,36.992168
train,4657cfb6-f0e3-5e55-826a-0ed9c60011ed,1,CASH_OUT,Medium,10,30,surge,36.992168,116.24026113230599,153.23242913230598
train,4657cfb6-f0e3-5e55-826a-0ed9c60011ed,2,CASH_OUT,Medium,9,0,normal,36.992168,0.0,36.992168
train,465943f9-b405-5f0f-bab1-3dd89a9e3adb,0,DEBIT,High,10,10,busy,32.758157,32.159464256412484,64.91762125641247
train,465943f9-b405-5f0f-bab1-3dd89a9e3adb,1,DEBIT,High,0,0,idle,32.758157,0.0,32.758157
train,465943f9-b405-5f0f-bab1-3dd89a9e3adb,2,DEBIT,High,7,0,normal,32.758157,0.0,32.758157
train,465943f9-b405-5f0f-bab1-3dd89a9e3adb,0,DEBIT,Low,7,0,normal,54.010164,0.0,54.010164
train,465943f9-b405-5f0f-bab1-3dd89a9e3adb,1,DEBIT,Low,9,0,normal,54.010164,0.0,54.010164
train,465943f9-b405-5f0f-bab1-3dd89a9e3adb,2,DEBIT,Low,10,0,busy,54.010164,2.3924145861600334,56.40257858616004
train,465943f9-b405-5f0f-bab1-3dd89a9e3adb,0,DEBIT,Medium,6,0,normal,41.745217,0.0,41.745217
train,465943f9-b405-5f0f-bab1-3dd89a9e3adb,1,DEBIT,Medium,10,20,surge,41.745217,69.95462715076803,111.69984415076803
train,465943f9-b405-5f0f-bab1-3dd89a9e3adb,2,DEBIT,Medium,3,0,idle,41.745217,0.0,41.745217
train,46a1d0ac-b37c-5c1a-bdf4-cbdfa55a5393,0,CASH_OUT,High,7,0,normal,27.589517,0.0,27.589517
train,46a1d0ac-b37c-5c1a-bdf4-cbdfa55a5393,1,CASH_OUT,High,7,0,normal,27.589517,0.0,27.589517
train,46a1d0ac-b37c-5c1a-bdf4-cbdfa55a5393,2,CASH_OUT,High,10,15,surge,27.589517,41.43893524941639,69.02845224941639
train,46a1d0ac-b37c-5c1a-bdf4-cbdfa55a5393,0,CASH_OUT,Low,4,0,idle,46.003699,0.0,46.003699
train,46a1d0ac-b37c-5c1a-bdf4-cbdfa55a5393,1,CASH_OUT,Low,9,0,normal,46.003699,0.0,46.003699
train,46a1d0ac-b37c-5c1a-bdf4-cbdfa55a5393,2,CASH_OUT,Low,7,0,normal,46.003699,0.0,46.003699
train,46a1d0ac-b37c-5c1a-bdf4-cbdfa55a5393,0,CASH_OUT,Medium,8,0,normal,40.309165,0.0,40.309165
train,46a1d0ac-b37c-5c1a-bdf4-cbdfa55a5393,1,CASH_OUT,Medium,10,29,surge,40.309165,94.18375513193791,134.49292013193792
train,46a1d0ac-b37c-5c1a-bdf4-cbdfa55a5393,2,CASH_OUT,Medium,10,28,surge,40.309165,107.51303016695913,147.82219516695912
train,475a5a50-0621-58d2-818a-c08da3d9e3bd,0,CASH_IN,High,10,9,busy,21.566,25.838920513320687,47.40492051332069
train,475a5a50-0621-58d2-818a-c08da3d9e3bd,1,CASH_IN,High,10,28,surge,21.566,85.42526131531814,106.99126131531814
train,475a5a50-0621-58d2-818a-c08da3d9e3bd,2,CASH_IN,High,9,0,normal,21.566,0.0,21.566
train,475a5a50-0621-58d2-818a-c08da3d9e3bd,0,CASH_IN,Low,3,0,idle,33.831258,0.0,33.831258
train,475a5a50-0621-58d2-818a-c08da3d9e3bd,1,CASH_IN,Low,10,30,surge,33.831258,139.78513950716012,173.61639750716012
train,475a5a50-0621-58d2-818a-c08da3d9e3bd,2,CASH_IN,Low,5,0,normal,33.831258,0.0,33.831258
train,475a5a50-0621-58d2-818a-c08da3d9e3bd,0,CASH_IN,Medium,7,0,normal,25.991691,0.0,25.991691
train,475a5a50-0621-58d2-818a-c08da3d9e3bd,1,CASH_IN,Medium,10,6,busy,25.991691,24.300078411664863,50.29176941166486
train,475a5a50-0621-58d2-818a-c08da3d9e3bd,2,CASH_IN,Medium,7,0,normal,25.991691,0.0,25.991691
train,47cee5b5-0f9a-5559-853d-91b51f88e7c1,0,PAYMENT,High,2,0,idle,25.984899,0.0,25.984899
train,47cee5b5-0f9a-5559-853d-91b51f88e7c1,1,PAYMENT,High,5,0,normal,25.984899,0.0,25.984899
train,47cee5b5-0f9a-5559-853d-91b51f88e7c1,2,PAYMENT,High,9,0,normal,25.984899,0.0,25.984899
train,47cee5b5-0f9a-5559-853d-91b51f88e7c1,0,PAYMENT,Low,10,10,busy,39.832286,59.92257901275036,99.75486501275037
train,47cee5b5-0f9a-5559-853d-91b51f88e7c1,1,PAYMENT,Low,0,0,idle,39.832286,0.0,39.832286
train,47cee5b5-0f9a-5559-853d-91b51f88e7c1,2,PAYMENT,Low,7,0,normal,39.832286,0.0,39.832286
train,47cee5b5-0f9a-5559-853d-91b51f88e7c1,0,PAYMENT,Medium,10,10,busy,32.206592,44.10113110345392,76.30772310345392
train,47cee5b5-0f9a-5559-853d-91b51f88e7c1,1,PAYMENT,Medium,10,3,busy,32.206592,13.742578556294779,45.94917055629478
train,47cee5b5-0f9a-5559-853d-91b51f88e7c1,2,PAYMENT,Medium,10,13,surge,32.206592,45.84617593228866,78.05276793228866
train,47db0cd4-c767-54e2-abfa-82abfef09f8c,0,CASH_IN,High,10,6,busy,21.601116,17.825586041186156,39.42670204118616
train,47db0cd4-c767-54e2-abfa-82abfef09f8c,1,CASH_IN,High,9,0,normal,21.601116,0.0,21.601116
train,47db0cd4-c767-54e2-abfa-82abfef09f8c,2,CASH_IN,High,2,0,idle,21.601116,0.0,21.601116
train,47db0cd4-c767-54e2-abfa-82abfef09f8c,0,CASH_IN,Low,9,0,normal,34.251453,0.0,34.251453
train,47db0cd4-c767-54e2-abfa-82abfef09f8c,1,CASH_IN,Low,10,27,surge,34.251453,130.6789977509874,164.9304507509874
train,47db0cd4-c767-54e2-abfa-82abfef09f8c,2,CASH_IN,Low,7,0,normal,34.251453,0.0,34.251453
train,47db0cd4-c767-54e2-abfa-82abfef09f8c,0,CASH_IN,Medium,8,0,normal,26.146769,0.0,26.146769
train,47db0cd4-c767-54e2-abfa-82abfef09f8c,1,CASH_IN,Medium,1,0,idle,26.146769,0.0,26.146769
train,47db0cd4-c767-54e2-abfa-82abfef09f8c,2,CASH_IN,Medium,0,0,idle,26.146769,0.0,26.146769
train,47e9e27b-4a99-5ecb-af0f-eabb7d128a52,0,CASH_OUT,High,6,0,normal,29.853109,0.0,29.853109
train,47e9e27b-4a99-5ecb-af0f-eabb7d128a52,1,CASH_OUT,High,10,1,busy,29.853109,8.321411961419647,38.174520961419645
train,47e9e27b-4a99-5ecb-af0f-eabb7d128a52,2,CASH_OUT,High,1,0,idle,29.853109,0.0,29.853109
train,47e9e27b-4a99-5ecb-af0f-eabb7d128a52,0,CASH_OUT,Low,8,0,normal,46.072568,0.0,46.072568
train,47e9e27b-4a99-5ecb-af0f-eabb7d128a52,1,CASH_OUT,Low,7,0,normal,46.072568,0.0,46.072568
train,47e9e27b-4a99-5ecb-af0f-eabb7d128a52,2,CASH_OUT,Low,10,10,busy,46.072568,41.85797276906401,87.93054076906401
train,47e9e27b-4a99-5ecb-af0f-eabb7d128a52,0,CASH_OUT,Medium,10,21,surge,35.539029,70.85793987035414,106.39696887035414
train,47e9e27b-4a99-5ecb-af0f-eabb7d128a52,1,CASH_OUT,Medium,4,0,idle,35.539029,0.0,35.539029
train,47e9e27b-4a99-5ecb-af0f-eabb7d128a52,2,CASH_OUT,Medium,7,0,normal,35.539029,0.0,35.539029
train,4803e211-29c2-5222-b550-2af225cff654,0,CASH_OUT,High,10,2,busy,31.131463,11.074377674097022,42.20584067409702
train,4803e211-29c2-5222-b550-2af225cff654,1,CASH_OUT,High,9,0,normal,31.131463,0.0,31.131463
train,4803e211-29c2-5222-b550-2af225cff654,2,CASH_OUT,High,5,0,normal,31.131463,0.0,31.131463
train,4803e211-29c2-5222-b550-2af225cff654,0,CASH_OUT,Low,10,8,busy,46.551437,31.901195263401018,78.45263226340101
train,4803e211-29c2-5222-b550-2af225cff654,1,CASH_OUT,Low,10,8,busy,46.551437,23.197413258145996,69.74885025814599
train,4803e211-29c2-5222-b550-2af225cff654,2,CASH_OUT,Low,3,0,idle,46.551437,0.0,46.551437
train,4803e211-29c2-5222-b550-2af225cff654,0,CASH_OUT,Medium,10,6,busy,37.187373,9.871866367774741,47.059239367774744
train,4803e211-29c2-5222-b550-2af225cff654,1,CASH_OUT,Medium,4,0,idle,37.187373,0.0,37.187373
train,4803e211-29c2-5222-b550-2af225cff654,2,CASH_OUT,Medium,9,0,normal,37.187373,0.0,37.187373
train,482789ca-6ae9-5dfd-8ab2-57b07e87dd11,0,PAYMENT,High,6,0,normal,26.006824,0.0,26.006824
train,482789ca-6ae9-5dfd-8ab2-57b07e87dd11,1,PAYMENT,High,10,28,surge,26.006824,84.43309439263717,110.43991839263717
train,482789ca-6ae9-5dfd-8ab2-57b07e87dd11,2,PAYMENT,High,10,25,surge,26.006824,68.8029433455157,94.8097673455157
train,482789ca-6ae9-5dfd-8ab2-57b07e87dd11,0,PAYMENT,Low,10,21,surge,39.979053,102.09895544440722,142.07800844440723
train,482789ca-6ae9-5dfd-8ab2-57b07e87dd11,1,PAYMENT,Low,10,0,busy,39.979053,5.6900648355737395,45.66911783557374
train,482789ca-6ae9-5dfd-8ab2-57b07e87dd11,2,PAYMENT,Low,10,8,busy,39.979053,46.30101531884832,86.28006831884832
train,482789ca-6ae9-5dfd-8ab2-57b07e87dd11,0,PAYMENT,Medium,4,0,idle,31.193053,0.0,31.193053
train,482789ca-6ae9-5dfd-8ab2-57b07e87dd11,1,PAYMENT,Medium,10,0,busy,31.193053,1.6491264647780466,32.84217946477805
train,482789ca-6ae9-5dfd-8ab2-57b07e87dd11,2,PAYMENT,Medium,10,9,busy,31.193053,32.62451415008349,63.81756715008349
train,48b6e754-652e-540d-b04e-77eafe782cf8,0,TRANSFER,High,10,12,surge,37.8692,36.91025197084521,74.7794519708452
train,48b6e754-652e-540d-b04e-77eafe782cf8,1,TRANSFER,High,10,11,surge,37.8692,39.21295372081432,77.08215372081432
train,48b6e754-652e-540d-b04e-77eafe782cf8,2,TRANSFER,High,1,0,idle,37.8692,0.0,37.8692
train,48b6e754-652e-540d-b04e-77eafe782cf8,0,TRANSFER,Low,10,19,surge,58.109015,82.96798251587603,141.07699751587603
train,48b6e754-652e-540d-b04e-77eafe782cf8,1,TRANSFER,Low,5,0,normal,58.109015,0.0,58.109015
train,48b6e754-652e-540d-b04e-77eafe782cf8,2,TRANSFER,Low,10,29,surge,58.109015,129.4987201750422,187.6077351750422
train,48b6e754-652e-540d-b04e-77eafe782cf8,0,TRANSFER,Medium,5,0,normal,46.161472,0.0,46.161472
train,48b6e754-652e-540d-b04e-77eafe782cf8,1,TRANSFER,Medium,7,0,normal,46.161472,0.0,46.161472
train,48b6e754-652e-540d-b04e-77eafe782cf8,2,TRANSFER,Medium,8,0,normal,46.161472,0.0,46.161472
train,48fd5036-9096-5791-9306-d6470463627b,0,DEBIT,High,5,0,normal,30.594544,0.0,30.594544
train,48fd5036-9096-5791-9306-d6470463627b,1,DEBIT,High,7,0,normal,30.594544,0.0,30.594544
train,48fd5036-9096-5791-9306-d6470463627b,2,DEBIT,High,10,30,surge,30.594544,86.04948839467377,116.64403239467377
train,48fd5036-9096-5791-9306-d6470463627b,0,DEBIT,Low,5,0,normal,52.855434,0.0,52.855434
train,48fd5036-9096-5791-9306-d6470463627b,1,DEBIT,Low,0,0,idle,52.855434,0.0,52.855434
train,48fd5036-9096-5791-9306-d6470463627b,2,DEBIT,Low,0,0,idle,52.855434,0.0,52.855434
train,48fd5036-9096-5791-9306-d6470463627b,0,DEBIT,Medium,10,3,busy,40.506636,11.310555090224769,51.81719109022477
train,48fd5036-9096-5791-9306-d6470463627b,1,DEBIT,Medium,9,0,normal,40.506636,0.0,40.506636
train,48fd5036-9096-5791-9306-d6470463627b,2,DEBIT,Medium,4,0,idle,40.506636,0.0,40.506636
train,4917b270-f264-5b3c-bc94-805958881348,0,TRANSFER,High,8,0,normal,34.675673,0.0,34.675673
train,4917b270-f264-5b3c-bc94-805958881348,1,TRANSFER,High,10,24,surge,34.675673,68.67454083225616,103.35021383225616
train,4917b270-f264-5b3c-bc94-805958881348,2,TRANSFER,High,3,0,idle,34.675673,0.0,34.675673
train,4917b270-f264-5b3c-bc94-805958881348,0,TRANSFER,Low,10,10,busy,59.884133,51.1647061026658,111.0488391026658
train,4917b270-f264-5b3c-bc94-805958881348,1,TRANSFER,Low,10,7,busy,59.884133,39.28940887409631,99.17354187409632
train,4917b270-f264-5b3c-bc94-805958881348,2,TRANSFER,Low,10,7,busy,59.884133,37.81806626500924,97.70219926500924
train,4917b270-f264-5b3c-bc94-805958881348,0,TRANSFER,Medium,10,6,busy,47.438851,30.36399902776161,77.80285002776161
train,4917b270-f264-5b3c-bc94-805958881348,1,TRANSFER,Medium,10,10,busy,47.438851,31.659664697565756,79.09851569756576
train,4917b270-f264-5b3c-bc94-805958881348,2,TRANSFER,Medium,3,0,idle,47.438851,0.0,47.438851
train,49410abc-a6ad-5655-abb7-bfae8ae98437,0,PAYMENT,High,10,1,busy,25.167318,3.09009937661335,28.25741737661335
train,49410abc-a6ad-5655-abb7-bfae8ae98437,1,PAYMENT,High,10,5,busy,25.167318,18.06920530282398,43.23652330282398
train,49410abc-a6ad-5655-abb7-bfae8ae98437,2,PAYMENT,High,9,0,normal,25.167318,0.0,25.167318
train,49410abc-a6ad-5655-abb7-bfae8ae98437,0,PAYMENT,Low,5,0,normal,39.865899,0.0,39.865899
train,49410abc-a6ad-5655-abb7-bfae8ae98437,1,PAYMENT,Low,3,0,idle,39.865899,0.0,39.865899
train,49410abc-a6ad-5655-abb7-bfae8ae98437,2,PAYMENT,Low,10,7,busy,39.865899,38.29512994296407,78.16102894296407
train,49410abc-a6ad-5655-abb7-bfae8ae98437,0,PAYMENT,Medium,0,0,idle,32.336189,0.0,32.336189
train,49410abc-a6ad-5655-abb7-bfae8ae98437,1,PAYMENT,Medium,7,0,normal,32.336189,0.0,32.336189
train,49410abc-a6ad-5655-abb7-bfae8ae98437,2,PAYMENT,Medium,2,0,idle,32.336189,0.0,32.336189
train,49449617-6ceb-5927-9d23-7ee69e1b3a73,0,CASH_IN,High,10,5,busy,21.507951,7.675849318301199,29.1838003183012
train,49449617-6ceb-5927-9d23-7ee69e1b3a73,1,CASH_IN,High,10,0,busy,21.507951,7.188607482680033,28.696558482680032
train,49449617-6ceb-5927-9d23-7ee69e1b3a73,2,CASH_IN,High,10,0,busy,21.507951,1.93935951661796,23.447310516617957
train,49449617-6ceb-5927-9d23-7ee69e1b3a73,0,CASH_IN,Low,8,0,normal,33.887512,0.0,33.887512
train,49449617-6ceb-5927-9d23-7ee69e1b3a73,1,CASH_IN,Low,10,30,surge,33.887512,146.31562292284133,180.20313492284134
train,49449617-6ceb-5927-9d23-7ee69e1b3a73,2,CASH_IN,Low,10,9,busy,33.887512,37.70253344661248,71.59004544661248
train,49449617-6ceb-5927-9d23-7ee69e1b3a73,0,CASH_IN,Medium,5,0,normal,26.838734,0.0,26.838734
train,49449617-6ceb-5927-9d23-7ee69e1b3a73,1,CASH_IN,Medium,10,5,busy,26.838734,28.584326680216396,55.423060680216395
train,49449617-6ceb-5927-9d23-7ee69e1b3a73,2,CASH_IN,Medium,10,9,busy,26.838734,33.60761016065288,60.446344160652885
train,4a499576-8c25-560c-8d4f-8c3d4ad38cd4,0,PAYMENT,High,7,0,normal,23.973822,0.0,23.973822
train,4a499576-8c25-560c-8d4f-8c3d4ad38cd4,1,PAYMENT,High,8,0,normal,23.973822,0.0,23.973822
train,4a499576-8c25-560c-8d4f-8c3d4ad38cd4,2,PAYMENT,High,4,0,idle,23.973822,0.0,23.973822
train,4a499576-8c25-560c-8d4f-8c3d4ad38cd4,0,PAYMENT,Low,10,0,busy,39.117433,11.661746399723699,50.779179399723695
train,4a499576-8c25-560c-8d4f-8c3d4ad38cd4,1,PAYMENT,Low,10,25,surge,39.117433,130.25030634203313,169.36773934203313
train,4a499576-8c25-560c-8d4f-8c3d4ad38cd4,2,PAYMENT,Low,10,1,busy,39.117433,12.511699475003514,51.629132475003516
train,4a499576-8c25-560c-8d4f-8c3d4ad38cd4,0,PAYMENT,Medium,2,0,idle,31.184642,0.0,31.184642
train,4a499576-8c25-560c-8d4f-8c3d4ad38cd4,1,PAYMENT,Medium,2,0,idle,31.184642,0.0,31.184642
train,4a499576-8c25-560c-8d4f-8c3d4ad38cd4,2,PAYMENT,Medium,8,0,normal,31.184642,0.0,31.184642
train,4a4dcb91-10af-5c4a-9af7-6655ec54a4c0,0,CASH_OUT,High,5,0,normal,27.717677,0.0,27.717677
train,4a4dcb91-10af-5c4a-9af7-6655ec54a4c0,1,CASH_OUT,High,4,0,idle,27.717677,0.0,27.717677
train,4a4dcb91-10af-5c4a-9af7-6655ec54a4c0,2,CASH_OUT,High,10,23,surge,27.717677,67.63812116004596,95.35579816004595
train,4a4dcb91-10af-5c4a-9af7-6655ec54a4c0,0,CASH_OUT,Low,5,0,normal,47.530373,0.0,47.530373
train,4a4dcb91-10af-5c4a-9af7-6655ec54a4c0,1,CASH_OUT,Low,7,0,normal,47.530373,0.0,47.530373
train,4a4dcb91-10af-5c4a-9af7-6655ec54a4c0,2,CASH_OUT,Low,3,0,idle,47.530373,0.0,47.530373
train,4a4dcb91-10af-5c4a-9af7-6655ec54a4c0,0,CASH_OUT,Medium,4,0,idle,37.099669,0.0,37.099669
train,4a4dcb91-10af-5c4a-9af7-6655ec54a4c0,1,CASH_OUT,Medium,10,5,busy,37.099669,14.04012602291122,51.139795022911215
train,4a4dcb91-10af-5c4a-9af7-6655ec54a4c0,2,CASH_OUT,Medium,6,0,normal,37.099669,0.0,37.099669
train,4b238cf0-8b0d-5c34-a7f5-69ed6e692610,0,CASH_IN,High,10,23,surge,22.36787,66.84208715677026,89.20995715677026
train,4b238cf0-8b0d-5c34-a7f5-69ed6e692610,1,CASH_IN,High,6,0,normal,22.36787,0.0,22.36787
train,4b238cf0-8b0d-5c34-a7f5-69ed6e692610,2,CASH_IN,High,7,0,normal,22.36787,0.0,22.36787
train,4b238cf0-8b0d-5c34-a7f5-69ed6e692610,0,CASH_IN,Low,5,0,normal,29.753403,0.0,29.753403
train,4b238cf0-8b0d-5c34-a7f5-69ed6e692610,1,CASH_IN,Low,3,0,idle,29.753403,0.0,29.753403
train,4b238cf0-8b0d-5c34-a7f5-69ed6e692610,2,CASH_IN,Low,8,0,normal,29.753403,0.0,29.753403
train,4b238cf0-8b0d-5c34-a7f5-69ed6e692610,0,CASH_IN,Medium,0,0,idle,26.655264,0.0,26.655264
train,4b238cf0-8b0d-5c34-a7f5-69ed6e692610,1,CASH_IN,Medium,7,0,normal,26.655264,0.0,26.655264
train,4b238cf0-8b0d-5c34-a7f5-69ed6e692610,2,CASH_IN,Medium,8,0,normal,26.655264,0.0,26.655264
train,4b353f08-e1df-59e5-b887-ac5043fe116e,0,PAYMENT,High,10,30,surge,24.031188,85.16978393114557,109.20097193114557
train,4b353f08-e1df-59e5-b887-ac5043fe116e,1,PAYMENT,High,10,6,busy,24.031188,17.16016309870794,41.19135109870794
train,4b353f08-e1df-59e5-b887-ac5043fe116e,2,PAYMENT,High,4,0,idle,24.031188,0.0,24.031188
train,4b353f08-e1df-59e5-b887-ac5043fe116e,0,PAYMENT,Low,9,0,normal,39.172899,0.0,39.172899
train,4b353f08-e1df-59e5-b887-ac5043fe116e,1,PAYMENT,Low,10,0,busy,39.172899,2.090263677964375,41.263162677964374
train,4b353f08-e1df-59e5-b887-ac5043fe116e,2,PAYMENT,Low,10,4,busy,39.172899,23.03794330509124,62.21084230509124
train,4b353f08-e1df-59e5-b887-ac5043fe116e,0,PAYMENT,Medium,9,0,normal,31.351865,0.0,31.351865
train,4b353f08-e1df-59e5-b887-ac5043fe116e,1,PAYMENT,Medium,4,0,idle,31.351865,0.0,31.351865
train,4b353f08-e1df-59e5-b887-ac5043fe116e,2,PAYMENT,Medium,5,0,normal,31.351865,0.0,31.351865
train,4c046df8-09f8-510d-92d1-414ed259c5b4,0,TRANSFER,High,6,0,normal,34.665781,0.0,34.665781
train,4c046df8-09f8-510d-92d1-414ed259c5b4,1,TRANSFER,High,10,9,busy,34.665781,23.07118587256795,57.73696687256795
train,4c046df8-09f8-510d-92d1-414ed259c5b4,2,TRANSFER,High,10,3,busy,34.665781,11.619232865002882,46.28501386500288
train,4c046df8-09f8-510d-92d1-414ed259c5b4,0,TRANSFER,Low,9,0,normal,55.912696,0.0,55.912696
train,4c046df8-09f8-510d-92d1-414ed259c5b4,1,TRANSFER,Low,5,0,normal,55.912696,0.0,55.912696
train,4c046df8-09f8-510d-92d1-414ed259c5b4,2,TRANSFER,Low,7,0,normal,55.912696,0.0,55.912696
train,4c046df8-09f8-510d-92d1-414ed259c5b4,0,TRANSFER,Medium,10,5,busy,46.112796,17.041204184056873,63.154000184056876
train,4c046df8-09f8-510d-92d1-414ed259c5b4,1,TRANSFER,Medium,10,0,busy,46.112796,8.567469691347645,54.68026569134765
train,4c046df8-09f8-510d-92d1-414ed259c5b4,2,TRANSFER,Medium,1,0,idle,46.112796,0.0,46.112796
train,4c1b68a2-df2c-5e23-899f-135ec5d4047d,0,DEBIT,High,10,7,busy,31.157977,14.21594076091105,45.37391776091105
train,4c1b68a2-df2c-5e23-899f-135ec5d4047d,1,DEBIT,High,9,0,normal,31.157977,0.0,31.157977
train,4c1b68a2-df2c-5e23-899f-135ec5d4047d,2,DEBIT,High,10,21,surge,31.157977,62.96069336945858,94.11867036945858
train,4c1b68a2-df2c-5e23-899f-135ec5d4047d,0,DEBIT,Low,10,4,busy,51.075007,19.096643047935984,70.17165004793598
train,4c1b68a2-df2c-5e23-899f-135ec5d4047d,1,DEBIT,Low,8,0,normal,51.075007,0.0,51.075007
train,4c1b68a2-df2c-5e23-899f-135ec5d4047d,2,DEBIT,Low,10,22,surge,51.075007,111.99385129645208,163.06885829645208
train,4c1b68a2-df2c-5e23-899f-135ec5d4047d,0,DEBIT,Medium,3,0,idle,40.446393,0.0,40.446393
train,4c1b68a2-df2c-5e23-899f-135ec5d4047d,1,DEBIT,Medium,5,0,normal,40.446393,0.0,40.446393
train,4c1b68a2-df2c-5e23-899f-135ec5d4047d,2,DEBIT,Medium,2,0,idle,40.446393,0.0,40.446393
train,4c1df3f4-29a3-547d-a408-8222c6d90501,0,PAYMENT,High,7,0,normal,23.906336,0.0,23.906336
train,4c1df3f4-29a3-547d-a408-8222c6d90501,1,PAYMENT,High,0,0,idle,23.906336,0.0,23.906336
train,4c1df3f4-29a3-547d-a408-8222c6d90501,2,PAYMENT,High,4,0,idle,23.906336,0.0,23.906336
train,4c1df3f4-29a3-547d-a408-8222c6d90501,0,PAYMENT,Low,2,0,idle,38.929795,0.0,38.929795
train,4c1df3f4-29a3-547d-a408-8222c6d90501,1,PAYMENT,Low,6,0,normal,38.929795,0.0,38.929795
train,4c1df3f4-29a3-547d-a408-8222c6d90501,2,PAYMENT,Low,10,10,busy,38.929795,60.89436734076097,99.82416234076098
train,4c1df3f4-29a3-547d-a408-8222c6d90501,0,PAYMENT,Medium,10,9,busy,31.980066,30.777691235424257,62.75775723542426
train,4c1df3f4-29a3-547d-a408-8222c6d90501,1,PAYMENT,Medium,10,22,surge,31.980066,78.30403110977255,110.28409710977255
train,4c1df3f4-29a3-547d-a408-8222c6d90501,2,PAYMENT,Medium,4,0,idle,31.980066,0.0,31.980066
train,4e076bd8-c0dc-57f1-93c4-269e95a4cb8d,0,CASH_OUT,High,9,0,normal,27.439293,0.0,27.439293
train,4e076bd8-c0dc-57f1-93c4-269e95a4cb8d,1,CASH_OUT,High,9,0,normal,27.439293,0.0,27.439293
train,4e076bd8-c0dc-57f1-93c4-269e95a4cb8d,2,CASH_OUT,High,9,0,normal,27.439293,0.0,27.439293
train,4e076bd8-c0dc-57f1-93c4-269e95a4cb8d,0,CASH_OUT,Low,8,0,normal,43.195942,0.0,43.195942
train,4e076bd8-c0dc-57f1-93c4-269e95a4cb8d,1,CASH_OUT,Low,8,0,normal,43.195942,0.0,43.195942
train,4e076bd8-c0dc-57f1-93c4-269e95a4cb8d,2,CASH_OUT,Low,10,25,surge,43.195942,124.87554860347205,168.07149060347206
train,4e076bd8-c0dc-57f1-93c4-269e95a4cb8d,0,CASH_OUT,Medium,10,4,busy,36.803888,21.887175991775802,58.691063991775806
train,4e076bd8-c0dc-57f1-93c4-269e95a4cb8d,1,CASH_OUT,Medium,5,0,normal,36.803888,0.0,36.803888
train,4e076bd8-c0dc-57f1-93c4-269e95a4cb8d,2,CASH_OUT,Medium,10,10,busy,36.803888,36.30624525524073,73.11013325524073
train,4e1f5d0d-dfac-5477-800d-f585f8e4cd51,0,CASH_IN,High,10,7,busy,22.8474,20.79905592341785,43.64645592341785
train,4e1f5d0d-dfac-5477-800d-f585f8e4cd51,1,CASH_IN,High,6,0,normal,22.8474,0.0,22.8474
train,4e1f5d0d-dfac-5477-800d-f585f8e4cd51,2,CASH_IN,High,7,0,normal,22.8474,0.0,22.8474
train,4e1f5d0d-dfac-5477-800d-f585f8e4cd51,0,CASH_IN,Low,10,4,busy,40.666392,19.772889526986237,60.439281526986235
train,4e1f5d0d-dfac-5477-800d-f585f8e4cd51,1,CASH_IN,Low,1,0,idle,40.666392,0.0,40.666392
train,4e1f5d0d-dfac-5477-800d-f585f8e4cd51,2,CASH_IN,Low,6,0,normal,40.666392,0.0,40.666392
train,4e1f5d0d-dfac-5477-800d-f585f8e4cd51,0,CASH_IN,Medium,10,15,surge,28.708233,60.602743463102115,89.31097646310212
train,4e1f5d0d-dfac-5477-800d-f585f8e4cd51,1,CASH_IN,Medium,8,0,normal,28.708233,0.0,28.708233
train,4e1f5d0d-dfac-5477-800d-f585f8e4cd51,2,CASH_IN,Medium,7,0,normal,28.708233,0.0,28.708233
train,4e27569a-1e09-5735-8c47-ce3ec1034469,0,PAYMENT,High,4,0,idle,24.592912,0.0,24.592912
train,4e27569a-1e09-5735-8c47-ce3ec1034469,1,PAYMENT,High,5,0,normal,24.592912,0.0,24.592912
train,4e27569a-1e09-5735-8c47-ce3ec1034469,2,PAYMENT,High,0,0,idle,24.592912,0.0,24.592912
train,4e27569a-1e09-5735-8c47-ce3ec1034469,0,PAYMENT,Low,2,0,idle,38.48541,0.0,38.48541
train,4e27569a-1e09-5735-8c47-ce3ec1034469,1,PAYMENT,Low,10,9,busy,38.48541,46.892271632338876,85.37768163233888
train,4e27569a-1e09-5735-8c47-ce3ec1034469,2,PAYMENT,Low,1,0,idle,38.48541,0.0,38.48541
train,4e27569a-1e09-5735-8c47-ce3ec1034469,0,PAYMENT,Medium,10,23,surge,31.088111,84.33890501401885,115.42701601401885
train,4e27569a-1e09-5735-8c47-ce3ec1034469,1,PAYMENT,Medium,9,0,normal,31.088111,0.0,31.088111
train,4e27569a-1e09-5735-8c47-ce3ec1034469,2,PAYMENT,Medium,10,7,busy,31.088111,25.404545491760636,56.49265649176064
train,4efbfd4d-5a0c-5c62-bf37-db1c5e67d403,0,DEBIT,High,10,1,busy,30.915548,4.234397396171794,35.149945396171795
train,4efbfd4d-5a0c-5c62-bf37-db1c5e67d403,1,DEBIT,High,9,0,normal,30.915548,0.0,30.915548
train,4efbfd4d-5a0c-5c62-bf37-db1c5e67d403,2,DEBIT,High,3,0,idle,30.915548,0.0,30.915548
train,4efbfd4d-5a0c-5c62-bf37-db1c5e67d403,0,DEBIT,Low,10,27,surge,53.363428,115.85862181946203,169.22204981946203
train,4efbfd4d-5a0c-5c62-bf37-db1c5e67d403,1,DEBIT,Low,1,0,idle,53.363428,0.0,53.363428
train,4efbfd4d-5a0c-5c62-bf37-db1c5e67d403,2,DEBIT,Low,5,0,normal,53.363428,0.0,53.363428
train,4efbfd4d-5a0c-5c62-bf37-db1c5e67d403,0,DEBIT,Medium,10,30,surge,42.311894,116.46662830957186,158.77852230957185
train,4efbfd4d-5a0c-5c62-bf37-db1c5e67d403,1,DEBIT,Medium,8,0,normal,42.311894,0.0,42.311894
train,4efbfd4d-5a0c-5c62-bf37-db1c5e67d403,2,DEBIT,Medium,10,3,busy,42.311894,10.822334387181273,53.134228387181274
train,4f4461c6-d62b-5328-8f3b-800dd35e5de1,0,DEBIT,High,10,6,busy,31.895033,18.38381600467388,50.27884900467388
train,4f4461c6-d62b-5328-8f3b-800dd35e5de1,1,DEBIT,High,1,0,idle,31.895033,0.0,31.895033
train,4f4461c6-d62b-5328-8f3b-800dd35e5de1,2,DEBIT,High,5,0,normal,31.895033,0.0,31.895033
train,4f4461c6-d62b-5328-8f3b-800dd35e5de1,0,DEBIT,Low,5,0,normal,54.404939,0.0,54.404939
train,4f4461c6-d62b-5328-8f3b-800dd35e5de1,1,DEBIT,Low,10,1,busy,54.404939,15.852294525310853,70.25723352531085
train,4f4461c6-d62b-5328-8f3b-800dd35e5de1,2,DEBIT,Low,10,16,surge,54.404939,73.88608487660414,128.29102387660413
train,4f4461c6-d62b-5328-8f3b-800dd35e5de1,0,DEBIT,Medium,10,26,surge,40.461676,103.05287884545587,143.51455484545585
train,4f4461c6-d62b-5328-8f3b-800dd35e5de1,1,DEBIT,Medium,10,1,busy,40.461676,13.50284993804714,53.96452593804714
train,4f4461c6-d62b-5328-8f3b-800dd35e5de1,2,DEBIT,Medium,5,0,normal,40.461676,0.0,40.461676
train,503a27d6-c901-58ff-97c4-ed11d64603e0,0,TRANSFER,High,10,23,surge,34.175231,66.25245017040926,100.42768117040926
train,503a27d6-c901-58ff-97c4-ed11d64603e0,1,TRANSFER,High,3,0,idle,34.175231,0.0,34.175231
train,503a27d6-c901-58ff-97c4-ed11d64603e0,2,TRANSFER,High,2,0,idle,34.175231,0.0,34.175231
train,503a27d6-c901-58ff-97c4-ed11d64603e0,0,TRANSFER,Low,10,20,surge,56.823625,106.73680432340137,163.56042932340137
train,503a27d6-c901-58ff-97c4-ed11d64603e0,1,TRANSFER,Low,3,0,idle,56.823625,0.0,56.823625
train,503a27d6-c901-58ff-97c4-ed11d64603e0,2,TRANSFER,Low,4,0,idle,56.823625,0.0,56.823625
train,503a27d6-c901-58ff-97c4-ed11d64603e0,0,TRANSFER,Medium,10,13,surge,47.306267,48.177000790346,95.48326779034599
train,503a27d6-c901-58ff-97c4-ed11d64603e0,1,TRANSFER,Medium,5,0,normal,47.306267,0.0,47.306267
train,503a27d6-c901-58ff-97c4-ed11d64603e0,2,TRANSFER,Medium,10,10,busy,47.306267,42.23773136352933,89.54399836352933
train,5086e784-7196-5863-9b8a-c925cce0b513,0,CASH_OUT,High,6,0,normal,29.470672,0.0,29.470672
train,5086e784-7196-5863-9b8a-c925cce0b513,1,CASH_OUT,High,7,0,normal,29.470672,0.0,29.470672
train,5086e784-7196-5863-9b8a-c925cce0b513,2,CASH_OUT,High,7,0,normal,29.470672,0.0,29.470672
train,5086e784-7196-5863-9b8a-c925cce0b513,0,CASH_OUT,Low,0,0,idle,48.784901,0.0,48.784901
train,5086e784-7196-5863-9b8a-c925cce0b513,1,CASH_OUT,Low,2,0,idle,48.784901,0.0,48.784901
train,5086e784-7196-5863-9b8a-c925cce0b513,2,CASH_OUT,Low,7,0,normal,48.784901,0.0,48.784901
train,5086e784-7196-5863-9b8a-c925cce0b513,0,CASH_OUT,Medium,10,4,busy,37.223158,16.4405898506686,53.6637478506686
train,5086e784-7196-5863-9b8a-c925cce0b513,1,CASH_OUT,Medium,10,0,busy,37.223158,5.192128278734423,42.41528627873442
train,5086e784-7196-5863-9b8a-c925cce0b513,2,CASH_OUT,Medium,1,0,idle,37.223158,0.0,37.223158
train,51268208-64ea-5774-ab37-a5eada5c0b5d,0,TRANSFER,High,0,0,idle,36.42955,0.0,36.42955
train,51268208-64ea-5774-ab37-a5eada5c0b5d,1,TRANSFER,High,10,11,surge,36.42955,35.265634973046524,71.69518497304652
train,51268208-64ea-5774-ab37-a5eada5c0b5d,2,TRANSFER,High,5,0,normal,36.42955,0.0,36.42955
train,51268208-64ea-5774-ab37-a5eada5c0b5d,0,TRANSFER,Low,10,8,busy,57.877424,30.2232356635889,88.1006596635889
train,51268208-64ea-5774-ab37-a5eada5c0b5d,1,TRANSFER,Low,10,0,busy,57.877424,7.393799220975044,65.27122322097505
train,51268208-64ea-5774-ab37-a5eada5c0b5d,2,TRANSFER,Low,10,9,busy,57.877424,48.17827972428961,106.0557037242896
train,51268208-64ea-5774-ab37-a5eada5c0b5d,0,TRANSFER,Medium,3,0,idle,46.062059,0.0,46.062059
train,51268208-64ea-5774-ab37-a5eada5c0b5d,1,TRANSFER,Medium,2,0,idle,46.062059,0.0,46.062059
train,51268208-64ea-5774-ab37-a5eada5c0b5d,2,TRANSFER,Medium,8,0,normal,46.062059,0.0,46.062059
train,51bf61fc-4bef-5a0b-ba3a-db560b7c15ae,0,CASH_OUT,High,3,0,idle,29.876167,0.0,29.876167
train,51bf61fc-4bef-5a0b-ba3a-db560b7c15ae,1,CASH_OUT,High,4,0,idle,29.876167,0.0,29.876167
train,51bf61fc-4bef-5a0b-ba3a-db560b7c15ae,2,CASH_OUT,High,10,3,busy,29.876167,15.614415948236916,45.49058294823691
train,51bf61fc-4bef-5a0b-ba3a-db560b7c15ae,0,CASH_OUT,Low,5,0,normal,44.631071,0.0,44.631071
train,51bf61fc-4bef-5a0b-ba3a-db560b7c15ae,1,CASH_OUT,Low,1,0,idle,44.631071,0.0,44.631071
train,51bf61fc-4bef-5a0b-ba3a-db560b7c15ae,2,CASH_OUT,Low,10,1,busy,44.631071,10.534839305209198,55.165910305209195
train,51bf61fc-4bef-5a0b-ba3a-db560b7c15ae,0,CASH_OUT,Medium,0,0,idle,35.677408,0.0,35.677408
train,51bf61fc-4bef-5a0b-ba3a-db560b7c15ae,1,CASH_OUT,Medium,5,0,normal,35.677408,0.0,35.677408
train,51bf61fc-4bef-5a0b-ba3a-db560b7c15ae,2,CASH_OUT,Medium,5,0,normal,35.677408,0.0,35.677408
train,51f25864-70bb-5a54-8692-45f1235084d4,0,TRANSFER,High,10,7,busy,34.985833,15.285583044697988,50.271416044697986
train,51f25864-70bb-5a54-8692-45f1235084d4,1,TRANSFER,High,4,0,idle,34.985833,0.0,34.985833
train,51f25864-70bb-5a54-8692-45f1235084d4,2,TRANSFER,High,0,0,idle,34.985833,0.0,34.985833
train,51f25864-70bb-5a54-8692-45f1235084d4,0,TRANSFER,Low,10,7,busy,58.194563,35.416214529442556,93.61077752944256
train,51f25864-70bb-5a54-8692-45f1235084d4,1,TRANSFER,Low,10,12,surge,58.194563,58.98435585161059,117.17891885161059
train,51f25864-70bb-5a54-8692-45f1235084d4,2,TRANSFER,Low,10,8,busy,58.194563,46.850994251290196,105.0455572512902
train,51f25864-70bb-5a54-8692-45f1235084d4,0,TRANSFER,Medium,10,15,surge,47.412535,48.15083473369913,95.56336973369912
train,51f25864-70bb-5a54-8692-45f1235084d4,1,TRANSFER,Medium,10,0,busy,47.412535,5.094957732668126,52.507492732668126
train,51f25864-70bb-5a54-8692-45f1235084d4,2,TRANSFER,Medium,10,19,surge,47.412535,68.14250861211664,115.55504361211663
train,52ae4d57-4a9b-5ed4-ac7a-40f98ad53cf8,0,CASH_IN,High,10,6,busy,21.632735,13.446849310369567,35.07958431036957
train,52ae4d57-4a9b-5ed4-ac7a-40f98ad53cf8,1,CASH_IN,High,7,0,normal,21.632735,0.0,21.632735
train,52ae4d57-4a9b-5ed4-ac7a-40f98ad53cf8,2,CASH_IN,High,7,0,normal,21.632735,0.0,21.632735
train,52ae4d57-4a9b-5ed4-ac7a-40f98ad53cf8,0,CASH_IN,Low,10,3,busy,36.845909,27.296805906958525,64.14271490695853
train,52ae4d57-4a9b-5ed4-ac7a-40f98ad53cf8,1,CASH_IN,Low,4,0,idle,36.845909,0.0,36.845909
train,52ae4d57-4a9b-5ed4-ac7a-40f98ad53cf8,2,CASH_IN,Low,9,0,normal,36.845909,0.0,36.845909
train,52ae4d57-4a9b-5ed4-ac7a-40f98ad53cf8,0,CASH_IN,Medium,6,0,normal,27.211112,0.0,27.211112
train,52ae4d57-4a9b-5ed4-ac7a-40f98ad53cf8,1,CASH_IN,Medium,8,0,normal,27.211112,0.0,27.211112
train,52ae4d57-4a9b-5ed4-ac7a-40f98ad53cf8,2,CASH_IN,Medium,5,0,normal,27.211112,0.0,27.211112
train,52bb35c2-0cf8-5d76-95d2-18cee5bf6593,0,TRANSFER,High,10,23,surge,36.340498,66.56800108752401,102.908499087524
train,52bb35c2-0cf8-5d76-95d2-18cee5bf6593,1,TRANSFER,High,5,0,normal,36.340498,0.0,36.340498
train,52bb35c2-0cf8-5d76-95d2-18cee5bf6593,2,TRANSFER,High,10,9,busy,36.340498,25.30333923111504,61.643837231115036
train,52bb35c2-0cf8-5d76-95d2-18cee5bf6593,0,TRANSFER,Low,4,0,idle,58.137745,0.0,58.137745
train,52bb35c2-0cf8-5d76-95d2-18cee5bf6593,1,TRANSFER,Low,7,0,normal,58.137745,0.0,58.137745
train,52bb35c2-0cf8-5d76-95d2-18cee5bf6593,2,TRANSFER,Low,10,27,surge,58.137745,126.77252402506214,184.91026902506215
train,52bb35c2-0cf8-5d76-95d2-18cee5bf6593,0,TRANSFER,Medium,10,28,surge,44.791783,97.0498551273331,141.8416381273331
train,52bb35c2-0cf8-5d76-95d2-18cee5bf6593,1,TRANSFER,Medium,5,0,normal,44.791783,0.0,44.791783
train,52bb35c2-0cf8-5d76-95d2-18cee5bf6593,2,TRANSFER,Medium,6,0,normal,44.791783,0.0,44.791783
train,532cb3d3-5f9c-59aa-ba03-f6e2230b8058,0,DEBIT,High,10,9,busy,32.486935,20.627037504381363,53.113972504381366
train,532cb3d3-5f9c-59aa-ba03-f6e2230b8058,1,DEBIT,High,4,0,idle,32.486935,0.0,32.486935
train,532cb3d3-5f9c-59aa-ba03-f6e2230b8058,2,DEBIT,High,10,28,surge,32.486935,72.73122646643647,105.21816146643647
train,532cb3d3-5f9c-59aa-ba03-f6e2230b8058,0,DEBIT,Low,0,0,idle,51.908179,0.0,51.908179
train,532cb3d3-5f9c-59aa-ba03-f6e2230b8058,1,DEBIT,Low,10,1,busy,51.908179,10.647975225947635,62.55615422594763
train,532cb3d3-5f9c-59aa-ba03-f6e2230b8058,2,DEBIT,Low,10,6,busy,51.908179,29.03353823134257,80.94171723134257
train,532cb3d3-5f9c-59aa-ba03-f6e2230b8058,0,DEBIT,Medium,10,10,busy,39.120942,36.485633011102415,75.60657501110242
train,532cb3d3-5f9c-59aa-ba03-f6e2230b8058,1,DEBIT,Medium,10,2,busy,39.120942,16.877670608632613,55.99861260863261
train,532cb3d3-5f9c-59aa-ba03-f6e2230b8058,2,DEBIT,Medium,8,0,normal,39.120942,0.0,39.120942
train,537539b2-1eca-55bc-ae30-d94747c11b06,0,DEBIT,High,8,0,normal,34.538066,0.0,34.538066
train,537539b2-1eca-55bc-ae30-d94747c11b06,1,DEBIT,High,7,0,normal,34.538066,0.0,34.538066
train,537539b2-1eca-55bc-ae30-d94747c11b06,2,DEBIT,High,3,0,idle,34.538066,0.0,34.538066
train,537539b2-1eca-55bc-ae30-d94747c11b06,0,DEBIT,Low,10,14,surge,52.081356,82.41421221362549,134.4955682136255
train,537539b2-1eca-55bc-ae30-d94747c11b06,1,DEBIT,Low,9,0,normal,52.081356,0.0,52.081356
train,537539b2-1eca-55bc-ae30-d94747c11b06,2,DEBIT,Low,2,0,idle,52.081356,0.0,52.081356
train,537539b2-1eca-55bc-ae30-d94747c11b06,0,DEBIT,Medium,10,15,surge,42.523681,65.58222376196011,108.10590476196012
train,537539b2-1eca-55bc-ae30-d94747c11b06,1,DEBIT,Medium,7,0,normal,42.523681,0.0,42.523681
train,537539b2-1eca-55bc-ae30-d94747c11b06,2,DEBIT,Medium,10,4,busy,42.523681,20.79680977342221,63.320490773422215
train,5411e666-5a63-5f28-a5a2-7bc1f5150776,0,PAYMENT,High,10,8,busy,24.588833,21.303150252124016,45.89198325212402
train,5411e666-5a63-5f28-a5a2-7bc1f5150776,1,PAYMENT,High,2,0,idle,24.588833,0.0,24.588833
train,5411e666-5a63-5f28-a5a2-7bc1f5150776,2,PAYMENT,High,8,0,normal,24.588833,0.0,24.588833
train,5411e666-5a63-5f28-a5a2-7bc1f5150776,0,PAYMENT,Low,7,0,normal,42.338867,0.0,42.338867
train,5411e666-5a63-5f28-a5a2-7bc1f5150776,1,PAYMENT,Low,10,13,surge,42.338867,62.30554006191982,104.64440706191982
train,5411e666-5a63-5f28-a5a2-7bc1f5150776,2,PAYMENT,Low,10,24,surge,42.338867,106.14409674260637,148.48296374260636
train,5411e666-5a63-5f28-a5a2-7bc1f5150776,0,PAYMENT,Medium,6,0,normal,30.566886,0.0,30.566886
train,5411e666-5a63-5f28-a5a2-7bc1f5150776,1,PAYMENT,Medium,5,0,normal,30.566886,0.0,30.566886
train,5411e666-5a63-5f28-a5a2-7bc1f5150776,2,PAYMENT,Medium,10,6,busy,30.566886,28.801180987243523,59.36806698724352
train,54c0ed51-46da-5da8-9f73-58b52d6e42c3,0,DEBIT,High,10,23,surge,34.52461,66.79352115125634,101.31813115125635
train,54c0ed51-46da-5da8-9f73-58b52d6e42c3,1,DEBIT,High,10,7,busy,34.52461,22.95020715632689,57.47481715632689
train,54c0ed51-46da-5da8-9f73-58b52d6e42c3,2,DEBIT,High,4,0,idle,34.52461,0.0,34.52461
train,54c0ed51-46da-5da8-9f73-58b52d6e42c3,0,DEBIT,Low,5,0,normal,49.76426,0.0,49.76426
train,54c0ed51-46da-5da8-9f73-58b52d6e42c3,1,DEBIT,Low,3,0,idle,49.76426,0.0,49.76426
train,54c0ed51-46da-5da8-9f73-58b52d6e42c3,2,DEBIT,Low,8,0,normal,49.76426,0.0,49.76426
train,54c0ed51-46da-5da8-9f73-58b52d6e42c3,0,DEBIT,Medium,8,0,normal,42.70425,0.0,42.70425
train,54c0ed51-46da-5da8-9f73-58b52d6e42c3,1,DEBIT,Medium,1,0,idle,42.70425,0.0,42.70425
train,54c0ed51-46da-5da8-9f73-58b52d6e42c3,2,DEBIT,Medium,6,0,normal,42.70425,0.0,42.70425
train,54d025f6-1c5c-5346-9eb1-7e7aa9bcda0c,0,CASH_IN,High,10,10,busy,20.96369,27.237301040062018,48.20099104006202
train,54d025f6-1c5c-5346-9eb1-7e7aa9bcda0c,1,CASH_IN,High,0,0,idle,20.96369,0.0,20.96369
train,54d025f6-1c5c-5346-9eb1-7e7aa9bcda0c,2,CASH_IN,High,5,0,normal,20.96369,0.0,20.96369
train,54d025f6-1c5c-5346-9eb1-7e7aa9bcda0c,0,CASH_IN,Low,1,0,idle,34.422701,0.0,34.422701
train,54d025f6-1c5c-5346-9eb1-7e7aa9bcda0c,1,CASH_IN,Low,10,19,surge,34.422701,91.67099057176864,126.09369157176864
train,54d025f6-1c5c-5346-9eb1-7e7aa9bcda0c,2,CASH_IN,Low,10,24,surge,34.422701,99.60429411889228,134.02699511889227
train,54d025f6-1c5c-5346-9eb1-7e7aa9bcda0c,0,CASH_IN,Medium,9,0,normal,27.668438,0.0,27.668438
train,54d025f6-1c5c-5346-9eb1-7e7aa9bcda0c,1,CASH_IN,Medium,6,0,normal,27.668438,0.0,27.668438
train,54d025f6-1c5c-5346-9eb1-7e7aa9bcda0c,2,CASH_IN,Medium,6,0,normal,27.668438,0.0,27.668438
train,553317d2-cdb9-54a5-9289-aabfce273dab,0,TRANSFER,High,8,0,normal,36.21816,0.0,36.21816
train,553317d2-cdb9-54a5-9289-aabfce273dab,1,TRANSFER,High,0,0,idle,36.21816,0.0,36.21816
train,553317d2-cdb9-54a5-9289-aabfce273dab,2,TRANSFER,High,10,4,busy,36.21816,13.77633283461862,49.99449283461862
train,553317d2-cdb9-54a5-9289-aabfce273dab,0,TRANSFER,Low,6,0,normal,58.925954,0.0,58.925954
train,553317d2-cdb9-54a5-9289-aabfce273dab,1,TRANSFER,Low,10,3,busy,58.925954,18.081149135510433,77.00710313551043
train,553317d2-cdb9-54a5-9289-aabfce273dab,2,TRANSFER,Low,8,0,normal,58.925954,0.0,58.925954
train,553317d2-cdb9-54a5-9289-aabfce273dab,0,TRANSFER,Medium,6,0,normal,44.573528,0.0,44.573528
train,553317d2-cdb9-54a5-9289-aabfce273dab,1,TRANSFER,Medium,10,3,busy,44.573528,16.553553925012643,61.12708192501265
train,553317d2-cdb9-54a5-9289-aabfce273dab,2,TRANSFER,Medium,6,0,normal,44.573528,0.0,44.573528
train,55545e5d-dbb4-5fa8-981c-8ced94adfd83,0,PAYMENT,High,8,0,normal,24.019584,0.0,24.019584
train,55545e5d-dbb4-5fa8-981c-8ced94adfd83,1,PAYMENT,High,0,0,idle,24.019584,0.0,24.019584
train,55545e5d-dbb4-5fa8-981c-8ced94adfd83,2,PAYMENT,High,7,0,normal,24.019584,0.0,24.019584
train,55545e5d-dbb4-5fa8-981c-8ced94adfd83,0,PAYMENT,Low,9,0,normal,38.951494,0.0,38.951494
train,55545e5d-dbb4-5fa8-981c-8ced94adfd83,1,PAYMENT,Low,5,0,normal,38.951494,0.0,38.951494
train,55545e5d-dbb4-5fa8-981c-8ced94adfd83,2,PAYMENT,Low,8,0,normal,38.951494,0.0,38.951494
train,55545e5d-dbb4-5fa8-981c-8ced94adfd83,0,PAYMENT,Medium,1,0,idle,31.675033,0.0,31.675033
train,55545e5d-dbb4-5fa8-981c-8ced94adfd83,1,PAYMENT,Medium,10,21,surge,31.675033,81.4853849857825,113.1604179857825
train,55545e5d-dbb4-5fa8-981c-8ced94adfd83,2,PAYMENT,Medium,7,0,normal,31.675033,0.0,31.675033
train,55665210-a7dc-5c7a-89e2-9d37a0f10f3f,0,CASH_IN,High,5,0,normal,20.540391,0.0,20.540391
train,55665210-a7dc-5c7a-89e2-9d37a0f10f3f,1,CASH_IN,High,10,28,surge,20.540391,86.49834916695808,107.03874016695808
train,55665210-a7dc-5c7a-89e2-9d37a0f10f3f,2,CASH_IN,High,10,8,busy,20.540391,25.50742934841509,46.04782034841509
train,55665210-a7dc-5c7a-89e2-9d37a0f10f3f,0,CASH_IN,Low,2,0,idle,35.133092,0.0,35.133092
train,55665210-a7dc-5c7a-89e2-9d37a0f10f3f,1,CASH_IN,Low,10,1,busy,35.133092,6.5516671436812635,41.68475914368126
train,55665210-a7dc-5c7a-89e2-9d37a0f10f3f,2,CASH_IN,Low,6,0,normal,35.133092,0.0,35.133092
train,55665210-a7dc-5c7a-89e2-9d37a0f10f3f,0,CASH_IN,Medium,2,0,idle,28.235926,0.0,28.235926
train,55665210-a7dc-5c7a-89e2-9d37a0f10f3f,1,CASH_IN,Medium,6,0,normal,28.235926,0.0,28.235926
train,55665210-a7dc-5c7a-89e2-9d37a0f10f3f,2,CASH_IN,Medium,1,0,idle,28.235926,0.0,28.235926
train,560a78dd-0bf6-5783-a15c-e3d10bcf3ba7,0,CASH_OUT,High,10,9,busy,28.011539,29.946120702328834,57.95765970232883
train,560a78dd-0bf6-5783-a15c-e3d10bcf3ba7,1,CASH_OUT,High,7,0,normal,28.011539,0.0,28.011539
train,560a78dd-0bf6-5783-a15c-e3d10bcf3ba7,2,CASH_OUT,High,10,0,busy,28.011539,1.473299910743375,29.484838910743374
train,560a78dd-0bf6-5783-a15c-e3d10bcf3ba7,0,CASH_OUT,Low,9,0,normal,47.54436,0.0,47.54436
train,560a78dd-0bf6-5783-a15c-e3d10bcf3ba7,1,CASH_OUT,Low,8,0,normal,47.54436,0.0,47.54436
train,560a78dd-0bf6-5783-a15c-e3d10bcf3ba7,2,CASH_OUT,Low,10,9,busy,47.54436,41.126688615801655,88.67104861580165
train,560a78dd-0bf6-5783-a15c-e3d10bcf3ba7,0,CASH_OUT,Medium,10,9,busy,36.36583,40.243639153780826,76.60946915378082
train,560a78dd-0bf6-5783-a15c-e3d10bcf3ba7,1,CASH_OUT,Medium,7,0,normal,36.36583,0.0,36.36583
train,560a78dd-0bf6-5783-a15c-e3d10bcf3ba7,2,CASH_OUT,Medium,10,7,busy,36.36583,28.475147113895524,64.84097711389552
train,570e915c-091d-50d7-b86c-d80031c489d4,0,TRANSFER,High,8,0,normal,38.037267,0.0,38.037267
train,570e915c-091d-50d7-b86c-d80031c489d4,1,TRANSFER,High,9,0,normal,38.037267,0.0,38.037267
train,570e915c-091d-50d7-b86c-d80031c489d4,2,TRANSFER,High,2,0,idle,38.037267,0.0,38.037267
train,570e915c-091d-50d7-b86c-d80031c489d4,0,TRANSFER,Low,10,0,busy,57.982414,8.047723299136731,66.03013729913673
train,570e915c-091d-50d7-b86c-d80031c489d4,1,TRANSFER,Low,5,0,normal,57.982414,0.0,57.982414
train,570e915c-091d-50d7-b86c-d80031c489d4,2,TRANSFER,Low,6,0,normal,57.982414,0.0,57.982414
train,570e915c-091d-50d7-b86c-d80031c489d4,0,TRANSFER,Medium,10,5,busy,48.271747,16.160927082694236,64.43267408269423
train,570e915c-091d-50d7-b86c-d80031c489d4,1,TRANSFER,Medium,8,0,normal,48.271747,0.0,48.271747
train,570e915c-091d-50d7-b86c-d80031c489d4,2,TRANSFER,Medium,8,0,normal,48.271747,0.0,48.271747
train,5767e7e9-cedc-5f35-a529-4f4c45b8df2e,0,PAYMENT,High,7,0,normal,25.431381,0.0,25.431381
train,5767e7e9-cedc-5f35-a529-4f4c45b8df2e,1,PAYMENT,High,10,10,busy,25.431381,34.2148803321146,59.646261332114605
train,5767e7e9-cedc-5f35-a529-4f4c45b8df2e,2,PAYMENT,High,10,6,busy,25.431381,25.20060993523627,50.63199093523627
train,5767e7e9-cedc-5f35-a529-4f4c45b8df2e,0,PAYMENT,Low,5,0,normal,39.009929,0.0,39.009929
train,5767e7e9-cedc-5f35-a529-4f4c45b8df2e,1,PAYMENT,Low,10,6,busy,39.009929,25.711848699601425,64.72177769960143
train,5767e7e9-cedc-5f35-a529-4f4c45b8df2e,2,PAYMENT,Low,10,7,busy,39.009929,26.63099925920913,65.64092825920913
train,5767e7e9-cedc-5f35-a529-4f4c45b8df2e,0,PAYMENT,Medium,10,9,busy,36.600993,41.86984548001507,78.47083848001508
train,5767e7e9-cedc-5f35-a529-4f4c45b8df2e,1,PAYMENT,Medium,10,5,busy,36.600993,23.528442310942925,60.129435310942924
train,5767e7e9-cedc-5f35-a529-4f4c45b8df2e,2,PAYMENT,Medium,3,0,idle,36.600993,0.0,36.600993
train,578a0cb7-eb86-557c-a856-370b35f15697,0,CASH_OUT,High,10,10,busy,27.979078,27.329313416949475,55.308391416949476
train,578a0cb7-eb86-557c-a856-370b35f15697,1,CASH_OUT,High,10,17,surge,27.979078,46.90670398440574,74.88578198440574
train,578a0cb7-eb86-557c-a856-370b35f15697,2,CASH_OUT,High,5,0,normal,27.979078,0.0,27.979078
train,578a0cb7-eb86-557c-a856-370b35f15697,0,CASH_OUT,Low,10,10,busy,46.313735,45.870592270277015,92.18432727027701
train,578a0cb7-eb86-557c-a856-370b35f15697,1,CASH_OUT,Low,8,0,normal,46.313735,0.0,46.313735
train,578a0cb7-eb86-557c-a856-370b35f15697,2,CASH_OUT,Low,9,0,normal,46.313735,0.0,46.313735
train,578a0cb7-eb86-557c-a856-370b35f15697,0,CASH_OUT,Medium,10,7,busy,36.455234,20.016108378467447,56.47134237846744
train,578a0cb7-eb86-557c-a856-370b35f15697,1,CASH_OUT,Medium,8,0,normal,36.455234,0.0,36.455234
train,578a0cb7-eb86-557c-a856-370b35f15697,2,CASH_OUT,Medium,10,2,busy,36.455234,7.2557228152647655,43.710956815264765
train,57a6b1c4-caa0-54f5-9bf9-1c29ffd0f9f9,0,TRANSFER,High,10,10,busy,36.227668,27.06509531877611,63.29276331877611
train,57a6b1c4-caa0-54f5-9bf9-1c29ffd0f9f9,1,TRANSFER,High,1,0,idle,36.227668,0.0,36.227668
train,57a6b1c4-caa0-54f5-9bf9-1c29ffd0f9f9,2,TRANSFER,High,8,0,normal,36.227668,0.0,36.227668
train,57a6b1c4-caa0-54f5-9bf9-1c29ffd0f9f9,0,TRANSFER,Low,5,0,normal,59.098776,0.0,59.098776
train,57a6b1c4-caa0-54f5-9bf9-1c29ffd0f9f9,1,TRANSFER,Low,1,0,idle,59.098776,0.0,59.098776
train,57a6b1c4-caa0-54f5-9bf9-1c29ffd0f9f9,2,TRANSFER,Low,10,3,busy,59.098776,14.66337603069012,73.76215203069012
train,57a6b1c4-caa0-54f5-9bf9-1c29ffd0f9f9,0,TRANSFER,Medium,4,0,idle,47.683669,0.0,47.683669
train,57a6b1c4-caa0-54f5-9bf9-1c29ffd0f9f9,1,TRANSFER,Medium,10,7,busy,47.683669,28.605517421601864,76.28918642160187
train,57a6b1c4-caa0-54f5-9bf9-1c29ffd0f9f9,2,TRANSFER,Medium,10,6,busy,47.683669,23.209992967538554,70.89366196753855
train,57d08e8c-e7b9-57e0-a988-5ff06945e061,0,DEBIT,High,10,19,surge,30.742756,52.83729778714579,83.5800537871458
train,57d08e8c-e7b9-57e0-a988-5ff06945e061,1,DEBIT,High,7,0,normal,30.742756,0.0,30.742756
train,57d08e8c-e7b9-57e0-a988-5ff06945e061,2,DEBIT,High,6,0,normal,30.742756,0.0,30.742756
train,57d08e8c-e7b9-57e0-a988-5ff06945e061,0,DEBIT,Low,10,14,surge,50.871881,71.16491627040803,122.03679727040803
train,57d08e8c-e7b9-57e0-a988-5ff06945e061,1,DEBIT,Low,10,8,busy,50.871881,34.09305068010923,84.96493168010923
train,57d08e8c-e7b9-57e0-a988-5ff06945e061,2,DEBIT,Low,10,7,busy,50.871881,39.296412657396544,90.16829365739655
train,57d08e8c-e7b9-57e0-a988-5ff06945e061,0,DEBIT,Medium,10,30,surge,42.457715,122.18291116715555,164.64062616715555
train,57d08e8c-e7b9-57e0-a988-5ff06945e061,1,DEBIT,Medium,10,7,busy,42.457715,30.717277094627168,73.17499209462717
train,57d08e8c-e7b9-57e0-a988-5ff06945e061,2,DEBIT,Medium,10,27,surge,42.457715,98.55204798540802,141.00976298540803
train,5861d70e-e9f4-592a-8df1-745c47b242a2,0,PAYMENT,High,10,4,busy,24.041541,9.410687811893114,33.452228811893114
train,5861d70e-e9f4-592a-8df1-745c47b242a2,1,PAYMENT,High,10,27,surge,24.041541,79.43200798138349,103.47354898138349
train,5861d70e-e9f4-592a-8df1-745c47b242a2,2,PAYMENT,High,10,2,busy,24.041541,7.044410563287149,31.085951563287146
train,5861d70e-e9f4-592a-8df1-745c47b242a2,0,PAYMENT,Low,7,0,normal,39.403159,0.0,39.403159
train,5861d70e-e9f4-592a-8df1-745c47b242a2,1,PAYMENT,Low,0,0,idle,39.403159,0.0,39.403159
train,5861d70e-e9f4-592a-8df1-745c47b242a2,2,PAYMENT,Low,6,0,normal,39.403159,0.0,39.403159
train,5861d70e-e9f4-592a-8df1-745c47b242a2,0,PAYMENT,Medium,10,28,surge,31.259487,102.69565435980292,133.95514135980292
train,5861d70e-e9f4-592a-8df1-745c47b242a2,1,PAYMENT,Medium,3,0,idle,31.259487,0.0,31.259487
train,5861d70e-e9f4-592a-8df1-745c47b242a2,2,PAYMENT,Medium,8,0,normal,31.259487,0.0,31.259487
train,58f9101f-671f-5af0-a55e-863a70bfd383,0,DEBIT,High,10,2,busy,32.226389,6.368497798377991,38.594886798377985
train,58f9101f-671f-5af0-a55e-863a70bfd383,1,DEBIT,High,7,0,normal,32.226389,0.0,32.226389
train,58f9101f-671f-5af0-a55e-863a70bfd383,2,DEBIT,High,10,17,surge,32.226389,52.810187094782904,85.0365760947829
train,58f9101f-671f-5af0-a55e-863a70bfd383,0,DEBIT,Low,1,0,idle,50.927256,0.0,50.927256
train,58f9101f-671f-5af0-a55e-863a70bfd383,1,DEBIT,Low,10,5,busy,50.927256,26.77711825334143,77.70437425334143
train,58f9101f-671f-5af0-a55e-863a70bfd383,2,DEBIT,Low,10,14,surge,50.927256,60.94772406675696,111.87498006675696
train,58f9101f-671f-5af0-a55e-863a70bfd383,0,DEBIT,Medium,6,0,normal,39.98496,0.0,39.98496
train,58f9101f-671f-5af0-a55e-863a70bfd383,1,DEBIT,Medium,9,0,normal,39.98496,0.0,39.98496
train,58f9101f-671f-5af0-a55e-863a70bfd383,2,DEBIT,Medium,10,17,surge,39.98496,66.39691263516693,106.38187263516693
train,591f7192-0db6-5355-bab8-13723fdf9764,0,CASH_IN,High,8,0,normal,20.605643,0.0,20.605643
train,591f7192-0db6-5355-bab8-13723fdf9764,1,CASH_IN,High,2,0,idle,20.605643,0.0,20.605643
train,591f7192-0db6-5355-bab8-13723fdf9764,2,CASH_IN,High,0,0,idle,20.605643,0.0,20.605643
train,591f7192-0db6-5355-bab8-13723fdf9764,0,CASH_IN,Low,10,4,busy,35.219895,16.593671791345823,51.81356679134582
train,591f7192-0db6-5355-bab8-13723fdf9764,1,CASH_IN,Low,10,8,busy,35.219895,43.19421915167716,78.41411415167715
train,591f7192-0db6-5355-bab8-13723fdf9764,2,CASH_IN,Low,10,18,surge,35.219895,82.5079329633328,117.7278279633328
train,591f7192-0db6-5355-bab8-13723fdf9764,0,CASH_IN,Medium,4,0,idle,28.318657,0.0,28.318657
train,591f7192-0db6-5355-bab8-13723fdf9764,1,CASH_IN,Medium,5,0,normal,28.318657,0.0,28.318657
train,591f7192-0db6-5355-bab8-13723fdf9764,2,CASH_IN,Medium,10,22,surge,28.318657,82.5636090793513,110.8822660793513
train,597ce5ee-2a19-5d81-b0a7-8564ae063242,0,CASH_IN,High,10,25,surge,21.578801,68.06591067741576,89.64471167741576
train,597ce5ee-2a19-5d81-b0a7-8564ae063242,1,CASH_IN,High,10,19,surge,21.578801,51.7813135898491,73.3601145898491
train,597ce5ee-2a19-5d81-b0a7-8564ae063242,2,CASH_IN,High,10,27,surge,21.578801,82.43212915834962,104.01093015834962
train,597ce5ee-2a19-5d81-b0a7-8564ae063242,0,CASH_IN,Low,5,0,normal,32.149098,0.0,32.149098
train,597ce5ee-2a19-5d81-b0a7-8564ae063242,1,CASH_IN,Low,10,9,busy,32.149098,40.02348437046067,72.17258237046067
train,597ce5ee-2a19-5d81-b0a7-8564ae063242,2,CASH_IN,Low,8,0,normal,32.149098,0.0,32.149098
train,597ce5ee-2a19-5d81-b0a7-8564ae063242,0,CASH_IN,Medium,10,25,surge,26.563198,95.26409625655339,121.82729425655339
train,597ce5ee-2a19-5d81-b0a7-8564ae063242,1,CASH_IN,Medium,3,0,idle,26.563198,0.0,26.563198
train,597ce5ee-2a19-5d81-b0a7-8564ae063242,2,CASH_IN,Medium,10,8,busy,26.563198,35.78352403340968,62.34672203340968
train,59c4591e-3989-5ee5-b771-5d4c6527a315,0,PAYMENT,High,5,0,normal,25.001721,0.0,25.001721
train,59c4591e-3989-5ee5-b771-5d4c6527a315,1,PAYMENT,High,4,0,idle,25.001721,0.0,25.001721
train,59c4591e-3989-5ee5-b771-5d4c6527a315,2,PAYMENT,High,3,0,idle,25.001721,0.0,25.001721
train,59c4591e-3989-5ee5-b771-5d4c6527a315,0,PAYMENT,Low,0,0,idle,41.548305,0.0,41.548305
train,59c4591e-3989-5ee5-b771-5d4c6527a315,1,PAYMENT,Low,6,0,normal,41.548305,0.0,41.548305
train,59c4591e-3989-5ee5-b771-5d4c6527a315,2,PAYMENT,Low,10,4,busy,41.548305,13.198862168128105,54.7471671681281
train,59c4591e-3989-5ee5-b771-5d4c6527a315,0,PAYMENT,Medium,10,21,surge,33.680773,79.43848255605994,113.11925555605994
train,59c4591e-3989-5ee5-b771-5d4c6527a315,1,PAYMENT,Medium,10,2,busy,33.680773,14.389125444751022,48.069898444751026
train,59c4591e-3989-5ee5-b771-5d4c6527a315,2,PAYMENT,Medium,10,4,busy,33.680773,18.10086849659529,51.78164149659529
train,59c5ec8a-0492-5718-a4d7-f227cccc32fe,0,CASH_OUT,High,6,0,normal,29.462302,0.0,29.462302
train,59c5ec8a-0492-5718-a4d7-f227cccc32fe,1,CASH_OUT,High,3,0,idle,29.462302,0.0,29.462302
train,59c5ec8a-0492-5718-a4d7-f227cccc32fe,2,CASH_OUT,High,10,27,surge,29.462302,86.48267132537771,115.9449733253777
train,59c5ec8a-0492-5718-a4d7-f227cccc32fe,0,CASH_OUT,Low,0,0,idle,44.325603,0.0,44.325603
train,59c5ec8a-0492-5718-a4d7-f227cccc32fe,1,CASH_OUT,Low,10,1,busy,44.325603,6.731582514484369,51.057185514484374
train,59c5ec8a-0492-5718-a4d7-f227cccc32fe,2,CASH_OUT,Low,2,0,idle,44.325603,0.0,44.325603
train,59c5ec8a-0492-5718-a4d7-f227cccc32fe,0,CASH_OUT,Medium,10,8,busy,37.51784,24.796851931368575,62.31469193136857
train,59c5ec8a-0492-5718-a4d7-f227cccc32fe,1,CASH_OUT,Medium,10,6,busy,37.51784,28.587553383612374,66.10539338361238
train,59c5ec8a-0492-5718-a4d7-f227cccc32fe,2,CASH_OUT,Medium,1,0,idle,37.51784,0.0,37.51784
train,5a3737c3-fbb2-5b5a-8d7e-25bec66df710,0,CASH_OUT,High,0,0,idle,27.700394,0.0,27.700394
train,5a3737c3-fbb2-5b5a-8d7e-25bec66df710,1,CASH_OUT,High,2,0,idle,27.700394,0.0,27.700394
train,5a3737c3-fbb2-5b5a-8d7e-25bec66df710,2,CASH_OUT,High,2,0,idle,27.700394,0.0,27.700394
train,5a3737c3-fbb2-5b5a-8d7e-25bec66df710,0,CASH_OUT,Low,10,13,surge,46.138911,59.577689167252814,105.7166001672528
train,5a3737c3-fbb2-5b5a-8d7e-25bec66df710,1,CASH_OUT,Low,7,0,normal,46.138911,0.0,46.138911
train,5a3737c3-fbb2-5b5a-8d7e-25bec66df710,2,CASH_OUT,Low,10,8,busy,46.138911,36.15843329327264,82.29734429327263
train,5a3737c3-fbb2-5b5a-8d7e-25bec66df710,0,CASH_OUT,Medium,7,0,normal,36.810117,0.0,36.810117
train,5a3737c3-fbb2-5b5a-8d7e-25bec66df710,1,CASH_OUT,Medium,5,0,normal,36.810117,0.0,36.810117
train,5a3737c3-fbb2-5b5a-8d7e-25bec66df710,2,CASH_OUT,Medium,7,0,normal,36.810117,0.0,36.810117
train,5ad3d190-aa6d-5af9-95d0-186aa170d032,0,CASH_IN,High,5,0,normal,21.169746,0.0,21.169746
train,5ad3d190-aa6d-5af9-95d0-186aa170d032,1,CASH_IN,High,10,2,busy,21.169746,5.467298262922672,26.63704426292267
train,5ad3d190-aa6d-5af9-95d0-186aa170d032,2,CASH_IN,High,10,25,surge,21.169746,70.0154636253759,91.1852096253759
train,5ad3d190-aa6d-5af9-95d0-186aa170d032,0,CASH_IN,Low,3,0,idle,33.369653,0.0,33.369653
train,5ad3d190-aa6d-5af9-95d0-186aa170d032,1,CASH_IN,Low,9,0,normal,33.369653,0.0,33.369653
train,5ad3d190-aa6d-5af9-95d0-186aa170d032,2,CASH_IN,Low,4,0,idle,33.369653,0.0,33.369653
train,5ad3d190-aa6d-5af9-95d0-186aa170d032,0,CASH_IN,Medium,8,0,normal,28.691564,0.0,28.691564
train,5ad3d190-aa6d-5af9-95d0-186aa170d032,1,CASH_IN,Medium,1,0,idle,28.691564,0.0,28.691564
train,5ad3d190-aa6d-5af9-95d0-186aa170d032,2,CASH_IN,Medium,4,0,idle,28.691564,0.0,28.691564
train,5b3f2cd2-94c2-5aef-bef2-55f45dcd80b9,0,TRANSFER,High,1,0,idle,34.855172,0.0,34.855172
train,5b3f2cd2-94c2-5aef-bef2-55f45dcd80b9,1,TRANSFER,High,10,18,surge,34.855172,51.64649054169813,86.50166254169812
train,5b3f2cd2-94c2-5aef-bef2-55f45dcd80b9,2,TRANSFER,High,10,27,surge,34.855172,75.08450730527562,109.93967930527563
train,5b3f2cd2-94c2-5aef-bef2-55f45dcd80b9,0,TRANSFER,Low,4,0,idle,56.210377,0.0,56.210377
train,5b3f2cd2-94c2-5aef-bef2-55f45dcd80b9,1,TRANSFER,Low,9,0,normal,56.210377,0.0,56.210377
train,5b3f2cd2-94c2-5aef-bef2-55f45dcd80b9,2,TRANSFER,Low,7,0,normal,56.210377,0.0,56.210377
train,5b3f2cd2-94c2-5aef-bef2-55f45dcd80b9,0,TRANSFER,Medium,0,0,idle,47.922595,0.0,47.922595
train,5b3f2cd2-94c2-5aef-bef2-55f45dcd80b9,1,TRANSFER,Medium,7,0,normal,47.922595,0.0,47.922595
train,5b3f2cd2-94c2-5aef-bef2-55f45dcd80b9,2,TRANSFER,Medium,10,9,busy,47.922595,24.083815744391817,72.00641074439181
train,5b836fd8-e7e6-5c35-8826-28cb27241912,0,DEBIT,High,7,0,normal,30.752301,0.0,30.752301
train,5b836fd8-e7e6-5c35-8826-28cb27241912,1,DEBIT,High,10,8,busy,30.752301,29.170775397401464,59.92307639740146
train,5b836fd8-e7e6-5c35-8826-28cb27241912,2,DEBIT,High,10,1,busy,30.752301,3.3797119442403782,34.13201294424038
train,5b836fd8-e7e6-5c35-8826-28cb27241912,0,DEBIT,Low,6,0,normal,52.296527,0.0,52.296527
train,5b836fd8-e7e6-5c35-8826-28cb27241912,1,DEBIT,Low,6,0,normal,52.296527,0.0,52.296527
train,5b836fd8-e7e6-5c35-8826-28cb27241912,2,DEBIT,Low,10,4,busy,52.296527,15.649073765485504,67.9456007654855
train,5b836fd8-e7e6-5c35-8826-28cb27241912,0,DEBIT,Medium,5,0,normal,40.5334,0.0,40.5334
train,5b836fd8-e7e6-5c35-8826-28cb27241912,1,DEBIT,Medium,10,25,surge,40.5334,91.86385490267544,132.39725490267546
train,5b836fd8-e7e6-5c35-8826-28cb27241912,2,DEBIT,Medium,6,0,normal,40.5334,0.0,40.5334
train,5baa184a-7598-5583-9a53-53c4490596ee,0,CASH_OUT,High,10,2,busy,27.275568,11.060275021835999,38.335843021836
train,5baa184a-7598-5583-9a53-53c4490596ee,1,CASH_OUT,High,10,17,surge,27.275568,50.97700391543547,78.25257191543547
train,5baa184a-7598-5583-9a53-53c4490596ee,2,CASH_OUT,High,2,0,idle,27.275568,0.0,27.275568
train,5baa184a-7598-5583-9a53-53c4490596ee,0,CASH_OUT,Low,10,1,busy,46.822547,4.882307428684466,51.70485442868446
train,5baa184a-7598-5583-9a53-53c4490596ee,1,CASH_OUT,Low,8,0,normal,46.822547,0.0,46.822547
train,5baa184a-7598-5583-9a53-53c4490596ee,2,CASH_OUT,Low,10,9,busy,46.822547,43.582517587333484,90.40506458733348
train,5baa184a-7598-5583-9a53-53c4490596ee,0,CASH_OUT,Medium,10,15,surge,34.52683,62.82171420683569,97.3485442068357
train,5baa184a-7598-5583-9a53-53c4490596ee,1,CASH_OUT,Medium,6,0,normal,34.52683,0.0,34.52683
train,5baa184a-7598-5583-9a53-53c4490596ee,2,CASH_OUT,Medium,6,0,normal,34.52683,0.0,34.52683
train,5bbbe317-cdc2-5cd6-83c1-e78ef21185ca,0,DEBIT,High,10,2,busy,31.354521,9.780548384105508,41.135069384105506
train,5bbbe317-cdc2-5cd6-83c1-e78ef21185ca,1,DEBIT,High,1,0,idle,31.354521,0.0,31.354521
train,5bbbe317-cdc2-5cd6-83c1-e78ef21185ca,2,DEBIT,High,10,0,busy,31.354521,2.5815684072007774,33.936089407200775
train,5bbbe317-cdc2-5cd6-83c1-e78ef21185ca,0,DEBIT,Low,10,2,busy,50.980496,21.283679456236708,72.26417545623671
train,5bbbe317-cdc2-5cd6-83c1-e78ef21185ca,1,DEBIT,Low,10,3,busy,50.980496,24.06311255225034,75.04360855225035
train,5bbbe317-cdc2-5cd6-83c1-e78ef21185ca,2,DEBIT,Low,10,8,busy,50.980496,39.05823462752323,90.03873062752322
train,5bbbe317-cdc2-5cd6-83c1-e78ef21185ca,0,DEBIT,Medium,9,0,normal,39.980591,0.0,39.980591
train,5bbbe317-cdc2-5cd6-83c1-e78ef21185ca,1,DEBIT,Medium,10,3,busy,39.980591,13.765544667003514,53.746135667003514
train,5bbbe317-cdc2-5cd6-83c1-e78ef21185ca,2,DEBIT,Medium,9,0,normal,39.980591,0.0,39.980591
train,5bd88827-283b-5e00-a82b-34d3c9cf8c35,0,TRANSFER,High,6,0,normal,36.731272,0.0,36.731272
train,5bd88827-283b-5e00-a82b-34d3c9cf8c35,1,TRANSFER,High,6,0,normal,36.731272,0.0,36.731272
train,5bd88827-283b-5e00-a82b-34d3c9cf8c35,2,TRANSFER,High,10,5,busy,36.731272,17.243777032259743,53.97504903225974
train,5bd88827-283b-5e00-a82b-34d3c9cf8c35,0,TRANSFER,Low,10,11,surge,58.676615,52.69729810829948,111.37391310829948
train,5bd88827-283b-5e00-a82b-34d3c9cf8c35,1,TRANSFER,Low,10,14,surge,58.676615,73.33489398446946,132.01150898446946
train,5bd88827-283b-5e00-a82b-34d3c9cf8c35,2,TRANSFER,Low,8,0,normal,58.676615,0.0,58.676615
train,5bd88827-283b-5e00-a82b-34d3c9cf8c35,0,TRANSFER,Medium,3,0,idle,44.249478,0.0,44.249478
train,5bd88827-283b-5e00-a82b-34d3c9cf8c35,1,TRANSFER,Medium,10,8,busy,44.249478,29.868802871280124,74.11828087128012
train,5bd88827-283b-5e00-a82b-34d3c9cf8c35,2,TRANSFER,Medium,8,0,normal,44.249478,0.0,44.249478
train,5cab488c-fc87-590e-b92b-f6a390a28e7b,0,CASH_OUT,High,7,0,normal,27.822294,0.0,27.822294
train,5cab488c-fc87-590e-b92b-f6a390a28e7b,1,CASH_OUT,High,10,26,surge,27.822294,78.29725739399366,106.11955139399366
train,5cab488c-fc87-590e-b92b-f6a390a28e7b,2,CASH_OUT,High,10,5,busy,27.822294,27.315544799606574,55.13783879960657
train,5cab488c-fc87-590e-b92b-f6a390a28e7b,0,CASH_OUT,Low,10,6,busy,47.87644,23.309171709393826,71.18561170939383
train,5cab488c-fc87-590e-b92b-f6a390a28e7b,1,CASH_OUT,Low,10,25,surge,47.87644,121.08255175169232,168.95899175169234
train,5cab488c-fc87-590e-b92b-f6a390a28e7b,2,CASH_OUT,Low,6,0,normal,47.87644,0.0,47.87644
train,5cab488c-fc87-590e-b92b-f6a390a28e7b,0,CASH_OUT,Medium,10,16,surge,36.831036,58.699983403152245,95.53101940315224
train,5cab488c-fc87-590e-b92b-f6a390a28e7b,1,CASH_OUT,Medium,10,4,busy,36.831036,20.86180937986025,57.692845379860245
train,5cab488c-fc87-590e-b92b-f6a390a28e7b,2,CASH_OUT,Medium,8,0,normal,36.831036,0.0,36.831036
train,5cd063e2-d56b-5df1-8b02-fad4bbef6579,0,CASH_OUT,High,9,0,normal,27.9661,0.0,27.9661
train,5cd063e2-d56b-5df1-8b02-fad4bbef6579,1,CASH_OUT,High,7,0,normal,27.9661,0.0,27.9661
train,5cd063e2-d56b-5df1-8b02-fad4bbef6579,2,CASH_OUT,High,10,0,busy,27.9661,2.8408653458126825,30.806965345812685
train,5cd063e2-d56b-5df1-8b02-fad4bbef6579,0,CASH_OUT,Low,5,0,normal,41.908818,0.0,41.908818
train,5cd063e2-d56b-5df1-8b02-fad4bbef6579,1,CASH_OUT,Low,2,0,idle,41.908818,0.0,41.908818
train,5cd063e2-d56b-5df1-8b02-fad4bbef6579,2,CASH_OUT,Low,10,1,busy,41.908818,5.652916434243256,47.56173443424325
train,5cd063e2-d56b-5df1-8b02-fad4bbef6579,0,CASH_OUT,Medium,8,0,normal,36.514553,0.0,36.514553
train,5cd063e2-d56b-5df1-8b02-fad4bbef6579,1,CASH_OUT,Medium,10,10,busy,36.514553,43.450834479852674,79.96538747985267
train,5cd063e2-d56b-5df1-8b02-fad4bbef6579,2,CASH_OUT,Medium,10,28,surge,36.514553,100.85361379634858,137.3681667963486
train,5d31e1d6-dd8c-5884-b327-db2187b33764,0,TRANSFER,High,6,0,normal,37.826677,0.0,37.826677
train,5d31e1d6-dd8c-5884-b327-db2187b33764,1,TRANSFER,High,10,4,busy,37.826677,13.16224993296109,50.988926932961085
train,5d31e1d6-dd8c-5884-b327-db2187b33764,2,TRANSFER,High,8,0,normal,37.826677,0.0,37.826677
train,5d31e1d6-dd8c-5884-b327-db2187b33764,0,TRANSFER,Low,10,14,surge,58.138724,65.3647678672361,123.50349186723611
train,5d31e1d6-dd8c-5884-b327-db2187b33764,1,TRANSFER,Low,10,13,surge,58.138724,59.75475500854263,117.89347900854264
train,5d31e1d6-dd8c-5884-b327-db2187b33764,2,TRANSFER,Low,10,15,surge,58.138724,67.31508889200094,125.45381289200094
train,5d31e1d6-dd8c-5884-b327-db2187b33764,0,TRANSFER,Medium,5,0,normal,48.48206,0.0,48.48206
train,5d31e1d6-dd8c-5884-b327-db2187b33764,1,TRANSFER,Medium,10,30,surge,48.48206,116.25620954682711,164.7382695468271
train,5d31e1d6-dd8c-5884-b327-db2187b33764,2,TRANSFER,Medium,1,0,idle,48.48206,0.0,48.48206
train,5dc38dc4-d7f7-5eb5-9ea1-a87aed08aeff,0,CASH_OUT,High,0,0,idle,27.77,0.0,27.77
train,5dc38dc4-d7f7-5eb5-9ea1-a87aed08aeff,1,CASH_OUT,High,10,4,busy,27.77,13.958167969415276,41.728167969415274
train,5dc38dc4-d7f7-5eb5-9ea1-a87aed08aeff,2,CASH_OUT,High,10,1,busy,27.77,8.138411135915476,35.90841113591547
train,5dc38dc4-d7f7-5eb5-9ea1-a87aed08aeff,0,CASH_OUT,Low,10,21,surge,44.415316,100.44360032842013,144.85891632842012
train,5dc38dc4-d7f7-5eb5-9ea1-a87aed08aeff,1,CASH_OUT,Low,8,0,normal,44.415316,0.0,44.415316
train,5dc38dc4-d7f7-5eb5-9ea1-a87aed08aeff,2,CASH_OUT,Low,10,28,surge,44.415316,134.0275982497402,178.4429142497402
train,5dc38dc4-d7f7-5eb5-9ea1-a87aed08aeff,0,CASH_OUT,Medium,5,0,normal,36.682868,0.0,36.682868
train,5dc38dc4-d7f7-5eb5-9ea1-a87aed08aeff,1,CASH_OUT,Medium,5,0,normal,36.682868,0.0,36.682868
train,5dc38dc4-d7f7-5eb5-9ea1-a87aed08aeff,2,CASH_OUT,Medium,5,0,normal,36.682868,0.0,36.682868
train,5e7e1664-67bf-5efc-a286-7f1b9bdc20a0,0,CASH_OUT,High,10,8,busy,28.603772,19.113185293062767,47.71695729306276
train,5e7e1664-67bf-5efc-a286-7f1b9bdc20a0,1,CASH_OUT,High,10,30,surge,28.603772,92.81887090376439,121.4226429037644
train,5e7e1664-67bf-5efc-a286-7f1b9bdc20a0,2,CASH_OUT,High,1,0,idle,28.603772,0.0,28.603772
train,5e7e1664-67bf-5efc-a286-7f1b9bdc20a0,0,CASH_OUT,Low,2,0,idle,46.437289,0.0,46.437289
train,5e7e1664-67bf-5efc-a286-7f1b9bdc20a0,1,CASH_OUT,Low,10,3,busy,46.437289,22.568805527631927,69.00609452763193
train,5e7e1664-67bf-5efc-a286-7f1b9bdc20a0,2,CASH_OUT,Low,5,0,normal,46.437289,0.0,46.437289
train,5e7e1664-67bf-5efc-a286-7f1b9bdc20a0,0,CASH_OUT,Medium,7,0,normal,34.656123,0.0,34.656123
train,5e7e1664-67bf-5efc-a286-7f1b9bdc20a0,1,CASH_OUT,Medium,10,1,busy,34.656123,2.8170283855011693,37.47315138550117
train,5e7e1664-67bf-5efc-a286-7f1b9bdc20a0,2,CASH_OUT,Medium,0,0,idle,34.656123,0.0,34.656123
train,5e9ee4ae-31d4-50b7-8fb7-03920323038f,0,DEBIT,High,10,1,busy,32.914387,7.418681422301499,40.333068422301494
train,5e9ee4ae-31d4-50b7-8fb7-03920323038f,1,DEBIT,High,10,1,busy,32.914387,6.844622230746338,39.75900923074634
train,5e9ee4ae-31d4-50b7-8fb7-03920323038f,2,DEBIT,High,5,0,normal,32.914387,0.0,32.914387
train,5e9ee4ae-31d4-50b7-8fb7-03920323038f,0,DEBIT,Low,7,0,normal,52.312736,0.0,52.312736
train,5e9ee4ae-31d4-50b7-8fb7-03920323038f,1,DEBIT,Low,3,0,idle,52.312736,0.0,52.312736
train,5e9ee4ae-31d4-50b7-8fb7-03920323038f,2,DEBIT,Low,10,4,busy,52.312736,20.061101159361165,72.37383715936116
train,5e9ee4ae-31d4-50b7-8fb7-03920323038f,0,DEBIT,Medium,10,1,busy,40.422493,9.04837217961833,49.47086517961833
train,5e9ee4ae-31d4-50b7-8fb7-03920323038f,1,DEBIT,Medium,8,0,normal,40.422493,0.0,40.422493
train,5e9ee4ae-31d4-50b7-8fb7-03920323038f,2,DEBIT,Medium,9,0,normal,40.422493,0.0,40.422493
train,5ecc8159-9db9-5f02-ab6d-9d0586f40caf,0,CASH_OUT,High,10,11,surge,31.271179,37.818024084848076,69.08920308484808
train,5ecc8159-9db9-5f02-ab6d-9d0586f40caf,1,CASH_OUT,High,10,0,busy,31.271179,2.5296598345895456,33.80083883458955
train,5ecc8159-9db9-5f02-ab6d-9d0586f40caf,2,CASH_OUT,High,10,9,busy,31.271179,29.016612122414177,60.28779112241418
train,5ecc8159-9db9-5f02-ab6d-9d0586f40caf,0,CASH_OUT,Low,8,0,normal,46.111291,0.0,46.111291
train,5ecc8159-9db9-5f02-ab6d-9d0586f40caf,1,CASH_OUT,Low,10,23,surge,46.111291,104.73651092622532,150.84780192622532
train,5ecc8159-9db9-5f02-ab6d-9d0586f40caf,2,CASH_OUT,Low,9,0,normal,46.111291,0.0,46.111291
train,5ecc8159-9db9-5f02-ab6d-9d0586f40caf,0,CASH_OUT,Medium,10,12,surge,35.406399,49.54247294992799,84.94887194992799
train,5ecc8159-9db9-5f02-ab6d-9d0586f40caf,1,CASH_OUT,Medium,10,18,surge,35.406399,62.03508277223072,97.44148177223073
train,5ecc8159-9db9-5f02-ab6d-9d0586f40caf,2,CASH_OUT,Medium,6,0,normal,35.406399,0.0,35.406399
train,5f21abad-e8a7-5390-8c54-664bcbe8c078,0,DEBIT,High,9,0,normal,32.103541,0.0,32.103541
train,5f21abad-e8a7-5390-8c54-664bcbe8c078,1,DEBIT,High,1,0,idle,32.103541,0.0,32.103541
train,5f21abad-e8a7-5390-8c54-664bcbe8c078,2,DEBIT,High,10,4,busy,32.103541,14.42495301343115,46.52849401343115
train,5f21abad-e8a7-5390-8c54-664bcbe8c078,0,DEBIT,Low,6,0,normal,50.782307,0.0,50.782307
train,5f21abad-e8a7-5390-8c54-664bcbe8c078,1,DEBIT,Low,10,9,busy,50.782307,50.76454368005204,101.54685068005205
train,5f21abad-e8a7-5390-8c54-664bcbe8c078,2,DEBIT,Low,7,0,normal,50.782307,0.0,50.782307
train,5f21abad-e8a7-5390-8c54-664bcbe8c078,0,DEBIT,Medium,9,0,normal,40.444004,0.0,40.444004
train,5f21abad-e8a7-5390-8c54-664bcbe8c078,1,DEBIT,Medium,7,0,normal,40.444004,0.0,40.444004
train,5f21abad-e8a7-5390-8c54-664bcbe8c078,2,DEBIT,Medium,10,21,surge,40.444004,74.82557846177748,115.26958246177747
train,5f6bc0de-3f05-5189-b5d0-1ea18e4e9175,0,TRANSFER,High,10,2,busy,36.245973,5.625374540980943,41.87134754098094
train,5f6bc0de-3f05-5189-b5d0-1ea18e4e9175,1,TRANSFER,High,10,7,busy,36.245973,21.83106654007109,58.07703954007109
train,5f6bc0de-3f05-5189-b5d0-1ea18e4e9175,2,TRANSFER,High,10,17,surge,36.245973,48.09238949324417,84.33836249324418
train,5f6bc0de-3f05-5189-b5d0-1ea18e4e9175,0,TRANSFER,Low,2,0,idle,58.389972,0.0,58.389972
train,5f6bc0de-3f05-5189-b5d0-1ea18e4e9175,1,TRANSFER,Low,10,11,surge,58.389972,50.84587742906169,109.23584942906169
train,5f6bc0de-3f05-5189-b5d0-1ea18e4e9175,2,TRANSFER,Low,9,0,normal,58.389972,0.0,58.389972
train,5f6bc0de-3f05-5189-b5d0-1ea18e4e9175,0,TRANSFER,Medium,9,0,normal,44.386225,0.0,44.386225
train,5f6bc0de-3f05-5189-b5d0-1ea18e4e9175,1,TRANSFER,Medium,8,0,normal,44.386225,0.0,44.386225
train,5f6bc0de-3f05-5189-b5d0-1ea18e4e9175,2,TRANSFER,Medium,2,0,idle,44.386225,0.0,44.386225
train,5fe3a987-a36a-529e-a260-389df65ce7d7,0,DEBIT,High,10,29,surge,31.070982,80.56847876873707,111.63946076873707
train,5fe3a987-a36a-529e-a260-389df65ce7d7,1,DEBIT,High,10,10,busy,31.070982,28.78949599632894,59.86047799632894
train,5fe3a987-a36a-529e-a260-389df65ce7d7,2,DEBIT,High,10,7,busy,31.070982,26.270848918702136,57.341830918702136
train,5fe3a987-a36a-529e-a260-389df65ce7d7,0,DEBIT,Low,10,9,busy,51.060597,46.67590608543798,97.73650308543799
train,5fe3a987-a36a-529e-a260-389df65ce7d7,1,DEBIT,Low,0,0,idle,51.060597,0.0,51.060597
train,5fe3a987-a36a-529e-a260-389df65ce7d7,2,DEBIT,Low,10,7,busy,51.060597,37.1126835679162,88.17328056791621
train,5fe3a987-a36a-529e-a260-389df65ce7d7,0,DEBIT,Medium,1,0,idle,40.205441,0.0,40.205441
train,5fe3a987-a36a-529e-a260-389df65ce7d7,1,DEBIT,Medium,6,0,normal,40.205441,0.0,40.205441
train,5fe3a987-a36a-529e-a260-389df65ce7d7,2,DEBIT,Medium,10,8,busy,40.205441,33.04624373999716,73.25168473999716
train,601e45bb-5c41-5b8c-a3be-ebceef7a904a,0,CASH_OUT,High,10,16,surge,27.201091,47.101417711693124,74.30250871169312
train,601e45bb-5c41-5b8c-a3be-ebceef7a904a,1,CASH_OUT,High,3,0,idle,27.201091,0.0,27.201091
train,601e45bb-5c41-5b8c-a3be-ebceef7a904a,2,CASH_OUT,High,10,9,busy,27.201091,30.82224707751594,58.023338077515945
train,601e45bb-5c41-5b8c-a3be-ebceef7a904a,0,CASH_OUT,Low,1,0,idle,49.018669,0.0,49.018669
train,601e45bb-5c41-5b8c-a3be-ebceef7a904a,1,CASH_OUT,Low,2,0,idle,49.018669,0.0,49.018669
train,601e45bb-5c41-5b8c-a3be-ebceef7a904a,2,CASH_OUT,Low,10,3,busy,49.018669,24.51294089731211,73.53160989731211
train,601e45bb-5c41-5b8c-a3be-ebceef7a904a,0,CASH_OUT,Medium,5,0,normal,37.080804,0.0,37.080804
train,601e45bb-5c41-5b8c-a3be-ebceef7a904a,1,CASH_OUT,Medium,10,19,surge,37.080804,65.85119204158303,102.93199604158303
train,601e45bb-5c41-5b8c-a3be-ebceef7a904a,2,CASH_OUT,Medium,10,6,busy,37.080804,15.151865110320406,52.23266911032041
train,60b21c7f-6e2c-5538-9dbc-4cfcd985e703,0,DEBIT,High,10,5,busy,30.784161,14.946530676751046,45.73069167675105
train,60b21c7f-6e2c-5538-9dbc-4cfcd985e703,1,DEBIT,High,0,0,idle,30.784161,0.0,30.784161
train,60b21c7f-6e2c-5538-9dbc-4cfcd985e703,2,DEBIT,High,6,0,normal,30.784161,0.0,30.784161
train,60b21c7f-6e2c-5538-9dbc-4cfcd985e703,0,DEBIT,Low,10,8,busy,50.932037,45.72221960224075,96.65425660224075
train,60b21c7f-6e2c-5538-9dbc-4cfcd985e703,1,DEBIT,Low,5,0,normal,50.932037,0.0,50.932037
train,60b21c7f-6e2c-5538-9dbc-4cfcd985e703,2,DEBIT,Low,9,0,normal,50.932037,0.0,50.932037
train,60b21c7f-6e2c-5538-9dbc-4cfcd985e703,0,DEBIT,Medium,4,0,idle,40.261367,0.0,40.261367
train,60b21c7f-6e2c-5538-9dbc-4cfcd985e703,1,DEBIT,Medium,10,22,surge,40.261367,78.8256812654878,119.0870482654878
train,60b21c7f-6e2c-5538-9dbc-4cfcd985e703,2,DEBIT,Medium,4,0,idle,40.261367,0.0,40.261367
train,60b5f9a2-1c72-5658-a11c-82fb41d84efb,0,TRANSFER,High,10,0,busy,35.257556,5.056071540448509,40.31362754044851
train,60b5f9a2-1c72-5658-a11c-82fb41d84efb,1,TRANSFER,High,6,0,normal,35.257556,0.0,35.257556
train,60b5f9a2-1c72-5658-a11c-82fb41d84efb,2,TRANSFER,High,2,0,idle,35.257556,0.0,35.257556
train,60b5f9a2-1c72-5658-a11c-82fb41d84efb,0,TRANSFER,Low,5,0,normal,57.951298,0.0,57.951298
train,60b5f9a2-1c72-5658-a11c-82fb41d84efb,1,TRANSFER,Low,5,0,normal,57.951298,0.0,57.951298
train,60b5f9a2-1c72-5658-a11c-82fb41d84efb,2,TRANSFER,Low,7,0,normal,57.951298,0.0,57.951298
train,60b5f9a2-1c72-5658-a11c-82fb41d84efb,0,TRANSFER,Medium,10,9,busy,46.457944,35.754754565119484,82.21269856511948
train,60b5f9a2-1c72-5658-a11c-82fb41d84efb,1,TRANSFER,Medium,5,0,normal,46.457944,0.0,46.457944
train,60b5f9a2-1c72-5658-a11c-82fb41d84efb,2,TRANSFER,Medium,1,0,idle,46.457944,0.0,46.457944
train,60c708fb-7463-52e9-96b5-b50c816fcb7e,0,CASH_IN,High,10,2,busy,21.564871,8.07763299034483,29.642503990344828
train,60c708fb-7463-52e9-96b5-b50c816fcb7e,1,CASH_IN,High,10,7,busy,21.564871,17.20377089868316,38.76864189868316
train,60c708fb-7463-52e9-96b5-b50c816fcb7e,2,CASH_IN,High,9,0,normal,21.564871,0.0,21.564871
train,60c708fb-7463-52e9-96b5-b50c816fcb7e,0,CASH_IN,Low,10,0,busy,36.23252,10.414935703831521,46.647455703831525
train,60c708fb-7463-52e9-96b5-b50c816fcb7e,1,CASH_IN,Low,3,0,idle,36.23252,0.0,36.23252
train,60c708fb-7463-52e9-96b5-b50c816fcb7e,2,CASH_IN,Low,7,0,normal,36.23252,0.0,36.23252
train,60c708fb-7463-52e9-96b5-b50c816fcb7e,0,CASH_IN,Medium,10,5,busy,26.931071,26.405313029679046,53.336384029679046
train,60c708fb-7463-52e9-96b5-b50c816fcb7e,1,CASH_IN,Medium,10,6,busy,26.931071,20.721896332982283,47.652967332982286
train,60c708fb-7463-52e9-96b5-b50c816fcb7e,2,CASH_IN,Medium,10,21,surge,26.931071,72.09299162207998,99.02406262207998
train,60f4fcd1-7ce9-5cfa-a3f0-10f5b0c6b9c2,0,TRANSFER,High,10,9,busy,35.339913,31.097927126616412,66.43784012661641
train,60f4fcd1-7ce9-5cfa-a3f0-10f5b0c6b9c2,1,TRANSFER,High,7,0,normal,35.339913,0.0,35.339913
train,60f4fcd1-7ce9-5cfa-a3f0-10f5b0c6b9c2,2,TRANSFER,High,8,0,normal,35.339913,0.0,35.339913
train,60f4fcd1-7ce9-5cfa-a3f0-10f5b0c6b9c2,0,TRANSFER,Low,10,26,surge,58.908548,117.68653616881573,176.59508416881573
train,60f4fcd1-7ce9-5cfa-a3f0-10f5b0c6b9c2,1,TRANSFER,Low,9,0,normal,58.908548,0.0,58.908548
train,60f4fcd1-7ce9-5cfa-a3f0-10f5b0c6b9c2,2,TRANSFER,Low,7,0,normal,58.908548,0.0,58.908548
train,60f4fcd1-7ce9-5cfa-a3f0-10f5b0c6b9c2,0,TRANSFER,Medium,5,0,normal,44.383615,0.0,44.383615
train,60f4fcd1-7ce9-5cfa-a3f0-10f5b0c6b9c2,1,TRANSFER,Medium,7,0,normal,44.383615,0.0,44.383615
train,60f4fcd1-7ce9-5cfa-a3f0-10f5b0c6b9c2,2,TRANSFER,Medium,6,0,normal,44.383615,0.0,44.383615
train,60f6c6a6-3f90-5c95-b133-fb89f511778b,0,CASH_OUT,High,10,23,surge,29.824425,59.925202302093034,89.74962730209303
train,60f6c6a6-3f90-5c95-b133-fb89f511778b,1,CASH_OUT,High,10,0,busy,29.824425,3.3370872586634466,33.16151225866345
train,60f6c6a6-3f90-5c95-b133-fb89f511778b,2,CASH_OUT,High,10,10,busy,29.824425,28.81979877183068,58.64422377183068
train,60f6c6a6-3f90-5c95-b133-fb89f511778b,0,CASH_OUT,Low,2,0,idle,46.300912,0.0,46.300912
train,60f6c6a6-3f90-5c95-b133-fb89f511778b,1,CASH_OUT,Low,10,9,busy,46.300912,42.595198521244114,88.89611052124411
train,60f6c6a6-3f90-5c95-b133-fb89f511778b,2,CASH_OUT,Low,6,0,normal,46.300912,0.0,46.300912
train,60f6c6a6-3f90-5c95-b133-fb89f511778b,0,CASH_OUT,Medium,10,4,busy,36.029616,13.85501474445888,49.884630744458875
train,60f6c6a6-3f90-5c95-b133-fb89f511778b,1,CASH_OUT,Medium,10,1,busy,36.029616,10.96373409611449,46.99335009611448
train,60f6c6a6-3f90-5c95-b133-fb89f511778b,2,CASH_OUT,Medium,1,0,idle,36.029616,0.0,36.029616
train,619109fa-03e4-5569-b261-fb3c7168a802,0,DEBIT,High,7,0,normal,32.90889,0.0,32.90889
train,619109fa-03e4-5569-b261-fb3c7168a802,1,DEBIT,High,8,0,normal,32.90889,0.0,32.90889
train,619109fa-03e4-5569-b261-fb3c7168a802,2,DEBIT,High,8,0,normal,32.90889,0.0,32.90889
train,619109fa-03e4-5569-b261-fb3c7168a802,0,DEBIT,Low,10,15,surge,51.407874,83.04008177568001,134.44795577568001
train,619109fa-03e4-5569-b261-fb3c7168a802,1,DEBIT,Low,2,0,idle,51.407874,0.0,51.407874
train,619109fa-03e4-5569-b261-fb3c7168a802,2,DEBIT,Low,3,0,idle,51.407874,0.0,51.407874
train,619109fa-03e4-5569-b261-fb3c7168a802,0,DEBIT,Medium,7,0,normal,41.082874,0.0,41.082874
train,619109fa-03e4-5569-b261-fb3c7168a802,1,DEBIT,Medium,4,0,idle,41.082874,0.0,41.082874
train,619109fa-03e4-5569-b261-fb3c7168a802,2,DEBIT,Medium,10,5,busy,41.082874,24.545916182036677,65.62879018203668
train,61dc44e2-e46d-5e6b-95ac-e043762ab645,0,CASH_IN,High,10,10,busy,21.249509,30.075358628583288,51.32486762858329
train,61dc44e2-e46d-5e6b-95ac-e043762ab645,1,CASH_IN,High,1,0,idle,21.249509,0.0,21.249509
train,61dc44e2-e46d-5e6b-95ac-e043762ab645,2,CASH_IN,High,10,16,surge,21.249509,41.03028383986526,62.279792839865266
train,61dc44e2-e46d-5e6b-95ac-e043762ab645,0,CASH_IN,Low,7,0,normal,34.924744,0.0,34.924744
train,61dc44e2-e46d-5e6b-95ac-e043762ab645,1,CASH_IN,Low,10,25,surge,34.924744,116.45949635137312,151.3842403513731
train,61dc44e2-e46d-5e6b-95ac-e043762ab645,2,CASH_IN,Low,10,3,busy,34.924744,22.83362833060936,57.75837233060936
train,61dc44e2-e46d-5e6b-95ac-e043762ab645,0,CASH_IN,Medium,7,0,normal,27.341617,0.0,27.341617
train,61dc44e2-e46d-5e6b-95ac-e043762ab645,1,CASH_IN,Medium,8,0,normal,27.341617,0.0,27.341617
train,61dc44e2-e46d-5e6b-95ac-e043762ab645,2,CASH_IN,Medium,4,0,idle,27.341617,0.0,27.341617
train,620d9268-5068-56e4-a5d7-ff1182c62f4e,0,DEBIT,High,10,2,busy,30.906483,10.125068349604971,41.031551349604975
train,620d9268-5068-56e4-a5d7-ff1182c62f4e,1,DEBIT,High,6,0,normal,30.906483,0.0,30.906483
train,620d9268-5068-56e4-a5d7-ff1182c62f4e,2,DEBIT,High,0,0,idle,30.906483,0.0,30.906483
train,620d9268-5068-56e4-a5d7-ff1182c62f4e,0,DEBIT,Low,7,0,normal,49.37344,0.0,49.37344
train,620d9268-5068-56e4-a5d7-ff1182c62f4e,1,DEBIT,Low,10,13,surge,49.37344,75.40080784439527,124.77424784439528
train,620d9268-5068-56e4-a5d7-ff1182c62f4e,2,DEBIT,Low,0,0,idle,49.37344,0.0,49.37344
train,620d9268-5068-56e4-a5d7-ff1182c62f4e,0,DEBIT,Medium,6,0,normal,40.357876,0.0,40.357876
train,620d9268-5068-56e4-a5d7-ff1182c62f4e,1,DEBIT,Medium,10,9,busy,40.357876,30.736680647760842,71.09455664776084
train,620d9268-5068-56e4-a5d7-ff1182c62f4e,2,DEBIT,Medium,10,16,surge,40.357876,64.05355245154036,104.41142845154036
train,6288f687-272a-5bcd-96e5-7949c796f2de,0,CASH_IN,High,4,0,idle,21.822183,0.0,21.822183
train,6288f687-272a-5bcd-96e5-7949c796f2de,1,CASH_IN,High,10,2,busy,21.822183,8.305192433742553,30.12737543374255
train,6288f687-272a-5bcd-96e5-7949c796f2de,2,CASH_IN,High,1,0,idle,21.822183,0.0,21.822183
train,6288f687-272a-5bcd-96e5-7949c796f2de,0,CASH_IN,Low,10,17,surge,33.386101,80.62018872659328,114.00628972659328
train,6288f687-272a-5bcd-96e5-7949c796f2de,1,CASH_IN,Low,6,0,normal,33.386101,0.0,33.386101
train,6288f687-272a-5bcd-96e5-7949c796f2de,2,CASH_IN,Low,0,0,idle,33.386101,0.0,33.386101
train,6288f687-272a-5bcd-96e5-7949c796f2de,0,CASH_IN,Medium,7,0,normal,27.909598,0.0,27.909598
train,6288f687-272a-5bcd-96e5-7949c796f2de,1,CASH_IN,Medium,10,4,busy,27.909598,20.065802934195844,47.97540093419585
train,6288f687-272a-5bcd-96e5-7949c796f2de,2,CASH_IN,Medium,2,0,idle,27.909598,0.0,27.909598
train,63047105-0340-5762-845b-da1a3ade3c5e,0,DEBIT,High,10,13,surge,35.076845,41.425365040705664,76.50221004070566
train,63047105-0340-5762-845b-da1a3ade3c5e,1,DEBIT,High,5,0,normal,35.076845,0.0,35.076845
train,63047105-0340-5762-845b-da1a3ade3c5e,2,DEBIT,High,4,0,idle,35.076845,0.0,35.076845
train,63047105-0340-5762-845b-da1a3ade3c5e,0,DEBIT,Low,10,9,busy,51.59403,45.12060302517438,96.71463302517438
train,63047105-0340-5762-845b-da1a3ade3c5e,1,DEBIT,Low,5,0,normal,51.59403,0.0,51.59403
train,63047105-0340-5762-845b-da1a3ade3c5e,2,DEBIT,Low,10,7,busy,51.59403,45.999107136409506,97.5931371364095
train,63047105-0340-5762-845b-da1a3ade3c5e,0,DEBIT,Medium,7,0,normal,38.826384,0.0,38.826384
train,63047105-0340-5762-845b-da1a3ade3c5e,1,DEBIT,Medium,6,0,normal,38.826384,0.0,38.826384
train,63047105-0340-5762-845b-da1a3ade3c5e,2,DEBIT,Medium,1,0,idle,38.826384,0.0,38.826384
train,631c1806-67e4-55a9-afef-711bfc187b87,0,CASH_IN,High,10,6,busy,20.722205,22.25108235793173,42.973287357931724
train,631c1806-67e4-55a9-afef-711bfc187b87,1,CASH_IN,High,5,0,normal,20.722205,0.0,20.722205
train,631c1806-67e4-55a9-afef-711bfc187b87,2,CASH_IN,High,2,0,idle,20.722205,0.0,20.722205
train,631c1806-67e4-55a9-afef-711bfc187b87,0,CASH_IN,Low,5,0,normal,35.47072,0.0,35.47072
train,631c1806-67e4-55a9-afef-711bfc187b87,1,CASH_IN,Low,10,2,busy,35.47072,16.723822774028232,52.194542774028235
train,631c1806-67e4-55a9-afef-711bfc187b87,2,CASH_IN,Low,1,0,idle,35.47072,0.0,35.47072
train,631c1806-67e4-55a9-afef-711bfc187b87,0,CASH_IN,Medium,6,0,normal,27.598055,0.0,27.598055
train,631c1806-67e4-55a9-afef-711bfc187b87,1,CASH_IN,Medium,7,0,normal,27.598055,0.0,27.598055
train,631c1806-67e4-55a9-afef-711bfc187b87,2,CASH_IN,Medium,7,0,normal,27.598055,0.0,27.598055
train,6481aaa7-95d7-5dac-8434-ec29926f1b47,0,PAYMENT,High,10,1,busy,23.920872,5.837501940514231,29.758373940514232
train,6481aaa7-95d7-5dac-8434-ec29926f1b47,1,PAYMENT,High,8,0,normal,23.920872,0.0,23.920872
train,6481aaa7-95d7-5dac-8434-ec29926f1b47,2,PAYMENT,High,3,0,idle,23.920872,0.0,23.920872
train,6481aaa7-95d7-5dac-8434-ec29926f1b47,0,PAYMENT,Low,10,1,busy,38.844457,17.538406864597775,56.38286386459777
train,6481aaa7-95d7-5dac-8434-ec29926f1b47,1,PAYMENT,Low,5,0,normal,38.844457,0.0,38.844457
train,6481aaa7-95d7-5dac-8434-ec29926f1b47,2,PAYMENT,Low,10,10,busy,38.844457,56.934021549569984,95.77847854956998
train,6481aaa7-95d7-5dac-8434-ec29926f1b47,0,PAYMENT,Medium,3,0,idle,31.539257,0.0,31.539257
train,6481aaa7-95d7-5dac-8434-ec29926f1b47,1,PAYMENT,Medium,8,0,normal,31.539257,0.0,31.539257
train,6481aaa7-95d7-5dac-8434-ec29926f1b47,2,PAYMENT,Medium,10,19,surge,31.539257,73.11850404980025,104.65776104980026
train,64c8f28c-fa7c-5428-8efe-24dc9698967a,0,CASH_IN,High,10,3,busy,20.849844,8.224569399384697,29.074413399384696
train,64c8f28c-fa7c-5428-8efe-24dc9698967a,1,CASH_IN,High,10,2,busy,20.849844,13.178003148803512,34.02784714880352
train,64c8f28c-fa7c-5428-8efe-24dc9698967a,2,CASH_IN,High,10,9,busy,20.849844,31.00076525856811,51.85060925856811
train,64c8f28c-fa7c-5428-8efe-24dc9698967a,0,CASH_IN,Low,10,6,busy,37.60851,26.921957947800237,64.53046794780025
train,64c8f28c-fa7c-5428-8efe-24dc9698967a,1,CASH_IN,Low,6,0,normal,37.60851,0.0,37.60851
train,64c8f28c-fa7c-5428-8efe-24dc9698967a,2,CASH_IN,Low,1,0,idle,37.60851,0.0,37.60851
train,64c8f28c-fa7c-5428-8efe-24dc9698967a,0,CASH_IN,Medium,3,0,idle,29.270868,0.0,29.270868
train,64c8f28c-fa7c-5428-8efe-24dc9698967a,1,CASH_IN,Medium,0,0,idle,29.270868,0.0,29.270868
train,64c8f28c-fa7c-5428-8efe-24dc9698967a,2,CASH_IN,Medium,10,30,surge,29.270868,120.49227744047602,149.76314544047602
train,657640f5-99d0-5f4d-afc4-025951956292,0,PAYMENT,High,0,0,idle,24.258925,0.0,24.258925
train,657640f5-99d0-5f4d-afc4-025951956292,1,PAYMENT,High,9,0,normal,24.258925,0.0,24.258925
train,657640f5-99d0-5f4d-afc4-025951956292,2,PAYMENT,High,10,20,surge,24.258925,57.45646861346104,81.71539361346105
train,657640f5-99d0-5f4d-afc4-025951956292,0,PAYMENT,Low,10,10,busy,41.061567,49.92074188517558,90.98230888517557
train,657640f5-99d0-5f4d-afc4-025951956292,1,PAYMENT,Low,10,27,surge,41.061567,132.98602707999723,174.04759407999722
train,657640f5-99d0-5f4d-afc4-025951956292,2,PAYMENT,Low,10,22,surge,41.061567,108.71186751470145,149.77343451470145
train,657640f5-99d0-5f4d-afc4-025951956292,0,PAYMENT,Medium,10,19,surge,33.150607,66.18991794273454,99.34052494273453
train,657640f5-99d0-5f4d-afc4-025951956292,1,PAYMENT,Medium,1,0,idle,33.150607,0.0,33.150607
train,657640f5-99d0-5f4d-afc4-025951956292,2,PAYMENT,Medium,2,0,idle,33.150607,0.0,33.150607
train,66720c96-2862-5e79-8724-34e3b6043b33,0,CASH_IN,High,1,0,idle,20.673599,0.0,20.673599
train,66720c96-2862-5e79-8724-34e3b6043b33,1,CASH_IN,High,10,7,busy,20.673599,17.206343782650652,37.87994278265065
train,66720c96-2862-5e79-8724-34e3b6043b33,2,CASH_IN,High,10,12,surge,20.673599,31.82488739010862,52.498486390108624
train,66720c96-2862-5e79-8724-34e3b6043b33,0,CASH_IN,Low,0,0,idle,35.407579,0.0,35.407579
train,66720c96-2862-5e79-8724-34e3b6043b33,1,CASH_IN,Low,0,0,idle,35.407579,0.0,35.407579
train,66720c96-2862-5e79-8724-34e3b6043b33,2,CASH_IN,Low,10,6,busy,35.407579,22.5405413330508,57.948120333050795
train,66720c96-2862-5e79-8724-34e3b6043b33,0,CASH_IN,Medium,5,0,normal,26.269792,0.0,26.269792
train,66720c96-2862-5e79-8724-34e3b6043b33,1,CASH_IN,Medium,8,0,normal,26.269792,0.0,26.269792
train,66720c96-2862-5e79-8724-34e3b6043b33,2,CASH_IN,Medium,10,15,surge,26.269792,51.05482948621119,77.32462148621119
train,66cdd846-d032-5ee7-a8be-c925a5a1231f,0,TRANSFER,High,10,8,busy,36.402087,29.121539326865815,65.52362632686581
train,66cdd846-d032-5ee7-a8be-c925a5a1231f,1,TRANSFER,High,10,5,busy,36.402087,12.82285728412631,49.22494428412631
train,66cdd846-d032-5ee7-a8be-c925a5a1231f,2,TRANSFER,High,10,25,surge,36.402087,72.94768016543313,109.34976716543312
train,66cdd846-d032-5ee7-a8be-c925a5a1231f,0,TRANSFER,Low,10,3,busy,58.710553,21.031272512088744,79.74182551208874
train,66cdd846-d032-5ee7-a8be-c925a5a1231f,1,TRANSFER,Low,8,0,normal,58.710553,0.0,58.710553
train,66cdd846-d032-5ee7-a8be-c925a5a1231f,2,TRANSFER,Low,10,6,busy,58.710553,41.12366955048801,99.83422255048801
train,66cdd846-d032-5ee7-a8be-c925a5a1231f,0,TRANSFER,Medium,1,0,idle,44.176563,0.0,44.176563
train,66cdd846-d032-5ee7-a8be-c925a5a1231f,1,TRANSFER,Medium,10,18,surge,44.176563,64.02889152178406,108.20545452178406
train,66cdd846-d032-5ee7-a8be-c925a5a1231f,2,TRANSFER,Medium,0,0,idle,44.176563,0.0,44.176563
train,674301c5-8409-5134-974c-68ed11ad47d9,0,TRANSFER,High,8,0,normal,35.026846,0.0,35.026846
train,674301c5-8409-5134-974c-68ed11ad47d9,1,TRANSFER,High,10,0,busy,35.026846,2.460789529502571,37.48763552950257
train,674301c5-8409-5134-974c-68ed11ad47d9,2,TRANSFER,High,10,10,busy,35.026846,30.805117049434994,65.83196304943499
train,674301c5-8409-5134-974c-68ed11ad47d9,0,TRANSFER,Low,6,0,normal,56.876485,0.0,56.876485
train,674301c5-8409-5134-974c-68ed11ad47d9,1,TRANSFER,Low,0,0,idle,56.876485,0.0,56.876485
train,674301c5-8409-5134-974c-68ed11ad47d9,2,TRANSFER,Low,2,0,idle,56.876485,0.0,56.876485
train,674301c5-8409-5134-974c-68ed11ad47d9,0,TRANSFER,Medium,9,0,normal,43.980286,0.0,43.980286
train,674301c5-8409-5134-974c-68ed11ad47d9,1,TRANSFER,Medium,10,1,busy,43.980286,5.912972020253407,49.893258020253406
train,674301c5-8409-5134-974c-68ed11ad47d9,2,TRANSFER,Medium,10,3,busy,43.980286,14.767810927209723,58.74809692720972
train,677266ff-99bd-5c4b-8b49-03ad2562fffe,0,TRANSFER,High,9,0,normal,35.688166,0.0,35.688166
train,677266ff-99bd-5c4b-8b49-03ad2562fffe,1,TRANSFER,High,3,0,idle,35.688166,0.0,35.688166
train,677266ff-99bd-5c4b-8b49-03ad2562fffe,2,TRANSFER,High,10,9,busy,35.688166,27.719183698211115,63.40734969821112
train,677266ff-99bd-5c4b-8b49-03ad2562fffe,0,TRANSFER,Low,6,0,normal,57.927948,0.0,57.927948
train,677266ff-99bd-5c4b-8b49-03ad2562fffe,1,TRANSFER,Low,6,0,normal,57.927948,0.0,57.927948
train,677266ff-99bd-5c4b-8b49-03ad2562fffe,2,TRANSFER,Low,10,10,busy,57.927948,47.101754528434,105.029702528434
train,677266ff-99bd-5c4b-8b49-03ad2562fffe,0,TRANSFER,Medium,6,0,normal,44.100403,0.0,44.100403
train,677266ff-99bd-5c4b-8b49-03ad2562fffe,1,TRANSFER,Medium,8,0,normal,44.100403,0.0,44.100403
train,677266ff-99bd-5c4b-8b49-03ad2562fffe,2,TRANSFER,Medium,10,3,busy,44.100403,11.359824121735183,55.46022712173519
train,67a912ca-3622-597c-9bd8-2bb369faec63,0,DEBIT,High,10,7,busy,31.27036,27.234907965196875,58.50526796519688
train,67a912ca-3622-597c-9bd8-2bb369faec63,1,DEBIT,High,10,8,busy,31.27036,19.335551101580897,50.6059111015809
train,67a912ca-3622-597c-9bd8-2bb369faec63,2,DEBIT,High,0,0,idle,31.27036,0.0,31.27036
train,67a912ca-3622-597c-9bd8-2bb369faec63,0,DEBIT,Low,10,4,busy,51.326565,31.20639122407318,82.53295622407319
train,67a912ca-3622-597c-9bd8-2bb369faec63,1,DEBIT,Low,10,5,busy,51.326565,26.212467137649814,77.53903213764981
train,67a912ca-3622-597c-9bd8-2bb369faec63,2,DEBIT,Low,10,3,busy,51.326565,22.393446588835484,73.72001158883549
train,67a912ca-3622-597c-9bd8-2bb369faec63,0,DEBIT,Medium,5,0,normal,40.299723,0.0,40.299723
train,67a912ca-3622-597c-9bd8-2bb369faec63,1,DEBIT,Medium,10,28,surge,40.299723,97.34257560829626,137.64229860829624
train,67a912ca-3622-597c-9bd8-2bb369faec63,2,DEBIT,Medium,10,2,busy,40.299723,8.752001966433891,49.051724966433895
train,683bb639-b383-5d87-9873-1dee61306dec,0,TRANSFER,High,4,0,idle,37.850081,0.0,37.850081
train,683bb639-b383-5d87-9873-1dee61306dec,1,TRANSFER,High,2,0,idle,37.850081,0.0,37.850081
train,683bb639-b383-5d87-9873-1dee61306dec,2,TRANSFER,High,4,0,idle,37.850081,0.0,37.850081
train,683bb639-b383-5d87-9873-1dee61306dec,0,TRANSFER,Low,10,5,busy,57.224228,19.772982206321227,76.99721020632123
train,683bb639-b383-5d87-9873-1dee61306dec,1,TRANSFER,Low,8,0,normal,57.224228,0.0,57.224228
train,683bb639-b383-5d87-9873-1dee61306dec,2,TRANSFER,Low,8,0,normal,57.224228,0.0,57.224228
train,683bb639-b383-5d87-9873-1dee61306dec,0,TRANSFER,Medium,10,29,surge,46.740756,110.5102994156185,157.2510554156185
train,683bb639-b383-5d87-9873-1dee61306dec,1,TRANSFER,Medium,10,6,busy,46.740756,24.499962956184966,71.24071895618496
train,683bb639-b383-5d87-9873-1dee61306dec,2,TRANSFER,Medium,8,0,normal,46.740756,0.0,46.740756
train,683df9da-9d3e-59f4-9a2c-4bc82fda6708,0,PAYMENT,High,3,0,idle,26.305146,0.0,26.305146
train,683df9da-9d3e-59f4-9a2c-4bc82fda6708,1,PAYMENT,High,9,0,normal,26.305146,0.0,26.305146
train,683df9da-9d3e-59f4-9a2c-4bc82fda6708,2,PAYMENT,High,2,0,idle,26.305146,0.0,26.305146
train,683df9da-9d3e-59f4-9a2c-4bc82fda6708,0,PAYMENT,Low,10,7,busy,40.725458,34.482724295979594,75.2081822959796
train,683df9da-9d3e-59f4-9a2c-4bc82fda6708,1,PAYMENT,Low,6,0,normal,40.725458,0.0,40.725458
train,683df9da-9d3e-59f4-9a2c-4bc82fda6708,2,PAYMENT,Low,9,0,normal,40.725458,0.0,40.725458
train,683df9da-9d3e-59f4-9a2c-4bc82fda6708,0,PAYMENT,Medium,5,0,normal,31.945194,0.0,31.945194
train,683df9da-9d3e-59f4-9a2c-4bc82fda6708,1,PAYMENT,Medium,10,6,busy,31.945194,25.16555884663043,57.11075284663043
train,683df9da-9d3e-59f4-9a2c-4bc82fda6708,2,PAYMENT,Medium,7,0,normal,31.945194,0.0,31.945194
train,68494fb0-9e88-5576-af76-a17a16452965,0,CASH_OUT,High,10,23,surge,27.851644,60.72311763694681,88.57476163694682
train,68494fb0-9e88-5576-af76-a17a16452965,1,CASH_OUT,High,1,0,idle,27.851644,0.0,27.851644
train,68494fb0-9e88-5576-af76-a17a16452965,2,CASH_OUT,High,10,28,surge,27.851644,82.68878660037453,110.54043060037452
train,68494fb0-9e88-5576-af76-a17a16452965,0,CASH_OUT,Low,10,3,busy,47.581132,22.43405799912604,70.01518999912604
train,68494fb0-9e88-5576-af76-a17a16452965,1,CASH_OUT,Low,10,27,surge,47.581132,123.09378502198942,170.67491702198942
train,68494fb0-9e88-5576-af76-a17a16452965,2,CASH_OUT,Low,0,0,idle,47.581132,0.0,47.581132
train,68494fb0-9e88-5576-af76-a17a16452965,0,CASH_OUT,Medium,6,0,normal,37.879933,0.0,37.879933
train,68494fb0-9e88-5576-af76-a17a16452965,1,CASH_OUT,Medium,10,5,busy,37.879933,25.11186500294497,62.991798002944975
train,68494fb0-9e88-5576-af76-a17a16452965,2,CASH_OUT,Medium,10,0,busy,37.879933,3.227385266691261,41.107318266691266
train,689465b2-1b0c-5319-8652-72985a272575,0,TRANSFER,High,10,22,surge,36.116066,58.60231592551108,94.71838192551107
train,689465b2-1b0c-5319-8652-72985a272575,1,TRANSFER,High,10,12,surge,36.116066,35.196636772902856,71.31270277290285
train,689465b2-1b0c-5319-8652-72985a272575,2,TRANSFER,High,10,18,surge,36.116066,53.84200610271255,89.95807210271255
train,689465b2-1b0c-5319-8652-72985a272575,0,TRANSFER,Low,10,16,surge,59.14543,69.87240235195878,129.0178323519588
train,689465b2-1b0c-5319-8652-72985a272575,1,TRANSFER,Low,0,0,idle,59.14543,0.0,59.14543
train,689465b2-1b0c-5319-8652-72985a272575,2,TRANSFER,Low,4,0,idle,59.14543,0.0,59.14543
train,689465b2-1b0c-5319-8652-72985a272575,0,TRANSFER,Medium,8,0,normal,44.060048,0.0,44.060048
train,689465b2-1b0c-5319-8652-72985a272575,1,TRANSFER,Medium,10,1,busy,44.060048,13.122378983043685,57.18242698304368
train,689465b2-1b0c-5319-8652-72985a272575,2,TRANSFER,Medium,10,24,surge,44.060048,78.0272205379016,122.0872685379016
train,68a1258c-983d-5e7f-b865-ad70be4d3746,0,DEBIT,High,10,2,busy,34.752911,14.509304546786995,49.26221554678699
train,68a1258c-983d-5e7f-b865-ad70be4d3746,1,DEBIT,High,10,9,busy,34.752911,31.873995684452808,66.6269066844528
train,68a1258c-983d-5e7f-b865-ad70be4d3746,2,DEBIT,High,10,2,busy,34.752911,11.067160987780772,45.82007198778077
train,68a1258c-983d-5e7f-b865-ad70be4d3746,0,DEBIT,Low,7,0,normal,52.010208,0.0,52.010208
train,68a1258c-983d-5e7f-b865-ad70be4d3746,1,DEBIT,Low,5,0,normal,52.010208,0.0,52.010208
train,68a1258c-983d-5e7f-b865-ad70be4d3746,2,DEBIT,Low,10,1,busy,52.010208,11.987693215037174,63.997901215037174
train,68a1258c-983d-5e7f-b865-ad70be4d3746,0,DEBIT,Medium,2,0,idle,42.621333,0.0,42.621333
train,68a1258c-983d-5e7f-b865-ad70be4d3746,1,DEBIT,Medium,5,0,normal,42.621333,0.0,42.621333
train,68a1258c-983d-5e7f-b865-ad70be4d3746,2,DEBIT,Medium,7,0,normal,42.621333,0.0,42.621333
train,68f2d978-0084-5a4b-8625-09fca67b4a57,0,TRANSFER,High,0,0,idle,34.621219,0.0,34.621219
train,68f2d978-0084-5a4b-8625-09fca67b4a57,1,TRANSFER,High,6,0,normal,34.621219,0.0,34.621219
train,68f2d978-0084-5a4b-8625-09fca67b4a57,2,TRANSFER,High,9,0,normal,34.621219,0.0,34.621219
train,68f2d978-0084-5a4b-8625-09fca67b4a57,0,TRANSFER,Low,9,0,normal,57.820364,0.0,57.820364
train,68f2d978-0084-5a4b-8625-09fca67b4a57,1,TRANSFER,Low,10,21,surge,57.820364,104.87712435850449,162.69748835850447
train,68f2d978-0084-5a4b-8625-09fca67b4a57,2,TRANSFER,Low,9,0,normal,57.820364,0.0,57.820364
train,68f2d978-0084-5a4b-8625-09fca67b4a57,0,TRANSFER,Medium,9,0,normal,43.733505,0.0,43.733505
train,68f2d978-0084-5a4b-8625-09fca67b4a57,1,TRANSFER,Medium,2,0,idle,43.733505,0.0,43.733505
train,68f2d978-0084-5a4b-8625-09fca67b4a57,2,TRANSFER,Medium,10,15,surge,43.733505,52.4034895156929,96.13699451569289
train,69226660-7396-59ab-8cd0-5020b038f2f7,0,TRANSFER,High,10,7,busy,34.640627,25.334477162237643,59.97510416223764
train,69226660-7396-59ab-8cd0-5020b038f2f7,1,TRANSFER,High,2,0,idle,34.640627,0.0,34.640627
train,69226660-7396-59ab-8cd0-5020b038f2f7,2,TRANSFER,High,2,0,idle,34.640627,0.0,34.640627
train,69226660-7396-59ab-8cd0-5020b038f2f7,0,TRANSFER,Low,10,7,busy,59.805201,39.286674903469205,99.0918759034692
train,69226660-7396-59ab-8cd0-5020b038f2f7,1,TRANSFER,Low,10,8,busy,59.805201,36.14857953791897,95.95378053791896
train,69226660-7396-59ab-8cd0-5020b038f2f7,2,TRANSFER,Low,0,0,idle,59.805201,0.0,59.805201
train,69226660-7396-59ab-8cd0-5020b038f2f7,0,TRANSFER,Medium,10,6,busy,45.740765,24.62619047695699,70.36695547695699
train,69226660-7396-59ab-8cd0-5020b038f2f7,1,TRANSFER,Medium,9,0,normal,45.740765,0.0,45.740765
train,69226660-7396-59ab-8cd0-5020b038f2f7,2,TRANSFER,Medium,8,0,normal,45.740765,0.0,45.740765
train,69255752-01f2-5929-980b-b973df07ec40,0,CASH_OUT,High,10,2,busy,27.557061,11.928052563107771,39.485113563107774
train,69255752-01f2-5929-980b-b973df07ec40,1,CASH_OUT,High,9,0,normal,27.557061,0.0,27.557061
train,69255752-01f2-5929-980b-b973df07ec40,2,CASH_OUT,High,10,26,surge,27.557061,74.75173086991292,102.30879186991292
train,69255752-01f2-5929-980b-b973df07ec40,0,CASH_OUT,Low,2,0,idle,47.881887,0.0,47.881887
train,69255752-01f2-5929-980b-b973df07ec40,1,CASH_OUT,Low,10,23,surge,47.881887,105.50089732546088,153.38278432546088
train,69255752-01f2-5929-980b-b973df07ec40,2,CASH_OUT,Low,10,8,busy,47.881887,40.61156164244593,88.49344864244593
train,69255752-01f2-5929-980b-b973df07ec40,0,CASH_OUT,Medium,8,0,normal,36.964241,0.0,36.964241
train,69255752-01f2-5929-980b-b973df07ec40,1,CASH_OUT,Medium,2,0,idle,36.964241,0.0,36.964241
train,69255752-01f2-5929-980b-b973df07ec40,2,CASH_OUT,Medium,2,0,idle,36.964241,0.0,36.964241
train,6941b8d3-e95e-522a-97bc-db1b0fc3c553,0,CASH_IN,High,0,0,idle,22.200205,0.0,22.200205
train,6941b8d3-e95e-522a-97bc-db1b0fc3c553,1,CASH_IN,High,4,0,idle,22.200205,0.0,22.200205
train,6941b8d3-e95e-522a-97bc-db1b0fc3c553,2,CASH_IN,High,10,27,surge,22.200205,70.63310318556238,92.83330818556237
train,6941b8d3-e95e-522a-97bc-db1b0fc3c553,0,CASH_IN,Low,10,7,busy,37.558685,36.85438791874979,74.41307291874978
train,6941b8d3-e95e-522a-97bc-db1b0fc3c553,1,CASH_IN,Low,4,0,idle,37.558685,0.0,37.558685
train,6941b8d3-e95e-522a-97bc-db1b0fc3c553,2,CASH_IN,Low,9,0,normal,37.558685,0.0,37.558685
train,6941b8d3-e95e-522a-97bc-db1b0fc3c553,0,CASH_IN,Medium,10,21,surge,27.09854,72.15979594876566,99.25833594876566
train,6941b8d3-e95e-522a-97bc-db1b0fc3c553,1,CASH_IN,Medium,7,0,normal,27.09854,0.0,27.09854
train,6941b8d3-e95e-522a-97bc-db1b0fc3c553,2,CASH_IN,Medium,10,9,busy,27.09854,33.524366677736815,60.622906677736815
train,69b503d4-bddf-5825-80d2-b5947af68399,0,CASH_IN,High,6,0,normal,21.62701,0.0,21.62701
train,69b503d4-bddf-5825-80d2-b5947af68399,1,CASH_IN,High,10,6,busy,21.62701,17.344820509897758,38.97183050989776
train,69b503d4-bddf-5825-80d2-b5947af68399,2,CASH_IN,High,5,0,normal,21.62701,0.0,21.62701
train,69b503d4-bddf-5825-80d2-b5947af68399,0,CASH_IN,Low,6,0,normal,33.37508,0.0,33.37508
train,69b503d4-bddf-5825-80d2-b5947af68399,1,CASH_IN,Low,10,5,busy,33.37508,27.113478445685544,60.48855844568554
train,69b503d4-bddf-5825-80d2-b5947af68399,2,CASH_IN,Low,10,6,busy,33.37508,28.49014119364582,61.865221193645816
train,69b503d4-bddf-5825-80d2-b5947af68399,0,CASH_IN,Medium,0,0,idle,27.868304,0.0,27.868304
train,69b503d4-bddf-5825-80d2-b5947af68399,1,CASH_IN,Medium,3,0,idle,27.868304,0.0,27.868304
train,69b503d4-bddf-5825-80d2-b5947af68399,2,CASH_IN,Medium,9,0,normal,27.868304,0.0,27.868304
train,69fbceb4-cd5e-5845-bad0-e13a158899cd,0,PAYMENT,High,10,29,surge,25.030742,85.18858198835706,110.21932398835706
train,69fbceb4-cd5e-5845-bad0-e13a158899cd,1,PAYMENT,High,10,5,busy,25.030742,8.881615530817772,33.91235753081777
train,69fbceb4-cd5e-5845-bad0-e13a158899cd,2,PAYMENT,High,10,27,surge,25.030742,71.66261516475927,96.69335716475928
train,69fbceb4-cd5e-5845-bad0-e13a158899cd,0,PAYMENT,Low,10,14,surge,39.939798,79.03584915243924,118.97564715243925
train,69fbceb4-cd5e-5845-bad0-e13a158899cd,1,PAYMENT,Low,4,0,idle,39.939798,0.0,39.939798
train,69fbceb4-cd5e-5845-bad0-e13a158899cd,2,PAYMENT,Low,10,0,busy,39.939798,3.758667023349154,43.69846502334916
train,69fbceb4-cd5e-5845-bad0-e13a158899cd,0,PAYMENT,Medium,6,0,normal,33.691781,0.0,33.691781
train,69fbceb4-cd5e-5845-bad0-e13a158899cd,1,PAYMENT,Medium,10,9,busy,33.691781,30.383271167029605,64.07505216702961
train,69fbceb4-cd5e-5845-bad0-e13a158899cd,2,PAYMENT,Medium,10,7,busy,33.691781,21.294490129020055,54.986271129020054
train,6a633e34-5842-59fb-b213-cb6b0d47df26,0,CASH_IN,High,1,0,idle,20.890752,0.0,20.890752
train,6a633e34-5842-59fb-b213-cb6b0d47df26,1,CASH_IN,High,10,3,busy,20.890752,11.094622715861375,31.985374715861376
train,6a633e34-5842-59fb-b213-cb6b0d47df26,2,CASH_IN,High,10,0,busy,20.890752,5.016267807206272,25.90701980720627
train,6a633e34-5842-59fb-b213-cb6b0d47df26,0,CASH_IN,Low,1,0,idle,32.545319,0.0,32.545319
train,6a633e34-5842-59fb-b213-cb6b0d47df26,1,CASH_IN,Low,10,13,surge,32.545319,54.72231071309467,87.26762971309466
train,6a633e34-5842-59fb-b213-cb6b0d47df26,2,CASH_IN,Low,8,0,normal,32.545319,0.0,32.545319
train,6a633e34-5842-59fb-b213-cb6b0d47df26,0,CASH_IN,Medium,9,0,normal,27.653628,0.0,27.653628
train,6a633e34-5842-59fb-b213-cb6b0d47df26,1,CASH_IN,Medium,10,8,busy,27.653628,22.540358196808846,50.19398619680885
train,6a633e34-5842-59fb-b213-cb6b0d47df26,2,CASH_IN,Medium,10,4,busy,27.653628,10.312888515033013,37.966516515033014
train,6ab70133-03a2-51bc-9e44-b26b06288ffc,0,PAYMENT,High,0,0,idle,25.175732,0.0,25.175732
train,6ab70133-03a2-51bc-9e44-b26b06288ffc,1,PAYMENT,High,10,0,busy,25.175732,2.201638317014492,27.377370317014492
train,6ab70133-03a2-51bc-9e44-b26b06288ffc,2,PAYMENT,High,7,0,normal,25.175732,0.0,25.175732
train,6ab70133-03a2-51bc-9e44-b26b06288ffc,0,PAYMENT,Low,10,21,surge,39.831592,95.68418274845462,135.51577474845462
train,6ab70133-03a2-51bc-9e44-b26b06288ffc,1,PAYMENT,Low,7,0,normal,39.831592,0.0,39.831592
train,6ab70133-03a2-51bc-9e44-b26b06288ffc,2,PAYMENT,Low,8,0,normal,39.831592,0.0,39.831592
train,6ab70133-03a2-51bc-9e44-b26b06288ffc,0,PAYMENT,Medium,9,0,normal,31.008275,0.0,31.008275
train,6ab70133-03a2-51bc-9e44-b26b06288ffc,1,PAYMENT,Medium,5,0,normal,31.008275,0.0,31.008275
train,6ab70133-03a2-51bc-9e44-b26b06288ffc,2,PAYMENT,Medium,6,0,normal,31.008275,0.0,31.008275
train,6aceddcb-d675-5605-9954-99745367e611,0,DEBIT,High,10,1,busy,33.304363,2.49063086013293,35.794993860132934
train,6aceddcb-d675-5605-9954-99745367e611,1,DEBIT,High,10,6,busy,33.304363,19.937357570766494,53.241720570766496
train,6aceddcb-d675-5605-9954-99745367e611,2,DEBIT,High,10,6,busy,33.304363,19.885593716620235,53.18995671662024
train,6aceddcb-d675-5605-9954-99745367e611,0,DEBIT,Low,10,15,surge,51.891927,78.41581565775617,130.30774265775617
train,6aceddcb-d675-5605-9954-99745367e611,1,DEBIT,Low,1,0,idle,51.891927,0.0,51.891927
train,6aceddcb-d675-5605-9954-99745367e611,2,DEBIT,Low,6,0,normal,51.891927,0.0,51.891927
train,6aceddcb-d675-5605-9954-99745367e611,0,DEBIT,Medium,10,6,busy,39.812574,34.089605735548716,73.90217973554871
train,6aceddcb-d675-5605-9954-99745367e611,1,DEBIT,Medium,10,6,busy,39.812574,19.014695837498454,58.82726983749845
train,6aceddcb-d675-5605-9954-99745367e611,2,DEBIT,Medium,6,0,normal,39.812574,0.0,39.812574
train,6ae68cff-24ce-54f4-aebe-c2b1e34af9a9,0,TRANSFER,High,5,0,normal,34.022158,0.0,34.022158
train,6ae68cff-24ce-54f4-aebe-c2b1e34af9a9,1,TRANSFER,High,6,0,normal,34.022158,0.0,34.022158
train,6ae68cff-24ce-54f4-aebe-c2b1e34af9a9,2,TRANSFER,High,5,0,normal,34.022158,0.0,34.022158
train,6ae68cff-24ce-54f4-aebe-c2b1e34af9a9,0,TRANSFER,Low,6,0,normal,57.503376,0.0,57.503376
train,6ae68cff-24ce-54f4-aebe-c2b1e34af9a9,1,TRANSFER,Low,10,7,busy,57.503376,31.947272897444865,89.45064889744486
train,6ae68cff-24ce-54f4-aebe-c2b1e34af9a9,2,TRANSFER,Low,6,0,normal,57.503376,0.0,57.503376
train,6ae68cff-24ce-54f4-aebe-c2b1e34af9a9,0,TRANSFER,Medium,10,27,surge,44.514089,98.11665685449644,142.63074585449644
train,6ae68cff-24ce-54f4-aebe-c2b1e34af9a9,1,TRANSFER,Medium,10,10,busy,44.514089,36.46874940334585,80.98283840334585
train,6ae68cff-24ce-54f4-aebe-c2b1e34af9a9,2,TRANSFER,Medium,2,0,idle,44.514089,0.0,44.514089
train,6af0b569-6c94-5aed-b3cb-2cc12b2a7e55,0,DEBIT,High,10,5,busy,30.898181,16.20162429285537,47.09980529285537
train,6af0b569-6c94-5aed-b3cb-2cc12b2a7e55,1,DEBIT,High,4,0,idle,30.898181,0.0,30.898181
train,6af0b569-6c94-5aed-b3cb-2cc12b2a7e55,2,DEBIT,High,10,4,busy,30.898181,6.358731409345689,37.25691240934569
train,6af0b569-6c94-5aed-b3cb-2cc12b2a7e55,0,DEBIT,Low,0,0,idle,50.590413,0.0,50.590413
train,6af0b569-6c94-5aed-b3cb-2cc12b2a7e55,1,DEBIT,Low,8,0,normal,50.590413,0.0,50.590413
train,6af0b569-6c94-5aed-b3cb-2cc12b2a7e55,2,DEBIT,Low,6,0,normal,50.590413,0.0,50.590413
train,6af0b569-6c94-5aed-b3cb-2cc12b2a7e55,0,DEBIT,Medium,10,12,surge,41.718877,53.01709799774228,94.73597499774229
train,6af0b569-6c94-5aed-b3cb-2cc12b2a7e55,1,DEBIT,Medium,0,0,idle,41.718877,0.0,41.718877
train,6af0b569-6c94-5aed-b3cb-2cc12b2a7e55,2,DEBIT,Medium,2,0,idle,41.718877,0.0,41.718877
train,6b4cafd7-39dd-5461-b14b-a063ccb40f22,0,DEBIT,High,10,7,busy,32.22529,20.56314352666997,52.78843352666997
train,6b4cafd7-39dd-5461-b14b-a063ccb40f22,1,DEBIT,High,9,0,normal,32.22529,0.0,32.22529
train,6b4cafd7-39dd-5461-b14b-a063ccb40f22,2,DEBIT,High,7,0,normal,32.22529,0.0,32.22529
train,6b4cafd7-39dd-5461-b14b-a063ccb40f22,0,DEBIT,Low,10,29,surge,51.712915,137.76482142071123,189.47773642071124
train,6b4cafd7-39dd-5461-b14b-a063ccb40f22,1,DEBIT,Low,1,0,idle,51.712915,0.0,51.712915
train,6b4cafd7-39dd-5461-b14b-a063ccb40f22,2,DEBIT,Low,10,15,surge,51.712915,74.2355621521481,125.94847715214812
train,6b4cafd7-39dd-5461-b14b-a063ccb40f22,0,DEBIT,Medium,1,0,idle,40.306522,0.0,40.306522
train,6b4cafd7-39dd-5461-b14b-a063ccb40f22,1,DEBIT,Medium,8,0,normal,40.306522,0.0,40.306522
train,6b4cafd7-39dd-5461-b14b-a063ccb40f22,2,DEBIT,Medium,10,8,busy,40.306522,23.881870582223172,64.18839258222317
train,6b77f955-763e-543c-bdbb-ef19c5c88f8f,0,CASH_IN,High,6,0,normal,21.980356,0.0,21.980356
train,6b77f955-763e-543c-bdbb-ef19c5c88f8f,1,CASH_IN,High,10,26,surge,21.980356,70.62629582281052,92.60665182281052
train,6b77f955-763e-543c-bdbb-ef19c5c88f8f,2,CASH_IN,High,8,0,normal,21.980356,0.0,21.980356
train,6b77f955-763e-543c-bdbb-ef19c5c88f8f,0,CASH_IN,Low,8,0,normal,35.223357,0.0,35.223357
train,6b77f955-763e-543c-bdbb-ef19c5c88f8f,1,CASH_IN,Low,6,0,normal,35.223357,0.0,35.223357
train,6b77f955-763e-543c-bdbb-ef19c5c88f8f,2,CASH_IN,Low,10,2,busy,35.223357,13.43257205508257,48.65592905508257
train,6b77f955-763e-543c-bdbb-ef19c5c88f8f,0,CASH_IN,Medium,7,0,normal,27.686787,0.0,27.686787
train,6b77f955-763e-543c-bdbb-ef19c5c88f8f,1,CASH_IN,Medium,10,0,busy,27.686787,6.060106727055238,33.74689372705524
train,6b77f955-763e-543c-bdbb-ef19c5c88f8f,2,CASH_IN,Medium,10,5,busy,27.686787,29.36444404773674,57.051231047736735
train,6b80f56f-40da-5f35-bdcf-37280fefba87,0,DEBIT,High,3,0,idle,34.411944,0.0,34.411944
train,6b80f56f-40da-5f35-bdcf-37280fefba87,1,DEBIT,High,5,0,normal,34.411944,0.0,34.411944
train,6b80f56f-40da-5f35-bdcf-37280fefba87,2,DEBIT,High,10,2,busy,34.411944,3.2005413404955703,37.61248534049557
train,6b80f56f-40da-5f35-bdcf-37280fefba87,0,DEBIT,Low,10,5,busy,53.830099,22.391205491524243,76.22130449152424
train,6b80f56f-40da-5f35-bdcf-37280fefba87,1,DEBIT,Low,10,0,busy,53.830099,3.5621815408406707,57.392280540840666
train,6b80f56f-40da-5f35-bdcf-37280fefba87,2,DEBIT,Low,10,3,busy,53.830099,13.247358520931877,67.07745752093187
train,6b80f56f-40da-5f35-bdcf-37280fefba87,0,DEBIT,Medium,10,7,busy,42.524148,35.649845006722046,78.17399300672204
train,6b80f56f-40da-5f35-bdcf-37280fefba87,1,DEBIT,Medium,10,4,busy,42.524148,17.622742855382572,60.146890855382566
train,6b80f56f-40da-5f35-bdcf-37280fefba87,2,DEBIT,Medium,6,0,normal,42.524148,0.0,42.524148
train,6b993cba-0acc-52b7-9be5-688a72ec1f7f,0,TRANSFER,High,6,0,normal,35.637311,0.0,35.637311
train,6b993cba-0acc-52b7-9be5-688a72ec1f7f,1,TRANSFER,High,9,0,normal,35.637311,0.0,35.637311
train,6b993cba-0acc-52b7-9be5-688a72ec1f7f,2,TRANSFER,High,3,0,idle,35.637311,0.0,35.637311
train,6b993cba-0acc-52b7-9be5-688a72ec1f7f,0,TRANSFER,Low,8,0,normal,58.022975,0.0,58.022975
train,6b993cba-0acc-52b7-9be5-688a72ec1f7f,1,TRANSFER,Low,9,0,normal,58.022975,0.0,58.022975
train,6b993cba-0acc-52b7-9be5-688a72ec1f7f,2,TRANSFER,Low,10,6,busy,58.022975,25.182851957856844,83.20582695785684
train,6b993cba-0acc-52b7-9be5-688a72ec1f7f,0,TRANSFER,Medium,6,0,normal,46.214078,0.0,46.214078
train,6b993cba-0acc-52b7-9be5-688a72ec1f7f,1,TRANSFER,Medium,8,0,normal,46.214078,0.0,46.214078
train,6b993cba-0acc-52b7-9be5-688a72ec1f7f,2,TRANSFER,Medium,1,0,idle,46.214078,0.0,46.214078
train,6cb27940-cab3-59ca-aa3b-a2b74503dc24,0,CASH_IN,High,5,0,normal,21.816139,0.0,21.816139
train,6cb27940-cab3-59ca-aa3b-a2b74503dc24,1,CASH_IN,High,6,0,normal,21.816139,0.0,21.816139
train,6cb27940-cab3-59ca-aa3b-a2b74503dc24,2,CASH_IN,High,10,24,surge,21.816139,67.17027781231405,88.98641681231405
train,6cb27940-cab3-59ca-aa3b-a2b74503dc24,0,CASH_IN,Low,7,0,normal,33.579281,0.0,33.579281
train,6cb27940-cab3-59ca-aa3b-a2b74503dc24,1,CASH_IN,Low,10,23,surge,33.579281,106.0117711571075,139.5910521571075
train,6cb27940-cab3-59ca-aa3b-a2b74503dc24,2,CASH_IN,Low,10,0,busy,33.579281,5.086725812749768,38.66600681274977
train,6cb27940-cab3-59ca-aa3b-a2b74503dc24,0,CASH_IN,Medium,10,8,busy,25.733437,28.600483954388345,54.33392095438835
train,6cb27940-cab3-59ca-aa3b-a2b74503dc24,1,CASH_IN,Medium,10,8,busy,25.733437,38.9710021110577,64.7044391110577
train,6cb27940-cab3-59ca-aa3b-a2b74503dc24,2,CASH_IN,Medium,10,20,surge,25.733437,84.62833761200108,110.36177461200107
train,6d1dec28-aa4a-5b38-bd40-8eac146c9493,0,CASH_IN,High,5,0,normal,20.538449,0.0,20.538449
train,6d1dec28-aa4a-5b38-bd40-8eac146c9493,1,CASH_IN,High,2,0,idle,20.538449,0.0,20.538449
train,6d1dec28-aa4a-5b38-bd40-8eac146c9493,2,CASH_IN,High,10,29,surge,20.538449,88.26827064530306,108.80671964530306
train,6d1dec28-aa4a-5b38-bd40-8eac146c9493,0,CASH_IN,Low,7,0,normal,33.182494,0.0,33.182494
train,6d1dec28-aa4a-5b38-bd40-8eac146c9493,1,CASH_IN,Low,10,0,busy,33.182494,2.641879624631828,35.824373624631825
train,6d1dec28-aa4a-5b38-bd40-8eac146c9493,2,CASH_IN,Low,4,0,idle,33.182494,0.0,33.182494
train,6d1dec28-aa4a-5b38-bd40-8eac146c9493,0,CASH_IN,Medium,10,23,surge,27.356882,98.11924282119354,125.47612482119354
train,6d1dec28-aa4a-5b38-bd40-8eac146c9493,1,CASH_IN,Medium,5,0,normal,27.356882,0.0,27.356882
train,6d1dec28-aa4a-5b38-bd40-8eac146c9493,2,CASH_IN,Medium,2,0,idle,27.356882,0.0,27.356882
train,6d40c5db-4e5e-5c87-9626-a381b6f54e7c,0,TRANSFER,High,6,0,normal,34.060246,0.0,34.060246
train,6d40c5db-4e5e-5c87-9626-a381b6f54e7c,1,TRANSFER,High,10,4,busy,34.060246,8.326710072958921,42.386956072958924
train,6d40c5db-4e5e-5c87-9626-a381b6f54e7c,2,TRANSFER,High,10,6,busy,34.060246,19.824281476303344,53.88452747630335
train,6d40c5db-4e5e-5c87-9626-a381b6f54e7c,0,TRANSFER,Low,10,24,surge,57.430164,114.77550197740348,172.20566597740347
train,6d40c5db-4e5e-5c87-9626-a381b6f54e7c,1,TRANSFER,Low,8,0,normal,57.430164,0.0,57.430164
train,6d40c5db-4e5e-5c87-9626-a381b6f54e7c,2,TRANSFER,Low,9,0,normal,57.430164,0.0,57.430164
train,6d40c5db-4e5e-5c87-9626-a381b6f54e7c,0,TRANSFER,Medium,9,0,normal,43.928624,0.0,43.928624
train,6d40c5db-4e5e-5c87-9626-a381b6f54e7c,1,TRANSFER,Medium,5,0,normal,43.928624,0.0,43.928624
train,6d40c5db-4e5e-5c87-9626-a381b6f54e7c,2,TRANSFER,Medium,10,4,busy,43.928624,26.31067512640567,70.23929912640567
train,6d629a4c-fd39-5eac-a4e5-4fbfb5e7d899,0,DEBIT,High,10,11,surge,33.005789,38.310847778819976,71.31663677881997
train,6d629a4c-fd39-5eac-a4e5-4fbfb5e7d899,1,DEBIT,High,6,0,normal,33.005789,0.0,33.005789
train,6d629a4c-fd39-5eac-a4e5-4fbfb5e7d899,2,DEBIT,High,10,0,busy,33.005789,6.601951583879621,39.60774058387962
train,6d629a4c-fd39-5eac-a4e5-4fbfb5e7d899,0,DEBIT,Low,10,8,busy,51.820983,31.76797800764206,83.58896100764206
train,6d629a4c-fd39-5eac-a4e5-4fbfb5e7d899,1,DEBIT,Low,10,8,busy,51.820983,38.28170888124592,90.10269188124592
train,6d629a4c-fd39-5eac-a4e5-4fbfb5e7d899,2,DEBIT,Low,1,0,idle,51.820983,0.0,51.820983
train,6d629a4c-fd39-5eac-a4e5-4fbfb5e7d899,0,DEBIT,Medium,10,6,busy,41.447694,29.797879545234693,71.24557354523469
train,6d629a4c-fd39-5eac-a4e5-4fbfb5e7d899,1,DEBIT,Medium,2,0,idle,41.447694,0.0,41.447694
train,6d629a4c-fd39-5eac-a4e5-4fbfb5e7d899,2,DEBIT,Medium,10,3,busy,41.447694,11.313928727799343,52.76162272779934
train,6d77ce42-ee3d-52e7-a730-0c5a13f9d36c,0,CASH_OUT,High,2,0,idle,28.918618,0.0,28.918618
train,6d77ce42-ee3d-52e7-a730-0c5a13f9d36c,1,CASH_OUT,High,10,4,busy,28.918618,14.820581674289942,43.73919967428994
train,6d77ce42-ee3d-52e7-a730-0c5a13f9d36c,2,CASH_OUT,High,8,0,normal,28.918618,0.0,28.918618
train,6d77ce42-ee3d-52e7-a730-0c5a13f9d36c,0,CASH_OUT,Low,9,0,normal,45.952651,0.0,45.952651
train,6d77ce42-ee3d-52e7-a730-0c5a13f9d36c,1,CASH_OUT,Low,2,0,idle,45.952651,0.0,45.952651
train,6d77ce42-ee3d-52e7-a730-0c5a13f9d36c,2,CASH_OUT,Low,0,0,idle,45.952651,0.0,45.952651
train,6d77ce42-ee3d-52e7-a730-0c5a13f9d36c,0,CASH_OUT,Medium,8,0,normal,37.934703,0.0,37.934703
train,6d77ce42-ee3d-52e7-a730-0c5a13f9d36c,1,CASH_OUT,Medium,10,25,surge,37.934703,93.52144229739523,131.4561452973952
train,6d77ce42-ee3d-52e7-a730-0c5a13f9d36c,2,CASH_OUT,Medium,7,0,normal,37.934703,0.0,37.934703
train,6daa6f16-2a66-547a-a6f4-dd9139c65937,0,CASH_OUT,High,5,0,normal,28.732637,0.0,28.732637
train,6daa6f16-2a66-547a-a6f4-dd9139c65937,1,CASH_OUT,High,3,0,idle,28.732637,0.0,28.732637
train,6daa6f16-2a66-547a-a6f4-dd9139c65937,2,CASH_OUT,High,10,1,busy,28.732637,5.287887728618068,34.02052472861807
train,6daa6f16-2a66-547a-a6f4-dd9139c65937,0,CASH_OUT,Low,6,0,normal,45.287366,0.0,45.287366
train,6daa6f16-2a66-547a-a6f4-dd9139c65937,1,CASH_OUT,Low,9,0,normal,45.287366,0.0,45.287366
train,6daa6f16-2a66-547a-a6f4-dd9139c65937,2,CASH_OUT,Low,10,6,busy,45.287366,34.25765984814328,79.54502584814327
train,6daa6f16-2a66-547a-a6f4-dd9139c65937,0,CASH_OUT,Medium,7,0,normal,36.604575,0.0,36.604575
train,6daa6f16-2a66-547a-a6f4-dd9139c65937,1,CASH_OUT,Medium,8,0,normal,36.604575,0.0,36.604575
train,6daa6f16-2a66-547a-a6f4-dd9139c65937,2,CASH_OUT,Medium,10,10,busy,36.604575,34.607252456462085,71.21182745646209
train,6ddc0cde-0784-59f7-aec5-19ced2c9e071,0,DEBIT,High,1,0,idle,33.201299,0.0,33.201299
train,6ddc0cde-0784-59f7-aec5-19ced2c9e071,1,DEBIT,High,7,0,normal,33.201299,0.0,33.201299
train,6ddc0cde-0784-59f7-aec5-19ced2c9e071,2,DEBIT,High,10,28,surge,33.201299,78.35440680262936,111.55570580262935
train,6ddc0cde-0784-59f7-aec5-19ced2c9e071,0,DEBIT,Low,7,0,normal,56.865132,0.0,56.865132
train,6ddc0cde-0784-59f7-aec5-19ced2c9e071,1,DEBIT,Low,6,0,normal,56.865132,0.0,56.865132
train,6ddc0cde-0784-59f7-aec5-19ced2c9e071,2,DEBIT,Low,0,0,idle,56.865132,0.0,56.865132
train,6ddc0cde-0784-59f7-aec5-19ced2c9e071,0,DEBIT,Medium,10,7,busy,40.888882,31.911172154880127,72.80005415488013
train,6ddc0cde-0784-59f7-aec5-19ced2c9e071,1,DEBIT,Medium,5,0,normal,40.888882,0.0,40.888882
train,6ddc0cde-0784-59f7-aec5-19ced2c9e071,2,DEBIT,Medium,10,3,busy,40.888882,16.77435884934469,57.66324084934469
train,6f27fce9-3d10-5e13-91f3-f1100f73e5c1,0,CASH_IN,High,3,0,idle,20.45339,0.0,20.45339
train,6f27fce9-3d10-5e13-91f3-f1100f73e5c1,1,CASH_IN,High,10,9,busy,20.45339,31.611253265440936,52.064643265440935
train,6f27fce9-3d10-5e13-91f3-f1100f73e5c1,2,CASH_IN,High,10,25,surge,20.45339,72.71708118918298,93.17047118918298
train,6f27fce9-3d10-5e13-91f3-f1100f73e5c1,0,CASH_IN,Low,10,4,busy,32.654976,27.218495137400463,59.87347113740046
train,6f27fce9-3d10-5e13-91f3-f1100f73e5c1,1,CASH_IN,Low,6,0,normal,32.654976,0.0,32.654976
train,6f27fce9-3d10-5e13-91f3-f1100f73e5c1,2,CASH_IN,Low,10,5,busy,32.654976,26.319140666712656,58.97411666671265
train,6f27fce9-3d10-5e13-91f3-f1100f73e5c1,0,CASH_IN,Medium,10,9,busy,25.904525,33.934188514366944,59.838713514366944
train,6f27fce9-3d10-5e13-91f3-f1100f73e5c1,1,CASH_IN,Medium,10,25,surge,25.904525,106.30849909824042,132.21302409824042
train,6f27fce9-3d10-5e13-91f3-f1100f73e5c1,2,CASH_IN,Medium,10,2,busy,25.904525,11.22772509945879,37.13225009945879
train,6f36a8e1-2b1c-5d10-94a5-ee642d681fe6,0,CASH_OUT,High,6,0,normal,28.497675,0.0,28.497675
train,6f36a8e1-2b1c-5d10-94a5-ee642d681fe6,1,CASH_OUT,High,10,4,busy,28.497675,16.18245673578028,44.68013173578028
train,6f36a8e1-2b1c-5d10-94a5-ee642d681fe6,2,CASH_OUT,High,9,0,normal,28.497675,0.0,28.497675
train,6f36a8e1-2b1c-5d10-94a5-ee642d681fe6,0,CASH_OUT,Low,6,0,normal,43.864361,0.0,43.864361
train,6f36a8e1-2b1c-5d10-94a5-ee642d681fe6,1,CASH_OUT,Low,10,7,busy,43.864361,42.163972065527076,86.02833306552708
train,6f36a8e1-2b1c-5d10-94a5-ee642d681fe6,2,CASH_OUT,Low,10,19,surge,43.864361,81.4957846708814,125.36014567088141
train,6f36a8e1-2b1c-5d10-94a5-ee642d681fe6,0,CASH_OUT,Medium,8,0,normal,36.51733,0.0,36.51733
train,6f36a8e1-2b1c-5d10-94a5-ee642d681fe6,1,CASH_OUT,Medium,6,0,normal,36.51733,0.0,36.51733
train,6f36a8e1-2b1c-5d10-94a5-ee642d681fe6,2,CASH_OUT,Medium,2,0,idle,36.51733,0.0,36.51733
train,6f7bbe79-2418-5930-ad1d-e75c580ce46e,0,PAYMENT,High,10,10,busy,26.522523,30.729097387371784,57.25162038737179
train,6f7bbe79-2418-5930-ad1d-e75c580ce46e,1,PAYMENT,High,10,8,busy,26.522523,23.358529271030932,49.88105227103093
train,6f7bbe79-2418-5930-ad1d-e75c580ce46e,2,PAYMENT,High,6,0,normal,26.522523,0.0,26.522523
train,6f7bbe79-2418-5930-ad1d-e75c580ce46e,0,PAYMENT,Low,8,0,normal,39.906031,0.0,39.906031
train,6f7bbe79-2418-5930-ad1d-e75c580ce46e,1,PAYMENT,Low,10,8,busy,39.906031,41.66223530828968,81.56826630828968
train,6f7bbe79-2418-5930-ad1d-e75c580ce46e,2,PAYMENT,Low,10,21,surge,39.906031,103.47347634968014,143.37950734968013
train,6f7bbe79-2418-5930-ad1d-e75c580ce46e,0,PAYMENT,Medium,5,0,normal,32.144064,0.0,32.144064
train,6f7bbe79-2418-5930-ad1d-e75c580ce46e,1,PAYMENT,Medium,10,3,busy,32.144064,16.784294686595985,48.928358686595985
train,6f7bbe79-2418-5930-ad1d-e75c580ce46e,2,PAYMENT,Medium,7,0,normal,32.144064,0.0,32.144064
train,6fd04887-a1bf-547d-b43c-81df396c7bfc,0,CASH_IN,High,10,8,busy,21.915021,26.356588479226946,48.271609479226946
train,6fd04887-a1bf-547d-b43c-81df396c7bfc,1,CASH_IN,High,5,0,normal,21.915021,0.0,21.915021
train,6fd04887-a1bf-547d-b43c-81df396c7bfc,2,CASH_IN,High,0,0,idle,21.915021,0.0,21.915021
train,6fd04887-a1bf-547d-b43c-81df396c7bfc,0,CASH_IN,Low,9,0,normal,37.218285,0.0,37.218285
train,6fd04887-a1bf-547d-b43c-81df396c7bfc,1,CASH_IN,Low,10,6,busy,37.218285,39.17630024710852,76.39458524710852
train,6fd04887-a1bf-547d-b43c-81df396c7bfc,2,CASH_IN,Low,10,2,busy,37.218285,21.28611306143061,58.50439806143061
train,6fd04887-a1bf-547d-b43c-81df396c7bfc,0,CASH_IN,Medium,8,0,normal,28.268519,0.0,28.268519
train,6fd04887-a1bf-547d-b43c-81df396c7bfc,1,CASH_IN,Medium,7,0,normal,28.268519,0.0,28.268519
train,6fd04887-a1bf-547d-b43c-81df396c7bfc,2,CASH_IN,Medium,8,0,normal,28.268519,0.0,28.268519
train,6fd53182-dcf7-5ffb-b45e-e9e9e65d5328,0,DEBIT,High,7,0,normal,30.958627,0.0,30.958627
train,6fd53182-dcf7-5ffb-b45e-e9e9e65d5328,1,DEBIT,High,0,0,idle,30.958627,0.0,30.958627
train,6fd53182-dcf7-5ffb-b45e-e9e9e65d5328,2,DEBIT,High,1,0,idle,30.958627,0.0,30.958627
train,6fd53182-dcf7-5ffb-b45e-e9e9e65d5328,0,DEBIT,Low,10,7,busy,50.38617,30.110133438974117,80.49630343897411
train,6fd53182-dcf7-5ffb-b45e-e9e9e65d5328,1,DEBIT,Low,10,6,busy,50.38617,30.80493312234002,81.19110312234002
train,6fd53182-dcf7-5ffb-b45e-e9e9e65d5328,2,DEBIT,Low,8,0,normal,50.38617,0.0,50.38617
train,6fd53182-dcf7-5ffb-b45e-e9e9e65d5328,0,DEBIT,Medium,9,0,normal,41.922699,0.0,41.922699
train,6fd53182-dcf7-5ffb-b45e-e9e9e65d5328,1,DEBIT,Medium,10,15,surge,41.922699,55.58548255510902,97.50818155510902
train,6fd53182-dcf7-5ffb-b45e-e9e9e65d5328,2,DEBIT,Medium,10,3,busy,41.922699,17.871905365552067,59.79460436555207
train,6fd9dc91-1fd5-5e8e-b0ae-2c39363a657e,0,PAYMENT,High,10,2,busy,25.350251,15.248591576156183,40.59884257615619
train,6fd9dc91-1fd5-5e8e-b0ae-2c39363a657e,1,PAYMENT,High,6,0,normal,25.350251,0.0,25.350251
train,6fd9dc91-1fd5-5e8e-b0ae-2c39363a657e,2,PAYMENT,High,6,0,normal,25.350251,0.0,25.350251
train,6fd9dc91-1fd5-5e8e-b0ae-2c39363a657e,0,PAYMENT,Low,7,0,normal,39.966014,0.0,39.966014
train,6fd9dc91-1fd5-5e8e-b0ae-2c39363a657e,1,PAYMENT,Low,7,0,normal,39.966014,0.0,39.966014
train,6fd9dc91-1fd5-5e8e-b0ae-2c39363a657e,2,PAYMENT,Low,10,9,busy,39.966014,54.60440650686107,94.57042050686107
train,6fd9dc91-1fd5-5e8e-b0ae-2c39363a657e,0,PAYMENT,Medium,4,0,idle,32.939153,0.0,32.939153
train,6fd9dc91-1fd5-5e8e-b0ae-2c39363a657e,1,PAYMENT,Medium,4,0,idle,32.939153,0.0,32.939153
train,6fd9dc91-1fd5-5e8e-b0ae-2c39363a657e,2,PAYMENT,Medium,10,7,busy,32.939153,25.365240199997306,58.30439319999731
train,7038f227-74de-5ad0-b559-1c834728ea5b,0,PAYMENT,High,5,0,normal,23.861223,0.0,23.861223
train,7038f227-74de-5ad0-b559-1c834728ea5b,1,PAYMENT,High,0,0,idle,23.861223,0.0,23.861223
train,7038f227-74de-5ad0-b559-1c834728ea5b,2,PAYMENT,High,5,0,normal,23.861223,0.0,23.861223
train,7038f227-74de-5ad0-b559-1c834728ea5b,0,PAYMENT,Low,10,23,surge,39.13807,115.82442315229585,154.96249315229585
train,7038f227-74de-5ad0-b559-1c834728ea5b,1,PAYMENT,Low,5,0,normal,39.13807,0.0,39.13807
train,7038f227-74de-5ad0-b559-1c834728ea5b,2,PAYMENT,Low,7,0,normal,39.13807,0.0,39.13807
train,7038f227-74de-5ad0-b559-1c834728ea5b,0,PAYMENT,Medium,0,0,idle,31.420727,0.0,31.420727
train,7038f227-74de-5ad0-b559-1c834728ea5b,1,PAYMENT,Medium,2,0,idle,31.420727,0.0,31.420727
train,7038f227-74de-5ad0-b559-1c834728ea5b,2,PAYMENT,Medium,5,0,normal,31.420727,0.0,31.420727
train,705b0bd9-1f66-501b-81a5-e14f5aa389d0,0,CASH_OUT,High,10,2,busy,28.146163,6.122911408368118,34.26907440836812
train,705b0bd9-1f66-501b-81a5-e14f5aa389d0,1,CASH_OUT,High,10,15,surge,28.146163,48.97585735249166,77.12202035249166
train,705b0bd9-1f66-501b-81a5-e14f5aa389d0,2,CASH_OUT,High,2,0,idle,28.146163,0.0,28.146163
train,705b0bd9-1f66-501b-81a5-e14f5aa389d0,0,CASH_OUT,Low,1,0,idle,45.588208,0.0,45.588208
train,705b0bd9-1f66-501b-81a5-e14f5aa389d0,1,CASH_OUT,Low,9,0,normal,45.588208,0.0,45.588208
train,705b0bd9-1f66-501b-81a5-e14f5aa389d0,2,CASH_OUT,Low,10,30,surge,45.588208,143.0245174765846,188.61272547658461
train,705b0bd9-1f66-501b-81a5-e14f5aa389d0,0,CASH_OUT,Medium,10,1,busy,36.32926,7.688986893481349,44.01824689348135
train,705b0bd9-1f66-501b-81a5-e14f5aa389d0,1,CASH_OUT,Medium,2,0,idle,36.32926,0.0,36.32926
train,705b0bd9-1f66-501b-81a5-e14f5aa389d0,2,CASH_OUT,Medium,10,9,busy,36.32926,31.48859513576845,67.81785513576844
train,7100cb75-ad10-5b3a-99f7-53ee368eb8b4,0,CASH_IN,High,6,0,normal,21.048362,0.0,21.048362
train,7100cb75-ad10-5b3a-99f7-53ee368eb8b4,1,CASH_IN,High,10,1,busy,21.048362,4.0153973512747845,25.063759351274786
train,7100cb75-ad10-5b3a-99f7-53ee368eb8b4,2,CASH_IN,High,10,4,busy,21.048362,16.699032706697746,37.74739470669775
train,7100cb75-ad10-5b3a-99f7-53ee368eb8b4,0,CASH_IN,Low,10,7,busy,32.567932,25.707257371167902,58.2751893711679
train,7100cb75-ad10-5b3a-99f7-53ee368eb8b4,1,CASH_IN,Low,10,7,busy,32.567932,34.720007821198514,67.2879398211985
train,7100cb75-ad10-5b3a-99f7-53ee368eb8b4,2,CASH_IN,Low,6,0,normal,32.567932,0.0,32.567932
train,7100cb75-ad10-5b3a-99f7-53ee368eb8b4,0,CASH_IN,Medium,9,0,normal,27.390605,0.0,27.390605
train,7100cb75-ad10-5b3a-99f7-53ee368eb8b4,1,CASH_IN,Medium,10,1,busy,27.390605,4.183331554359975,31.573936554359975
train,7100cb75-ad10-5b3a-99f7-53ee368eb8b4,2,CASH_IN,Medium,10,12,surge,27.390605,55.61450484410867,83.00510984410867
train,7130681e-b799-51ea-a94a-1f42b0146e41,0,TRANSFER,High,10,14,surge,34.225163,36.43548056636019,70.66064356636019
train,7130681e-b799-51ea-a94a-1f42b0146e41,1,TRANSFER,High,0,0,idle,34.225163,0.0,34.225163
train,7130681e-b799-51ea-a94a-1f42b0146e41,2,TRANSFER,High,7,0,normal,34.225163,0.0,34.225163
train,7130681e-b799-51ea-a94a-1f42b0146e41,0,TRANSFER,Low,10,11,surge,59.499073,68.80970339272808,128.30877639272808
train,7130681e-b799-51ea-a94a-1f42b0146e41,1,TRANSFER,Low,10,5,busy,59.499073,34.62701874396474,94.12609174396474
train,7130681e-b799-51ea-a94a-1f42b0146e41,2,TRANSFER,Low,8,0,normal,59.499073,0.0,59.499073
train,7130681e-b799-51ea-a94a-1f42b0146e41,0,TRANSFER,Medium,7,0,normal,46.096454,0.0,46.096454
train,7130681e-b799-51ea-a94a-1f42b0146e41,1,TRANSFER,Medium,10,4,busy,46.096454,18.435565094633887,64.53201909463388
train,7130681e-b799-51ea-a94a-1f42b0146e41,2,TRANSFER,Medium,10,0,busy,46.096454,3.750505912333627,49.84695991233363
train,719e71e2-3fa4-5e27-a987-f131148b8eb9,0,DEBIT,High,6,0,normal,33.648757,0.0,33.648757
train,719e71e2-3fa4-5e27-a987-f131148b8eb9,1,DEBIT,High,7,0,normal,33.648757,0.0,33.648757
train,719e71e2-3fa4-5e27-a987-f131148b8eb9,2,DEBIT,High,10,4,busy,33.648757,11.792799009225897,45.4415560092259
train,719e71e2-3fa4-5e27-a987-f131148b8eb9,0,DEBIT,Low,9,0,normal,52.082505,0.0,52.082505
train,719e71e2-3fa4-5e27-a987-f131148b8eb9,1,DEBIT,Low,9,0,normal,52.082505,0.0,52.082505
train,719e71e2-3fa4-5e27-a987-f131148b8eb9,2,DEBIT,Low,2,0,idle,52.082505,0.0,52.082505
train,719e71e2-3fa4-5e27-a987-f131148b8eb9,0,DEBIT,Medium,8,0,normal,39.1819,0.0,39.1819
train,719e71e2-3fa4-5e27-a987-f131148b8eb9,1,DEBIT,Medium,7,0,normal,39.1819,0.0,39.1819
train,719e71e2-3fa4-5e27-a987-f131148b8eb9,2,DEBIT,Medium,6,0,normal,39.1819,0.0,39.1819
train,71d2a63d-3b9d-53ae-ad85-31c6a9a7a391,0,CASH_OUT,High,6,0,normal,27.374236,0.0,27.374236
train,71d2a63d-3b9d-53ae-ad85-31c6a9a7a391,1,CASH_OUT,High,4,0,idle,27.374236,0.0,27.374236
train,71d2a63d-3b9d-53ae-ad85-31c6a9a7a391,2,CASH_OUT,High,9,0,normal,27.374236,0.0,27.374236
train,71d2a63d-3b9d-53ae-ad85-31c6a9a7a391,0,CASH_OUT,Low,8,0,normal,45.735427,0.0,45.735427
train,71d2a63d-3b9d-53ae-ad85-31c6a9a7a391,1,CASH_OUT,Low,4,0,idle,45.735427,0.0,45.735427
train,71d2a63d-3b9d-53ae-ad85-31c6a9a7a391,2,CASH_OUT,Low,10,15,surge,45.735427,78.58731553909978,124.32274253909978
train,71d2a63d-3b9d-53ae-ad85-31c6a9a7a391,0,CASH_OUT,Medium,10,1,busy,37.568847,4.2182371830903795,41.78708418309038
train,71d2a63d-3b9d-53ae-ad85-31c6a9a7a391,1,CASH_OUT,Medium,10,21,surge,37.568847,73.93921555914565,111.50806255914566
train,71d2a63d-3b9d-53ae-ad85-31c6a9a7a391,2,CASH_OUT,Medium,3,0,idle,37.568847,0.0,37.568847
train,71df24e8-b7a4-5eec-aef5-54d8273946b4,0,TRANSFER,High,10,15,surge,33.935134,35.92211175800511,69.8572457580051
train,71df24e8-b7a4-5eec-aef5-54d8273946b4,1,TRANSFER,High,10,10,busy,33.935134,29.043070883333534,62.97820488333353
train,71df24e8-b7a4-5eec-aef5-54d8273946b4,2,TRANSFER,High,1,0,idle,33.935134,0.0,33.935134
train,71df24e8-b7a4-5eec-aef5-54d8273946b4,0,TRANSFER,Low,4,0,idle,57.246984,0.0,57.246984
train,71df24e8-b7a4-5eec-aef5-54d8273946b4,1,TRANSFER,Low,10,19,surge,57.246984,87.61356028614374,144.86054428614375
train,71df24e8-b7a4-5eec-aef5-54d8273946b4,2,TRANSFER,Low,7,0,normal,57.246984,0.0,57.246984
train,71df24e8-b7a4-5eec-aef5-54d8273946b4,0,TRANSFER,Medium,2,0,idle,43.792968,0.0,43.792968
train,71df24e8-b7a4-5eec-aef5-54d8273946b4,1,TRANSFER,Medium,6,0,normal,43.792968,0.0,43.792968
train,71df24e8-b7a4-5eec-aef5-54d8273946b4,2,TRANSFER,Medium,10,2,busy,43.792968,5.050870478215569,48.843838478215574
train,7256d5e6-02a0-5bf8-973e-fa1b4029359e,0,PAYMENT,High,10,10,busy,25.122452,28.40640796946707,53.52885996946707
train,7256d5e6-02a0-5bf8-973e-fa1b4029359e,1,PAYMENT,High,10,9,busy,25.122452,29.202293486192808,54.32474548619281
train,7256d5e6-02a0-5bf8-973e-fa1b4029359e,2,PAYMENT,High,7,0,normal,25.122452,0.0,25.122452
train,7256d5e6-02a0-5bf8-973e-fa1b4029359e,0,PAYMENT,Low,0,0,idle,39.992455,0.0,39.992455
train,7256d5e6-02a0-5bf8-973e-fa1b4029359e,1,PAYMENT,Low,10,25,surge,39.992455,124.36591752516176,164.35837252516177
train,7256d5e6-02a0-5bf8-973e-fa1b4029359e,2,PAYMENT,Low,10,14,surge,39.992455,62.500678849119254,102.49313384911926
train,7256d5e6-02a0-5bf8-973e-fa1b4029359e,0,PAYMENT,Medium,6,0,normal,33.500116,0.0,33.500116
train,7256d5e6-02a0-5bf8-973e-fa1b4029359e,1,PAYMENT,Medium,4,0,idle,33.500116,0.0,33.500116
train,7256d5e6-02a0-5bf8-973e-fa1b4029359e,2,PAYMENT,Medium,10,9,busy,33.500116,25.135777094624384,58.63589309462438
train,72f8e765-4c3b-5a57-aaa4-4d1d1b86d5b2,0,PAYMENT,High,7,0,normal,25.003435,0.0,25.003435
train,72f8e765-4c3b-5a57-aaa4-4d1d1b86d5b2,1,PAYMENT,High,5,0,normal,25.003435,0.0,25.003435
train,72f8e765-4c3b-5a57-aaa4-4d1d1b86d5b2,2,PAYMENT,High,5,0,normal,25.003435,0.0,25.003435
train,72f8e765-4c3b-5a57-aaa4-4d1d1b86d5b2,0,PAYMENT,Low,6,0,normal,41.547447,0.0,41.547447
train,72f8e765-4c3b-5a57-aaa4-4d1d1b86d5b2,1,PAYMENT,Low,8,0,normal,41.547447,0.0,41.547447
train,72f8e765-4c3b-5a57-aaa4-4d1d1b86d5b2,2,PAYMENT,Low,10,0,busy,41.547447,10.606905960075553,52.15435296007555
train,72f8e765-4c3b-5a57-aaa4-4d1d1b86d5b2,0,PAYMENT,Medium,10,13,surge,33.458138,43.26091824296248,76.71905624296248
train,72f8e765-4c3b-5a57-aaa4-4d1d1b86d5b2,1,PAYMENT,Medium,3,0,idle,33.458138,0.0,33.458138
train,72f8e765-4c3b-5a57-aaa4-4d1d1b86d5b2,2,PAYMENT,Medium,2,0,idle,33.458138,0.0,33.458138
train,73271237-c3b4-5004-81a6-22e6f0b50d6c,0,DEBIT,High,5,0,normal,34.533289,0.0,34.533289
train,73271237-c3b4-5004-81a6-22e6f0b50d6c,1,DEBIT,High,10,13,surge,34.533289,32.167717014669634,66.70100601466964
train,73271237-c3b4-5004-81a6-22e6f0b50d6c,2,DEBIT,High,3,0,idle,34.533289,0.0,34.533289
train,73271237-c3b4-5004-81a6-22e6f0b50d6c,0,DEBIT,Low,5,0,normal,51.435195,0.0,51.435195
train,73271237-c3b4-5004-81a6-22e6f0b50d6c,1,DEBIT,Low,3,0,idle,51.435195,0.0,51.435195
train,73271237-c3b4-5004-81a6-22e6f0b50d6c,2,DEBIT,Low,8,0,normal,51.435195,0.0,51.435195
train,73271237-c3b4-5004-81a6-22e6f0b50d6c,0,DEBIT,Medium,10,9,busy,42.884191,35.96362571456663,78.84781671456663
train,73271237-c3b4-5004-81a6-22e6f0b50d6c,1,DEBIT,Medium,10,4,busy,42.884191,7.716343735451963,50.600534735451966
train,73271237-c3b4-5004-81a6-22e6f0b50d6c,2,DEBIT,Medium,10,1,busy,42.884191,5.703185446234335,48.58737644623434
train,7343a7ce-f112-5db8-adbf-1e931f58d9b4,0,PAYMENT,High,10,6,busy,25.860488,19.082848321627367,44.94333632162737
train,7343a7ce-f112-5db8-adbf-1e931f58d9b4,1,PAYMENT,High,10,16,surge,25.860488,45.19535594281632,71.05584394281632
train,7343a7ce-f112-5db8-adbf-1e931f58d9b4,2,PAYMENT,High,3,0,idle,25.860488,0.0,25.860488
train,7343a7ce-f112-5db8-adbf-1e931f58d9b4,0,PAYMENT,Low,10,28,surge,39.969314,139.99394518160142,179.96325918160142
train,7343a7ce-f112-5db8-adbf-1e931f58d9b4,1,PAYMENT,Low,7,0,normal,39.969314,0.0,39.969314
train,7343a7ce-f112-5db8-adbf-1e931f58d9b4,2,PAYMENT,Low,10,5,busy,39.969314,25.82240426679154,65.79171826679153
train,7343a7ce-f112-5db8-adbf-1e931f58d9b4,0,PAYMENT,Medium,10,22,surge,31.847545,73.98264514257694,105.83019014257694
train,7343a7ce-f112-5db8-adbf-1e931f58d9b4,1,PAYMENT,Medium,8,0,normal,31.847545,0.0,31.847545
train,7343a7ce-f112-5db8-adbf-1e931f58d9b4,2,PAYMENT,Medium,10,14,surge,31.847545,60.55746575478777,92.40501075478777
train,73921950-ac42-59c7-a327-5da1182275c1,0,DEBIT,High,10,15,surge,32.818899,40.37618707764945,73.19508607764945
train,73921950-ac42-59c7-a327-5da1182275c1,1,DEBIT,High,5,0,normal,32.818899,0.0,32.818899
train,73921950-ac42-59c7-a327-5da1182275c1,2,DEBIT,High,9,0,normal,32.818899,0.0,32.818899
train,73921950-ac42-59c7-a327-5da1182275c1,0,DEBIT,Low,8,0,normal,51.461285,0.0,51.461285
train,73921950-ac42-59c7-a327-5da1182275c1,1,DEBIT,Low,10,3,busy,51.461285,19.986244935173744,71.44752993517375
train,73921950-ac42-59c7-a327-5da1182275c1,2,DEBIT,Low,10,4,busy,51.461285,15.743784756467765,67.20506975646776
train,73921950-ac42-59c7-a327-5da1182275c1,0,DEBIT,Medium,9,0,normal,41.466148,0.0,41.466148
train,73921950-ac42-59c7-a327-5da1182275c1,1,DEBIT,Medium,8,0,normal,41.466148,0.0,41.466148
train,73921950-ac42-59c7-a327-5da1182275c1,2,DEBIT,Medium,10,8,busy,41.466148,34.47859191413167,75.94473991413167
train,73f48629-0301-51f3-8375-85d1dfb12f0a,0,DEBIT,High,7,0,normal,31.994536,0.0,31.994536
train,73f48629-0301-51f3-8375-85d1dfb12f0a,1,DEBIT,High,10,0,busy,31.994536,6.256233768089309,38.25076976808931
train,73f48629-0301-51f3-8375-85d1dfb12f0a,2,DEBIT,High,7,0,normal,31.994536,0.0,31.994536
train,73f48629-0301-51f3-8375-85d1dfb12f0a,0,DEBIT,Low,1,0,idle,54.398444,0.0,54.398444
train,73f48629-0301-51f3-8375-85d1dfb12f0a,1,DEBIT,Low,8,0,normal,54.398444,0.0,54.398444
train,73f48629-0301-51f3-8375-85d1dfb12f0a,2,DEBIT,Low,10,10,busy,54.398444,45.710753931391395,100.10919793139139
train,73f48629-0301-51f3-8375-85d1dfb12f0a,0,DEBIT,Medium,3,0,idle,40.104231,0.0,40.104231
train,73f48629-0301-51f3-8375-85d1dfb12f0a,1,DEBIT,Medium,0,0,idle,40.104231,0.0,40.104231
train,73f48629-0301-51f3-8375-85d1dfb12f0a,2,DEBIT,Medium,10,18,surge,40.104231,66.0695495486552,106.1737805486552
train,73f4bb7b-ab56-5c72-8a5a-4c6da6a3e372,0,DEBIT,High,8,0,normal,30.62805,0.0,30.62805
train,73f4bb7b-ab56-5c72-8a5a-4c6da6a3e372,1,DEBIT,High,10,8,busy,30.62805,19.806513164523754,50.43456316452375
train,73f4bb7b-ab56-5c72-8a5a-4c6da6a3e372,2,DEBIT,High,7,0,normal,30.62805,0.0,30.62805
train,73f4bb7b-ab56-5c72-8a5a-4c6da6a3e372,0,DEBIT,Low,2,0,idle,52.462289,0.0,52.462289
train,73f4bb7b-ab56-5c72-8a5a-4c6da6a3e372,1,DEBIT,Low,5,0,normal,52.462289,0.0,52.462289
train,73f4bb7b-ab56-5c72-8a5a-4c6da6a3e372,2,DEBIT,Low,10,13,surge,52.462289,59.89789153047551,112.3601805304755
train,73f4bb7b-ab56-5c72-8a5a-4c6da6a3e372,0,DEBIT,Medium,10,22,surge,40.659679,78.92544143421192,119.58512043421192
train,73f4bb7b-ab56-5c72-8a5a-4c6da6a3e372,1,DEBIT,Medium,7,0,normal,40.659679,0.0,40.659679
train,73f4bb7b-ab56-5c72-8a5a-4c6da6a3e372,2,DEBIT,Medium,10,28,surge,40.659679,103.61958364970806,144.27926264970807
train,7411d029-0801-58fc-a08c-87f86b585815,0,CASH_IN,High,5,0,normal,21.109655,0.0,21.109655
train,7411d029-0801-58fc-a08c-87f86b585815,1,CASH_IN,High,3,0,idle,21.109655,0.0,21.109655
train,7411d029-0801-58fc-a08c-87f86b585815,2,CASH_IN,High,9,0,normal,21.109655,0.0,21.109655
train,7411d029-0801-58fc-a08c-87f86b585815,0,CASH_IN,Low,4,0,idle,32.171342,0.0,32.171342
train,7411d029-0801-58fc-a08c-87f86b585815,1,CASH_IN,Low,10,17,surge,32.171342,87.16948254352171,119.3408245435217
train,7411d029-0801-58fc-a08c-87f86b585815,2,CASH_IN,Low,1,0,idle,32.171342,0.0,32.171342
train,7411d029-0801-58fc-a08c-87f86b585815,0,CASH_IN,Medium,8,0,normal,27.563709,0.0,27.563709
train,7411d029-0801-58fc-a08c-87f86b585815,1,CASH_IN,Medium,7,0,normal,27.563709,0.0,27.563709
train,7411d029-0801-58fc-a08c-87f86b585815,2,CASH_IN,Medium,10,1,busy,27.563709,7.115682288197745,34.67939128819774
train,743829b9-3a0f-5607-b42b-5e604862cfbc,0,CASH_OUT,High,5,0,normal,27.845909,0.0,27.845909
train,743829b9-3a0f-5607-b42b-5e604862cfbc,1,CASH_OUT,High,0,0,idle,27.845909,0.0,27.845909
train,743829b9-3a0f-5607-b42b-5e604862cfbc,2,CASH_OUT,High,10,11,surge,27.845909,37.31846547193592,65.16437447193593
train,743829b9-3a0f-5607-b42b-5e604862cfbc,0,CASH_OUT,Low,10,2,busy,42.044984,16.585086047626,58.630070047626
train,743829b9-3a0f-5607-b42b-5e604862cfbc,1,CASH_OUT,Low,6,0,normal,42.044984,0.0,42.044984
train,743829b9-3a0f-5607-b42b-5e604862cfbc,2,CASH_OUT,Low,7,0,normal,42.044984,0.0,42.044984
train,743829b9-3a0f-5607-b42b-5e604862cfbc,0,CASH_OUT,Medium,10,6,busy,36.451351,30.690580215032412,67.14193121503241
train,743829b9-3a0f-5607-b42b-5e604862cfbc,1,CASH_OUT,Medium,10,9,busy,36.451351,35.76041745626203,72.21176845626204
train,743829b9-3a0f-5607-b42b-5e604862cfbc,2,CASH_OUT,Medium,1,0,idle,36.451351,0.0,36.451351
train,7469ad2a-c63f-530a-88ec-23e11bcf4556,0,TRANSFER,High,10,2,busy,37.970103,10.848005748103372,48.81810874810337
train,7469ad2a-c63f-530a-88ec-23e11bcf4556,1,TRANSFER,High,10,3,busy,37.970103,13.014296764290837,50.98439976429084
train,7469ad2a-c63f-530a-88ec-23e11bcf4556,2,TRANSFER,High,6,0,normal,37.970103,0.0,37.970103
train,7469ad2a-c63f-530a-88ec-23e11bcf4556,0,TRANSFER,Low,10,17,surge,58.432663,65.59887437560145,124.03153737560146
train,7469ad2a-c63f-530a-88ec-23e11bcf4556,1,TRANSFER,Low,10,30,surge,58.432663,135.46631534177078,193.89897834177077
train,7469ad2a-c63f-530a-88ec-23e11bcf4556,2,TRANSFER,Low,0,0,idle,58.432663,0.0,58.432663
train,7469ad2a-c63f-530a-88ec-23e11bcf4556,0,TRANSFER,Medium,4,0,idle,46.346395,0.0,46.346395
train,7469ad2a-c63f-530a-88ec-23e11bcf4556,1,TRANSFER,Medium,6,0,normal,46.346395,0.0,46.346395
train,7469ad2a-c63f-530a-88ec-23e11bcf4556,2,TRANSFER,Medium,4,0,idle,46.346395,0.0,46.346395
train,75737d86-c843-5f30-9599-59bf503ce377,0,CASH_OUT,High,10,9,busy,29.503827,24.52786269208925,54.03168969208925
train,75737d86-c843-5f30-9599-59bf503ce377,1,CASH_OUT,High,10,7,busy,29.503827,24.721046508806246,54.22487350880625
train,75737d86-c843-5f30-9599-59bf503ce377,2,CASH_OUT,High,10,24,surge,29.503827,71.32414268851056,100.82796968851056
train,75737d86-c843-5f30-9599-59bf503ce377,0,CASH_OUT,Low,1,0,idle,43.272134,0.0,43.272134
train,75737d86-c843-5f30-9599-59bf503ce377,1,CASH_OUT,Low,10,5,busy,43.272134,26.147041000370677,69.41917500037067
train,75737d86-c843-5f30-9599-59bf503ce377,2,CASH_OUT,Low,10,24,surge,43.272134,130.59009785571908,173.86223185571907
train,75737d86-c843-5f30-9599-59bf503ce377,0,CASH_OUT,Medium,10,22,surge,37.854503,87.86767875077271,125.7221817507727
train,75737d86-c843-5f30-9599-59bf503ce377,1,CASH_OUT,Medium,5,0,normal,37.854503,0.0,37.854503
train,75737d86-c843-5f30-9599-59bf503ce377,2,CASH_OUT,Medium,2,0,idle,37.854503,0.0,37.854503
train,75a84d1d-8c52-56f4-b56d-a6377e16035d,0,TRANSFER,High,4,0,idle,36.516512,0.0,36.516512
train,75a84d1d-8c52-56f4-b56d-a6377e16035d,1,TRANSFER,High,4,0,idle,36.516512,0.0,36.516512
train,75a84d1d-8c52-56f4-b56d-a6377e16035d,2,TRANSFER,High,6,0,normal,36.516512,0.0,36.516512
train,75a84d1d-8c52-56f4-b56d-a6377e16035d,0,TRANSFER,Low,10,2,busy,57.863794,9.85044534180811,67.71423934180811
train,75a84d1d-8c52-56f4-b56d-a6377e16035d,1,TRANSFER,Low,10,7,busy,57.863794,33.50093025896285,91.36472425896285
train,75a84d1d-8c52-56f4-b56d-a6377e16035d,2,TRANSFER,Low,10,25,surge,57.863794,125.39389325126682,183.25768725126682
train,75a84d1d-8c52-56f4-b56d-a6377e16035d,0,TRANSFER,Medium,0,0,idle,44.716766,0.0,44.716766
train,75a84d1d-8c52-56f4-b56d-a6377e16035d,1,TRANSFER,Medium,10,10,busy,44.716766,39.05734632875719,83.77411232875718
train,75a84d1d-8c52-56f4-b56d-a6377e16035d,2,TRANSFER,Medium,1,0,idle,44.716766,0.0,44.716766
train,75e1d75b-c0c8-5c75-952c-4909fe007730,0,DEBIT,High,1,0,idle,30.797365,0.0,30.797365
train,75e1d75b-c0c8-5c75-952c-4909fe007730,1,DEBIT,High,5,0,normal,30.797365,0.0,30.797365
train,75e1d75b-c0c8-5c75-952c-4909fe007730,2,DEBIT,High,1,0,idle,30.797365,0.0,30.797365
train,75e1d75b-c0c8-5c75-952c-4909fe007730,0,DEBIT,Low,0,0,idle,52.559235,0.0,52.559235
train,75e1d75b-c0c8-5c75-952c-4909fe007730,1,DEBIT,Low,10,30,surge,52.559235,143.85634762327683,196.41558262327683
train,75e1d75b-c0c8-5c75-952c-4909fe007730,2,DEBIT,Low,5,0,normal,52.559235,0.0,52.559235
train,75e1d75b-c0c8-5c75-952c-4909fe007730,0,DEBIT,Medium,10,16,surge,42.199435,56.75178912611907,98.95122412611907
train,75e1d75b-c0c8-5c75-952c-4909fe007730,1,DEBIT,Medium,10,25,surge,42.199435,104.47968192170308,146.67911692170307
train,75e1d75b-c0c8-5c75-952c-4909fe007730,2,DEBIT,Medium,10,11,surge,42.199435,42.33960439726932,84.53903939726932
train,76a437f9-4ee2-5a3f-8de3-d4ec021f174c,0,PAYMENT,High,10,11,surge,24.169559,38.06916060366396,62.23871960366396
train,76a437f9-4ee2-5a3f-8de3-d4ec021f174c,1,PAYMENT,High,10,9,busy,24.169559,34.44783389558029,58.61739289558029
train,76a437f9-4ee2-5a3f-8de3-d4ec021f174c,2,PAYMENT,High,7,0,normal,24.169559,0.0,24.169559
train,76a437f9-4ee2-5a3f-8de3-d4ec021f174c,0,PAYMENT,Low,10,29,surge,40.922539,135.19904669301047,176.12158569301047
train,76a437f9-4ee2-5a3f-8de3-d4ec021f174c,1,PAYMENT,Low,10,22,surge,40.922539,101.01190614741695,141.93444514741697
train,76a437f9-4ee2-5a3f-8de3-d4ec021f174c,2,PAYMENT,Low,1,0,idle,40.922539,0.0,40.922539
train,76a437f9-4ee2-5a3f-8de3-d4ec021f174c,0,PAYMENT,Medium,1,0,idle,32.911818,0.0,32.911818
train,76a437f9-4ee2-5a3f-8de3-d4ec021f174c,1,PAYMENT,Medium,10,10,busy,32.911818,36.085156232535944,68.99697423253593
train,76a437f9-4ee2-5a3f-8de3-d4ec021f174c,2,PAYMENT,Medium,10,9,busy,32.911818,38.25799170912835,71.16980970912834
train,77441821-25ab-5f4e-b499-11bc6a0209da,0,DEBIT,High,2,0,idle,32.858754,0.0,32.858754
train,77441821-25ab-5f4e-b499-11bc6a0209da,1,DEBIT,High,6,0,normal,32.858754,0.0,32.858754
train,77441821-25ab-5f4e-b499-11bc6a0209da,2,DEBIT,High,3,0,idle,32.858754,0.0,32.858754
train,77441821-25ab-5f4e-b499-11bc6a0209da,0,DEBIT,Low,0,0,idle,49.311797,0.0,49.311797
train,77441821-25ab-5f4e-b499-11bc6a0209da,1,DEBIT,Low,10,4,busy,49.311797,14.477203067314358,63.789000067314355
train,77441821-25ab-5f4e-b499-11bc6a0209da,2,DEBIT,Low,10,6,busy,49.311797,34.23992976763845,83.55172676763846
train,77441821-25ab-5f4e-b499-11bc6a0209da,0,DEBIT,Medium,7,0,normal,40.798573,0.0,40.798573
train,77441821-25ab-5f4e-b499-11bc6a0209da,1,DEBIT,Medium,10,21,surge,40.798573,80.53841508912316,121.33698808912317
train,77441821-25ab-5f4e-b499-11bc6a0209da,2,DEBIT,Medium,10,8,busy,40.798573,37.372328664933875,78.17090166493387
train,78f9e6cf-ce66-5d28-b12a-8d7adbcbf43d,0,TRANSFER,High,7,0,normal,34.544132,0.0,34.544132
train,78f9e6cf-ce66-5d28-b12a-8d7adbcbf43d,1,TRANSFER,High,10,25,surge,34.544132,69.87893142982955,104.42306342982954
train,78f9e6cf-ce66-5d28-b12a-8d7adbcbf43d,2,TRANSFER,High,10,8,busy,34.544132,19.354948222364097,53.89908022236409
train,78f9e6cf-ce66-5d28-b12a-8d7adbcbf43d,0,TRANSFER,Low,8,0,normal,59.886998,0.0,59.886998
train,78f9e6cf-ce66-5d28-b12a-8d7adbcbf43d,1,TRANSFER,Low,6,0,normal,59.886998,0.0,59.886998
train,78f9e6cf-ce66-5d28-b12a-8d7adbcbf43d,2,TRANSFER,Low,8,0,normal,59.886998,0.0,59.886998
train,78f9e6cf-ce66-5d28-b12a-8d7adbcbf43d,0,TRANSFER,Medium,7,0,normal,45.984303,0.0,45.984303
train,78f9e6cf-ce66-5d28-b12a-8d7adbcbf43d,1,TRANSFER,Medium,4,0,idle,45.984303,0.0,45.984303
train,78f9e6cf-ce66-5d28-b12a-8d7adbcbf43d,2,TRANSFER,Medium,10,3,busy,45.984303,25.90417157379462,71.88847457379461
train,79cb008e-6631-5857-b372-c531d1843b11,0,CASH_IN,High,10,13,surge,21.860494,33.84274554386045,55.70323954386045
train,79cb008e-6631-5857-b372-c531d1843b11,1,CASH_IN,High,10,23,surge,21.860494,69.93053824508164,91.79103224508164
train,79cb008e-6631-5857-b372-c531d1843b11,2,CASH_IN,High,10,29,surge,21.860494,85.63298368053022,107.49347768053022
train,79cb008e-6631-5857-b372-c531d1843b11,0,CASH_IN,Low,6,0,normal,37.052514,0.0,37.052514
train,79cb008e-6631-5857-b372-c531d1843b11,1,CASH_IN,Low,5,0,normal,37.052514,0.0,37.052514
train,79cb008e-6631-5857-b372-c531d1843b11,2,CASH_IN,Low,9,0,normal,37.052514,0.0,37.052514
train,79cb008e-6631-5857-b372-c531d1843b11,0,CASH_IN,Medium,10,7,busy,27.999511,27.070838871461174,55.070349871461175
train,79cb008e-6631-5857-b372-c531d1843b11,1,CASH_IN,Medium,0,0,idle,27.999511,0.0,27.999511
train,79cb008e-6631-5857-b372-c531d1843b11,2,CASH_IN,Medium,10,19,surge,27.999511,69.43487216439314,97.43438316439314
train,7a08800c-3c7c-584d-b694-3987195a7242,0,CASH_IN,High,4,0,idle,21.277295,0.0,21.277295
train,7a08800c-3c7c-584d-b694-3987195a7242,1,CASH_IN,High,6,0,normal,21.277295,0.0,21.277295
train,7a08800c-3c7c-584d-b694-3987195a7242,2,CASH_IN,High,7,0,normal,21.277295,0.0,21.277295
train,7a08800c-3c7c-584d-b694-3987195a7242,0,CASH_IN,Low,7,0,normal,33.651929,0.0,33.651929
train,7a08800c-3c7c-584d-b694-3987195a7242,1,CASH_IN,Low,10,6,busy,33.651929,28.54694751314868,62.19887651314868
train,7a08800c-3c7c-584d-b694-3987195a7242,2,CASH_IN,Low,10,30,surge,33.651929,152.3533850855832,186.0053140855832
train,7a08800c-3c7c-584d-b694-3987195a7242,0,CASH_IN,Medium,2,0,idle,28.196101,0.0,28.196101
train,7a08800c-3c7c-584d-b694-3987195a7242,1,CASH_IN,Medium,10,14,surge,28.196101,54.8125797098358,83.0086807098358
train,7a08800c-3c7c-584d-b694-3987195a7242,2,CASH_IN,Medium,7,0,normal,28.196101,0.0,28.196101
train,7a21bf49-5033-5f13-8ed7-db901b048058,0,TRANSFER,High,10,30,surge,34.325077,93.54608669821326,127.87116369821325
train,7a21bf49-5033-5f13-8ed7-db901b048058,1,TRANSFER,High,10,25,surge,34.325077,69.34975057189904,103.67482757189904
train,7a21bf49-5033-5f13-8ed7-db901b048058,2,TRANSFER,High,10,9,busy,34.325077,23.62716131273434,57.95223831273434
train,7a21bf49-5033-5f13-8ed7-db901b048058,0,TRANSFER,Low,0,0,idle,56.629017,0.0,56.629017
train,7a21bf49-5033-5f13-8ed7-db901b048058,1,TRANSFER,Low,10,12,surge,56.629017,48.34548675939948,104.97450375939948
train,7a21bf49-5033-5f13-8ed7-db901b048058,2,TRANSFER,Low,10,7,busy,56.629017,38.04125450410451,94.6702715041045
train,7a21bf49-5033-5f13-8ed7-db901b048058,0,TRANSFER,Medium,1,0,idle,48.632508,0.0,48.632508
train,7a21bf49-5033-5f13-8ed7-db901b048058,1,TRANSFER,Medium,10,9,busy,48.632508,34.806111584766846,83.43861958476685
train,7a21bf49-5033-5f13-8ed7-db901b048058,2,TRANSFER,Medium,5,0,normal,48.632508,0.0,48.632508
train,7aefde7b-09fd-5fe0-8e11-cc80dc966248,0,PAYMENT,High,4,0,idle,23.817774,0.0,23.817774
train,7aefde7b-09fd-5fe0-8e11-cc80dc966248,1,PAYMENT,High,9,0,normal,23.817774,0.0,23.817774
train,7aefde7b-09fd-5fe0-8e11-cc80dc966248,2,PAYMENT,High,8,0,normal,23.817774,0.0,23.817774
train,7aefde7b-09fd-5fe0-8e11-cc80dc966248,0,PAYMENT,Low,0,0,idle,39.822862,0.0,39.822862
train,7aefde7b-09fd-5fe0-8e11-cc80dc966248,1,PAYMENT,Low,8,0,normal,39.822862,0.0,39.822862
train,7aefde7b-09fd-5fe0-8e11-cc80dc966248,2,PAYMENT,Low,10,19,surge,39.822862,95.61761777065814,135.44047977065816
train,7aefde7b-09fd-5fe0-8e11-cc80dc966248,0,PAYMENT,Medium,7,0,normal,31.514307,0.0,31.514307
train,7aefde7b-09fd-5fe0-8e11-cc80dc966248,1,PAYMENT,Medium,6,0,normal,31.514307,0.0,31.514307
train,7aefde7b-09fd-5fe0-8e11-cc80dc966248,2,PAYMENT,Medium,10,3,busy,31.514307,21.24623951203136,52.760546512031354
train,7b5d4486-88aa-5d87-aa95-f5448181cd39,0,CASH_IN,High,9,0,normal,22.54901,0.0,22.54901
train,7b5d4486-88aa-5d87-aa95-f5448181cd39,1,CASH_IN,High,3,0,idle,22.54901,0.0,22.54901
train,7b5d4486-88aa-5d87-aa95-f5448181cd39,2,CASH_IN,High,8,0,normal,22.54901,0.0,22.54901
train,7b5d4486-88aa-5d87-aa95-f5448181cd39,0,CASH_IN,Low,9,0,normal,33.46361,0.0,33.46361
train,7b5d4486-88aa-5d87-aa95-f5448181cd39,1,CASH_IN,Low,9,0,normal,33.46361,0.0,33.46361
train,7b5d4486-88aa-5d87-aa95-f5448181cd39,2,CASH_IN,Low,5,0,normal,33.46361,0.0,33.46361
train,7b5d4486-88aa-5d87-aa95-f5448181cd39,0,CASH_IN,Medium,9,0,normal,27.970296,0.0,27.970296
train,7b5d4486-88aa-5d87-aa95-f5448181cd39,1,CASH_IN,Medium,9,0,normal,27.970296,0.0,27.970296
train,7b5d4486-88aa-5d87-aa95-f5448181cd39,2,CASH_IN,Medium,2,0,idle,27.970296,0.0,27.970296
train,7c0a0d00-fbae-5b99-a78d-b2bc37775dde,0,DEBIT,High,10,18,surge,31.215957,54.23411227862405,85.45006927862406
train,7c0a0d00-fbae-5b99-a78d-b2bc37775dde,1,DEBIT,High,7,0,normal,31.215957,0.0,31.215957
train,7c0a0d00-fbae-5b99-a78d-b2bc37775dde,2,DEBIT,High,9,0,normal,31.215957,0.0,31.215957
train,7c0a0d00-fbae-5b99-a78d-b2bc37775dde,0,DEBIT,Low,10,14,surge,53.336442,72.74426336798287,126.08070536798286
train,7c0a0d00-fbae-5b99-a78d-b2bc37775dde,1,DEBIT,Low,8,0,normal,53.336442,0.0,53.336442
train,7c0a0d00-fbae-5b99-a78d-b2bc37775dde,2,DEBIT,Low,10,1,busy,53.336442,11.289573945788074,64.62601594578807
train,7c0a0d00-fbae-5b99-a78d-b2bc37775dde,0,DEBIT,Medium,10,14,surge,40.153148,50.8108996505871,90.9640476505871
train,7c0a0d00-fbae-5b99-a78d-b2bc37775dde,1,DEBIT,Medium,4,0,idle,40.153148,0.0,40.153148
train,7c0a0d00-fbae-5b99-a78d-b2bc37775dde,2,DEBIT,Medium,0,0,idle,40.153148,0.0,40.153148
train,7ce4384f-20f6-57a9-b354-f8b408c29ffc,0,TRANSFER,High,10,8,busy,36.13495,25.571221393215968,61.70617139321597
train,7ce4384f-20f6-57a9-b354-f8b408c29ffc,1,TRANSFER,High,2,0,idle,36.13495,0.0,36.13495
train,7ce4384f-20f6-57a9-b354-f8b408c29ffc,2,TRANSFER,High,10,1,busy,36.13495,11.380998253723014,47.51594825372302
train,7ce4384f-20f6-57a9-b354-f8b408c29ffc,0,TRANSFER,Low,7,0,normal,56.141699,0.0,56.141699
train,7ce4384f-20f6-57a9-b354-f8b408c29ffc,1,TRANSFER,Low,3,0,idle,56.141699,0.0,56.141699
train,7ce4384f-20f6-57a9-b354-f8b408c29ffc,2,TRANSFER,Low,9,0,normal,56.141699,0.0,56.141699
train,7ce4384f-20f6-57a9-b354-f8b408c29ffc,0,TRANSFER,Medium,10,15,surge,45.518878,61.83542727016858,107.35430527016858
train,7ce4384f-20f6-57a9-b354-f8b408c29ffc,1,TRANSFER,Medium,10,13,surge,45.518878,51.41294918920321,96.9318271892032
train,7ce4384f-20f6-57a9-b354-f8b408c29ffc,2,TRANSFER,Medium,10,0,busy,45.518878,2.887911537457582,48.406789537457584
train,7ced6272-7cf5-5c0c-913a-684cad85367e,0,TRANSFER,High,10,17,surge,34.091002,43.22539878500199,77.316400785002
train,7ced6272-7cf5-5c0c-913a-684cad85367e,1,TRANSFER,High,10,10,busy,34.091002,24.83353680015824,58.924538800158246
train,7ced6272-7cf5-5c0c-913a-684cad85367e,2,TRANSFER,High,9,0,normal,34.091002,0.0,34.091002
train,7ced6272-7cf5-5c0c-913a-684cad85367e,0,TRANSFER,Low,5,0,normal,56.38603,0.0,56.38603
train,7ced6272-7cf5-5c0c-913a-684cad85367e,1,TRANSFER,Low,3,0,idle,56.38603,0.0,56.38603
train,7ced6272-7cf5-5c0c-913a-684cad85367e,2,TRANSFER,Low,6,0,normal,56.38603,0.0,56.38603
train,7ced6272-7cf5-5c0c-913a-684cad85367e,0,TRANSFER,Medium,10,0,busy,44.184051,3.9837054328686157,48.167756432868615
train,7ced6272-7cf5-5c0c-913a-684cad85367e,1,TRANSFER,Medium,10,1,busy,44.184051,10.426412292595352,54.61046329259535
train,7ced6272-7cf5-5c0c-913a-684cad85367e,2,TRANSFER,Medium,5,0,normal,44.184051,0.0,44.184051
train,7d0790c3-9c22-58d5-8fce-fe8cc41dcc5c,0,PAYMENT,High,10,30,surge,24.153739,91.8170405774156,115.9707795774156
train,7d0790c3-9c22-58d5-8fce-fe8cc41dcc5c,1,PAYMENT,High,10,30,surge,24.153739,82.57579778544523,106.72953678544523
train,7d0790c3-9c22-58d5-8fce-fe8cc41dcc5c,2,PAYMENT,High,10,27,surge,24.153739,71.85638334475324,96.01012234475324
train,7d0790c3-9c22-58d5-8fce-fe8cc41dcc5c,0,PAYMENT,Low,10,3,busy,41.880805,20.518329526808763,62.399134526808766
train,7d0790c3-9c22-58d5-8fce-fe8cc41dcc5c,1,PAYMENT,Low,7,0,normal,41.880805,0.0,41.880805
train,7d0790c3-9c22-58d5-8fce-fe8cc41dcc5c,2,PAYMENT,Low,7,0,normal,41.880805,0.0,41.880805
train,7d0790c3-9c22-58d5-8fce-fe8cc41dcc5c,0,PAYMENT,Medium,0,0,idle,31.16892,0.0,31.16892
train,7d0790c3-9c22-58d5-8fce-fe8cc41dcc5c,1,PAYMENT,Medium,9,0,normal,31.16892,0.0,31.16892
train,7d0790c3-9c22-58d5-8fce-fe8cc41dcc5c,2,PAYMENT,Medium,10,4,busy,31.16892,10.589860142293002,41.758780142293006
train,7d5aa29c-2e7d-52dc-9566-af5f9e77c2e8,0,DEBIT,High,8,0,normal,32.784723,0.0,32.784723
train,7d5aa29c-2e7d-52dc-9566-af5f9e77c2e8,1,DEBIT,High,10,1,busy,32.784723,5.4942796935921265,38.279002693592126
train,7d5aa29c-2e7d-52dc-9566-af5f9e77c2e8,2,DEBIT,High,10,1,busy,32.784723,4.889185928126253,37.67390892812625
train,7d5aa29c-2e7d-52dc-9566-af5f9e77c2e8,0,DEBIT,Low,10,18,surge,51.711658,77.54990716640033,129.26156516640032
train,7d5aa29c-2e7d-52dc-9566-af5f9e77c2e8,1,DEBIT,Low,7,0,normal,51.711658,0.0,51.711658
train,7d5aa29c-2e7d-52dc-9566-af5f9e77c2e8,2,DEBIT,Low,6,0,normal,51.711658,0.0,51.711658
train,7d5aa29c-2e7d-52dc-9566-af5f9e77c2e8,0,DEBIT,Medium,10,25,surge,40.935602,93.00339195738961,133.9389939573896
train,7d5aa29c-2e7d-52dc-9566-af5f9e77c2e8,1,DEBIT,Medium,2,0,idle,40.935602,0.0,40.935602
train,7d5aa29c-2e7d-52dc-9566-af5f9e77c2e8,2,DEBIT,Medium,0,0,idle,40.935602,0.0,40.935602
train,7dd50fbe-328e-5a97-bcd0-9e08abe13a16,0,PAYMENT,High,2,0,idle,24.035642,0.0,24.035642
train,7dd50fbe-328e-5a97-bcd0-9e08abe13a16,1,PAYMENT,High,10,5,busy,24.035642,23.531063416236066,47.56670541623606
train,7dd50fbe-328e-5a97-bcd0-9e08abe13a16,2,PAYMENT,High,10,1,busy,24.035642,3.611639286130915,27.647281286130912
train,7dd50fbe-328e-5a97-bcd0-9e08abe13a16,0,PAYMENT,Low,0,0,idle,39.341585,0.0,39.341585
train,7dd50fbe-328e-5a97-bcd0-9e08abe13a16,1,PAYMENT,Low,8,0,normal,39.341585,0.0,39.341585
train,7dd50fbe-328e-5a97-bcd0-9e08abe13a16,2,PAYMENT,Low,1,0,idle,39.341585,0.0,39.341585
train,7dd50fbe-328e-5a97-bcd0-9e08abe13a16,0,PAYMENT,Medium,10,3,busy,31.617936,19.136214095070656,50.754150095070656
train,7dd50fbe-328e-5a97-bcd0-9e08abe13a16,1,PAYMENT,Medium,4,0,idle,31.617936,0.0,31.617936
train,7dd50fbe-328e-5a97-bcd0-9e08abe13a16,2,PAYMENT,Medium,10,2,busy,31.617936,3.392722474603535,35.01065847460354
train,7e588935-d1b3-590c-96c3-6a2749e6d8b1,0,CASH_IN,High,10,26,surge,20.607561,71.77717694869735,92.38473794869735
train,7e588935-d1b3-590c-96c3-6a2749e6d8b1,1,CASH_IN,High,8,0,normal,20.607561,0.0,20.607561
train,7e588935-d1b3-590c-96c3-6a2749e6d8b1,2,CASH_IN,High,6,0,normal,20.607561,0.0,20.607561
train,7e588935-d1b3-590c-96c3-6a2749e6d8b1,0,CASH_IN,Low,1,0,idle,32.882751,0.0,32.882751
train,7e588935-d1b3-590c-96c3-6a2749e6d8b1,1,CASH_IN,Low,10,10,busy,32.882751,54.203903102585286,87.08665410258529
train,7e588935-d1b3-590c-96c3-6a2749e6d8b1,2,CASH_IN,Low,10,20,surge,32.882751,104.1002480571577,136.9829990571577
train,7e588935-d1b3-590c-96c3-6a2749e6d8b1,0,CASH_IN,Medium,10,1,busy,27.858231,12.858397762170387,40.71662876217039
train,7e588935-d1b3-590c-96c3-6a2749e6d8b1,1,CASH_IN,Medium,10,1,busy,27.858231,3.335666928556173,31.193897928556172
train,7e588935-d1b3-590c-96c3-6a2749e6d8b1,2,CASH_IN,Medium,1,0,idle,27.858231,0.0,27.858231
train,7e7a209f-b2dd-58a7-8df0-ff03e223de42,0,DEBIT,High,10,6,busy,34.256959,16.867483569315468,51.12444256931547
train,7e7a209f-b2dd-58a7-8df0-ff03e223de42,1,DEBIT,High,3,0,idle,34.256959,0.0,34.256959
train,7e7a209f-b2dd-58a7-8df0-ff03e223de42,2,DEBIT,High,10,1,busy,34.256959,2.27713250951206,36.53409150951206
train,7e7a209f-b2dd-58a7-8df0-ff03e223de42,0,DEBIT,Low,9,0,normal,53.669671,0.0,53.669671
train,7e7a209f-b2dd-58a7-8df0-ff03e223de42,1,DEBIT,Low,2,0,idle,53.669671,0.0,53.669671
train,7e7a209f-b2dd-58a7-8df0-ff03e223de42,2,DEBIT,Low,9,0,normal,53.669671,0.0,53.669671
train,7e7a209f-b2dd-58a7-8df0-ff03e223de42,0,DEBIT,Medium,1,0,idle,40.915948,0.0,40.915948
train,7e7a209f-b2dd-58a7-8df0-ff03e223de42,1,DEBIT,Medium,10,5,busy,40.915948,22.388031916529865,63.30397991652987
train,7e7a209f-b2dd-58a7-8df0-ff03e223de42,2,DEBIT,Medium,1,0,idle,40.915948,0.0,40.915948
train,7e870eb2-dde9-5ba9-9533-178a4a3aff50,0,TRANSFER,High,10,1,busy,34.974874,8.285537685432292,43.26041168543229
train,7e870eb2-dde9-5ba9-9533-178a4a3aff50,1,TRANSFER,High,0,0,idle,34.974874,0.0,34.974874
train,7e870eb2-dde9-5ba9-9533-178a4a3aff50,2,TRANSFER,High,5,0,normal,34.974874,0.0,34.974874
train,7e870eb2-dde9-5ba9-9533-178a4a3aff50,0,TRANSFER,Low,10,9,busy,59.940392,37.41386838304583,97.35426038304584
train,7e870eb2-dde9-5ba9-9533-178a4a3aff50,1,TRANSFER,Low,6,0,normal,59.940392,0.0,59.940392
train,7e870eb2-dde9-5ba9-9533-178a4a3aff50,2,TRANSFER,Low,4,0,idle,59.940392,0.0,59.940392
train,7e870eb2-dde9-5ba9-9533-178a4a3aff50,0,TRANSFER,Medium,10,23,surge,47.198096,98.00391961853603,145.20201561853602
train,7e870eb2-dde9-5ba9-9533-178a4a3aff50,1,TRANSFER,Medium,10,5,busy,47.198096,18.145844635562188,65.34394063556219
train,7e870eb2-dde9-5ba9-9533-178a4a3aff50,2,TRANSFER,Medium,9,0,normal,47.198096,0.0,47.198096
train,7eb964d8-e0d7-58b0-a92a-4f9f86c93fef,0,CASH_IN,High,6,0,normal,20.561874,0.0,20.561874
train,7eb964d8-e0d7-58b0-a92a-4f9f86c93fef,1,CASH_IN,High,10,8,busy,20.561874,23.467357274554047,44.02923127455405
train,7eb964d8-e0d7-58b0-a92a-4f9f86c93fef,2,CASH_IN,High,9,0,normal,20.561874,0.0,20.561874
train,7eb964d8-e0d7-58b0-a92a-4f9f86c93fef,0,CASH_IN,Low,9,0,normal,35.84524,0.0,35.84524
train,7eb964d8-e0d7-58b0-a92a-4f9f86c93fef,1,CASH_IN,Low,10,1,busy,35.84524,13.547968119311529,49.393208119311524
train,7eb964d8-e0d7-58b0-a92a-4f9f86c93fef,2,CASH_IN,Low,7,0,normal,35.84524,0.0,35.84524
train,7eb964d8-e0d7-58b0-a92a-4f9f86c93fef,0,CASH_IN,Medium,5,0,normal,27.366947,0.0,27.366947
train,7eb964d8-e0d7-58b0-a92a-4f9f86c93fef,1,CASH_IN,Medium,1,0,idle,27.366947,0.0,27.366947
train,7eb964d8-e0d7-58b0-a92a-4f9f86c93fef,2,CASH_IN,Medium,10,3,busy,27.366947,16.184940651339158,43.55188765133916
train,7ef86083-8792-51f1-8994-045b3a8d200c,0,DEBIT,High,2,0,idle,31.072607,0.0,31.072607
train,7ef86083-8792-51f1-8994-045b3a8d200c,1,DEBIT,High,10,10,busy,31.072607,27.473918272672226,58.54652527267223
train,7ef86083-8792-51f1-8994-045b3a8d200c,2,DEBIT,High,10,6,busy,31.072607,22.704494636270216,53.77710163627022
train,7ef86083-8792-51f1-8994-045b3a8d200c,0,DEBIT,Low,2,0,idle,50.464555,0.0,50.464555
train,7ef86083-8792-51f1-8994-045b3a8d200c,1,DEBIT,Low,9,0,normal,50.464555,0.0,50.464555
train,7ef86083-8792-51f1-8994-045b3a8d200c,2,DEBIT,Low,10,24,surge,50.464555,119.55045130181247,170.01500630181246
train,7ef86083-8792-51f1-8994-045b3a8d200c,0,DEBIT,Medium,10,4,busy,41.691254,14.064455170324349,55.75570917032435
train,7ef86083-8792-51f1-8994-045b3a8d200c,1,DEBIT,Medium,9,0,normal,41.691254,0.0,41.691254
train,7ef86083-8792-51f1-8994-045b3a8d200c,2,DEBIT,Medium,0,0,idle,41.691254,0.0,41.691254
train,7f09813e-5503-5372-b7f6-6cd052c134c2,0,CASH_OUT,High,10,13,surge,27.744663,33.68908396980683,61.43374696980683
train,7f09813e-5503-5372-b7f6-6cd052c134c2,1,CASH_OUT,High,4,0,idle,27.744663,0.0,27.744663
train,7f09813e-5503-5372-b7f6-6cd052c134c2,2,CASH_OUT,High,2,0,idle,27.744663,0.0,27.744663
train,7f09813e-5503-5372-b7f6-6cd052c134c2,0,CASH_OUT,Low,10,5,busy,47.430719,13.184548508621841,60.61526750862184
train,7f09813e-5503-5372-b7f6-6cd052c134c2,1,CASH_OUT,Low,1,0,idle,47.430719,0.0,47.430719
train,7f09813e-5503-5372-b7f6-6cd052c134c2,2,CASH_OUT,Low,1,0,idle,47.430719,0.0,47.430719
train,7f09813e-5503-5372-b7f6-6cd052c134c2,0,CASH_OUT,Medium,9,0,normal,38.297467,0.0,38.297467
train,7f09813e-5503-5372-b7f6-6cd052c134c2,1,CASH_OUT,Medium,10,1,busy,38.297467,13.916950656453608,52.214417656453605
train,7f09813e-5503-5372-b7f6-6cd052c134c2,2,CASH_OUT,Medium,8,0,normal,38.297467,0.0,38.297467
train,7f113616-76c1-5702-950b-4b2d17a8e09e,0,CASH_IN,High,10,17,surge,20.563887,50.1086632032926,70.6725502032926
train,7f113616-76c1-5702-950b-4b2d17a8e09e,1,CASH_IN,High,10,16,surge,20.563887,53.234124204488,73.798011204488
train,7f113616-76c1-5702-950b-4b2d17a8e09e,2,CASH_IN,High,9,0,normal,20.563887,0.0,20.563887
train,7f113616-76c1-5702-950b-4b2d17a8e09e,0,CASH_IN,Low,6,0,normal,35.03881,0.0,35.03881
train,7f113616-76c1-5702-950b-4b2d17a8e09e,1,CASH_IN,Low,10,8,busy,35.03881,46.92432044927732,81.96313044927732
train,7f113616-76c1-5702-950b-4b2d17a8e09e,2,CASH_IN,Low,10,9,busy,35.03881,49.66864995320273,84.70745995320273
train,7f113616-76c1-5702-950b-4b2d17a8e09e,0,CASH_IN,Medium,10,11,surge,27.772035,40.092667482264545,67.86470248226455
train,7f113616-76c1-5702-950b-4b2d17a8e09e,1,CASH_IN,Medium,1,0,idle,27.772035,0.0,27.772035
train,7f113616-76c1-5702-950b-4b2d17a8e09e,2,CASH_IN,Medium,4,0,idle,27.772035,0.0,27.772035
train,7fbc8248-50ee-594a-8bf6-e09f2c882422,0,DEBIT,High,9,0,normal,33.395077,0.0,33.395077
train,7fbc8248-50ee-594a-8bf6-e09f2c882422,1,DEBIT,High,5,0,normal,33.395077,0.0,33.395077
train,7fbc8248-50ee-594a-8bf6-e09f2c882422,2,DEBIT,High,10,0,busy,33.395077,1.6166521148606743,35.01172911486068
train,7fbc8248-50ee-594a-8bf6-e09f2c882422,0,DEBIT,Low,4,0,idle,49.907999,0.0,49.907999
train,7fbc8248-50ee-594a-8bf6-e09f2c882422,1,DEBIT,Low,10,6,busy,49.907999,33.16254125130574,83.07054025130574
train,7fbc8248-50ee-594a-8bf6-e09f2c882422,2,DEBIT,Low,5,0,normal,49.907999,0.0,49.907999
train,7fbc8248-50ee-594a-8bf6-e09f2c882422,0,DEBIT,Medium,10,3,busy,39.904009,9.655718472664168,49.55972747266417
train,7fbc8248-50ee-594a-8bf6-e09f2c882422,1,DEBIT,Medium,2,0,idle,39.904009,0.0,39.904009
train,7fbc8248-50ee-594a-8bf6-e09f2c882422,2,DEBIT,Medium,10,18,surge,39.904009,67.166784784528,107.07079378452801
train,7fca8acd-b172-5432-8cc7-44c591b27c3e,0,PAYMENT,High,10,1,busy,25.803408,11.240697428381987,37.04410542838199
train,7fca8acd-b172-5432-8cc7-44c591b27c3e,1,PAYMENT,High,10,8,busy,25.803408,28.2688342111862,54.0722422111862
train,7fca8acd-b172-5432-8cc7-44c591b27c3e,2,PAYMENT,High,2,0,idle,25.803408,0.0,25.803408
train,7fca8acd-b172-5432-8cc7-44c591b27c3e,0,PAYMENT,Low,10,8,busy,39.864515,44.532966787033736,84.39748178703374
train,7fca8acd-b172-5432-8cc7-44c591b27c3e,1,PAYMENT,Low,10,3,busy,39.864515,9.46009388406649,49.324608884066485
train,7fca8acd-b172-5432-8cc7-44c591b27c3e,2,PAYMENT,Low,10,2,busy,39.864515,8.010998309689125,47.875513309689126
train,7fca8acd-b172-5432-8cc7-44c591b27c3e,0,PAYMENT,Medium,9,0,normal,32.15691,0.0,32.15691
train,7fca8acd-b172-5432-8cc7-44c591b27c3e,1,PAYMENT,Medium,10,19,surge,32.15691,73.68300743803108,105.83991743803108
train,7fca8acd-b172-5432-8cc7-44c591b27c3e,2,PAYMENT,Medium,5,0,normal,32.15691,0.0,32.15691
train,807d6627-34fa-53b9-953d-a55efc3e672a,0,PAYMENT,High,10,15,surge,25.244489,43.65406841615125,68.89855741615125
train,807d6627-34fa-53b9-953d-a55efc3e672a,1,PAYMENT,High,7,0,normal,25.244489,0.0,25.244489
train,807d6627-34fa-53b9-953d-a55efc3e672a,2,PAYMENT,High,10,2,busy,25.244489,7.985352716678972,33.229841716678976
train,807d6627-34fa-53b9-953d-a55efc3e672a,0,PAYMENT,Low,9,0,normal,39.956332,0.0,39.956332
train,807d6627-34fa-53b9-953d-a55efc3e672a,1,PAYMENT,Low,10,23,surge,39.956332,107.46538525414137,147.42171725414136
train,807d6627-34fa-53b9-953d-a55efc3e672a,2,PAYMENT,Low,8,0,normal,39.956332,0.0,39.956332
train,807d6627-34fa-53b9-953d-a55efc3e672a,0,PAYMENT,Medium,8,0,normal,30.065844,0.0,30.065844
train,807d6627-34fa-53b9-953d-a55efc3e672a,1,PAYMENT,Medium,5,0,normal,30.065844,0.0,30.065844
train,807d6627-34fa-53b9-953d-a55efc3e672a,2,PAYMENT,Medium,10,2,busy,30.065844,8.773048668411036,38.838892668411034
train,80893ac3-16b4-5f60-89f3-c4288f3bed11,0,DEBIT,High,0,0,idle,34.602912,0.0,34.602912
train,80893ac3-16b4-5f60-89f3-c4288f3bed11,1,DEBIT,High,10,0,busy,34.602912,3.6693231017732892,38.27223510177329
train,80893ac3-16b4-5f60-89f3-c4288f3bed11,2,DEBIT,High,10,17,surge,34.602912,50.9859760496642,85.5888880496642
train,80893ac3-16b4-5f60-89f3-c4288f3bed11,0,DEBIT,Low,8,0,normal,51.95335,0.0,51.95335
train,80893ac3-16b4-5f60-89f3-c4288f3bed11,1,DEBIT,Low,10,3,busy,51.95335,29.975931185572712,81.9292811855727
train,80893ac3-16b4-5f60-89f3-c4288f3bed11,2,DEBIT,Low,10,15,surge,51.95335,82.13048051868458,134.08383051868458
train,80893ac3-16b4-5f60-89f3-c4288f3bed11,0,DEBIT,Medium,9,0,normal,39.013856,0.0,39.013856
train,80893ac3-16b4-5f60-89f3-c4288f3bed11,1,DEBIT,Medium,10,0,busy,39.013856,3.771737064084439,42.78559306408444
train,80893ac3-16b4-5f60-89f3-c4288f3bed11,2,DEBIT,Medium,10,8,busy,39.013856,25.835935862613038,64.84979186261303
train,808e7265-2594-54dc-915c-45d07d357596,0,CASH_OUT,High,10,2,busy,27.573531,6.80106545992905,34.37459645992905
train,808e7265-2594-54dc-915c-45d07d357596,1,CASH_OUT,High,6,0,normal,27.573531,0.0,27.573531
train,808e7265-2594-54dc-915c-45d07d357596,2,CASH_OUT,High,4,0,idle,27.573531,0.0,27.573531
train,808e7265-2594-54dc-915c-45d07d357596,0,CASH_OUT,Low,10,1,busy,47.870535,14.804754795228792,62.67528979522879
train,808e7265-2594-54dc-915c-45d07d357596,1,CASH_OUT,Low,10,9,busy,47.870535,39.35653911689477,87.22707411689477
train,808e7265-2594-54dc-915c-45d07d357596,2,CASH_OUT,Low,7,0,normal,47.870535,0.0,47.870535
train,808e7265-2594-54dc-915c-45d07d357596,0,CASH_OUT,Medium,3,0,idle,34.86636,0.0,34.86636
train,808e7265-2594-54dc-915c-45d07d357596,1,CASH_OUT,Medium,9,0,normal,34.86636,0.0,34.86636
train,808e7265-2594-54dc-915c-45d07d357596,2,CASH_OUT,Medium,8,0,normal,34.86636,0.0,34.86636
train,80aa0ebc-f043-59e9-9d90-a694802e4d7c,0,TRANSFER,High,10,12,surge,34.867928,41.32857326982901,76.19650126982901
train,80aa0ebc-f043-59e9-9d90-a694802e4d7c,1,TRANSFER,High,0,0,idle,34.867928,0.0,34.867928
train,80aa0ebc-f043-59e9-9d90-a694802e4d7c,2,TRANSFER,High,2,0,idle,34.867928,0.0,34.867928
train,80aa0ebc-f043-59e9-9d90-a694802e4d7c,0,TRANSFER,Low,10,1,busy,59.85751,4.717861474147219,64.57537147414722
train,80aa0ebc-f043-59e9-9d90-a694802e4d7c,1,TRANSFER,Low,10,3,busy,59.85751,25.67364623205242,85.53115623205241
train,80aa0ebc-f043-59e9-9d90-a694802e4d7c,2,TRANSFER,Low,0,0,idle,59.85751,0.0,59.85751
train,80aa0ebc-f043-59e9-9d90-a694802e4d7c,0,TRANSFER,Medium,8,0,normal,46.589075,0.0,46.589075
train,80aa0ebc-f043-59e9-9d90-a694802e4d7c,1,TRANSFER,Medium,7,0,normal,46.589075,0.0,46.589075
train,80aa0ebc-f043-59e9-9d90-a694802e4d7c,2,TRANSFER,Medium,10,8,busy,46.589075,30.424641748440973,77.01371674844097
train,819df10f-978a-5635-8121-5e8d3bbc0eef,0,CASH_OUT,High,6,0,normal,27.173775,0.0,27.173775
train,819df10f-978a-5635-8121-5e8d3bbc0eef,1,CASH_OUT,High,10,1,busy,27.173775,4.168911485512909,31.342686485512907
train,819df10f-978a-5635-8121-5e8d3bbc0eef,2,CASH_OUT,High,10,2,busy,27.173775,3.5437665725683614,30.71754157256836
train,819df10f-978a-5635-8121-5e8d3bbc0eef,0,CASH_OUT,Low,10,26,surge,45.994209,114.41792545200735,160.41213445200736
train,819df10f-978a-5635-8121-5e8d3bbc0eef,1,CASH_OUT,Low,10,4,busy,45.994209,8.589784618097985,54.583993618097985
train,819df10f-978a-5635-8121-5e8d3bbc0eef,2,CASH_OUT,Low,10,9,busy,45.994209,44.60910081045809,90.60330981045809
train,819df10f-978a-5635-8121-5e8d3bbc0eef,0,CASH_OUT,Medium,10,3,busy,37.647794,16.648620274658736,54.29641427465873
train,819df10f-978a-5635-8121-5e8d3bbc0eef,1,CASH_OUT,Medium,5,0,normal,37.647794,0.0,37.647794
train,819df10f-978a-5635-8121-5e8d3bbc0eef,2,CASH_OUT,Medium,8,0,normal,37.647794,0.0,37.647794
train,81c33694-313a-571e-afdd-a42b7e3922b2,0,CASH_IN,High,0,0,idle,20.85068,0.0,20.85068
train,81c33694-313a-571e-afdd-a42b7e3922b2,1,CASH_IN,High,7,0,normal,20.85068,0.0,20.85068
train,81c33694-313a-571e-afdd-a42b7e3922b2,2,CASH_IN,High,5,0,normal,20.85068,0.0,20.85068
train,81c33694-313a-571e-afdd-a42b7e3922b2,0,CASH_IN,Low,9,0,normal,32.729877,0.0,32.729877
train,81c33694-313a-571e-afdd-a42b7e3922b2,1,CASH_IN,Low,3,0,idle,32.729877,0.0,32.729877
train,81c33694-313a-571e-afdd-a42b7e3922b2,2,CASH_IN,Low,10,16,surge,32.729877,76.9424667515455,109.6723437515455
train,81c33694-313a-571e-afdd-a42b7e3922b2,0,CASH_IN,Medium,10,1,busy,26.805111,8.543614069841361,35.348725069841365
train,81c33694-313a-571e-afdd-a42b7e3922b2,1,CASH_IN,Medium,5,0,normal,26.805111,0.0,26.805111
train,81c33694-313a-571e-afdd-a42b7e3922b2,2,CASH_IN,Medium,1,0,idle,26.805111,0.0,26.805111
train,81dff892-7a7f-5818-9e3b-9d45a424ebda,0,PAYMENT,High,4,0,idle,25.400762,0.0,25.400762
train,81dff892-7a7f-5818-9e3b-9d45a424ebda,1,PAYMENT,High,9,0,normal,25.400762,0.0,25.400762
train,81dff892-7a7f-5818-9e3b-9d45a424ebda,2,PAYMENT,High,10,10,busy,25.400762,35.25142185912652,60.652183859126524
train,81dff892-7a7f-5818-9e3b-9d45a424ebda,0,PAYMENT,Low,6,0,normal,40.109417,0.0,40.109417
train,81dff892-7a7f-5818-9e3b-9d45a424ebda,1,PAYMENT,Low,10,16,surge,40.109417,67.83284898534377,107.94226598534377
train,81dff892-7a7f-5818-9e3b-9d45a424ebda,2,PAYMENT,Low,1,0,idle,40.109417,0.0,40.109417
train,81dff892-7a7f-5818-9e3b-9d45a424ebda,0,PAYMENT,Medium,10,3,busy,31.737532,19.6576476269292,51.395179626929206
train,81dff892-7a7f-5818-9e3b-9d45a424ebda,1,PAYMENT,Medium,10,4,busy,31.737532,18.89122217191699,50.628754171916995
train,81dff892-7a7f-5818-9e3b-9d45a424ebda,2,PAYMENT,Medium,10,5,busy,31.737532,18.04107903068229,49.77861103068229
train,831b7063-e910-5751-be91-2619d14b88e8,0,PAYMENT,High,9,0,normal,25.780112,0.0,25.780112
train,831b7063-e910-5751-be91-2619d14b88e8,1,PAYMENT,High,5,0,normal,25.780112,0.0,25.780112
train,831b7063-e910-5751-be91-2619d14b88e8,2,PAYMENT,High,10,1,busy,25.780112,8.119731371205217,33.899843371205215
train,831b7063-e910-5751-be91-2619d14b88e8,0,PAYMENT,Low,10,21,surge,40.025252,105.5038730468859,145.5291250468859
train,831b7063-e910-5751-be91-2619d14b88e8,1,PAYMENT,Low,7,0,normal,40.025252,0.0,40.025252
train,831b7063-e910-5751-be91-2619d14b88e8,2,PAYMENT,Low,10,30,surge,40.025252,141.62430991043058,181.64956191043058
train,831b7063-e910-5751-be91-2619d14b88e8,0,PAYMENT,Medium,10,17,surge,31.762992,74.99024978000139,106.75324178000139
train,831b7063-e910-5751-be91-2619d14b88e8,1,PAYMENT,Medium,5,0,normal,31.762992,0.0,31.762992
train,831b7063-e910-5751-be91-2619d14b88e8,2,PAYMENT,Medium,7,0,normal,31.762992,0.0,31.762992
train,83ff4915-1ee7-55b4-9295-1e3f5f51aec2,0,PAYMENT,High,10,3,busy,24.423709,7.12709375242178,31.55080275242178
train,83ff4915-1ee7-55b4-9295-1e3f5f51aec2,1,PAYMENT,High,10,3,busy,24.423709,14.12029004302835,38.54399904302835
train,83ff4915-1ee7-55b4-9295-1e3f5f51aec2,2,PAYMENT,High,3,0,idle,24.423709,0.0,24.423709
train,83ff4915-1ee7-55b4-9295-1e3f5f51aec2,0,PAYMENT,Low,2,0,idle,38.353982,0.0,38.353982
train,83ff4915-1ee7-55b4-9295-1e3f5f51aec2,1,PAYMENT,Low,10,2,busy,38.353982,4.893613454702838,43.24759545470284
train,83ff4915-1ee7-55b4-9295-1e3f5f51aec2,2,PAYMENT,Low,10,5,busy,38.353982,27.54488480340477,65.89886680340477
train,83ff4915-1ee7-55b4-9295-1e3f5f51aec2,0,PAYMENT,Medium,9,0,normal,31.21667,0.0,31.21667
train,83ff4915-1ee7-55b4-9295-1e3f5f51aec2,1,PAYMENT,Medium,1,0,idle,31.21667,0.0,31.21667
train,83ff4915-1ee7-55b4-9295-1e3f5f51aec2,2,PAYMENT,Medium,6,0,normal,31.21667,0.0,31.21667
train,8406192d-7c6b-5fbe-a824-eea1d2853761,0,PAYMENT,High,5,0,normal,25.605051,0.0,25.605051
train,8406192d-7c6b-5fbe-a824-eea1d2853761,1,PAYMENT,High,4,0,idle,25.605051,0.0,25.605051
train,8406192d-7c6b-5fbe-a824-eea1d2853761,2,PAYMENT,High,9,0,normal,25.605051,0.0,25.605051
train,8406192d-7c6b-5fbe-a824-eea1d2853761,0,PAYMENT,Low,10,22,surge,39.823192,107.12626821049315,146.94946021049316
train,8406192d-7c6b-5fbe-a824-eea1d2853761,1,PAYMENT,Low,9,0,normal,39.823192,0.0,39.823192
train,8406192d-7c6b-5fbe-a824-eea1d2853761,2,PAYMENT,Low,10,27,surge,39.823192,117.71221176020182,157.53540376020183
train,8406192d-7c6b-5fbe-a824-eea1d2853761,0,PAYMENT,Medium,10,1,busy,31.022541,3.3770619854438753,34.39960298544388
train,8406192d-7c6b-5fbe-a824-eea1d2853761,1,PAYMENT,Medium,10,12,surge,31.022541,44.03300024587277,75.05554124587277
train,8406192d-7c6b-5fbe-a824-eea1d2853761,2,PAYMENT,Medium,10,8,busy,31.022541,32.682520360308374,63.70506136030838
train,849b5edf-3a75-54bb-ac29-5f705290377d,0,DEBIT,High,0,0,idle,34.37914,0.0,34.37914
train,849b5edf-3a75-54bb-ac29-5f705290377d,1,DEBIT,High,10,27,surge,34.37914,71.59894363002796,105.97808363002795
train,849b5edf-3a75-54bb-ac29-5f705290377d,2,DEBIT,High,1,0,idle,34.37914,0.0,34.37914
train,849b5edf-3a75-54bb-ac29-5f705290377d,0,DEBIT,Low,8,0,normal,51.727291,0.0,51.727291
train,849b5edf-3a75-54bb-ac29-5f705290377d,1,DEBIT,Low,8,0,normal,51.727291,0.0,51.727291
train,849b5edf-3a75-54bb-ac29-5f705290377d,2,DEBIT,Low,8,0,normal,51.727291,0.0,51.727291
train,849b5edf-3a75-54bb-ac29-5f705290377d,0,DEBIT,Medium,6,0,normal,42.832822,0.0,42.832822
train,849b5edf-3a75-54bb-ac29-5f705290377d,1,DEBIT,Medium,0,0,idle,42.832822,0.0,42.832822
train,849b5edf-3a75-54bb-ac29-5f705290377d,2,DEBIT,Medium,7,0,normal,42.832822,0.0,42.832822
train,851e2411-3c77-50e3-96d1-f67811f66824,0,CASH_IN,High,8,0,normal,21.102868,0.0,21.102868
train,851e2411-3c77-50e3-96d1-f67811f66824,1,CASH_IN,High,5,0,normal,21.102868,0.0,21.102868
train,851e2411-3c77-50e3-96d1-f67811f66824,2,CASH_IN,High,10,11,surge,21.102868,35.25169598429204,56.35456398429204
train,851e2411-3c77-50e3-96d1-f67811f66824,0,CASH_IN,Low,7,0,normal,35.156694,0.0,35.156694
train,851e2411-3c77-50e3-96d1-f67811f66824,1,CASH_IN,Low,10,5,busy,35.156694,19.82504800889827,54.98174200889827
train,851e2411-3c77-50e3-96d1-f67811f66824,2,CASH_IN,Low,4,0,idle,35.156694,0.0,35.156694
train,851e2411-3c77-50e3-96d1-f67811f66824,0,CASH_IN,Medium,3,0,idle,27.600812,0.0,27.600812
train,851e2411-3c77-50e3-96d1-f67811f66824,1,CASH_IN,Medium,10,27,surge,27.600812,97.1013009705947,124.70211297059471
train,851e2411-3c77-50e3-96d1-f67811f66824,2,CASH_IN,Medium,5,0,normal,27.600812,0.0,27.600812
train,85571f4c-f855-5abd-9844-759e6e74bb65,0,CASH_OUT,High,10,10,busy,28.581448,23.918815410944205,52.50026341094421
train,85571f4c-f855-5abd-9844-759e6e74bb65,1,CASH_OUT,High,3,0,idle,28.581448,0.0,28.581448
train,85571f4c-f855-5abd-9844-759e6e74bb65,2,CASH_OUT,High,10,13,surge,28.581448,43.209376023629446,71.79082402362945
train,85571f4c-f855-5abd-9844-759e6e74bb65,0,CASH_OUT,Low,5,0,normal,47.283735,0.0,47.283735
train,85571f4c-f855-5abd-9844-759e6e74bb65,1,CASH_OUT,Low,10,18,surge,47.283735,96.00635338809634,143.29008838809634
train,85571f4c-f855-5abd-9844-759e6e74bb65,2,CASH_OUT,Low,7,0,normal,47.283735,0.0,47.283735
train,85571f4c-f855-5abd-9844-759e6e74bb65,0,CASH_OUT,Medium,9,0,normal,36.912839,0.0,36.912839
train,85571f4c-f855-5abd-9844-759e6e74bb65,1,CASH_OUT,Medium,6,0,normal,36.912839,0.0,36.912839
train,85571f4c-f855-5abd-9844-759e6e74bb65,2,CASH_OUT,Medium,2,0,idle,36.912839,0.0,36.912839
train,857f69c9-7e9b-522b-aecb-262a4fea3e57,0,CASH_IN,High,10,28,surge,21.779481,78.31972577364799,100.09920677364799
train,857f69c9-7e9b-522b-aecb-262a4fea3e57,1,CASH_IN,High,10,0,busy,21.779481,7.613278493661559,29.392759493661558
train,857f69c9-7e9b-522b-aecb-262a4fea3e57,2,CASH_IN,High,10,3,busy,21.779481,7.305622075524872,29.085103075524874
train,857f69c9-7e9b-522b-aecb-262a4fea3e57,0,CASH_IN,Low,2,0,idle,36.601942,0.0,36.601942
train,857f69c9-7e9b-522b-aecb-262a4fea3e57,1,CASH_IN,Low,10,1,busy,36.601942,5.752866816803643,42.35480881680365
train,857f69c9-7e9b-522b-aecb-262a4fea3e57,2,CASH_IN,Low,9,0,normal,36.601942,0.0,36.601942
train,857f69c9-7e9b-522b-aecb-262a4fea3e57,0,CASH_IN,Medium,10,19,surge,28.648151,69.61190404495909,98.26005504495909
train,857f69c9-7e9b-522b-aecb-262a4fea3e57,1,CASH_IN,Medium,10,5,busy,28.648151,24.666588759727052,53.31473975972705
train,857f69c9-7e9b-522b-aecb-262a4fea3e57,2,CASH_IN,Medium,10,12,surge,28.648151,45.795223030337716,74.44337403033771
train,85d2935c-a6c5-5357-bcec-5e11ad658e82,0,TRANSFER,High,8,0,normal,36.860284,0.0,36.860284
train,85d2935c-a6c5-5357-bcec-5e11ad658e82,1,TRANSFER,High,7,0,normal,36.860284,0.0,36.860284
train,85d2935c-a6c5-5357-bcec-5e11ad658e82,2,TRANSFER,High,2,0,idle,36.860284,0.0,36.860284
train,85d2935c-a6c5-5357-bcec-5e11ad658e82,0,TRANSFER,Low,10,25,surge,57.947706,121.54400029455724,179.49170629455722
train,85d2935c-a6c5-5357-bcec-5e11ad658e82,1,TRANSFER,Low,10,12,surge,57.947706,67.92822757686204,125.87593357686204
train,85d2935c-a6c5-5357-bcec-5e11ad658e82,2,TRANSFER,Low,2,0,idle,57.947706,0.0,57.947706
train,85d2935c-a6c5-5357-bcec-5e11ad658e82,0,TRANSFER,Medium,10,0,busy,46.211977,11.459189069709835,57.671166069709834
train,85d2935c-a6c5-5357-bcec-5e11ad658e82,1,TRANSFER,Medium,7,0,normal,46.211977,0.0,46.211977
train,85d2935c-a6c5-5357-bcec-5e11ad658e82,2,TRANSFER,Medium,10,16,surge,46.211977,58.78520063793908,104.99717763793907
train,85e5f56d-c455-54f5-9d31-3b14fe4da9b5,0,DEBIT,High,6,0,normal,30.839667,0.0,30.839667
train,85e5f56d-c455-54f5-9d31-3b14fe4da9b5,1,DEBIT,High,10,19,surge,30.839667,56.60577381757904,87.44544081757904
train,85e5f56d-c455-54f5-9d31-3b14fe4da9b5,2,DEBIT,High,9,0,normal,30.839667,0.0,30.839667
train,85e5f56d-c455-54f5-9d31-3b14fe4da9b5,0,DEBIT,Low,10,21,surge,52.656836,102.42328291543993,155.08011891543993
train,85e5f56d-c455-54f5-9d31-3b14fe4da9b5,1,DEBIT,Low,4,0,idle,52.656836,0.0,52.656836
train,85e5f56d-c455-54f5-9d31-3b14fe4da9b5,2,DEBIT,Low,10,4,busy,52.656836,25.479013301638243,78.13584930163825
train,85e5f56d-c455-54f5-9d31-3b14fe4da9b5,0,DEBIT,Medium,10,28,surge,41.730584,91.2967137528826,133.0272977528826
train,85e5f56d-c455-54f5-9d31-3b14fe4da9b5,1,DEBIT,Medium,10,7,busy,41.730584,27.75474629448143,69.48533029448143
train,85e5f56d-c455-54f5-9d31-3b14fe4da9b5,2,DEBIT,Medium,1,0,idle,41.730584,0.0,41.730584
train,85ed433b-de68-58fe-b6d0-867a265ced6b,0,DEBIT,High,2,0,idle,30.914647,0.0,30.914647
train,85ed433b-de68-58fe-b6d0-867a265ced6b,1,DEBIT,High,10,26,surge,30.914647,74.15453304014618,105.06918004014618
train,85ed433b-de68-58fe-b6d0-867a265ced6b,2,DEBIT,High,10,4,busy,30.914647,16.779290035131805,47.6939370351318
train,85ed433b-de68-58fe-b6d0-867a265ced6b,0,DEBIT,Low,6,0,normal,50.667476,0.0,50.667476
train,85ed433b-de68-58fe-b6d0-867a265ced6b,1,DEBIT,Low,7,0,normal,50.667476,0.0,50.667476
train,85ed433b-de68-58fe-b6d0-867a265ced6b,2,DEBIT,Low,6,0,normal,50.667476,0.0,50.667476
train,85ed433b-de68-58fe-b6d0-867a265ced6b,0,DEBIT,Medium,5,0,normal,41.840151,0.0,41.840151
train,85ed433b-de68-58fe-b6d0-867a265ced6b,1,DEBIT,Medium,0,0,idle,41.840151,0.0,41.840151
train,85ed433b-de68-58fe-b6d0-867a265ced6b,2,DEBIT,Medium,5,0,normal,41.840151,0.0,41.840151
train,85fa5f36-4722-51ec-9989-a99b3438c289,0,TRANSFER,High,6,0,normal,36.825193,0.0,36.825193
train,85fa5f36-4722-51ec-9989-a99b3438c289,1,TRANSFER,High,3,0,idle,36.825193,0.0,36.825193
train,85fa5f36-4722-51ec-9989-a99b3438c289,2,TRANSFER,High,10,9,busy,36.825193,22.847471359021352,59.672664359021354
train,85fa5f36-4722-51ec-9989-a99b3438c289,0,TRANSFER,Low,10,10,busy,57.73948,50.371552383191485,108.11103238319149
train,85fa5f36-4722-51ec-9989-a99b3438c289,1,TRANSFER,Low,10,17,surge,57.73948,84.13276839544963,141.87224839544962
train,85fa5f36-4722-51ec-9989-a99b3438c289,2,TRANSFER,Low,8,0,normal,57.73948,0.0,57.73948
train,85fa5f36-4722-51ec-9989-a99b3438c289,0,TRANSFER,Medium,2,0,idle,43.170418,0.0,43.170418
train,85fa5f36-4722-51ec-9989-a99b3438c289,1,TRANSFER,Medium,10,19,surge,43.170418,79.59130563283662,122.76172363283662
train,85fa5f36-4722-51ec-9989-a99b3438c289,2,TRANSFER,Medium,1,0,idle,43.170418,0.0,43.170418
train,867a92c7-c270-55bd-a604-7dad2089dd8d,0,CASH_IN,High,10,9,busy,20.802921,31.78074242121418,52.58366342121418
train,867a92c7-c270-55bd-a604-7dad2089dd8d,1,CASH_IN,High,7,0,normal,20.802921,0.0,20.802921
train,867a92c7-c270-55bd-a604-7dad2089dd8d,2,CASH_IN,High,10,23,surge,20.802921,70.01904545348376,90.82196645348375
train,867a92c7-c270-55bd-a604-7dad2089dd8d,0,CASH_IN,Low,10,6,busy,34.22845,31.901067172503627,66.12951717250363
train,867a92c7-c270-55bd-a604-7dad2089dd8d,1,CASH_IN,Low,6,0,normal,34.22845,0.0,34.22845
train,867a92c7-c270-55bd-a604-7dad2089dd8d,2,CASH_IN,Low,5,0,normal,34.22845,0.0,34.22845
train,867a92c7-c270-55bd-a604-7dad2089dd8d,0,CASH_IN,Medium,10,7,busy,27.848231,26.433306993555384,54.28153799355538
train,867a92c7-c270-55bd-a604-7dad2089dd8d,1,CASH_IN,Medium,10,7,busy,27.848231,26.674845054963168,54.52307605496317
train,867a92c7-c270-55bd-a604-7dad2089dd8d,2,CASH_IN,Medium,10,5,busy,27.848231,20.424697194541952,48.27292819454195
train,874a9d07-73b8-56f3-a325-35dc2f6fd992,0,CASH_IN,High,2,0,idle,20.633338,0.0,20.633338
train,874a9d07-73b8-56f3-a325-35dc2f6fd992,1,CASH_IN,High,10,10,busy,20.633338,24.144388159534692,44.777726159534694
train,874a9d07-73b8-56f3-a325-35dc2f6fd992,2,CASH_IN,High,10,28,surge,20.633338,83.31839610939099,103.95173410939098
train,874a9d07-73b8-56f3-a325-35dc2f6fd992,0,CASH_IN,Low,10,8,busy,35.497456,51.49895407680861,86.99641007680862
train,874a9d07-73b8-56f3-a325-35dc2f6fd992,1,CASH_IN,Low,10,4,busy,35.497456,13.042457791229287,48.53991379122929
train,874a9d07-73b8-56f3-a325-35dc2f6fd992,2,CASH_IN,Low,8,0,normal,35.497456,0.0,35.497456
train,874a9d07-73b8-56f3-a325-35dc2f6fd992,0,CASH_IN,Medium,9,0,normal,28.585174,0.0,28.585174
train,874a9d07-73b8-56f3-a325-35dc2f6fd992,1,CASH_IN,Medium,10,3,busy,28.585174,14.085108437417501,42.6702824374175
train,874a9d07-73b8-56f3-a325-35dc2f6fd992,2,CASH_IN,Medium,5,0,normal,28.585174,0.0,28.585174
train,88306d08-04f2-54f4-89d3-c64b6b2958e5,0,PAYMENT,High,7,0,normal,23.918677,0.0,23.918677
train,88306d08-04f2-54f4-89d3-c64b6b2958e5,1,PAYMENT,High,5,0,normal,23.918677,0.0,23.918677
train,88306d08-04f2-54f4-89d3-c64b6b2958e5,2,PAYMENT,High,9,0,normal,23.918677,0.0,23.918677
train,88306d08-04f2-54f4-89d3-c64b6b2958e5,0,PAYMENT,Low,10,7,busy,39.219188,40.725566620339,79.94475462033901
train,88306d08-04f2-54f4-89d3-c64b6b2958e5,1,PAYMENT,Low,9,0,normal,39.219188,0.0,39.219188
train,88306d08-04f2-54f4-89d3-c64b6b2958e5,2,PAYMENT,Low,10,8,busy,39.219188,45.17652219109723,84.39571019109724
train,88306d08-04f2-54f4-89d3-c64b6b2958e5,0,PAYMENT,Medium,9,0,normal,31.228768,0.0,31.228768
train,88306d08-04f2-54f4-89d3-c64b6b2958e5,1,PAYMENT,Medium,5,0,normal,31.228768,0.0,31.228768
train,88306d08-04f2-54f4-89d3-c64b6b2958e5,2,PAYMENT,Medium,5,0,normal,31.228768,0.0,31.228768
train,8851bb03-eec8-5001-9273-ed61ed002352,0,PAYMENT,High,1,0,idle,24.996299,0.0,24.996299
train,8851bb03-eec8-5001-9273-ed61ed002352,1,PAYMENT,High,4,0,idle,24.996299,0.0,24.996299
train,8851bb03-eec8-5001-9273-ed61ed002352,2,PAYMENT,High,4,0,idle,24.996299,0.0,24.996299
train,8851bb03-eec8-5001-9273-ed61ed002352,0,PAYMENT,Low,6,0,normal,39.914093,0.0,39.914093
train,8851bb03-eec8-5001-9273-ed61ed002352,1,PAYMENT,Low,10,0,busy,39.914093,5.069950227258201,44.984043227258205
train,8851bb03-eec8-5001-9273-ed61ed002352,2,PAYMENT,Low,10,14,surge,39.914093,69.23533284162443,109.14942584162443
train,8851bb03-eec8-5001-9273-ed61ed002352,0,PAYMENT,Medium,10,0,busy,31.415524,8.577618771867037,39.99314277186704
train,8851bb03-eec8-5001-9273-ed61ed002352,1,PAYMENT,Medium,7,0,normal,31.415524,0.0,31.415524
train,8851bb03-eec8-5001-9273-ed61ed002352,2,PAYMENT,Medium,10,8,busy,31.415524,28.797886967649543,60.213410967649544
train,88952438-1173-51a9-9b76-d3e1f775b007,0,TRANSFER,High,6,0,normal,35.676369,0.0,35.676369
train,88952438-1173-51a9-9b76-d3e1f775b007,1,TRANSFER,High,4,0,idle,35.676369,0.0,35.676369
train,88952438-1173-51a9-9b76-d3e1f775b007,2,TRANSFER,High,8,0,normal,35.676369,0.0,35.676369
train,88952438-1173-51a9-9b76-d3e1f775b007,0,TRANSFER,Low,10,2,busy,57.927291,11.781226474462073,69.70851747446207
train,88952438-1173-51a9-9b76-d3e1f775b007,1,TRANSFER,Low,8,0,normal,57.927291,0.0,57.927291
train,88952438-1173-51a9-9b76-d3e1f775b007,2,TRANSFER,Low,8,0,normal,57.927291,0.0,57.927291
train,88952438-1173-51a9-9b76-d3e1f775b007,0,TRANSFER,Medium,10,13,surge,47.791435,49.832338545586694,97.62377354558669
train,88952438-1173-51a9-9b76-d3e1f775b007,1,TRANSFER,Medium,9,0,normal,47.791435,0.0,47.791435
train,88952438-1173-51a9-9b76-d3e1f775b007,2,TRANSFER,Medium,7,0,normal,47.791435,0.0,47.791435
train,88a4e892-e86c-5ff3-8d1d-5fc3884bb8cd,0,DEBIT,High,3,0,idle,33.097787,0.0,33.097787
train,88a4e892-e86c-5ff3-8d1d-5fc3884bb8cd,1,DEBIT,High,10,3,busy,33.097787,11.437234340026437,44.53502134002643
train,88a4e892-e86c-5ff3-8d1d-5fc3884bb8cd,2,DEBIT,High,8,0,normal,33.097787,0.0,33.097787
train,88a4e892-e86c-5ff3-8d1d-5fc3884bb8cd,0,DEBIT,Low,4,0,idle,51.461873,0.0,51.461873
train,88a4e892-e86c-5ff3-8d1d-5fc3884bb8cd,1,DEBIT,Low,7,0,normal,51.461873,0.0,51.461873
train,88a4e892-e86c-5ff3-8d1d-5fc3884bb8cd,2,DEBIT,Low,3,0,idle,51.461873,0.0,51.461873
train,88a4e892-e86c-5ff3-8d1d-5fc3884bb8cd,0,DEBIT,Medium,10,29,surge,40.044609,116.26152613356098,156.30613513356099
train,88a4e892-e86c-5ff3-8d1d-5fc3884bb8cd,1,DEBIT,Medium,10,13,surge,40.044609,52.38919451407392,92.43380351407393
train,88a4e892-e86c-5ff3-8d1d-5fc3884bb8cd,2,DEBIT,Medium,5,0,normal,40.044609,0.0,40.044609
train,893cb5b5-8d2c-5f58-bce8-c0834e7b6ac2,0,PAYMENT,High,10,7,busy,24.022205,22.0212495391778,46.0434545391778
train,893cb5b5-8d2c-5f58-bce8-c0834e7b6ac2,1,PAYMENT,High,5,0,normal,24.022205,0.0,24.022205
train,893cb5b5-8d2c-5f58-bce8-c0834e7b6ac2,2,PAYMENT,High,5,0,normal,24.022205,0.0,24.022205
train,893cb5b5-8d2c-5f58-bce8-c0834e7b6ac2,0,PAYMENT,Low,0,0,idle,39.480511,0.0,39.480511
train,893cb5b5-8d2c-5f58-bce8-c0834e7b6ac2,1,PAYMENT,Low,5,0,normal,39.480511,0.0,39.480511
train,893cb5b5-8d2c-5f58-bce8-c0834e7b6ac2,2,PAYMENT,Low,10,21,surge,39.480511,100.15048369606825,139.63099469606826
train,893cb5b5-8d2c-5f58-bce8-c0834e7b6ac2,0,PAYMENT,Medium,10,21,surge,31.404461,76.16148316225404,107.56594416225404
train,893cb5b5-8d2c-5f58-bce8-c0834e7b6ac2,1,PAYMENT,Medium,6,0,normal,31.404461,0.0,31.404461
train,893cb5b5-8d2c-5f58-bce8-c0834e7b6ac2,2,PAYMENT,Medium,10,22,surge,31.404461,82.4988592112719,113.9033202112719
train,89586149-3663-5a53-931e-ece960805445,0,DEBIT,High,0,0,idle,32.797031,0.0,32.797031
train,89586149-3663-5a53-931e-ece960805445,1,DEBIT,High,6,0,normal,32.797031,0.0,32.797031
train,89586149-3663-5a53-931e-ece960805445,2,DEBIT,High,10,15,surge,32.797031,40.85613883834867,73.65316983834867
train,89586149-3663-5a53-931e-ece960805445,0,DEBIT,Low,4,0,idle,54.051018,0.0,54.051018
train,89586149-3663-5a53-931e-ece960805445,1,DEBIT,Low,10,2,busy,54.051018,19.419340788097305,73.4703587880973
train,89586149-3663-5a53-931e-ece960805445,2,DEBIT,Low,7,0,normal,54.051018,0.0,54.051018
train,89586149-3663-5a53-931e-ece960805445,0,DEBIT,Medium,10,23,surge,40.438413,90.99404366712602,131.43245666712602
train,89586149-3663-5a53-931e-ece960805445,1,DEBIT,Medium,10,0,busy,40.438413,1.716658883928011,42.15507188392801
train,89586149-3663-5a53-931e-ece960805445,2,DEBIT,Medium,10,8,busy,40.438413,29.28926198390257,69.72767498390257
train,89d99087-9dec-5b07-b1d8-89468d66d679,0,TRANSFER,High,10,7,busy,37.858235,26.761321142390756,64.61955614239076
train,89d99087-9dec-5b07-b1d8-89468d66d679,1,TRANSFER,High,7,0,normal,37.858235,0.0,37.858235
train,89d99087-9dec-5b07-b1d8-89468d66d679,2,TRANSFER,High,10,2,busy,37.858235,9.349444544922948,47.20767954492295
train,89d99087-9dec-5b07-b1d8-89468d66d679,0,TRANSFER,Low,10,14,surge,58.187199,68.05801333831604,126.24521233831604
train,89d99087-9dec-5b07-b1d8-89468d66d679,1,TRANSFER,Low,7,0,normal,58.187199,0.0,58.187199
train,89d99087-9dec-5b07-b1d8-89468d66d679,2,TRANSFER,Low,7,0,normal,58.187199,0.0,58.187199
train,89d99087-9dec-5b07-b1d8-89468d66d679,0,TRANSFER,Medium,9,0,normal,46.466735,0.0,46.466735
train,89d99087-9dec-5b07-b1d8-89468d66d679,1,TRANSFER,Medium,10,1,busy,46.466735,8.413357192954075,54.88009219295407
train,89d99087-9dec-5b07-b1d8-89468d66d679,2,TRANSFER,Medium,8,0,normal,46.466735,0.0,46.466735
train,89dfa62d-d9c8-5a51-b401-d4f9136c9dad,0,CASH_IN,High,5,0,normal,22.606918,0.0,22.606918
train,89dfa62d-d9c8-5a51-b401-d4f9136c9dad,1,CASH_IN,High,6,0,normal,22.606918,0.0,22.606918
train,89dfa62d-d9c8-5a51-b401-d4f9136c9dad,2,CASH_IN,High,10,10,busy,22.606918,25.529738871190435,48.13665687119044
train,89dfa62d-d9c8-5a51-b401-d4f9136c9dad,0,CASH_IN,Low,2,0,idle,36.519003,0.0,36.519003
train,89dfa62d-d9c8-5a51-b401-d4f9136c9dad,1,CASH_IN,Low,9,0,normal,36.519003,0.0,36.519003
train,89dfa62d-d9c8-5a51-b401-d4f9136c9dad,2,CASH_IN,Low,8,0,normal,36.519003,0.0,36.519003
train,89dfa62d-d9c8-5a51-b401-d4f9136c9dad,0,CASH_IN,Medium,10,18,surge,26.513895,68.32658699741192,94.84048199741193
train,89dfa62d-d9c8-5a51-b401-d4f9136c9dad,1,CASH_IN,Medium,5,0,normal,26.513895,0.0,26.513895
train,89dfa62d-d9c8-5a51-b401-d4f9136c9dad,2,CASH_IN,Medium,10,6,busy,26.513895,20.919651721162683,47.433546721162685
train,8a5c2c53-a497-5446-85c7-cc2a3bb6edce,0,TRANSFER,High,10,1,busy,34.247744,13.805296698199797,48.053040698199794
train,8a5c2c53-a497-5446-85c7-cc2a3bb6edce,1,TRANSFER,High,9,0,normal,34.247744,0.0,34.247744
train,8a5c2c53-a497-5446-85c7-cc2a3bb6edce,2,TRANSFER,High,10,8,busy,34.247744,28.660249740380387,62.907993740380384
train,8a5c2c53-a497-5446-85c7-cc2a3bb6edce,0,TRANSFER,Low,6,0,normal,56.656958,0.0,56.656958
train,8a5c2c53-a497-5446-85c7-cc2a3bb6edce,1,TRANSFER,Low,10,5,busy,56.656958,29.088825077624726,85.74578307762474
train,8a5c2c53-a497-5446-85c7-cc2a3bb6edce,2,TRANSFER,Low,7,0,normal,56.656958,0.0,56.656958
train,8a5c2c53-a497-5446-85c7-cc2a3bb6edce,0,TRANSFER,Medium,10,2,busy,46.724339,18.845592968492387,65.56993196849238
train,8a5c2c53-a497-5446-85c7-cc2a3bb6edce,1,TRANSFER,Medium,10,10,busy,46.724339,45.88477342297459,92.60911242297459
train,8a5c2c53-a497-5446-85c7-cc2a3bb6edce,2,TRANSFER,Medium,10,10,busy,46.724339,37.1096660914739,83.8340050914739
train,8b205bd2-fb07-5ee7-8aa7-63179e4b45ea,0,CASH_OUT,High,1,0,idle,29.314634,0.0,29.314634
train,8b205bd2-fb07-5ee7-8aa7-63179e4b45ea,1,CASH_OUT,High,5,0,normal,29.314634,0.0,29.314634
train,8b205bd2-fb07-5ee7-8aa7-63179e4b45ea,2,CASH_OUT,High,5,0,normal,29.314634,0.0,29.314634
train,8b205bd2-fb07-5ee7-8aa7-63179e4b45ea,0,CASH_OUT,Low,10,9,busy,47.285433,46.47579100049999,93.7612240005
train,8b205bd2-fb07-5ee7-8aa7-63179e4b45ea,1,CASH_OUT,Low,8,0,normal,47.285433,0.0,47.285433
train,8b205bd2-fb07-5ee7-8aa7-63179e4b45ea,2,CASH_OUT,Low,10,9,busy,47.285433,38.73635539739353,86.02178839739352
train,8b205bd2-fb07-5ee7-8aa7-63179e4b45ea,0,CASH_OUT,Medium,7,0,normal,37.196642,0.0,37.196642
train,8b205bd2-fb07-5ee7-8aa7-63179e4b45ea,1,CASH_OUT,Medium,1,0,idle,37.196642,0.0,37.196642
train,8b205bd2-fb07-5ee7-8aa7-63179e4b45ea,2,CASH_OUT,Medium,10,3,busy,37.196642,17.429666400019794,54.626308400019795
train,8b58774c-d397-5e6b-9b1e-3e8a41d74fb8,0,CASH_IN,High,9,0,normal,21.316925,0.0,21.316925
train,8b58774c-d397-5e6b-9b1e-3e8a41d74fb8,1,CASH_IN,High,0,0,idle,21.316925,0.0,21.316925
train,8b58774c-d397-5e6b-9b1e-3e8a41d74fb8,2,CASH_IN,High,9,0,normal,21.316925,0.0,21.316925
train,8b58774c-d397-5e6b-9b1e-3e8a41d74fb8,0,CASH_IN,Low,7,0,normal,33.442655,0.0,33.442655
train,8b58774c-d397-5e6b-9b1e-3e8a41d74fb8,1,CASH_IN,Low,5,0,normal,33.442655,0.0,33.442655
train,8b58774c-d397-5e6b-9b1e-3e8a41d74fb8,2,CASH_IN,Low,3,0,idle,33.442655,0.0,33.442655
train,8b58774c-d397-5e6b-9b1e-3e8a41d74fb8,0,CASH_IN,Medium,10,16,surge,27.487419,54.90026031486666,82.38767931486666
train,8b58774c-d397-5e6b-9b1e-3e8a41d74fb8,1,CASH_IN,Medium,0,0,idle,27.487419,0.0,27.487419
train,8b58774c-d397-5e6b-9b1e-3e8a41d74fb8,2,CASH_IN,Medium,5,0,normal,27.487419,0.0,27.487419
train,8c69583c-6393-5b94-8b61-28c049e525e7,0,CASH_IN,High,10,10,busy,20.590955,29.287343408325082,49.87829840832508
train,8c69583c-6393-5b94-8b61-28c049e525e7,1,CASH_IN,High,7,0,normal,20.590955,0.0,20.590955
train,8c69583c-6393-5b94-8b61-28c049e525e7,2,CASH_IN,High,9,0,normal,20.590955,0.0,20.590955
train,8c69583c-6393-5b94-8b61-28c049e525e7,0,CASH_IN,Low,9,0,normal,32.765988,0.0,32.765988
train,8c69583c-6393-5b94-8b61-28c049e525e7,1,CASH_IN,Low,7,0,normal,32.765988,0.0,32.765988
train,8c69583c-6393-5b94-8b61-28c049e525e7,2,CASH_IN,Low,1,0,idle,32.765988,0.0,32.765988
train,8c69583c-6393-5b94-8b61-28c049e525e7,0,CASH_IN,Medium,0,0,idle,28.005372,0.0,28.005372
train,8c69583c-6393-5b94-8b61-28c049e525e7,1,CASH_IN,Medium,1,0,idle,28.005372,0.0,28.005372
train,8c69583c-6393-5b94-8b61-28c049e525e7,2,CASH_IN,Medium,5,0,normal,28.005372,0.0,28.005372
train,8c8e4412-1f89-5c66-9733-6ec2e1bdac4a,0,PAYMENT,High,4,0,idle,24.880598,0.0,24.880598
train,8c8e4412-1f89-5c66-9733-6ec2e1bdac4a,1,PAYMENT,High,10,5,busy,24.880598,18.886388843069895,43.766986843069894
train,8c8e4412-1f89-5c66-9733-6ec2e1bdac4a,2,PAYMENT,High,9,0,normal,24.880598,0.0,24.880598
train,8c8e4412-1f89-5c66-9733-6ec2e1bdac4a,0,PAYMENT,Low,0,0,idle,39.394881,0.0,39.394881
train,8c8e4412-1f89-5c66-9733-6ec2e1bdac4a,1,PAYMENT,Low,1,0,idle,39.394881,0.0,39.394881
train,8c8e4412-1f89-5c66-9733-6ec2e1bdac4a,2,PAYMENT,Low,10,17,surge,39.394881,80.17240175095918,119.56728275095918
train,8c8e4412-1f89-5c66-9733-6ec2e1bdac4a,0,PAYMENT,Medium,1,0,idle,30.136373,0.0,30.136373
train,8c8e4412-1f89-5c66-9733-6ec2e1bdac4a,1,PAYMENT,Medium,5,0,normal,30.136373,0.0,30.136373
train,8c8e4412-1f89-5c66-9733-6ec2e1bdac4a,2,PAYMENT,Medium,10,29,surge,30.136373,107.97005554468996,138.10642854468995
train,8caf59a6-2123-5793-8a99-6a869fa88adb,0,CASH_IN,High,10,0,busy,21.143527,7.908053113283489,29.05158011328349
train,8caf59a6-2123-5793-8a99-6a869fa88adb,1,CASH_IN,High,8,0,normal,21.143527,0.0,21.143527
train,8caf59a6-2123-5793-8a99-6a869fa88adb,2,CASH_IN,High,10,18,surge,21.143527,53.61967975037872,74.76320675037871
train,8caf59a6-2123-5793-8a99-6a869fa88adb,0,CASH_IN,Low,10,7,busy,33.524721,35.064178226261134,68.58889922626113
train,8caf59a6-2123-5793-8a99-6a869fa88adb,1,CASH_IN,Low,6,0,normal,33.524721,0.0,33.524721
train,8caf59a6-2123-5793-8a99-6a869fa88adb,2,CASH_IN,Low,10,20,surge,33.524721,90.77441292773536,124.29913392773535
train,8caf59a6-2123-5793-8a99-6a869fa88adb,0,CASH_IN,Medium,10,4,busy,28.125506,19.731959025061226,47.85746502506123
train,8caf59a6-2123-5793-8a99-6a869fa88adb,1,CASH_IN,Medium,9,0,normal,28.125506,0.0,28.125506
train,8caf59a6-2123-5793-8a99-6a869fa88adb,2,CASH_IN,Medium,7,0,normal,28.125506,0.0,28.125506
train,8d909b4f-7dfe-54ea-bfd7-0dcfa152de20,0,CASH_OUT,High,9,0,normal,27.531167,0.0,27.531167
train,8d909b4f-7dfe-54ea-bfd7-0dcfa152de20,1,CASH_OUT,High,7,0,normal,27.531167,0.0,27.531167
train,8d909b4f-7dfe-54ea-bfd7-0dcfa152de20,2,CASH_OUT,High,9,0,normal,27.531167,0.0,27.531167
train,8d909b4f-7dfe-54ea-bfd7-0dcfa152de20,0,CASH_OUT,Low,10,11,surge,48.135807,60.52070793832052,108.65651493832053
train,8d909b4f-7dfe-54ea-bfd7-0dcfa152de20,1,CASH_OUT,Low,0,0,idle,48.135807,0.0,48.135807
train,8d909b4f-7dfe-54ea-bfd7-0dcfa152de20,2,CASH_OUT,Low,10,7,busy,48.135807,28.708244063845445,76.84405106384544
train,8d909b4f-7dfe-54ea-bfd7-0dcfa152de20,0,CASH_OUT,Medium,5,0,normal,36.748369,0.0,36.748369
train,8d909b4f-7dfe-54ea-bfd7-0dcfa152de20,1,CASH_OUT,Medium,6,0,normal,36.748369,0.0,36.748369
train,8d909b4f-7dfe-54ea-bfd7-0dcfa152de20,2,CASH_OUT,Medium,10,9,busy,36.748369,34.06888137283581,70.81725037283582
train,8e0a498f-4f2b-5a94-bb2e-a92d031e37e9,0,CASH_IN,High,10,3,busy,20.820477,6.645738519645506,27.466215519645505
train,8e0a498f-4f2b-5a94-bb2e-a92d031e37e9,1,CASH_IN,High,10,5,busy,20.820477,8.33772754554373,29.158204545543732
train,8e0a498f-4f2b-5a94-bb2e-a92d031e37e9,2,CASH_IN,High,5,0,normal,20.820477,0.0,20.820477
train,8e0a498f-4f2b-5a94-bb2e-a92d031e37e9,0,CASH_IN,Low,1,0,idle,37.590087,0.0,37.590087
train,8e0a498f-4f2b-5a94-bb2e-a92d031e37e9,1,CASH_IN,Low,10,4,busy,37.590087,20.848374513093077,58.438461513093074
train,8e0a498f-4f2b-5a94-bb2e-a92d031e37e9,2,CASH_IN,Low,7,0,normal,37.590087,0.0,37.590087
train,8e0a498f-4f2b-5a94-bb2e-a92d031e37e9,0,CASH_IN,Medium,10,0,busy,27.687186,3.009687231532251,30.69687323153225
train,8e0a498f-4f2b-5a94-bb2e-a92d031e37e9,1,CASH_IN,Medium,10,24,surge,27.687186,89.09634984917888,116.78353584917888
train,8e0a498f-4f2b-5a94-bb2e-a92d031e37e9,2,CASH_IN,Medium,6,0,normal,27.687186,0.0,27.687186
train,8e361a09-2657-57d1-ae2b-bd310b9bc17a,0,CASH_OUT,High,5,0,normal,27.573221,0.0,27.573221
train,8e361a09-2657-57d1-ae2b-bd310b9bc17a,1,CASH_OUT,High,10,0,busy,27.573221,1.2149667416074603,28.78818774160746
train,8e361a09-2657-57d1-ae2b-bd310b9bc17a,2,CASH_OUT,High,6,0,normal,27.573221,0.0,27.573221
train,8e361a09-2657-57d1-ae2b-bd310b9bc17a,0,CASH_OUT,Low,0,0,idle,47.49139,0.0,47.49139
train,8e361a09-2657-57d1-ae2b-bd310b9bc17a,1,CASH_OUT,Low,6,0,normal,47.49139,0.0,47.49139
train,8e361a09-2657-57d1-ae2b-bd310b9bc17a,2,CASH_OUT,Low,1,0,idle,47.49139,0.0,47.49139
train,8e361a09-2657-57d1-ae2b-bd310b9bc17a,0,CASH_OUT,Medium,10,0,busy,36.911977,2.4893258356250496,39.40130283562505
train,8e361a09-2657-57d1-ae2b-bd310b9bc17a,1,CASH_OUT,Medium,8,0,normal,36.911977,0.0,36.911977
train,8e361a09-2657-57d1-ae2b-bd310b9bc17a,2,CASH_OUT,Medium,0,0,idle,36.911977,0.0,36.911977
train,8f49f6d7-184a-5101-a185-c5561a2d4d86,0,CASH_OUT,High,10,5,busy,29.981487,17.435148026047553,47.41663502604756
train,8f49f6d7-184a-5101-a185-c5561a2d4d86,1,CASH_OUT,High,10,1,busy,29.981487,5.219636754588376,35.20112375458838
train,8f49f6d7-184a-5101-a185-c5561a2d4d86,2,CASH_OUT,High,6,0,normal,29.981487,0.0,29.981487
train,8f49f6d7-184a-5101-a185-c5561a2d4d86,0,CASH_OUT,Low,10,5,busy,46.147806,31.369756842821463,77.51756284282146
train,8f49f6d7-184a-5101-a185-c5561a2d4d86,1,CASH_OUT,Low,5,0,normal,46.147806,0.0,46.147806
train,8f49f6d7-184a-5101-a185-c5561a2d4d86,2,CASH_OUT,Low,5,0,normal,46.147806,0.0,46.147806
train,8f49f6d7-184a-5101-a185-c5561a2d4d86,0,CASH_OUT,Medium,8,0,normal,34.415387,0.0,34.415387
train,8f49f6d7-184a-5101-a185-c5561a2d4d86,1,CASH_OUT,Medium,10,7,busy,34.415387,19.585728550599857,54.00111555059986
train,8f49f6d7-184a-5101-a185-c5561a2d4d86,2,CASH_OUT,Medium,9,0,normal,34.415387,0.0,34.415387
train,8f88d670-1ccc-51ea-8811-46425039d711,0,DEBIT,High,6,0,normal,31.464955,0.0,31.464955
train,8f88d670-1ccc-51ea-8811-46425039d711,1,DEBIT,High,10,0,busy,31.464955,1.6847090246655525,33.149664024665555
train,8f88d670-1ccc-51ea-8811-46425039d711,2,DEBIT,High,10,12,surge,31.464955,39.47381122437829,70.93876622437828
train,8f88d670-1ccc-51ea-8811-46425039d711,0,DEBIT,Low,4,0,idle,51.26123,0.0,51.26123
train,8f88d670-1ccc-51ea-8811-46425039d711,1,DEBIT,Low,10,16,surge,51.26123,73.43424417855428,124.69547417855428
train,8f88d670-1ccc-51ea-8811-46425039d711,2,DEBIT,Low,7,0,normal,51.26123,0.0,51.26123
train,8f88d670-1ccc-51ea-8811-46425039d711,0,DEBIT,Medium,0,0,idle,40.624803,0.0,40.624803
train,8f88d670-1ccc-51ea-8811-46425039d711,1,DEBIT,Medium,10,11,surge,40.624803,48.8379176110366,89.4627206110366
train,8f88d670-1ccc-51ea-8811-46425039d711,2,DEBIT,Medium,10,10,busy,40.624803,38.66254815568839,79.28735115568838
train,90f688f3-b2eb-5fe8-81f2-4766ecca585a,0,PAYMENT,High,10,8,busy,24.056203,25.014616601677908,49.07081960167791
train,90f688f3-b2eb-5fe8-81f2-4766ecca585a,1,PAYMENT,High,9,0,normal,24.056203,0.0,24.056203
train,90f688f3-b2eb-5fe8-81f2-4766ecca585a,2,PAYMENT,High,10,22,surge,24.056203,60.3330481230731,84.3892511230731
train,90f688f3-b2eb-5fe8-81f2-4766ecca585a,0,PAYMENT,Low,10,6,busy,39.093044,14.055368560137497,53.148412560137494
train,90f688f3-b2eb-5fe8-81f2-4766ecca585a,1,PAYMENT,Low,6,0,normal,39.093044,0.0,39.093044
train,90f688f3-b2eb-5fe8-81f2-4766ecca585a,2,PAYMENT,Low,10,3,busy,39.093044,24.620324839600325,63.71336883960032
train,90f688f3-b2eb-5fe8-81f2-4766ecca585a,0,PAYMENT,Medium,8,0,normal,31.448898,0.0,31.448898
train,90f688f3-b2eb-5fe8-81f2-4766ecca585a,1,PAYMENT,Medium,10,14,surge,31.448898,52.71350797882287,84.16240597882287
train,90f688f3-b2eb-5fe8-81f2-4766ecca585a,2,PAYMENT,Medium,10,28,surge,31.448898,104.17065391769164,135.61955191769164
train,91728ed0-836a-50f3-a85c-d4c184b6f50d,0,CASH_OUT,High,1,0,idle,27.780329,0.0,27.780329
train,91728ed0-836a-50f3-a85c-d4c184b6f50d,1,CASH_OUT,High,2,0,idle,27.780329,0.0,27.780329
train,91728ed0-836a-50f3-a85c-d4c184b6f50d,2,CASH_OUT,High,10,10,busy,27.780329,29.422958639584277,57.203287639584275
train,91728ed0-836a-50f3-a85c-d4c184b6f50d,0,CASH_OUT,Low,10,12,surge,47.850284,63.39012322930382,111.24040722930383
train,91728ed0-836a-50f3-a85c-d4c184b6f50d,1,CASH_OUT,Low,8,0,normal,47.850284,0.0,47.850284
train,91728ed0-836a-50f3-a85c-d4c184b6f50d,2,CASH_OUT,Low,9,0,normal,47.850284,0.0,47.850284
train,91728ed0-836a-50f3-a85c-d4c184b6f50d,0,CASH_OUT,Medium,10,18,surge,37.120506,73.14549047666807,110.26599647666808
train,91728ed0-836a-50f3-a85c-d4c184b6f50d,1,CASH_OUT,Medium,5,0,normal,37.120506,0.0,37.120506
train,91728ed0-836a-50f3-a85c-d4c184b6f50d,2,CASH_OUT,Medium,10,1,busy,37.120506,5.506365533297999,42.626871533298
train,91a0fba3-5737-52a4-a0f3-38b230f084f1,0,CASH_OUT,High,4,0,idle,28.361979,0.0,28.361979
train,91a0fba3-5737-52a4-a0f3-38b230f084f1,1,CASH_OUT,High,5,0,normal,28.361979,0.0,28.361979
train,91a0fba3-5737-52a4-a0f3-38b230f084f1,2,CASH_OUT,High,8,0,normal,28.361979,0.0,28.361979
train,91a0fba3-5737-52a4-a0f3-38b230f084f1,0,CASH_OUT,Low,8,0,normal,44.435284,0.0,44.435284
train,91a0fba3-5737-52a4-a0f3-38b230f084f1,1,CASH_OUT,Low,10,4,busy,44.435284,18.769839550150415,63.20512355015042
train,91a0fba3-5737-52a4-a0f3-38b230f084f1,2,CASH_OUT,Low,6,0,normal,44.435284,0.0,44.435284
train,91a0fba3-5737-52a4-a0f3-38b230f084f1,0,CASH_OUT,Medium,9,0,normal,36.960158,0.0,36.960158
train,91a0fba3-5737-52a4-a0f3-38b230f084f1,1,CASH_OUT,Medium,8,0,normal,36.960158,0.0,36.960158
train,91a0fba3-5737-52a4-a0f3-38b230f084f1,2,CASH_OUT,Medium,10,10,busy,36.960158,40.8444008063452,77.8045588063452
train,92a5a593-df9b-5057-a246-c80b23e8e349,0,CASH_IN,High,10,0,busy,21.072132,5.492600984385534,26.564732984385536
train,92a5a593-df9b-5057-a246-c80b23e8e349,1,CASH_IN,High,0,0,idle,21.072132,0.0,21.072132
train,92a5a593-df9b-5057-a246-c80b23e8e349,2,CASH_IN,High,10,26,surge,21.072132,75.66960884349061,96.7417408434906
train,92a5a593-df9b-5057-a246-c80b23e8e349,0,CASH_IN,Low,8,0,normal,32.588385,0.0,32.588385
train,92a5a593-df9b-5057-a246-c80b23e8e349,1,CASH_IN,Low,8,0,normal,32.588385,0.0,32.588385
train,92a5a593-df9b-5057-a246-c80b23e8e349,2,CASH_IN,Low,10,2,busy,32.588385,27.623019693098303,60.2114046930983
train,92a5a593-df9b-5057-a246-c80b23e8e349,0,CASH_IN,Medium,7,0,normal,27.136708,0.0,27.136708
train,92a5a593-df9b-5057-a246-c80b23e8e349,1,CASH_IN,Medium,9,0,normal,27.136708,0.0,27.136708
train,92a5a593-df9b-5057-a246-c80b23e8e349,2,CASH_IN,Medium,10,18,surge,27.136708,58.14894636166721,85.28565436166721
train,92f6d485-0ba0-58e3-b3d7-ddf1e60ce849,0,TRANSFER,High,10,0,busy,34.148773,1.4346748024726486,35.58344780247265
train,92f6d485-0ba0-58e3-b3d7-ddf1e60ce849,1,TRANSFER,High,5,0,normal,34.148773,0.0,34.148773
train,92f6d485-0ba0-58e3-b3d7-ddf1e60ce849,2,TRANSFER,High,10,27,surge,34.148773,81.50898048314592,115.65775348314591
train,92f6d485-0ba0-58e3-b3d7-ddf1e60ce849,0,TRANSFER,Low,3,0,idle,55.03425,0.0,55.03425
train,92f6d485-0ba0-58e3-b3d7-ddf1e60ce849,1,TRANSFER,Low,9,0,normal,55.03425,0.0,55.03425
train,92f6d485-0ba0-58e3-b3d7-ddf1e60ce849,2,TRANSFER,Low,10,6,busy,55.03425,23.843677636034815,78.87792763603481
train,92f6d485-0ba0-58e3-b3d7-ddf1e60ce849,0,TRANSFER,Medium,10,10,busy,46.023646,35.04586285202031,81.0695088520203
train,92f6d485-0ba0-58e3-b3d7-ddf1e60ce849,1,TRANSFER,Medium,10,6,busy,46.023646,24.47074125210656,70.49438725210656
train,92f6d485-0ba0-58e3-b3d7-ddf1e60ce849,2,TRANSFER,Medium,9,0,normal,46.023646,0.0,46.023646
train,9303d632-4d64-5b4e-a423-8a4de696f38e,0,PAYMENT,High,10,19,surge,24.993558,51.94836331306355,76.94192131306355
train,9303d632-4d64-5b4e-a423-8a4de696f38e,1,PAYMENT,High,8,0,normal,24.993558,0.0,24.993558
train,9303d632-4d64-5b4e-a423-8a4de696f38e,2,PAYMENT,High,1,0,idle,24.993558,0.0,24.993558
train,9303d632-4d64-5b4e-a423-8a4de696f38e,0,PAYMENT,Low,10,21,surge,39.454519,96.17291043445059,135.6274294344506
train,9303d632-4d64-5b4e-a423-8a4de696f38e,1,PAYMENT,Low,10,19,surge,39.454519,96.81273258106273,136.26725158106274
train,9303d632-4d64-5b4e-a423-8a4de696f38e,2,PAYMENT,Low,10,11,surge,39.454519,54.485234757548696,93.93975375754869
train,9303d632-4d64-5b4e-a423-8a4de696f38e,0,PAYMENT,Medium,10,10,busy,33.676642,37.75332725509047,71.42996925509047
train,9303d632-4d64-5b4e-a423-8a4de696f38e,1,PAYMENT,Medium,3,0,idle,33.676642,0.0,33.676642
train,9303d632-4d64-5b4e-a423-8a4de696f38e,2,PAYMENT,Medium,6,0,normal,33.676642,0.0,33.676642
train,930e2f50-cd9e-55e8-a544-4ff4da83b0c3,0,CASH_IN,High,1,0,idle,20.821151,0.0,20.821151
train,930e2f50-cd9e-55e8-a544-4ff4da83b0c3,1,CASH_IN,High,2,0,idle,20.821151,0.0,20.821151
train,930e2f50-cd9e-55e8-a544-4ff4da83b0c3,2,CASH_IN,High,7,0,normal,20.821151,0.0,20.821151
train,930e2f50-cd9e-55e8-a544-4ff4da83b0c3,0,CASH_IN,Low,8,0,normal,32.533767,0.0,32.533767
train,930e2f50-cd9e-55e8-a544-4ff4da83b0c3,1,CASH_IN,Low,9,0,normal,32.533767,0.0,32.533767
train,930e2f50-cd9e-55e8-a544-4ff4da83b0c3,2,CASH_IN,Low,10,7,busy,32.533767,29.177317820558144,61.71108482055814
train,930e2f50-cd9e-55e8-a544-4ff4da83b0c3,0,CASH_IN,Medium,5,0,normal,27.952742,0.0,27.952742
train,930e2f50-cd9e-55e8-a544-4ff4da83b0c3,1,CASH_IN,Medium,10,2,busy,27.952742,6.421225129106599,34.3739671291066
train,930e2f50-cd9e-55e8-a544-4ff4da83b0c3,2,CASH_IN,Medium,7,0,normal,27.952742,0.0,27.952742
train,93498620-c1d1-5b70-bea2-8e72b07aa1a8,0,CASH_IN,High,10,20,surge,21.880304,57.96707699657348,79.84738099657348
train,93498620-c1d1-5b70-bea2-8e72b07aa1a8,1,CASH_IN,High,6,0,normal,21.880304,0.0,21.880304
train,93498620-c1d1-5b70-bea2-8e72b07aa1a8,2,CASH_IN,High,4,0,idle,21.880304,0.0,21.880304
train,93498620-c1d1-5b70-bea2-8e72b07aa1a8,0,CASH_IN,Low,5,0,normal,32.29168,0.0,32.29168
train,93498620-c1d1-5b70-bea2-8e72b07aa1a8,1,CASH_IN,Low,7,0,normal,32.29168,0.0,32.29168
train,93498620-c1d1-5b70-bea2-8e72b07aa1a8,2,CASH_IN,Low,10,24,surge,32.29168,105.95546311119817,138.24714311119817
train,93498620-c1d1-5b70-bea2-8e72b07aa1a8,0,CASH_IN,Medium,10,5,busy,27.648533,24.9707992893119,52.6193322893119
train,93498620-c1d1-5b70-bea2-8e72b07aa1a8,1,CASH_IN,Medium,10,2,busy,27.648533,7.529055307283407,35.17758830728341
train,93498620-c1d1-5b70-bea2-8e72b07aa1a8,2,CASH_IN,Medium,6,0,normal,27.648533,0.0,27.648533
train,936d0d2b-408f-5586-8f6d-16aa87452b75,0,CASH_OUT,High,10,12,surge,31.617479,38.765058067915504,70.38253706791551
train,936d0d2b-408f-5586-8f6d-16aa87452b75,1,CASH_OUT,High,10,20,surge,31.617479,58.16332074138751,89.78079974138751
train,936d0d2b-408f-5586-8f6d-16aa87452b75,2,CASH_OUT,High,10,1,busy,31.617479,6.684467277756919,38.30194627775692
train,936d0d2b-408f-5586-8f6d-16aa87452b75,0,CASH_OUT,Low,8,0,normal,46.138481,0.0,46.138481
train,936d0d2b-408f-5586-8f6d-16aa87452b75,1,CASH_OUT,Low,6,0,normal,46.138481,0.0,46.138481
train,936d0d2b-408f-5586-8f6d-16aa87452b75,2,CASH_OUT,Low,7,0,normal,46.138481,0.0,46.138481
train,936d0d2b-408f-5586-8f6d-16aa87452b75,0,CASH_OUT,Medium,10,1,busy,35.202268,4.344100071193144,39.54636807119314
train,936d0d2b-408f-5586-8f6d-16aa87452b75,1,CASH_OUT,Medium,10,23,surge,35.202268,97.78317977044884,132.98544777044884
train,936d0d2b-408f-5586-8f6d-16aa87452b75,2,CASH_OUT,Medium,4,0,idle,35.202268,0.0,35.202268
train,93781cd4-9f05-5c6b-95a1-8753282bb816,0,CASH_IN,High,10,6,busy,20.518184,18.040992201472047,38.55917620147205
train,93781cd4-9f05-5c6b-95a1-8753282bb816,1,CASH_IN,High,10,21,surge,20.518184,60.38130066155155,80.89948466155155
train,93781cd4-9f05-5c6b-95a1-8753282bb816,2,CASH_IN,High,4,0,idle,20.518184,0.0,20.518184
train,93781cd4-9f05-5c6b-95a1-8753282bb816,0,CASH_IN,Low,0,0,idle,35.84367,0.0,35.84367
train,93781cd4-9f05-5c6b-95a1-8753282bb816,1,CASH_IN,Low,5,0,normal,35.84367,0.0,35.84367
train,93781cd4-9f05-5c6b-95a1-8753282bb816,2,CASH_IN,Low,1,0,idle,35.84367,0.0,35.84367
train,93781cd4-9f05-5c6b-95a1-8753282bb816,0,CASH_IN,Medium,10,4,busy,27.720048,15.131925363371144,42.851973363371144
train,93781cd4-9f05-5c6b-95a1-8753282bb816,1,CASH_IN,Medium,3,0,idle,27.720048,0.0,27.720048
train,93781cd4-9f05-5c6b-95a1-8753282bb816,2,CASH_IN,Medium,6,0,normal,27.720048,0.0,27.720048
train,93cac94e-b732-558b-8601-20de990057e6,0,TRANSFER,High,10,22,surge,36.160512,68.46194955806104,104.62246155806103
train,93cac94e-b732-558b-8601-20de990057e6,1,TRANSFER,High,8,0,normal,36.160512,0.0,36.160512
train,93cac94e-b732-558b-8601-20de990057e6,2,TRANSFER,High,10,7,busy,36.160512,23.131035669637093,59.29154766963709
train,93cac94e-b732-558b-8601-20de990057e6,0,TRANSFER,Low,10,12,surge,58.8143,58.272120373525674,117.08642037352567
train,93cac94e-b732-558b-8601-20de990057e6,1,TRANSFER,Low,10,3,busy,58.8143,11.24845209534725,70.06275209534725
train,93cac94e-b732-558b-8601-20de990057e6,2,TRANSFER,Low,10,30,surge,58.8143,134.81660017252588,193.63090017252588
train,93cac94e-b732-558b-8601-20de990057e6,0,TRANSFER,Medium,10,5,busy,45.137961,25.48620848014932,70.62416948014932
train,93cac94e-b732-558b-8601-20de990057e6,1,TRANSFER,Medium,10,28,surge,45.137961,100.62680178763046,145.76476278763045
train,93cac94e-b732-558b-8601-20de990057e6,2,TRANSFER,Medium,10,7,busy,45.137961,20.059041596155218,65.19700259615522
train,94285ec9-f102-559d-b55d-381c87b954ee,0,TRANSFER,High,4,0,idle,34.423992,0.0,34.423992
train,94285ec9-f102-559d-b55d-381c87b954ee,1,TRANSFER,High,2,0,idle,34.423992,0.0,34.423992
train,94285ec9-f102-559d-b55d-381c87b954ee,2,TRANSFER,High,6,0,normal,34.423992,0.0,34.423992
train,94285ec9-f102-559d-b55d-381c87b954ee,0,TRANSFER,Low,6,0,normal,55.637756,0.0,55.637756
train,94285ec9-f102-559d-b55d-381c87b954ee,1,TRANSFER,Low,6,0,normal,55.637756,0.0,55.637756
train,94285ec9-f102-559d-b55d-381c87b954ee,2,TRANSFER,Low,5,0,normal,55.637756,0.0,55.637756
train,94285ec9-f102-559d-b55d-381c87b954ee,0,TRANSFER,Medium,8,0,normal,43.879191,0.0,43.879191
train,94285ec9-f102-559d-b55d-381c87b954ee,1,TRANSFER,Medium,10,5,busy,43.879191,9.75102497388524,53.63021597388524
train,94285ec9-f102-559d-b55d-381c87b954ee,2,TRANSFER,Medium,10,11,surge,43.879191,45.958999912201755,89.83819091220175
train,942f23af-3b37-5c0b-8711-05554a82aaef,0,CASH_IN,High,10,1,busy,21.192114,5.1403294682360015,26.332443468236
train,942f23af-3b37-5c0b-8711-05554a82aaef,1,CASH_IN,High,2,0,idle,21.192114,0.0,21.192114
train,942f23af-3b37-5c0b-8711-05554a82aaef,2,CASH_IN,High,0,0,idle,21.192114,0.0,21.192114
train,942f23af-3b37-5c0b-8711-05554a82aaef,0,CASH_IN,Low,7,0,normal,33.333587,0.0,33.333587
train,942f23af-3b37-5c0b-8711-05554a82aaef,1,CASH_IN,Low,10,6,busy,33.333587,33.78127746193149,67.11486446193149
train,942f23af-3b37-5c0b-8711-05554a82aaef,2,CASH_IN,Low,10,26,surge,33.333587,117.79445912697649,151.1280461269765
train,942f23af-3b37-5c0b-8711-05554a82aaef,0,CASH_IN,Medium,10,5,busy,29.644366,21.385534263084566,51.02990026308457
train,942f23af-3b37-5c0b-8711-05554a82aaef,1,CASH_IN,Medium,10,4,busy,29.644366,17.173124776302416,46.81749077630242
train,942f23af-3b37-5c0b-8711-05554a82aaef,2,CASH_IN,Medium,2,0,idle,29.644366,0.0,29.644366
train,943acf73-4ed5-5fa1-b0ae-574caf96b0f9,0,CASH_OUT,High,9,0,normal,27.162584,0.0,27.162584
train,943acf73-4ed5-5fa1-b0ae-574caf96b0f9,1,CASH_OUT,High,10,6,busy,27.162584,13.182128943646491,40.34471294364649
train,943acf73-4ed5-5fa1-b0ae-574caf96b0f9,2,CASH_OUT,High,10,8,busy,27.162584,23.493130314041984,50.65571431404199
train,943acf73-4ed5-5fa1-b0ae-574caf96b0f9,0,CASH_OUT,Low,8,0,normal,46.894833,0.0,46.894833
train,943acf73-4ed5-5fa1-b0ae-574caf96b0f9,1,CASH_OUT,Low,10,8,busy,46.894833,47.01294203362215,93.90777503362216
train,943acf73-4ed5-5fa1-b0ae-574caf96b0f9,2,CASH_OUT,Low,10,4,busy,46.894833,21.099392284140485,67.99422528414048
train,943acf73-4ed5-5fa1-b0ae-574caf96b0f9,0,CASH_OUT,Medium,9,0,normal,37.272485,0.0,37.272485
train,943acf73-4ed5-5fa1-b0ae-574caf96b0f9,1,CASH_OUT,Medium,8,0,normal,37.272485,0.0,37.272485
train,943acf73-4ed5-5fa1-b0ae-574caf96b0f9,2,CASH_OUT,Medium,10,2,busy,37.272485,4.394643918598074,41.66712891859808
train,94df8a72-c548-580f-b8b0-72677d8da97c,0,TRANSFER,High,10,22,surge,36.245874,72.8512527141149,109.0971267141149
train,94df8a72-c548-580f-b8b0-72677d8da97c,1,TRANSFER,High,8,0,normal,36.245874,0.0,36.245874
train,94df8a72-c548-580f-b8b0-72677d8da97c,2,TRANSFER,High,0,0,idle,36.245874,0.0,36.245874
train,94df8a72-c548-580f-b8b0-72677d8da97c,0,TRANSFER,Low,9,0,normal,57.818789,0.0,57.818789
train,94df8a72-c548-580f-b8b0-72677d8da97c,1,TRANSFER,Low,10,24,surge,57.818789,107.56929482909254,165.38808382909255
train,94df8a72-c548-580f-b8b0-72677d8da97c,2,TRANSFER,Low,10,26,surge,57.818789,125.74491690954926,183.56370590954927
train,94df8a72-c548-580f-b8b0-72677d8da97c,0,TRANSFER,Medium,10,5,busy,44.527747,24.046372105567432,68.57411910556743
train,94df8a72-c548-580f-b8b0-72677d8da97c,1,TRANSFER,Medium,10,6,busy,44.527747,27.30341902829752,71.83116602829752
train,94df8a72-c548-580f-b8b0-72677d8da97c,2,TRANSFER,Medium,1,0,idle,44.527747,0.0,44.527747
train,94edacdc-ddab-584d-8c85-98a588508111,0,DEBIT,High,7,0,normal,32.877469,0.0,32.877469
train,94edacdc-ddab-584d-8c85-98a588508111,1,DEBIT,High,6,0,normal,32.877469,0.0,32.877469
train,94edacdc-ddab-584d-8c85-98a588508111,2,DEBIT,High,10,10,busy,32.877469,27.057252087317323,59.93472108731732
train,94edacdc-ddab-584d-8c85-98a588508111,0,DEBIT,Low,7,0,normal,51.570443,0.0,51.570443
train,94edacdc-ddab-584d-8c85-98a588508111,1,DEBIT,Low,2,0,idle,51.570443,0.0,51.570443
train,94edacdc-ddab-584d-8c85-98a588508111,2,DEBIT,Low,10,13,surge,51.570443,74.69311074728243,126.26355374728243
train,94edacdc-ddab-584d-8c85-98a588508111,0,DEBIT,Medium,10,16,surge,40.847527,58.084596844017206,98.93212384401721
train,94edacdc-ddab-584d-8c85-98a588508111,1,DEBIT,Medium,10,0,busy,40.847527,5.484444992178332,46.33197199217833
train,94edacdc-ddab-584d-8c85-98a588508111,2,DEBIT,Medium,10,8,busy,40.847527,30.147781195289973,70.99530819528997
train,957130a1-78ed-51c5-b882-17640165e8fa,0,PAYMENT,High,10,1,busy,24.185986,6.778783280539427,30.96476928053943
train,957130a1-78ed-51c5-b882-17640165e8fa,1,PAYMENT,High,3,0,idle,24.185986,0.0,24.185986
train,957130a1-78ed-51c5-b882-17640165e8fa,2,PAYMENT,High,6,0,normal,24.185986,0.0,24.185986
train,957130a1-78ed-51c5-b882-17640165e8fa,0,PAYMENT,Low,10,16,surge,41.392289,75.27775040785136,116.67003940785136
train,957130a1-78ed-51c5-b882-17640165e8fa,1,PAYMENT,Low,6,0,normal,41.392289,0.0,41.392289
train,957130a1-78ed-51c5-b882-17640165e8fa,2,PAYMENT,Low,9,0,normal,41.392289,0.0,41.392289
train,957130a1-78ed-51c5-b882-17640165e8fa,0,PAYMENT,Medium,8,0,normal,30.600397,0.0,30.600397
train,957130a1-78ed-51c5-b882-17640165e8fa,1,PAYMENT,Medium,10,26,surge,30.600397,97.54902310091028,128.14942010091028
train,957130a1-78ed-51c5-b882-17640165e8fa,2,PAYMENT,Medium,9,0,normal,30.600397,0.0,30.600397
train,95fc3f3b-8a75-5026-9c4a-a0dbabdb89db,0,CASH_IN,High,10,11,surge,22.578295,25.231016187316968,47.809311187316965
train,95fc3f3b-8a75-5026-9c4a-a0dbabdb89db,1,CASH_IN,High,10,9,busy,22.578295,27.1579247429139,49.7362197429139
train,95fc3f3b-8a75-5026-9c4a-a0dbabdb89db,2,CASH_IN,High,10,20,surge,22.578295,62.43678769519746,85.01508269519746
train,95fc3f3b-8a75-5026-9c4a-a0dbabdb89db,0,CASH_IN,Low,10,1,busy,31.677077,20.24839639484994,51.925473394849945
train,95fc3f3b-8a75-5026-9c4a-a0dbabdb89db,1,CASH_IN,Low,8,0,normal,31.677077,0.0,31.677077
train,95fc3f3b-8a75-5026-9c4a-a0dbabdb89db,2,CASH_IN,Low,10,0,busy,31.677077,9.182443892994764,40.859520892994766
train,95fc3f3b-8a75-5026-9c4a-a0dbabdb89db,0,CASH_IN,Medium,10,8,busy,29.675695,31.66755481991635,61.34324981991635
train,95fc3f3b-8a75-5026-9c4a-a0dbabdb89db,1,CASH_IN,Medium,10,16,surge,29.675695,71.4603224443639,101.1360174443639
train,95fc3f3b-8a75-5026-9c4a-a0dbabdb89db,2,CASH_IN,Medium,9,0,normal,29.675695,0.0,29.675695
train,963c60ed-7a43-5f99-8fd6-b6ed50ab0783,0,DEBIT,High,8,0,normal,31.66443,0.0,31.66443
train,963c60ed-7a43-5f99-8fd6-b6ed50ab0783,1,DEBIT,High,10,11,surge,31.66443,32.275236235098504,63.9396662350985
train,963c60ed-7a43-5f99-8fd6-b6ed50ab0783,2,DEBIT,High,7,0,normal,31.66443,0.0,31.66443
train,963c60ed-7a43-5f99-8fd6-b6ed50ab0783,0,DEBIT,Low,10,1,busy,50.754646,3.3940576570257086,54.148703657025706
train,963c60ed-7a43-5f99-8fd6-b6ed50ab0783,1,DEBIT,Low,9,0,normal,50.754646,0.0,50.754646
train,963c60ed-7a43-5f99-8fd6-b6ed50ab0783,2,DEBIT,Low,8,0,normal,50.754646,0.0,50.754646
train,963c60ed-7a43-5f99-8fd6-b6ed50ab0783,0,DEBIT,Medium,10,3,busy,40.475112,14.317443448190659,54.79255544819066
train,963c60ed-7a43-5f99-8fd6-b6ed50ab0783,1,DEBIT,Medium,10,8,busy,40.475112,29.842860921597534,70.31797292159754
train,963c60ed-7a43-5f99-8fd6-b6ed50ab0783,2,DEBIT,Medium,10,18,surge,40.475112,64.70640430634887,105.18151630634887
train,9689c7c7-318b-5d54-9773-0803a2012cad,0,CASH_OUT,High,7,0,normal,28.058967,0.0,28.058967
train,9689c7c7-318b-5d54-9773-0803a2012cad,1,CASH_OUT,High,7,0,normal,28.058967,0.0,28.058967
train,9689c7c7-318b-5d54-9773-0803a2012cad,2,CASH_OUT,High,7,0,normal,28.058967,0.0,28.058967
train,9689c7c7-318b-5d54-9773-0803a2012cad,0,CASH_OUT,Low,7,0,normal,42.328889,0.0,42.328889
train,9689c7c7-318b-5d54-9773-0803a2012cad,1,CASH_OUT,Low,6,0,normal,42.328889,0.0,42.328889
train,9689c7c7-318b-5d54-9773-0803a2012cad,2,CASH_OUT,Low,10,13,surge,42.328889,73.44399075445604,115.77287975445603
train,9689c7c7-318b-5d54-9773-0803a2012cad,0,CASH_OUT,Medium,2,0,idle,35.048318,0.0,35.048318
train,9689c7c7-318b-5d54-9773-0803a2012cad,1,CASH_OUT,Medium,10,15,surge,35.048318,55.732104576917266,90.78042257691726
train,9689c7c7-318b-5d54-9773-0803a2012cad,2,CASH_OUT,Medium,10,9,busy,35.048318,40.55702281072319,75.60534081072319
train,96c5172e-5e26-54da-80a5-73b831281be6,0,DEBIT,High,10,0,busy,30.759687,8.20154393402479,38.96123093402479
train,96c5172e-5e26-54da-80a5-73b831281be6,1,DEBIT,High,7,0,normal,30.759687,0.0,30.759687
train,96c5172e-5e26-54da-80a5-73b831281be6,2,DEBIT,High,10,2,busy,30.759687,16.64737245765254,47.40705945765254
train,96c5172e-5e26-54da-80a5-73b831281be6,0,DEBIT,Low,9,0,normal,50.590822,0.0,50.590822
train,96c5172e-5e26-54da-80a5-73b831281be6,1,DEBIT,Low,10,10,busy,50.590822,45.473828084519695,96.0646500845197
train,96c5172e-5e26-54da-80a5-73b831281be6,2,DEBIT,Low,5,0,normal,50.590822,0.0,50.590822
train,96c5172e-5e26-54da-80a5-73b831281be6,0,DEBIT,Medium,10,9,busy,40.696075,29.985402982843468,70.68147798284346
train,96c5172e-5e26-54da-80a5-73b831281be6,1,DEBIT,Medium,7,0,normal,40.696075,0.0,40.696075
train,96c5172e-5e26-54da-80a5-73b831281be6,2,DEBIT,Medium,7,0,normal,40.696075,0.0,40.696075
train,96f3544a-a587-55e2-9e96-879383d8a2d7,0,DEBIT,High,6,0,normal,30.738442,0.0,30.738442
train,96f3544a-a587-55e2-9e96-879383d8a2d7,1,DEBIT,High,10,21,surge,30.738442,65.69992127968757,96.43836327968756
train,96f3544a-a587-55e2-9e96-879383d8a2d7,2,DEBIT,High,10,6,busy,30.738442,17.375867673824278,48.11430967382428
train,96f3544a-a587-55e2-9e96-879383d8a2d7,0,DEBIT,Low,10,30,surge,51.008348,138.53598412158777,189.5443321215878
train,96f3544a-a587-55e2-9e96-879383d8a2d7,1,DEBIT,Low,5,0,normal,51.008348,0.0,51.008348
train,96f3544a-a587-55e2-9e96-879383d8a2d7,2,DEBIT,Low,10,6,busy,51.008348,38.238594397063856,89.24694239706386
train,96f3544a-a587-55e2-9e96-879383d8a2d7,0,DEBIT,Medium,10,2,busy,40.39723,6.404554711995966,46.801784711995964
train,96f3544a-a587-55e2-9e96-879383d8a2d7,1,DEBIT,Medium,10,6,busy,40.39723,21.91164240182502,62.30887240182502
train,96f3544a-a587-55e2-9e96-879383d8a2d7,2,DEBIT,Medium,4,0,idle,40.39723,0.0,40.39723
train,97d1a53d-59e5-5aec-925a-4f4be13c660e,0,PAYMENT,High,4,0,idle,26.530867,0.0,26.530867
train,97d1a53d-59e5-5aec-925a-4f4be13c660e,1,PAYMENT,High,7,0,normal,26.530867,0.0,26.530867
train,97d1a53d-59e5-5aec-925a-4f4be13c660e,2,PAYMENT,High,6,0,normal,26.530867,0.0,26.530867
train,97d1a53d-59e5-5aec-925a-4f4be13c660e,0,PAYMENT,Low,8,0,normal,39.877205,0.0,39.877205
train,97d1a53d-59e5-5aec-925a-4f4be13c660e,1,PAYMENT,Low,10,3,busy,39.877205,17.97240885195343,57.84961385195342
train,97d1a53d-59e5-5aec-925a-4f4be13c660e,2,PAYMENT,Low,2,0,idle,39.877205,0.0,39.877205
train,97d1a53d-59e5-5aec-925a-4f4be13c660e,0,PAYMENT,Medium,0,0,idle,33.163208,0.0,33.163208
train,97d1a53d-59e5-5aec-925a-4f4be13c660e,1,PAYMENT,Medium,1,0,idle,33.163208,0.0,33.163208
train,97d1a53d-59e5-5aec-925a-4f4be13c660e,2,PAYMENT,Medium,0,0,idle,33.163208,0.0,33.163208
train,986e8860-7011-57c8-b78e-df72d99e1aa3,0,PAYMENT,High,10,19,surge,23.863745,55.50040159252884,79.36414659252884
train,986e8860-7011-57c8-b78e-df72d99e1aa3,1,PAYMENT,High,3,0,idle,23.863745,0.0,23.863745
train,986e8860-7011-57c8-b78e-df72d99e1aa3,2,PAYMENT,High,7,0,normal,23.863745,0.0,23.863745
train,986e8860-7011-57c8-b78e-df72d99e1aa3,0,PAYMENT,Low,5,0,normal,39.412878,0.0,39.412878
train,986e8860-7011-57c8-b78e-df72d99e1aa3,1,PAYMENT,Low,2,0,idle,39.412878,0.0,39.412878
train,986e8860-7011-57c8-b78e-df72d99e1aa3,2,PAYMENT,Low,4,0,idle,39.412878,0.0,39.412878
train,986e8860-7011-57c8-b78e-df72d99e1aa3,0,PAYMENT,Medium,7,0,normal,31.196568,0.0,31.196568
train,986e8860-7011-57c8-b78e-df72d99e1aa3,1,PAYMENT,Medium,5,0,normal,31.196568,0.0,31.196568
train,986e8860-7011-57c8-b78e-df72d99e1aa3,2,PAYMENT,Medium,2,0,idle,31.196568,0.0,31.196568
train,98ae62d6-743c-530b-bdb7-63abb831af83,0,CASH_IN,High,5,0,normal,20.519875,0.0,20.519875
train,98ae62d6-743c-530b-bdb7-63abb831af83,1,CASH_IN,High,2,0,idle,20.519875,0.0,20.519875
train,98ae62d6-743c-530b-bdb7-63abb831af83,2,CASH_IN,High,10,2,busy,20.519875,9.285044207586196,29.804919207586195
train,98ae62d6-743c-530b-bdb7-63abb831af83,0,CASH_IN,Low,10,17,surge,34.706882,78.62715991973961,113.3340419197396
train,98ae62d6-743c-530b-bdb7-63abb831af83,1,CASH_IN,Low,10,10,busy,34.706882,42.98278384733553,77.68966584733553
train,98ae62d6-743c-530b-bdb7-63abb831af83,2,CASH_IN,Low,5,0,normal,34.706882,0.0,34.706882
train,98ae62d6-743c-530b-bdb7-63abb831af83,0,CASH_IN,Medium,10,6,busy,27.929918,22.990373602001746,50.92029160200175
train,98ae62d6-743c-530b-bdb7-63abb831af83,1,CASH_IN,Medium,3,0,idle,27.929918,0.0,27.929918
train,98ae62d6-743c-530b-bdb7-63abb831af83,2,CASH_IN,Medium,9,0,normal,27.929918,0.0,27.929918
train,98b085c9-ccac-583a-b0e4-f3fc21d67d35,0,TRANSFER,High,10,8,busy,36.366101,31.785686978436548,68.15178797843654
train,98b085c9-ccac-583a-b0e4-f3fc21d67d35,1,TRANSFER,High,8,0,normal,36.366101,0.0,36.366101
train,98b085c9-ccac-583a-b0e4-f3fc21d67d35,2,TRANSFER,High,10,9,busy,36.366101,24.954535216650438,61.32063621665044
train,98b085c9-ccac-583a-b0e4-f3fc21d67d35,0,TRANSFER,Low,10,21,surge,57.585685,87.92850967795064,145.51419467795063
train,98b085c9-ccac-583a-b0e4-f3fc21d67d35,1,TRANSFER,Low,10,14,surge,57.585685,73.44165437937946,131.02733937937944
train,98b085c9-ccac-583a-b0e4-f3fc21d67d35,2,TRANSFER,Low,10,15,surge,57.585685,62.59420988533403,120.17989488533402
train,98b085c9-ccac-583a-b0e4-f3fc21d67d35,0,TRANSFER,Medium,10,21,surge,46.338178,70.41514366482554,116.75332166482553
train,98b085c9-ccac-583a-b0e4-f3fc21d67d35,1,TRANSFER,Medium,10,9,busy,46.338178,31.13044209939555,77.46862009939555
train,98b085c9-ccac-583a-b0e4-f3fc21d67d35,2,TRANSFER,Medium,9,0,normal,46.338178,0.0,46.338178
train,98bf119f-43d3-576d-90c0-67c904b000bb,0,TRANSFER,High,9,0,normal,36.594434,0.0,36.594434
train,98bf119f-43d3-576d-90c0-67c904b000bb,1,TRANSFER,High,10,18,surge,36.594434,40.7704155760931,77.36484957609309
train,98bf119f-43d3-576d-90c0-67c904b000bb,2,TRANSFER,High,7,0,normal,36.594434,0.0,36.594434
train,98bf119f-43d3-576d-90c0-67c904b000bb,0,TRANSFER,Low,8,0,normal,58.137626,0.0,58.137626
train,98bf119f-43d3-576d-90c0-67c904b000bb,1,TRANSFER,Low,5,0,normal,58.137626,0.0,58.137626
train,98bf119f-43d3-576d-90c0-67c904b000bb,2,TRANSFER,Low,10,28,surge,58.137626,139.76114026244153,197.89876626244154
train,98bf119f-43d3-576d-90c0-67c904b000bb,0,TRANSFER,Medium,5,0,normal,44.030354,0.0,44.030354
train,98bf119f-43d3-576d-90c0-67c904b000bb,1,TRANSFER,Medium,6,0,normal,44.030354,0.0,44.030354
train,98bf119f-43d3-576d-90c0-67c904b000bb,2,TRANSFER,Medium,10,27,surge,44.030354,105.23212446779829,149.2624784677983
train,992571fc-b242-505e-8014-6eeccd6e0196,0,CASH_OUT,High,0,0,idle,28.454087,0.0,28.454087
train,992571fc-b242-505e-8014-6eeccd6e0196,1,CASH_OUT,High,10,8,busy,28.454087,26.167245553145698,54.6213325531457
train,992571fc-b242-505e-8014-6eeccd6e0196,2,CASH_OUT,High,3,0,idle,28.454087,0.0,28.454087
train,992571fc-b242-505e-8014-6eeccd6e0196,0,CASH_OUT,Low,10,16,surge,45.904635,70.88545387798291,116.79008887798291
train,992571fc-b242-505e-8014-6eeccd6e0196,1,CASH_OUT,Low,10,27,surge,45.904635,131.9773308719973,177.8819658719973
train,992571fc-b242-505e-8014-6eeccd6e0196,2,CASH_OUT,Low,9,0,normal,45.904635,0.0,45.904635
train,992571fc-b242-505e-8014-6eeccd6e0196,0,CASH_OUT,Medium,9,0,normal,37.289354,0.0,37.289354
train,992571fc-b242-505e-8014-6eeccd6e0196,1,CASH_OUT,Medium,7,0,normal,37.289354,0.0,37.289354
train,992571fc-b242-505e-8014-6eeccd6e0196,2,CASH_OUT,Medium,7,0,normal,37.289354,0.0,37.289354
train,99312557-e50c-5d9e-b8c3-35d7c5df2655,0,PAYMENT,High,10,8,busy,24.430164,28.901761075329656,53.33192507532966
train,99312557-e50c-5d9e-b8c3-35d7c5df2655,1,PAYMENT,High,10,1,busy,24.430164,4.731517206375366,29.161681206375366
train,99312557-e50c-5d9e-b8c3-35d7c5df2655,2,PAYMENT,High,5,0,normal,24.430164,0.0,24.430164
train,99312557-e50c-5d9e-b8c3-35d7c5df2655,0,PAYMENT,Low,10,14,surge,41.062657,74.97598432944979,116.03864132944979
train,99312557-e50c-5d9e-b8c3-35d7c5df2655,1,PAYMENT,Low,3,0,idle,41.062657,0.0,41.062657
train,99312557-e50c-5d9e-b8c3-35d7c5df2655,2,PAYMENT,Low,6,0,normal,41.062657,0.0,41.062657
train,99312557-e50c-5d9e-b8c3-35d7c5df2655,0,PAYMENT,Medium,0,0,idle,31.398824,0.0,31.398824
train,99312557-e50c-5d9e-b8c3-35d7c5df2655,1,PAYMENT,Medium,3,0,idle,31.398824,0.0,31.398824
train,99312557-e50c-5d9e-b8c3-35d7c5df2655,2,PAYMENT,Medium,5,0,normal,31.398824,0.0,31.398824
train,9953087b-5c35-531c-acf5-184a2a3edc98,0,PAYMENT,High,10,10,busy,23.956774,27.521115197373074,51.477889197373074
train,9953087b-5c35-531c-acf5-184a2a3edc98,1,PAYMENT,High,10,8,busy,23.956774,15.328717783827658,39.28549178382766
train,9953087b-5c35-531c-acf5-184a2a3edc98,2,PAYMENT,High,5,0,normal,23.956774,0.0,23.956774
train,9953087b-5c35-531c-acf5-184a2a3edc98,0,PAYMENT,Low,10,1,busy,38.700867,22.499425975039372,61.200292975039375
train,9953087b-5c35-531c-acf5-184a2a3edc98,1,PAYMENT,Low,10,5,busy,38.700867,32.66209772529408,71.36296472529409
train,9953087b-5c35-531c-acf5-184a2a3edc98,2,PAYMENT,Low,10,8,busy,38.700867,30.71236648347892,69.41323348347892
train,9953087b-5c35-531c-acf5-184a2a3edc98,0,PAYMENT,Medium,10,7,busy,31.40546,27.397062511291338,58.80252251129134
train,9953087b-5c35-531c-acf5-184a2a3edc98,1,PAYMENT,Medium,10,9,busy,31.40546,33.53170884095997,64.93716884095997
train,9953087b-5c35-531c-acf5-184a2a3edc98,2,PAYMENT,Medium,10,10,busy,31.40546,43.57847604145181,74.98393604145181
train,99a44ebe-dc46-55c4-b0ae-e0bdc9cdada1,0,PAYMENT,High,4,0,idle,26.503184,0.0,26.503184
train,99a44ebe-dc46-55c4-b0ae-e0bdc9cdada1,1,PAYMENT,High,5,0,normal,26.503184,0.0,26.503184
train,99a44ebe-dc46-55c4-b0ae-e0bdc9cdada1,2,PAYMENT,High,10,7,busy,26.503184,19.537423234319863,46.040607234319864
train,99a44ebe-dc46-55c4-b0ae-e0bdc9cdada1,0,PAYMENT,Low,10,7,busy,40.002312,32.32493390743523,72.32724590743524
train,99a44ebe-dc46-55c4-b0ae-e0bdc9cdada1,1,PAYMENT,Low,10,5,busy,40.002312,29.54089763730734,69.54320963730734
train,99a44ebe-dc46-55c4-b0ae-e0bdc9cdada1,2,PAYMENT,Low,10,10,busy,40.002312,50.12146198394778,90.12377398394779
train,99a44ebe-dc46-55c4-b0ae-e0bdc9cdada1,0,PAYMENT,Medium,10,9,busy,31.999801,36.720322285427834,68.72012328542783
train,99a44ebe-dc46-55c4-b0ae-e0bdc9cdada1,1,PAYMENT,Medium,5,0,normal,31.999801,0.0,31.999801
train,99a44ebe-dc46-55c4-b0ae-e0bdc9cdada1,2,PAYMENT,Medium,4,0,idle,31.999801,0.0,31.999801
train,9a4e80b6-dded-5af7-8407-7ad7f9ade523,0,TRANSFER,High,5,0,normal,35.940486,0.0,35.940486
train,9a4e80b6-dded-5af7-8407-7ad7f9ade523,1,TRANSFER,High,10,18,surge,35.940486,59.2806146329245,95.2211006329245
train,9a4e80b6-dded-5af7-8407-7ad7f9ade523,2,TRANSFER,High,10,8,busy,35.940486,20.824261368943187,56.76474736894319
train,9a4e80b6-dded-5af7-8407-7ad7f9ade523,0,TRANSFER,Low,8,0,normal,60.325222,0.0,60.325222
train,9a4e80b6-dded-5af7-8407-7ad7f9ade523,1,TRANSFER,Low,7,0,normal,60.325222,0.0,60.325222
train,9a4e80b6-dded-5af7-8407-7ad7f9ade523,2,TRANSFER,Low,7,0,normal,60.325222,0.0,60.325222
train,9a4e80b6-dded-5af7-8407-7ad7f9ade523,0,TRANSFER,Medium,10,3,busy,45.571122,10.371855287486174,55.94297728748617
train,9a4e80b6-dded-5af7-8407-7ad7f9ade523,1,TRANSFER,Medium,5,0,normal,45.571122,0.0,45.571122
train,9a4e80b6-dded-5af7-8407-7ad7f9ade523,2,TRANSFER,Medium,10,0,busy,45.571122,3.2259222560501892,48.79704425605019
train,9a53bea1-f08c-5cc1-b479-ce63dff5b81a,0,CASH_IN,High,1,0,idle,20.886248,0.0,20.886248
train,9a53bea1-f08c-5cc1-b479-ce63dff5b81a,1,CASH_IN,High,10,4,busy,20.886248,11.707963981132313,32.59421198113231
train,9a53bea1-f08c-5cc1-b479-ce63dff5b81a,2,CASH_IN,High,9,0,normal,20.886248,0.0,20.886248
train,9a53bea1-f08c-5cc1-b479-ce63dff5b81a,0,CASH_IN,Low,4,0,idle,38.548572,0.0,38.548572
train,9a53bea1-f08c-5cc1-b479-ce63dff5b81a,1,CASH_IN,Low,9,0,normal,38.548572,0.0,38.548572
train,9a53bea1-f08c-5cc1-b479-ce63dff5b81a,2,CASH_IN,Low,10,7,busy,38.548572,24.069267558032738,62.61783955803274
train,9a53bea1-f08c-5cc1-b479-ce63dff5b81a,0,CASH_IN,Medium,5,0,normal,25.45022,0.0,25.45022
train,9a53bea1-f08c-5cc1-b479-ce63dff5b81a,1,CASH_IN,Medium,5,0,normal,25.45022,0.0,25.45022
train,9a53bea1-f08c-5cc1-b479-ce63dff5b81a,2,CASH_IN,Medium,0,0,idle,25.45022,0.0,25.45022
train,9a897146-68ff-57f5-808d-c32118a9fded,0,PAYMENT,High,9,0,normal,25.180854,0.0,25.180854
train,9a897146-68ff-57f5-808d-c32118a9fded,1,PAYMENT,High,10,19,surge,25.180854,59.251367440416544,84.43222144041654
train,9a897146-68ff-57f5-808d-c32118a9fded,2,PAYMENT,High,3,0,idle,25.180854,0.0,25.180854
train,9a897146-68ff-57f5-808d-c32118a9fded,0,PAYMENT,Low,8,0,normal,39.884167,0.0,39.884167
train,9a897146-68ff-57f5-808d-c32118a9fded,1,PAYMENT,Low,6,0,normal,39.884167,0.0,39.884167
train,9a897146-68ff-57f5-808d-c32118a9fded,2,PAYMENT,Low,9,0,normal,39.884167,0.0,39.884167
train,9a897146-68ff-57f5-808d-c32118a9fded,0,PAYMENT,Medium,10,8,busy,29.048641,34.449294210973235,63.49793521097324
train,9a897146-68ff-57f5-808d-c32118a9fded,1,PAYMENT,Medium,8,0,normal,29.048641,0.0,29.048641
train,9a897146-68ff-57f5-808d-c32118a9fded,2,PAYMENT,Medium,1,0,idle,29.048641,0.0,29.048641
train,9ab8b517-c0d6-5ae8-a2e4-6f9b3aa832ea,0,PAYMENT,High,10,0,busy,25.10986,2.4467049554004814,27.556564955400482
train,9ab8b517-c0d6-5ae8-a2e4-6f9b3aa832ea,1,PAYMENT,High,10,9,busy,25.10986,26.340357496476262,51.45021749647626
train,9ab8b517-c0d6-5ae8-a2e4-6f9b3aa832ea,2,PAYMENT,High,5,0,normal,25.10986,0.0,25.10986
train,9ab8b517-c0d6-5ae8-a2e4-6f9b3aa832ea,0,PAYMENT,Low,7,0,normal,39.64143,0.0,39.64143
train,9ab8b517-c0d6-5ae8-a2e4-6f9b3aa832ea,1,PAYMENT,Low,10,1,busy,39.64143,10.12984162095793,49.77127162095793
train,9ab8b517-c0d6-5ae8-a2e4-6f9b3aa832ea,2,PAYMENT,Low,6,0,normal,39.64143,0.0,39.64143
train,9ab8b517-c0d6-5ae8-a2e4-6f9b3aa832ea,0,PAYMENT,Medium,2,0,idle,31.476501,0.0,31.476501
train,9ab8b517-c0d6-5ae8-a2e4-6f9b3aa832ea,1,PAYMENT,Medium,7,0,normal,31.476501,0.0,31.476501
train,9ab8b517-c0d6-5ae8-a2e4-6f9b3aa832ea,2,PAYMENT,Medium,10,16,surge,31.476501,65.70175351511138,97.17825451511138
train,9af94d4a-e836-5454-94f2-56ad69ebd2f4,0,CASH_OUT,High,10,0,busy,28.298305,1.3692663240614136,29.667571324061413
train,9af94d4a-e836-5454-94f2-56ad69ebd2f4,1,CASH_OUT,High,10,2,busy,28.298305,14.969501885249333,43.26780688524933
train,9af94d4a-e836-5454-94f2-56ad69ebd2f4,2,CASH_OUT,High,10,16,surge,28.298305,43.90870462355595,72.20700962355595
train,9af94d4a-e836-5454-94f2-56ad69ebd2f4,0,CASH_OUT,Low,7,0,normal,46.798707,0.0,46.798707
train,9af94d4a-e836-5454-94f2-56ad69ebd2f4,1,CASH_OUT,Low,10,7,busy,46.798707,34.86843996642805,81.66714696642805
train,9af94d4a-e836-5454-94f2-56ad69ebd2f4,2,CASH_OUT,Low,10,4,busy,46.798707,26.187411813705083,72.98611881370508
train,9af94d4a-e836-5454-94f2-56ad69ebd2f4,0,CASH_OUT,Medium,10,0,busy,37.097387,3.830634886124045,40.92802188612404
train,9af94d4a-e836-5454-94f2-56ad69ebd2f4,1,CASH_OUT,Medium,2,0,idle,37.097387,0.0,37.097387
train,9af94d4a-e836-5454-94f2-56ad69ebd2f4,2,CASH_OUT,Medium,10,7,busy,37.097387,24.072725761412773,61.17011276141277
train,9afd9b6b-4e8d-516f-8dc2-b6e0ccd98066,0,CASH_OUT,High,7,0,normal,27.359081,0.0,27.359081
train,9afd9b6b-4e8d-516f-8dc2-b6e0ccd98066,1,CASH_OUT,High,10,4,busy,27.359081,10.751190941570583,38.11027194157058
train,9afd9b6b-4e8d-516f-8dc2-b6e0ccd98066,2,CASH_OUT,High,3,0,idle,27.359081,0.0,27.359081
train,9afd9b6b-4e8d-516f-8dc2-b6e0ccd98066,0,CASH_OUT,Low,2,0,idle,47.822333,0.0,47.822333
train,9afd9b6b-4e8d-516f-8dc2-b6e0ccd98066,1,CASH_OUT,Low,7,0,normal,47.822333,0.0,47.822333
train,9afd9b6b-4e8d-516f-8dc2-b6e0ccd98066,2,CASH_OUT,Low,0,0,idle,47.822333,0.0,47.822333
train,9afd9b6b-4e8d-516f-8dc2-b6e0ccd98066,0,CASH_OUT,Medium,10,4,busy,38.261199,15.231597313747992,53.49279631374799
train,9afd9b6b-4e8d-516f-8dc2-b6e0ccd98066,1,CASH_OUT,Medium,10,0,busy,38.261199,13.889752659431275,52.15095165943127
train,9afd9b6b-4e8d-516f-8dc2-b6e0ccd98066,2,CASH_OUT,Medium,1,0,idle,38.261199,0.0,38.261199
train,9c33b426-29d0-51bf-aedd-3fa924d4cc2c,0,CASH_OUT,High,10,3,busy,27.257653,12.812372518256376,40.07002551825638
train,9c33b426-29d0-51bf-aedd-3fa924d4cc2c,1,CASH_OUT,High,2,0,idle,27.257653,0.0,27.257653
train,9c33b426-29d0-51bf-aedd-3fa924d4cc2c,2,CASH_OUT,High,10,4,busy,27.257653,13.011679800693951,40.26933280069395
train,9c33b426-29d0-51bf-aedd-3fa924d4cc2c,0,CASH_OUT,Low,3,0,idle,47.437657,0.0,47.437657
train,9c33b426-29d0-51bf-aedd-3fa924d4cc2c,1,CASH_OUT,Low,8,0,normal,47.437657,0.0,47.437657
train,9c33b426-29d0-51bf-aedd-3fa924d4cc2c,2,CASH_OUT,Low,10,1,busy,47.437657,11.682189839445147,59.119846839445145
train,9c33b426-29d0-51bf-aedd-3fa924d4cc2c,0,CASH_OUT,Medium,6,0,normal,38.322862,0.0,38.322862
train,9c33b426-29d0-51bf-aedd-3fa924d4cc2c,1,CASH_OUT,Medium,2,0,idle,38.322862,0.0,38.322862
train,9c33b426-29d0-51bf-aedd-3fa924d4cc2c,2,CASH_OUT,Medium,3,0,idle,38.322862,0.0,38.322862
train,9c6b692f-47aa-5698-904a-cde86fc6919e,0,CASH_OUT,High,10,27,surge,31.129244,87.07900626710764,118.20825026710764
train,9c6b692f-47aa-5698-904a-cde86fc6919e,1,CASH_OUT,High,7,0,normal,31.129244,0.0,31.129244
train,9c6b692f-47aa-5698-904a-cde86fc6919e,2,CASH_OUT,High,10,15,surge,31.129244,40.984321781598,72.113565781598
train,9c6b692f-47aa-5698-904a-cde86fc6919e,0,CASH_OUT,Low,5,0,normal,46.770838,0.0,46.770838
train,9c6b692f-47aa-5698-904a-cde86fc6919e,1,CASH_OUT,Low,3,0,idle,46.770838,0.0,46.770838
train,9c6b692f-47aa-5698-904a-cde86fc6919e,2,CASH_OUT,Low,10,27,surge,46.770838,113.75155753620025,160.52239553620024
train,9c6b692f-47aa-5698-904a-cde86fc6919e,0,CASH_OUT,Medium,10,4,busy,35.406018,20.693903170357967,56.09992117035797
train,9c6b692f-47aa-5698-904a-cde86fc6919e,1,CASH_OUT,Medium,10,9,busy,35.406018,41.86873410705575,77.27475210705575
train,9c6b692f-47aa-5698-904a-cde86fc6919e,2,CASH_OUT,Medium,5,0,normal,35.406018,0.0,35.406018
train,9d46934f-5130-5bf7-9bfa-e55d9e84e58b,0,CASH_OUT,High,10,9,busy,27.560802,23.948871059646223,51.50967305964622
train,9d46934f-5130-5bf7-9bfa-e55d9e84e58b,1,CASH_OUT,High,10,2,busy,27.560802,11.427137261753542,38.98793926175354
train,9d46934f-5130-5bf7-9bfa-e55d9e84e58b,2,CASH_OUT,High,10,6,busy,27.560802,15.351959579629264,42.91276157962926
train,9d46934f-5130-5bf7-9bfa-e55d9e84e58b,0,CASH_OUT,Low,10,7,busy,46.100532,38.069414656013244,84.16994665601325
train,9d46934f-5130-5bf7-9bfa-e55d9e84e58b,1,CASH_OUT,Low,5,0,normal,46.100532,0.0,46.100532
train,9d46934f-5130-5bf7-9bfa-e55d9e84e58b,2,CASH_OUT,Low,6,0,normal,46.100532,0.0,46.100532
train,9d46934f-5130-5bf7-9bfa-e55d9e84e58b,0,CASH_OUT,Medium,5,0,normal,38.386549,0.0,38.386549
train,9d46934f-5130-5bf7-9bfa-e55d9e84e58b,1,CASH_OUT,Medium,5,0,normal,38.386549,0.0,38.386549
train,9d46934f-5130-5bf7-9bfa-e55d9e84e58b,2,CASH_OUT,Medium,7,0,normal,38.386549,0.0,38.386549
train,9d49596c-458f-5b31-82e0-8dd45c5e8dec,0,CASH_IN,High,6,0,normal,20.861623,0.0,20.861623
train,9d49596c-458f-5b31-82e0-8dd45c5e8dec,1,CASH_IN,High,10,30,surge,20.861623,82.59687273184629,103.45849573184628
train,9d49596c-458f-5b31-82e0-8dd45c5e8dec,2,CASH_IN,High,1,0,idle,20.861623,0.0,20.861623
train,9d49596c-458f-5b31-82e0-8dd45c5e8dec,0,CASH_IN,Low,7,0,normal,35.954036,0.0,35.954036
train,9d49596c-458f-5b31-82e0-8dd45c5e8dec,1,CASH_IN,Low,10,16,surge,35.954036,72.22020706361783,108.17424306361784
train,9d49596c-458f-5b31-82e0-8dd45c5e8dec,2,CASH_IN,Low,10,0,busy,35.954036,2.404840767188477,38.35887676718848
train,9d49596c-458f-5b31-82e0-8dd45c5e8dec,0,CASH_IN,Medium,7,0,normal,27.598706,0.0,27.598706
train,9d49596c-458f-5b31-82e0-8dd45c5e8dec,1,CASH_IN,Medium,6,0,normal,27.598706,0.0,27.598706
train,9d49596c-458f-5b31-82e0-8dd45c5e8dec,2,CASH_IN,Medium,7,0,normal,27.598706,0.0,27.598706
train,9e10df8d-ae2f-55aa-a68b-5601d04eedf3,0,DEBIT,High,10,16,surge,30.702471,49.70836007442192,80.41083107442192
train,9e10df8d-ae2f-55aa-a68b-5601d04eedf3,1,DEBIT,High,3,0,idle,30.702471,0.0,30.702471
train,9e10df8d-ae2f-55aa-a68b-5601d04eedf3,2,DEBIT,High,10,8,busy,30.702471,29.254179416758326,59.95665041675832
train,9e10df8d-ae2f-55aa-a68b-5601d04eedf3,0,DEBIT,Low,10,5,busy,49.50197,14.52998511164233,64.03195511164233
train,9e10df8d-ae2f-55aa-a68b-5601d04eedf3,1,DEBIT,Low,6,0,normal,49.50197,0.0,49.50197
train,9e10df8d-ae2f-55aa-a68b-5601d04eedf3,2,DEBIT,Low,10,8,busy,49.50197,43.70663182154998,93.20860182154999
train,9e10df8d-ae2f-55aa-a68b-5601d04eedf3,0,DEBIT,Medium,6,0,normal,40.34742,0.0,40.34742
train,9e10df8d-ae2f-55aa-a68b-5601d04eedf3,1,DEBIT,Medium,10,16,surge,40.34742,58.24635094867888,98.59377094867888
train,9e10df8d-ae2f-55aa-a68b-5601d04eedf3,2,DEBIT,Medium,10,13,surge,40.34742,50.60393955558231,90.95135955558231
train,9e69c44d-e989-50b1-8769-3f5f308dd1a8,0,DEBIT,High,6,0,normal,30.739872,0.0,30.739872
train,9e69c44d-e989-50b1-8769-3f5f308dd1a8,1,DEBIT,High,10,13,surge,30.739872,48.55414405889741,79.2940160588974
train,9e69c44d-e989-50b1-8769-3f5f308dd1a8,2,DEBIT,High,4,0,idle,30.739872,0.0,30.739872
train,9e69c44d-e989-50b1-8769-3f5f308dd1a8,0,DEBIT,Low,1,0,idle,50.977532,0.0,50.977532
train,9e69c44d-e989-50b1-8769-3f5f308dd1a8,1,DEBIT,Low,10,2,busy,50.977532,10.293425967912455,61.27095796791245
train,9e69c44d-e989-50b1-8769-3f5f308dd1a8,2,DEBIT,Low,0,0,idle,50.977532,0.0,50.977532
train,9e69c44d-e989-50b1-8769-3f5f308dd1a8,0,DEBIT,Medium,10,0,busy,40.938981,5.01062150248097,45.94960250248097
train,9e69c44d-e989-50b1-8769-3f5f308dd1a8,1,DEBIT,Medium,10,24,surge,40.938981,94.23098934642564,135.16997034642566
train,9e69c44d-e989-50b1-8769-3f5f308dd1a8,2,DEBIT,Medium,8,0,normal,40.938981,0.0,40.938981
train,a0b8c4d4-1c80-5815-a35e-2ee19c04c355,0,CASH_OUT,High,4,0,idle,27.925957,0.0,27.925957
train,a0b8c4d4-1c80-5815-a35e-2ee19c04c355,1,CASH_OUT,High,9,0,normal,27.925957,0.0,27.925957
train,a0b8c4d4-1c80-5815-a35e-2ee19c04c355,2,CASH_OUT,High,10,26,surge,27.925957,71.28634020751616,99.21229720751616
train,a0b8c4d4-1c80-5815-a35e-2ee19c04c355,0,CASH_OUT,Low,6,0,normal,45.952362,0.0,45.952362
train,a0b8c4d4-1c80-5815-a35e-2ee19c04c355,1,CASH_OUT,Low,10,1,busy,45.952362,14.465311713818263,60.41767371381826
train,a0b8c4d4-1c80-5815-a35e-2ee19c04c355,2,CASH_OUT,Low,8,0,normal,45.952362,0.0,45.952362
train,a0b8c4d4-1c80-5815-a35e-2ee19c04c355,0,CASH_OUT,Medium,10,13,surge,36.826677,44.64754447133155,81.47422147133155
train,a0b8c4d4-1c80-5815-a35e-2ee19c04c355,1,CASH_OUT,Medium,2,0,idle,36.826677,0.0,36.826677
train,a0b8c4d4-1c80-5815-a35e-2ee19c04c355,2,CASH_OUT,Medium,10,5,busy,36.826677,19.94099065023333,56.76766765023333
train,a0ce8ab0-322b-518e-a6c0-530311cf09ca,0,CASH_OUT,High,8,0,normal,28.691412,0.0,28.691412
train,a0ce8ab0-322b-518e-a6c0-530311cf09ca,1,CASH_OUT,High,10,20,surge,28.691412,61.292545036321656,89.98395703632166
train,a0ce8ab0-322b-518e-a6c0-530311cf09ca,2,CASH_OUT,High,3,0,idle,28.691412,0.0,28.691412
train,a0ce8ab0-322b-518e-a6c0-530311cf09ca,0,CASH_OUT,Low,10,8,busy,43.474675,31.796354619582026,75.27102961958202
train,a0ce8ab0-322b-518e-a6c0-530311cf09ca,1,CASH_OUT,Low,8,0,normal,43.474675,0.0,43.474675
train,a0ce8ab0-322b-518e-a6c0-530311cf09ca,2,CASH_OUT,Low,9,0,normal,43.474675,0.0,43.474675
train,a0ce8ab0-322b-518e-a6c0-530311cf09ca,0,CASH_OUT,Medium,8,0,normal,35.743801,0.0,35.743801
train,a0ce8ab0-322b-518e-a6c0-530311cf09ca,1,CASH_OUT,Medium,7,0,normal,35.743801,0.0,35.743801
train,a0ce8ab0-322b-518e-a6c0-530311cf09ca,2,CASH_OUT,Medium,3,0,idle,35.743801,0.0,35.743801
train,a0e9eec9-5339-5869-8bd0-4a3b69db0200,0,DEBIT,High,7,0,normal,34.631589,0.0,34.631589
train,a0e9eec9-5339-5869-8bd0-4a3b69db0200,1,DEBIT,High,0,0,idle,34.631589,0.0,34.631589
train,a0e9eec9-5339-5869-8bd0-4a3b69db0200,2,DEBIT,High,4,0,idle,34.631589,0.0,34.631589
train,a0e9eec9-5339-5869-8bd0-4a3b69db0200,0,DEBIT,Low,1,0,idle,51.900248,0.0,51.900248
train,a0e9eec9-5339-5869-8bd0-4a3b69db0200,1,DEBIT,Low,0,0,idle,51.900248,0.0,51.900248
train,a0e9eec9-5339-5869-8bd0-4a3b69db0200,2,DEBIT,Low,10,5,busy,51.900248,25.912830033960525,77.81307803396052
train,a0e9eec9-5339-5869-8bd0-4a3b69db0200,0,DEBIT,Medium,10,5,busy,42.75745,20.52535653717132,63.28280653717132
train,a0e9eec9-5339-5869-8bd0-4a3b69db0200,1,DEBIT,Medium,5,0,normal,42.75745,0.0,42.75745
train,a0e9eec9-5339-5869-8bd0-4a3b69db0200,2,DEBIT,Medium,7,0,normal,42.75745,0.0,42.75745
train,a12c1404-d4de-5a2b-8f14-e1c3a9b8fbdd,0,TRANSFER,High,10,5,busy,35.044068,17.002526664022632,52.046594664022635
train,a12c1404-d4de-5a2b-8f14-e1c3a9b8fbdd,1,TRANSFER,High,10,28,surge,35.044068,84.02798987958676,119.07205787958677
train,a12c1404-d4de-5a2b-8f14-e1c3a9b8fbdd,2,TRANSFER,High,7,0,normal,35.044068,0.0,35.044068
train,a12c1404-d4de-5a2b-8f14-e1c3a9b8fbdd,0,TRANSFER,Low,10,6,busy,56.119848,32.14510637932015,88.26495437932014
train,a12c1404-d4de-5a2b-8f14-e1c3a9b8fbdd,1,TRANSFER,Low,8,0,normal,56.119848,0.0,56.119848
train,a12c1404-d4de-5a2b-8f14-e1c3a9b8fbdd,2,TRANSFER,Low,6,0,normal,56.119848,0.0,56.119848
train,a12c1404-d4de-5a2b-8f14-e1c3a9b8fbdd,0,TRANSFER,Medium,1,0,idle,45.818917,0.0,45.818917
train,a12c1404-d4de-5a2b-8f14-e1c3a9b8fbdd,1,TRANSFER,Medium,10,8,busy,45.818917,34.42108048140488,80.23999748140488
train,a12c1404-d4de-5a2b-8f14-e1c3a9b8fbdd,2,TRANSFER,Medium,5,0,normal,45.818917,0.0,45.818917
train,a248042b-225f-5d15-a467-084a761b6bdb,0,DEBIT,High,10,1,busy,30.799003,2.209031404093888,33.008034404093884
train,a248042b-225f-5d15-a467-084a761b6bdb,1,DEBIT,High,5,0,normal,30.799003,0.0,30.799003
train,a248042b-225f-5d15-a467-084a761b6bdb,2,DEBIT,High,8,0,normal,30.799003,0.0,30.799003
train,a248042b-225f-5d15-a467-084a761b6bdb,0,DEBIT,Low,6,0,normal,52.5898,0.0,52.5898
train,a248042b-225f-5d15-a467-084a761b6bdb,1,DEBIT,Low,10,5,busy,52.5898,32.59914717196576,85.18894717196576
train,a248042b-225f-5d15-a467-084a761b6bdb,2,DEBIT,Low,7,0,normal,52.5898,0.0,52.5898
train,a248042b-225f-5d15-a467-084a761b6bdb,0,DEBIT,Medium,10,13,surge,41.776615,59.312319621390465,101.08893462139046
train,a248042b-225f-5d15-a467-084a761b6bdb,1,DEBIT,Medium,10,6,busy,41.776615,32.7644320369995,74.5410470369995
train,a248042b-225f-5d15-a467-084a761b6bdb,2,DEBIT,Medium,2,0,idle,41.776615,0.0,41.776615
train,a26e9b89-e488-5c3a-a341-aee81bafa8d7,0,PAYMENT,High,10,6,busy,24.573846,21.82904416756196,46.402890167561964
train,a26e9b89-e488-5c3a-a341-aee81bafa8d7,1,PAYMENT,High,10,10,busy,24.573846,25.81847848578552,50.39232448578552
train,a26e9b89-e488-5c3a-a341-aee81bafa8d7,2,PAYMENT,High,10,17,surge,24.573846,46.50174518380831,71.07559118380831
train,a26e9b89-e488-5c3a-a341-aee81bafa8d7,0,PAYMENT,Low,10,0,busy,38.853798,7.565075992947053,46.41887399294705
train,a26e9b89-e488-5c3a-a341-aee81bafa8d7,1,PAYMENT,Low,9,0,normal,38.853798,0.0,38.853798
train,a26e9b89-e488-5c3a-a341-aee81bafa8d7,2,PAYMENT,Low,10,22,surge,38.853798,111.06485664705974,149.91865464705972
train,a26e9b89-e488-5c3a-a341-aee81bafa8d7,0,PAYMENT,Medium,9,0,normal,32.671061,0.0,32.671061
train,a26e9b89-e488-5c3a-a341-aee81bafa8d7,1,PAYMENT,Medium,10,5,busy,32.671061,19.339649505838192,52.01071050583819
train,a26e9b89-e488-5c3a-a341-aee81bafa8d7,2,PAYMENT,Medium,10,22,surge,32.671061,76.66883379927998,109.33989479927999
train,a27d184d-5d28-5052-8dad-eb24df6a1c6b,0,CASH_IN,High,9,0,normal,22.365875,0.0,22.365875
train,a27d184d-5d28-5052-8dad-eb24df6a1c6b,1,CASH_IN,High,2,0,idle,22.365875,0.0,22.365875
train,a27d184d-5d28-5052-8dad-eb24df6a1c6b,2,CASH_IN,High,10,0,busy,22.365875,5.183545138091783,27.549420138091783
train,a27d184d-5d28-5052-8dad-eb24df6a1c6b,0,CASH_IN,Low,5,0,normal,35.534375,0.0,35.534375
train,a27d184d-5d28-5052-8dad-eb24df6a1c6b,1,CASH_IN,Low,10,12,surge,35.534375,55.82548144976796,91.35985644976796
train,a27d184d-5d28-5052-8dad-eb24df6a1c6b,2,CASH_IN,Low,10,4,busy,35.534375,17.782645612000554,53.31702061200055
train,a27d184d-5d28-5052-8dad-eb24df6a1c6b,0,CASH_IN,Medium,10,6,busy,26.791794,23.373124344605404,50.164918344605404
train,a27d184d-5d28-5052-8dad-eb24df6a1c6b,1,CASH_IN,Medium,10,2,busy,26.791794,15.92378733188209,42.71558133188209
train,a27d184d-5d28-5052-8dad-eb24df6a1c6b,2,CASH_IN,Medium,9,0,normal,26.791794,0.0,26.791794
train,a2e41c81-bc64-5321-b13c-eea35966680b,0,CASH_OUT,High,5,0,normal,29.293173,0.0,29.293173
train,a2e41c81-bc64-5321-b13c-eea35966680b,1,CASH_OUT,High,2,0,idle,29.293173,0.0,29.293173
train,a2e41c81-bc64-5321-b13c-eea35966680b,2,CASH_OUT,High,10,1,busy,29.293173,7.1013323576710405,36.39450535767104
train,a2e41c81-bc64-5321-b13c-eea35966680b,0,CASH_OUT,Low,10,9,busy,43.253112,47.07562767350038,90.32873967350038
train,a2e41c81-bc64-5321-b13c-eea35966680b,1,CASH_OUT,Low,3,0,idle,43.253112,0.0,43.253112
train,a2e41c81-bc64-5321-b13c-eea35966680b,2,CASH_OUT,Low,3,0,idle,43.253112,0.0,43.253112
train,a2e41c81-bc64-5321-b13c-eea35966680b,0,CASH_OUT,Medium,10,8,busy,35.951386,27.3257992953996,63.277185295399605
train,a2e41c81-bc64-5321-b13c-eea35966680b,1,CASH_OUT,Medium,10,2,busy,35.951386,11.467596066039581,47.41898206603958
train,a2e41c81-bc64-5321-b13c-eea35966680b,2,CASH_OUT,Medium,10,23,surge,35.951386,89.31420597891179,125.26559197891179
train,a3087b99-5aca-5b3f-9315-211b2a543add,0,TRANSFER,High,10,11,surge,34.289757,32.48822546037754,66.77798246037754
train,a3087b99-5aca-5b3f-9315-211b2a543add,1,TRANSFER,High,9,0,normal,34.289757,0.0,34.289757
train,a3087b99-5aca-5b3f-9315-211b2a543add,2,TRANSFER,High,6,0,normal,34.289757,0.0,34.289757
train,a3087b99-5aca-5b3f-9315-211b2a543add,0,TRANSFER,Low,7,0,normal,56.731201,0.0,56.731201
train,a3087b99-5aca-5b3f-9315-211b2a543add,1,TRANSFER,Low,10,28,surge,56.731201,115.11623422724308,171.84743522724307
train,a3087b99-5aca-5b3f-9315-211b2a543add,2,TRANSFER,Low,10,3,busy,56.731201,15.865550401133198,72.59675140113319
train,a3087b99-5aca-5b3f-9315-211b2a543add,0,TRANSFER,Medium,5,0,normal,46.873388,0.0,46.873388
train,a3087b99-5aca-5b3f-9315-211b2a543add,1,TRANSFER,Medium,3,0,idle,46.873388,0.0,46.873388
train,a3087b99-5aca-5b3f-9315-211b2a543add,2,TRANSFER,Medium,9,0,normal,46.873388,0.0,46.873388
train,a30d3012-04a6-5447-8cc3-56e90dc2d50d,0,DEBIT,High,0,0,idle,32.029733,0.0,32.029733
train,a30d3012-04a6-5447-8cc3-56e90dc2d50d,1,DEBIT,High,10,12,surge,32.029733,38.92299342373793,70.95272642373793
train,a30d3012-04a6-5447-8cc3-56e90dc2d50d,2,DEBIT,High,3,0,idle,32.029733,0.0,32.029733
train,a30d3012-04a6-5447-8cc3-56e90dc2d50d,0,DEBIT,Low,5,0,normal,53.185905,0.0,53.185905
train,a30d3012-04a6-5447-8cc3-56e90dc2d50d,1,DEBIT,Low,9,0,normal,53.185905,0.0,53.185905
train,a30d3012-04a6-5447-8cc3-56e90dc2d50d,2,DEBIT,Low,7,0,normal,53.185905,0.0,53.185905
train,a30d3012-04a6-5447-8cc3-56e90dc2d50d,0,DEBIT,Medium,10,9,busy,40.109139,29.67447527528388,69.78361427528388
train,a30d3012-04a6-5447-8cc3-56e90dc2d50d,1,DEBIT,Medium,10,4,busy,40.109139,7.663238265996683,47.77237726599668
train,a30d3012-04a6-5447-8cc3-56e90dc2d50d,2,DEBIT,Medium,10,5,busy,40.109139,26.472332418420226,66.58147141842022
train,a3d5d1e6-d3c1-5bd3-8769-fdeda06e4717,0,TRANSFER,High,10,4,busy,35.014925,10.130969579536245,45.14589457953625
train,a3d5d1e6-d3c1-5bd3-8769-fdeda06e4717,1,TRANSFER,High,7,0,normal,35.014925,0.0,35.014925
train,a3d5d1e6-d3c1-5bd3-8769-fdeda06e4717,2,TRANSFER,High,10,3,busy,35.014925,15.385546322998135,50.40047132299813
train,a3d5d1e6-d3c1-5bd3-8769-fdeda06e4717,0,TRANSFER,Low,10,0,busy,55.557717,2.209901964072094,57.76761896407209
train,a3d5d1e6-d3c1-5bd3-8769-fdeda06e4717,1,TRANSFER,Low,10,17,surge,55.557717,75.31705821995568,130.87477521995567
train,a3d5d1e6-d3c1-5bd3-8769-fdeda06e4717,2,TRANSFER,Low,10,18,surge,55.557717,74.59909406261696,130.15681106261695
train,a3d5d1e6-d3c1-5bd3-8769-fdeda06e4717,0,TRANSFER,Medium,8,0,normal,45.232367,0.0,45.232367
train,a3d5d1e6-d3c1-5bd3-8769-fdeda06e4717,1,TRANSFER,Medium,1,0,idle,45.232367,0.0,45.232367
train,a3d5d1e6-d3c1-5bd3-8769-fdeda06e4717,2,TRANSFER,Medium,9,0,normal,45.232367,0.0,45.232367
train,a401f657-d73b-500a-ab61-073cb118549c,0,TRANSFER,High,10,0,busy,34.035782,2.9478903480235856,36.98367234802358
train,a401f657-d73b-500a-ab61-073cb118549c,1,TRANSFER,High,6,0,normal,34.035782,0.0,34.035782
train,a401f657-d73b-500a-ab61-073cb118549c,2,TRANSFER,High,4,0,idle,34.035782,0.0,34.035782
train,a401f657-d73b-500a-ab61-073cb118549c,0,TRANSFER,Low,10,30,surge,57.410348,138.70703035065026,196.11737835065026
train,a401f657-d73b-500a-ab61-073cb118549c,1,TRANSFER,Low,5,0,normal,57.410348,0.0,57.410348
train,a401f657-d73b-500a-ab61-073cb118549c,2,TRANSFER,Low,5,0,normal,57.410348,0.0,57.410348
train,a401f657-d73b-500a-ab61-073cb118549c,0,TRANSFER,Medium,2,0,idle,43.976308,0.0,43.976308
train,a401f657-d73b-500a-ab61-073cb118549c,1,TRANSFER,Medium,10,8,busy,43.976308,36.20409204325254,80.18040004325255
train,a401f657-d73b-500a-ab61-073cb118549c,2,TRANSFER,Medium,9,0,normal,43.976308,0.0,43.976308
train,a4a8fc5c-bcd8-5701-9b29-a99d0088e6b3,0,DEBIT,High,10,22,surge,31.80727,69.34652152184148,101.15379152184148
train,a4a8fc5c-bcd8-5701-9b29-a99d0088e6b3,1,DEBIT,High,10,1,busy,31.80727,3.4497548113276078,35.257024811327604
train,a4a8fc5c-bcd8-5701-9b29-a99d0088e6b3,2,DEBIT,High,3,0,idle,31.80727,0.0,31.80727
train,a4a8fc5c-bcd8-5701-9b29-a99d0088e6b3,0,DEBIT,Low,2,0,idle,54.25159,0.0,54.25159
train,a4a8fc5c-bcd8-5701-9b29-a99d0088e6b3,1,DEBIT,Low,8,0,normal,54.25159,0.0,54.25159
train,a4a8fc5c-bcd8-5701-9b29-a99d0088e6b3,2,DEBIT,Low,10,0,busy,54.25159,2.159678147372469,56.41126814737247
train,a4a8fc5c-bcd8-5701-9b29-a99d0088e6b3,0,DEBIT,Medium,10,4,busy,40.584371,13.059499381112547,53.64387038111254
train,a4a8fc5c-bcd8-5701-9b29-a99d0088e6b3,1,DEBIT,Medium,10,9,busy,40.584371,24.148464425626194,64.73283542562619
train,a4a8fc5c-bcd8-5701-9b29-a99d0088e6b3,2,DEBIT,Medium,10,20,surge,40.584371,70.14322471961806,110.72759571961805
train,a5466260-34e2-58de-82fa-a963b6ebf429,0,PAYMENT,High,10,1,busy,24.237278,4.0594696293057755,28.296747629305777
train,a5466260-34e2-58de-82fa-a963b6ebf429,1,PAYMENT,High,10,22,surge,24.237278,60.58510869443613,84.82238669443613
train,a5466260-34e2-58de-82fa-a963b6ebf429,2,PAYMENT,High,10,3,busy,24.237278,13.173097741965275,37.410375741965275
train,a5466260-34e2-58de-82fa-a963b6ebf429,0,PAYMENT,Low,10,10,busy,41.030945,50.36568710928471,91.39663210928471
train,a5466260-34e2-58de-82fa-a963b6ebf429,1,PAYMENT,Low,2,0,idle,41.030945,0.0,41.030945
train,a5466260-34e2-58de-82fa-a963b6ebf429,2,PAYMENT,Low,10,7,busy,41.030945,37.12924841218479,78.1601934121848
train,a5466260-34e2-58de-82fa-a963b6ebf429,0,PAYMENT,Medium,1,0,idle,30.851037,0.0,30.851037
train,a5466260-34e2-58de-82fa-a963b6ebf429,1,PAYMENT,Medium,4,0,idle,30.851037,0.0,30.851037
train,a5466260-34e2-58de-82fa-a963b6ebf429,2,PAYMENT,Medium,7,0,normal,30.851037,0.0,30.851037
train,a5d6c967-1dba-529c-9911-5b5407fbea54,0,TRANSFER,High,10,7,busy,37.254928,19.11420452959821,56.36913252959821
train,a5d6c967-1dba-529c-9911-5b5407fbea54,1,TRANSFER,High,6,0,normal,37.254928,0.0,37.254928
train,a5d6c967-1dba-529c-9911-5b5407fbea54,2,TRANSFER,High,10,4,busy,37.254928,17.261190921206094,54.51611892120609
train,a5d6c967-1dba-529c-9911-5b5407fbea54,0,TRANSFER,Low,10,27,surge,57.809119,123.38574240646719,181.1948614064672
train,a5d6c967-1dba-529c-9911-5b5407fbea54,1,TRANSFER,Low,10,5,busy,57.809119,17.746158434800734,75.55527743480073
train,a5d6c967-1dba-529c-9911-5b5407fbea54,2,TRANSFER,Low,2,0,idle,57.809119,0.0,57.809119
train,a5d6c967-1dba-529c-9911-5b5407fbea54,0,TRANSFER,Medium,10,15,surge,47.160684,62.98053406191412,110.14121806191412
train,a5d6c967-1dba-529c-9911-5b5407fbea54,1,TRANSFER,Medium,2,0,idle,47.160684,0.0,47.160684
train,a5d6c967-1dba-529c-9911-5b5407fbea54,2,TRANSFER,Medium,5,0,normal,47.160684,0.0,47.160684
train,a5f9296d-3efa-5bf3-b9a6-a6c444ccee82,0,DEBIT,High,3,0,idle,34.349933,0.0,34.349933
train,a5f9296d-3efa-5bf3-b9a6-a6c444ccee82,1,DEBIT,High,4,0,idle,34.349933,0.0,34.349933
train,a5f9296d-3efa-5bf3-b9a6-a6c444ccee82,2,DEBIT,High,10,18,surge,34.349933,48.738172219068375,83.08810521906838
train,a5f9296d-3efa-5bf3-b9a6-a6c444ccee82,0,DEBIT,Low,8,0,normal,54.189385,0.0,54.189385
train,a5f9296d-3efa-5bf3-b9a6-a6c444ccee82,1,DEBIT,Low,6,0,normal,54.189385,0.0,54.189385
train,a5f9296d-3efa-5bf3-b9a6-a6c444ccee82,2,DEBIT,Low,5,0,normal,54.189385,0.0,54.189385
train,a5f9296d-3efa-5bf3-b9a6-a6c444ccee82,0,DEBIT,Medium,10,5,busy,42.737945,33.28263395264086,76.02057895264086
train,a5f9296d-3efa-5bf3-b9a6-a6c444ccee82,1,DEBIT,Medium,10,22,surge,42.737945,80.70839618674654,123.44634118674654
train,a5f9296d-3efa-5bf3-b9a6-a6c444ccee82,2,DEBIT,Medium,1,0,idle,42.737945,0.0,42.737945
train,a7381948-3d93-5a26-be1e-7d8238eff981,0,PAYMENT,High,10,4,busy,24.139608,16.199343349372672,40.33895134937267
train,a7381948-3d93-5a26-be1e-7d8238eff981,1,PAYMENT,High,10,12,surge,24.139608,41.60042980233098,65.74003780233097
train,a7381948-3d93-5a26-be1e-7d8238eff981,2,PAYMENT,High,10,0,busy,24.139608,3.308948292910982,27.448556292910983
train,a7381948-3d93-5a26-be1e-7d8238eff981,0,PAYMENT,Low,8,0,normal,39.527096,0.0,39.527096
train,a7381948-3d93-5a26-be1e-7d8238eff981,1,PAYMENT,Low,7,0,normal,39.527096,0.0,39.527096
train,a7381948-3d93-5a26-be1e-7d8238eff981,2,PAYMENT,Low,2,0,idle,39.527096,0.0,39.527096
train,a7381948-3d93-5a26-be1e-7d8238eff981,0,PAYMENT,Medium,10,0,busy,31.024253,5.54780220869085,36.572055208690855
train,a7381948-3d93-5a26-be1e-7d8238eff981,1,PAYMENT,Medium,10,22,surge,31.024253,79.58837488273346,110.61262788273346
train,a7381948-3d93-5a26-be1e-7d8238eff981,2,PAYMENT,Medium,0,0,idle,31.024253,0.0,31.024253
train,a8ac9d20-e459-5e0a-9ed6-151190c12dc9,0,CASH_IN,High,10,0,busy,20.91105,3.1271687579163867,24.038218757916386
train,a8ac9d20-e459-5e0a-9ed6-151190c12dc9,1,CASH_IN,High,4,0,idle,20.91105,0.0,20.91105
train,a8ac9d20-e459-5e0a-9ed6-151190c12dc9,2,CASH_IN,High,10,13,surge,20.91105,43.584923852142396,64.4959738521424
train,a8ac9d20-e459-5e0a-9ed6-151190c12dc9,0,CASH_IN,Low,5,0,normal,34.223043,0.0,34.223043
train,a8ac9d20-e459-5e0a-9ed6-151190c12dc9,1,CASH_IN,Low,10,9,busy,34.223043,43.91044073603054,78.13348373603054
train,a8ac9d20-e459-5e0a-9ed6-151190c12dc9,2,CASH_IN,Low,10,7,busy,34.223043,26.114807040032133,60.33785004003213
train,a8ac9d20-e459-5e0a-9ed6-151190c12dc9,0,CASH_IN,Medium,2,0,idle,27.716314,0.0,27.716314
train,a8ac9d20-e459-5e0a-9ed6-151190c12dc9,1,CASH_IN,Medium,7,0,normal,27.716314,0.0,27.716314
train,a8ac9d20-e459-5e0a-9ed6-151190c12dc9,2,CASH_IN,Medium,0,0,idle,27.716314,0.0,27.716314
train,a8ef0461-63b8-5632-9146-f0a078f55786,0,CASH_IN,High,5,0,normal,20.414966,0.0,20.414966
train,a8ef0461-63b8-5632-9146-f0a078f55786,1,CASH_IN,High,10,6,busy,20.414966,20.252413983474124,40.66737998347412
train,a8ef0461-63b8-5632-9146-f0a078f55786,2,CASH_IN,High,8,0,normal,20.414966,0.0,20.414966
train,a8ef0461-63b8-5632-9146-f0a078f55786,0,CASH_IN,Low,9,0,normal,33.103049,0.0,33.103049
train,a8ef0461-63b8-5632-9146-f0a078f55786,1,CASH_IN,Low,9,0,normal,33.103049,0.0,33.103049
train,a8ef0461-63b8-5632-9146-f0a078f55786,2,CASH_IN,Low,7,0,normal,33.103049,0.0,33.103049
train,a8ef0461-63b8-5632-9146-f0a078f55786,0,CASH_IN,Medium,10,4,busy,27.765938,27.997800408013862,55.763738408013865
train,a8ef0461-63b8-5632-9146-f0a078f55786,1,CASH_IN,Medium,6,0,normal,27.765938,0.0,27.765938
train,a8ef0461-63b8-5632-9146-f0a078f55786,2,CASH_IN,Medium,10,23,surge,27.765938,74.42710605518835,102.19304405518835
train,a9784df1-59d1-5ed3-9e02-e62067d49246,0,CASH_IN,High,6,0,normal,21.297381,0.0,21.297381
train,a9784df1-59d1-5ed3-9e02-e62067d49246,1,CASH_IN,High,10,1,busy,21.297381,6.656770618559127,27.95415161855913
train,a9784df1-59d1-5ed3-9e02-e62067d49246,2,CASH_IN,High,7,0,normal,21.297381,0.0,21.297381
train,a9784df1-59d1-5ed3-9e02-e62067d49246,0,CASH_IN,Low,2,0,idle,34.336202,0.0,34.336202
train,a9784df1-59d1-5ed3-9e02-e62067d49246,1,CASH_IN,Low,10,6,busy,34.336202,30.04182962345026,64.37803162345025
train,a9784df1-59d1-5ed3-9e02-e62067d49246,2,CASH_IN,Low,7,0,normal,34.336202,0.0,34.336202
train,a9784df1-59d1-5ed3-9e02-e62067d49246,0,CASH_IN,Medium,10,10,busy,27.574853,36.28549208477561,63.860345084775616
train,a9784df1-59d1-5ed3-9e02-e62067d49246,1,CASH_IN,Medium,10,30,surge,27.574853,110.31466960050929,137.88952260050928
train,a9784df1-59d1-5ed3-9e02-e62067d49246,2,CASH_IN,Medium,6,0,normal,27.574853,0.0,27.574853
train,a9cabca0-9609-5821-86ae-8489089b4448,0,PAYMENT,High,10,6,busy,25.228029,18.073733051830484,43.30176205183048
train,a9cabca0-9609-5821-86ae-8489089b4448,1,PAYMENT,High,9,0,normal,25.228029,0.0,25.228029
train,a9cabca0-9609-5821-86ae-8489089b4448,2,PAYMENT,High,10,7,busy,25.228029,20.632033262403382,45.86006226240338
train,a9cabca0-9609-5821-86ae-8489089b4448,0,PAYMENT,Low,9,0,normal,39.799692,0.0,39.799692
train,a9cabca0-9609-5821-86ae-8489089b4448,1,PAYMENT,Low,10,0,busy,39.799692,10.659752105665568,50.45944410566557
train,a9cabca0-9609-5821-86ae-8489089b4448,2,PAYMENT,Low,10,29,surge,39.799692,146.1131304234833,185.9128224234833
train,a9cabca0-9609-5821-86ae-8489089b4448,0,PAYMENT,Medium,8,0,normal,33.232981,0.0,33.232981
train,a9cabca0-9609-5821-86ae-8489089b4448,1,PAYMENT,Medium,2,0,idle,33.232981,0.0,33.232981
train,a9cabca0-9609-5821-86ae-8489089b4448,2,PAYMENT,Medium,2,0,idle,33.232981,0.0,33.232981
train,aa1a8a90-0a13-53f1-8979-4d94d5c9c16a,0,CASH_OUT,High,5,0,normal,28.59423,0.0,28.59423
train,aa1a8a90-0a13-53f1-8979-4d94d5c9c16a,1,CASH_OUT,High,0,0,idle,28.59423,0.0,28.59423
train,aa1a8a90-0a13-53f1-8979-4d94d5c9c16a,2,CASH_OUT,High,1,0,idle,28.59423,0.0,28.59423
train,aa1a8a90-0a13-53f1-8979-4d94d5c9c16a,0,CASH_OUT,Low,2,0,idle,48.135129,0.0,48.135129
train,aa1a8a90-0a13-53f1-8979-4d94d5c9c16a,1,CASH_OUT,Low,2,0,idle,48.135129,0.0,48.135129
train,aa1a8a90-0a13-53f1-8979-4d94d5c9c16a,2,CASH_OUT,Low,10,12,surge,48.135129,60.14689758324796,108.28202658324795
train,aa1a8a90-0a13-53f1-8979-4d94d5c9c16a,0,CASH_OUT,Medium,10,0,busy,36.558801,6.207961765214017,42.76676276521402
train,aa1a8a90-0a13-53f1-8979-4d94d5c9c16a,1,CASH_OUT,Medium,4,0,idle,36.558801,0.0,36.558801
train,aa1a8a90-0a13-53f1-8979-4d94d5c9c16a,2,CASH_OUT,Medium,10,2,busy,36.558801,17.88147682317609,54.44027782317609
train,aa1f248c-b42f-5ff7-b73b-ae6aa84570ce,0,PAYMENT,High,5,0,normal,24.065557,0.0,24.065557
train,aa1f248c-b42f-5ff7-b73b-ae6aa84570ce,1,PAYMENT,High,10,17,surge,24.065557,50.80905933241587,74.87461633241587
train,aa1f248c-b42f-5ff7-b73b-ae6aa84570ce,2,PAYMENT,High,0,0,idle,24.065557,0.0,24.065557
train,aa1f248c-b42f-5ff7-b73b-ae6aa84570ce,0,PAYMENT,Low,5,0,normal,40.850387,0.0,40.850387
train,aa1f248c-b42f-5ff7-b73b-ae6aa84570ce,1,PAYMENT,Low,10,29,surge,40.850387,138.89892669525483,179.74931369525484
train,aa1f248c-b42f-5ff7-b73b-ae6aa84570ce,2,PAYMENT,Low,2,0,idle,40.850387,0.0,40.850387
train,aa1f248c-b42f-5ff7-b73b-ae6aa84570ce,0,PAYMENT,Medium,0,0,idle,30.89817,0.0,30.89817
train,aa1f248c-b42f-5ff7-b73b-ae6aa84570ce,1,PAYMENT,Medium,6,0,normal,30.89817,0.0,30.89817
train,aa1f248c-b42f-5ff7-b73b-ae6aa84570ce,2,PAYMENT,Medium,2,0,idle,30.89817,0.0,30.89817
train,aa45cc6f-e1d2-587b-99ae-11e9214099db,0,CASH_IN,High,5,0,normal,22.404724,0.0,22.404724
train,aa45cc6f-e1d2-587b-99ae-11e9214099db,1,CASH_IN,High,6,0,normal,22.404724,0.0,22.404724
train,aa45cc6f-e1d2-587b-99ae-11e9214099db,2,CASH_IN,High,0,0,idle,22.404724,0.0,22.404724
train,aa45cc6f-e1d2-587b-99ae-11e9214099db,0,CASH_IN,Low,4,0,idle,36.325502,0.0,36.325502
train,aa45cc6f-e1d2-587b-99ae-11e9214099db,1,CASH_IN,Low,8,0,normal,36.325502,0.0,36.325502
train,aa45cc6f-e1d2-587b-99ae-11e9214099db,2,CASH_IN,Low,10,7,busy,36.325502,30.98962542383402,67.31512742383401
train,aa45cc6f-e1d2-587b-99ae-11e9214099db,0,CASH_IN,Medium,6,0,normal,26.586225,0.0,26.586225
train,aa45cc6f-e1d2-587b-99ae-11e9214099db,1,CASH_IN,Medium,10,26,surge,26.586225,103.29277845409624,129.87900345409622
train,aa45cc6f-e1d2-587b-99ae-11e9214099db,2,CASH_IN,Medium,9,0,normal,26.586225,0.0,26.586225
train,aa5b385a-4129-5a0c-8d6f-f6ea9da0b373,0,CASH_OUT,High,10,1,busy,27.483139,6.287541423816856,33.770680423816856
train,aa5b385a-4129-5a0c-8d6f-f6ea9da0b373,1,CASH_OUT,High,10,16,surge,27.483139,42.52161591932365,70.00475491932366
train,aa5b385a-4129-5a0c-8d6f-f6ea9da0b373,2,CASH_OUT,High,7,0,normal,27.483139,0.0,27.483139
train,aa5b385a-4129-5a0c-8d6f-f6ea9da0b373,0,CASH_OUT,Low,10,15,surge,46.932202,62.320043424655665,109.25224542465565
train,aa5b385a-4129-5a0c-8d6f-f6ea9da0b373,1,CASH_OUT,Low,0,0,idle,46.932202,0.0,46.932202
train,aa5b385a-4129-5a0c-8d6f-f6ea9da0b373,2,CASH_OUT,Low,9,0,normal,46.932202,0.0,46.932202
train,aa5b385a-4129-5a0c-8d6f-f6ea9da0b373,0,CASH_OUT,Medium,10,7,busy,35.144864,35.98580146815694,71.13066546815693
train,aa5b385a-4129-5a0c-8d6f-f6ea9da0b373,1,CASH_OUT,Medium,10,14,surge,35.144864,54.89435733941839,90.03922133941839
train,aa5b385a-4129-5a0c-8d6f-f6ea9da0b373,2,CASH_OUT,Medium,10,2,busy,35.144864,8.733512792108685,43.87837679210868
train,aa8dcc99-bbaf-547e-97c7-cca992af11df,0,CASH_OUT,High,10,30,surge,27.490536,87.36413180023034,114.85466780023035
train,aa8dcc99-bbaf-547e-97c7-cca992af11df,1,CASH_OUT,High,10,9,busy,27.490536,28.872532732109082,56.363068732109085
train,aa8dcc99-bbaf-547e-97c7-cca992af11df,2,CASH_OUT,High,10,21,surge,27.490536,57.39885369799218,84.88938969799219
train,aa8dcc99-bbaf-547e-97c7-cca992af11df,0,CASH_OUT,Low,8,0,normal,43.058853,0.0,43.058853
train,aa8dcc99-bbaf-547e-97c7-cca992af11df,1,CASH_OUT,Low,0,0,idle,43.058853,0.0,43.058853
train,aa8dcc99-bbaf-547e-97c7-cca992af11df,2,CASH_OUT,Low,5,0,normal,43.058853,0.0,43.058853
train,aa8dcc99-bbaf-547e-97c7-cca992af11df,0,CASH_OUT,Medium,6,0,normal,36.876131,0.0,36.876131
train,aa8dcc99-bbaf-547e-97c7-cca992af11df,1,CASH_OUT,Medium,10,4,busy,36.876131,17.61770431130122,54.493835311301225
train,aa8dcc99-bbaf-547e-97c7-cca992af11df,2,CASH_OUT,Medium,10,10,busy,36.876131,40.191087959814595,77.0672189598146
train,ab365da7-0c4a-528d-9d5d-52d7ce958e01,0,PAYMENT,High,10,0,busy,25.272312,3.452262177686758,28.72457417768676
train,ab365da7-0c4a-528d-9d5d-52d7ce958e01,1,PAYMENT,High,10,5,busy,25.272312,11.778540265656828,37.05085226565683
train,ab365da7-0c4a-528d-9d5d-52d7ce958e01,2,PAYMENT,High,5,0,normal,25.272312,0.0,25.272312
train,ab365da7-0c4a-528d-9d5d-52d7ce958e01,0,PAYMENT,Low,6,0,normal,39.854066,0.0,39.854066
train,ab365da7-0c4a-528d-9d5d-52d7ce958e01,1,PAYMENT,Low,10,0,busy,39.854066,6.879686358798839,46.73375235879884
train,ab365da7-0c4a-528d-9d5d-52d7ce958e01,2,PAYMENT,Low,5,0,normal,39.854066,0.0,39.854066
train,ab365da7-0c4a-528d-9d5d-52d7ce958e01,0,PAYMENT,Medium,0,0,idle,29.086327,0.0,29.086327
train,ab365da7-0c4a-528d-9d5d-52d7ce958e01,1,PAYMENT,Medium,7,0,normal,29.086327,0.0,29.086327
train,ab365da7-0c4a-528d-9d5d-52d7ce958e01,2,PAYMENT,Medium,7,0,normal,29.086327,0.0,29.086327
train,ab7375e1-7ede-51f3-b908-a74ef1e5da46,0,TRANSFER,High,10,28,surge,36.267752,86.38268192305301,122.65043392305301
train,ab7375e1-7ede-51f3-b908-a74ef1e5da46,1,TRANSFER,High,10,11,surge,36.267752,32.752002369138836,69.01975436913884
train,ab7375e1-7ede-51f3-b908-a74ef1e5da46,2,TRANSFER,High,10,14,surge,36.267752,41.582067047701415,77.84981904770142
train,ab7375e1-7ede-51f3-b908-a74ef1e5da46,0,TRANSFER,Low,10,4,busy,59.019885,21.49520262018051,80.51508762018051
train,ab7375e1-7ede-51f3-b908-a74ef1e5da46,1,TRANSFER,Low,7,0,normal,59.019885,0.0,59.019885
train,ab7375e1-7ede-51f3-b908-a74ef1e5da46,2,TRANSFER,Low,10,10,busy,59.019885,46.08361354031048,105.10349854031048
train,ab7375e1-7ede-51f3-b908-a74ef1e5da46,0,TRANSFER,Medium,1,0,idle,47.864597,0.0,47.864597
train,ab7375e1-7ede-51f3-b908-a74ef1e5da46,1,TRANSFER,Medium,5,0,normal,47.864597,0.0,47.864597
train,ab7375e1-7ede-51f3-b908-a74ef1e5da46,2,TRANSFER,Medium,6,0,normal,47.864597,0.0,47.864597
train,abaf765c-2cf2-5dfe-9beb-63146577c92c,0,CASH_IN,High,10,8,busy,21.603645,20.762812965593557,42.366457965593554
train,abaf765c-2cf2-5dfe-9beb-63146577c92c,1,CASH_IN,High,10,18,surge,21.603645,53.974114336343206,75.5777593363432
train,abaf765c-2cf2-5dfe-9beb-63146577c92c,2,CASH_IN,High,10,6,busy,21.603645,21.48972473978694,43.09336973978694
train,abaf765c-2cf2-5dfe-9beb-63146577c92c,0,CASH_IN,Low,9,0,normal,34.311856,0.0,34.311856
train,abaf765c-2cf2-5dfe-9beb-63146577c92c,1,CASH_IN,Low,10,0,busy,34.311856,6.673744643193717,40.98560064319371
train,abaf765c-2cf2-5dfe-9beb-63146577c92c,2,CASH_IN,Low,6,0,normal,34.311856,0.0,34.311856
train,abaf765c-2cf2-5dfe-9beb-63146577c92c,0,CASH_IN,Medium,4,0,idle,25.832868,0.0,25.832868
train,abaf765c-2cf2-5dfe-9beb-63146577c92c,1,CASH_IN,Medium,10,4,busy,25.832868,14.523545919869031,40.356413919869034
train,abaf765c-2cf2-5dfe-9beb-63146577c92c,2,CASH_IN,Medium,6,0,normal,25.832868,0.0,25.832868
train,abb95b18-738b-5cc5-a585-da8b56717cbd,0,TRANSFER,High,10,0,busy,34.058306,3.9329242123749566,37.99123021237496
train,abb95b18-738b-5cc5-a585-da8b56717cbd,1,TRANSFER,High,10,16,surge,34.058306,48.53555917607564,82.59386517607564
train,abb95b18-738b-5cc5-a585-da8b56717cbd,2,TRANSFER,High,5,0,normal,34.058306,0.0,34.058306
train,abb95b18-738b-5cc5-a585-da8b56717cbd,0,TRANSFER,Low,10,3,busy,55.699275,18.28894796205022,73.98822296205022
train,abb95b18-738b-5cc5-a585-da8b56717cbd,1,TRANSFER,Low,10,3,busy,55.699275,20.121613013454382,75.82088801345438
train,abb95b18-738b-5cc5-a585-da8b56717cbd,2,TRANSFER,Low,6,0,normal,55.699275,0.0,55.699275
train,abb95b18-738b-5cc5-a585-da8b56717cbd,0,TRANSFER,Medium,7,0,normal,44.626197,0.0,44.626197
train,abb95b18-738b-5cc5-a585-da8b56717cbd,1,TRANSFER,Medium,9,0,normal,44.626197,0.0,44.626197
train,abb95b18-738b-5cc5-a585-da8b56717cbd,2,TRANSFER,Medium,10,6,busy,44.626197,26.0759824449079,70.7021794449079
train,abc8dc84-3018-5c05-830e-7abb495ab95b,0,DEBIT,High,9,0,normal,31.17183,0.0,31.17183
train,abc8dc84-3018-5c05-830e-7abb495ab95b,1,DEBIT,High,3,0,idle,31.17183,0.0,31.17183
train,abc8dc84-3018-5c05-830e-7abb495ab95b,2,DEBIT,High,6,0,normal,31.17183,0.0,31.17183
train,abc8dc84-3018-5c05-830e-7abb495ab95b,0,DEBIT,Low,7,0,normal,51.365339,0.0,51.365339
train,abc8dc84-3018-5c05-830e-7abb495ab95b,1,DEBIT,Low,10,13,surge,51.365339,48.50752245745955,99.87286145745955
train,abc8dc84-3018-5c05-830e-7abb495ab95b,2,DEBIT,Low,0,0,idle,51.365339,0.0,51.365339
train,abc8dc84-3018-5c05-830e-7abb495ab95b,0,DEBIT,Medium,10,9,busy,40.3676,35.578004921336294,75.9456049213363
train,abc8dc84-3018-5c05-830e-7abb495ab95b,1,DEBIT,Medium,9,0,normal,40.3676,0.0,40.3676
train,abc8dc84-3018-5c05-830e-7abb495ab95b,2,DEBIT,Medium,10,4,busy,40.3676,20.468018831676858,60.83561883167686
train,abe82e31-48fb-5a3b-9995-30360cca662f,0,CASH_OUT,High,4,0,idle,28.636236,0.0,28.636236
train,abe82e31-48fb-5a3b-9995-30360cca662f,1,CASH_OUT,High,5,0,normal,28.636236,0.0,28.636236
train,abe82e31-48fb-5a3b-9995-30360cca662f,2,CASH_OUT,High,10,28,surge,28.636236,86.73875001165425,115.37498601165424
train,abe82e31-48fb-5a3b-9995-30360cca662f,0,CASH_OUT,Low,10,30,surge,47.34287,145.60442892818028,192.9472989281803
train,abe82e31-48fb-5a3b-9995-30360cca662f,1,CASH_OUT,Low,10,0,busy,47.34287,3.30872020897838,50.65159020897838
train,abe82e31-48fb-5a3b-9995-30360cca662f,2,CASH_OUT,Low,10,29,surge,47.34287,138.2096229208407,185.5524929208407
train,abe82e31-48fb-5a3b-9995-30360cca662f,0,CASH_OUT,Medium,10,8,busy,37.127035,30.269189515048637,67.39622451504863
train,abe82e31-48fb-5a3b-9995-30360cca662f,1,CASH_OUT,Medium,9,0,normal,37.127035,0.0,37.127035
train,abe82e31-48fb-5a3b-9995-30360cca662f,2,CASH_OUT,Medium,10,5,busy,37.127035,20.57164838686381,57.698683386863806
train,ace1785c-7976-5906-94cd-7566a757c4d5,0,CASH_OUT,High,10,21,surge,27.411389,57.15138901380371,84.56277801380371
train,ace1785c-7976-5906-94cd-7566a757c4d5,1,CASH_OUT,High,9,0,normal,27.411389,0.0,27.411389
train,ace1785c-7976-5906-94cd-7566a757c4d5,2,CASH_OUT,High,7,0,normal,27.411389,0.0,27.411389
train,ace1785c-7976-5906-94cd-7566a757c4d5,0,CASH_OUT,Low,9,0,normal,48.042768,0.0,48.042768
train,ace1785c-7976-5906-94cd-7566a757c4d5,1,CASH_OUT,Low,10,8,busy,48.042768,29.920889367555045,77.96365736755504
train,ace1785c-7976-5906-94cd-7566a757c4d5,2,CASH_OUT,Low,6,0,normal,48.042768,0.0,48.042768
train,ace1785c-7976-5906-94cd-7566a757c4d5,0,CASH_OUT,Medium,8,0,normal,37.01093,0.0,37.01093
train,ace1785c-7976-5906-94cd-7566a757c4d5,1,CASH_OUT,Medium,10,5,busy,37.01093,20.233910472731743,57.244840472731745
train,ace1785c-7976-5906-94cd-7566a757c4d5,2,CASH_OUT,Medium,10,14,surge,37.01093,65.60862502489131,102.61955502489131
train,ace314b2-306e-5b2d-9675-1b730376ae7d,0,DEBIT,High,10,10,busy,31.374404,36.08288566190896,67.45728966190896
train,ace314b2-306e-5b2d-9675-1b730376ae7d,1,DEBIT,High,10,0,busy,31.374404,10.159898958015473,41.53430295801547
train,ace314b2-306e-5b2d-9675-1b730376ae7d,2,DEBIT,High,7,0,normal,31.374404,0.0,31.374404
train,ace314b2-306e-5b2d-9675-1b730376ae7d,0,DEBIT,Low,10,19,surge,51.750657,91.0635259516951,142.8141829516951
train,ace314b2-306e-5b2d-9675-1b730376ae7d,1,DEBIT,Low,10,6,busy,51.750657,35.181089134143505,86.93174613414351
train,ace314b2-306e-5b2d-9675-1b730376ae7d,2,DEBIT,Low,10,27,surge,51.750657,134.37395368294364,186.12461068294363
train,ace314b2-306e-5b2d-9675-1b730376ae7d,0,DEBIT,Medium,1,0,idle,43.133947,0.0,43.133947
train,ace314b2-306e-5b2d-9675-1b730376ae7d,1,DEBIT,Medium,3,0,idle,43.133947,0.0,43.133947
train,ace314b2-306e-5b2d-9675-1b730376ae7d,2,DEBIT,Medium,10,10,busy,43.133947,35.43340268948349,78.56734968948349
train,ad5abe7b-2ddd-590e-8680-03f70cf81445,0,CASH_OUT,High,0,0,idle,29.461495,0.0,29.461495
train,ad5abe7b-2ddd-590e-8680-03f70cf81445,1,CASH_OUT,High,10,7,busy,29.461495,20.320756485158896,49.782251485158895
train,ad5abe7b-2ddd-590e-8680-03f70cf81445,2,CASH_OUT,High,10,8,busy,29.461495,21.271023587696845,50.732518587696845
train,ad5abe7b-2ddd-590e-8680-03f70cf81445,0,CASH_OUT,Low,10,25,surge,47.292382,117.06400066870593,164.35638266870592
train,ad5abe7b-2ddd-590e-8680-03f70cf81445,1,CASH_OUT,Low,5,0,normal,47.292382,0.0,47.292382
train,ad5abe7b-2ddd-590e-8680-03f70cf81445,2,CASH_OUT,Low,8,0,normal,47.292382,0.0,47.292382
train,ad5abe7b-2ddd-590e-8680-03f70cf81445,0,CASH_OUT,Medium,10,8,busy,35.284672,27.472600299458122,62.75727229945812
train,ad5abe7b-2ddd-590e-8680-03f70cf81445,1,CASH_OUT,Medium,7,0,normal,35.284672,0.0,35.284672
train,ad5abe7b-2ddd-590e-8680-03f70cf81445,2,CASH_OUT,Medium,10,13,surge,35.284672,48.99611445436755,84.28078645436756
train,ad5ed959-d618-5db8-8417-b87147c32586,0,PAYMENT,High,10,3,busy,24.937499,5.440044028571837,30.377543028571836
train,ad5ed959-d618-5db8-8417-b87147c32586,1,PAYMENT,High,6,0,normal,24.937499,0.0,24.937499
train,ad5ed959-d618-5db8-8417-b87147c32586,2,PAYMENT,High,6,0,normal,24.937499,0.0,24.937499
train,ad5ed959-d618-5db8-8417-b87147c32586,0,PAYMENT,Low,5,0,normal,39.26349,0.0,39.26349
train,ad5ed959-d618-5db8-8417-b87147c32586,1,PAYMENT,Low,10,26,surge,39.26349,123.373030601897,162.636520601897
train,ad5ed959-d618-5db8-8417-b87147c32586,2,PAYMENT,Low,10,10,busy,39.26349,63.83599801397486,103.09948801397485
train,ad5ed959-d618-5db8-8417-b87147c32586,0,PAYMENT,Medium,9,0,normal,34.092211,0.0,34.092211
train,ad5ed959-d618-5db8-8417-b87147c32586,1,PAYMENT,Medium,10,23,surge,34.092211,80.46595584751678,114.55816684751679
train,ad5ed959-d618-5db8-8417-b87147c32586,2,PAYMENT,Medium,10,18,surge,34.092211,65.50715238901489,99.59936338901488
train,ad6a1228-69d2-5ea4-af4b-ee71e31d1ea8,0,DEBIT,High,3,0,idle,32.038881,0.0,32.038881
train,ad6a1228-69d2-5ea4-af4b-ee71e31d1ea8,1,DEBIT,High,3,0,idle,32.038881,0.0,32.038881
train,ad6a1228-69d2-5ea4-af4b-ee71e31d1ea8,2,DEBIT,High,7,0,normal,32.038881,0.0,32.038881
train,ad6a1228-69d2-5ea4-af4b-ee71e31d1ea8,0,DEBIT,Low,10,17,surge,53.045631,76.43097682890873,129.47660782890873
train,ad6a1228-69d2-5ea4-af4b-ee71e31d1ea8,1,DEBIT,Low,10,18,surge,53.045631,70.75281362786296,123.79844462786296
train,ad6a1228-69d2-5ea4-af4b-ee71e31d1ea8,2,DEBIT,Low,2,0,idle,53.045631,0.0,53.045631
train,ad6a1228-69d2-5ea4-af4b-ee71e31d1ea8,0,DEBIT,Medium,10,8,busy,40.455923,24.99489901472098,65.45082201472098
train,ad6a1228-69d2-5ea4-af4b-ee71e31d1ea8,1,DEBIT,Medium,10,23,surge,40.455923,86.48497624005918,126.94089924005918
train,ad6a1228-69d2-5ea4-af4b-ee71e31d1ea8,2,DEBIT,Medium,10,8,busy,40.455923,32.102390528138635,72.55831352813863
train,ad9ab5cc-c83e-5d71-8c04-043a1e42515b,0,DEBIT,High,10,6,busy,32.799488,19.758154229541997,52.557642229542
train,ad9ab5cc-c83e-5d71-8c04-043a1e42515b,1,DEBIT,High,8,0,normal,32.799488,0.0,32.799488
train,ad9ab5cc-c83e-5d71-8c04-043a1e42515b,2,DEBIT,High,10,21,surge,32.799488,61.899469173493586,94.69895717349358
train,ad9ab5cc-c83e-5d71-8c04-043a1e42515b,0,DEBIT,Low,8,0,normal,51.739774,0.0,51.739774
train,ad9ab5cc-c83e-5d71-8c04-043a1e42515b,1,DEBIT,Low,10,13,surge,51.739774,52.55128960855565,104.29106360855565
train,ad9ab5cc-c83e-5d71-8c04-043a1e42515b,2,DEBIT,Low,10,29,surge,51.739774,137.3997667082154,189.1395407082154
train,ad9ab5cc-c83e-5d71-8c04-043a1e42515b,0,DEBIT,Medium,6,0,normal,40.84136,0.0,40.84136
train,ad9ab5cc-c83e-5d71-8c04-043a1e42515b,1,DEBIT,Medium,10,9,busy,40.84136,38.35184175470435,79.19320175470435
train,ad9ab5cc-c83e-5d71-8c04-043a1e42515b,2,DEBIT,Medium,10,20,surge,40.84136,72.91164754917627,113.75300754917626
train,adbd0375-a8fd-560e-b4eb-4ea4343b0227,0,TRANSFER,High,10,25,surge,34.70181,76.42287191268461,111.12468191268462
train,adbd0375-a8fd-560e-b4eb-4ea4343b0227,1,TRANSFER,High,6,0,normal,34.70181,0.0,34.70181
train,adbd0375-a8fd-560e-b4eb-4ea4343b0227,2,TRANSFER,High,8,0,normal,34.70181,0.0,34.70181
train,adbd0375-a8fd-560e-b4eb-4ea4343b0227,0,TRANSFER,Low,10,10,busy,56.006624,44.93102179104079,100.9376457910408
train,adbd0375-a8fd-560e-b4eb-4ea4343b0227,1,TRANSFER,Low,4,0,idle,56.006624,0.0,56.006624
train,adbd0375-a8fd-560e-b4eb-4ea4343b0227,2,TRANSFER,Low,5,0,normal,56.006624,0.0,56.006624
train,adbd0375-a8fd-560e-b4eb-4ea4343b0227,0,TRANSFER,Medium,6,0,normal,46.411534,0.0,46.411534
train,adbd0375-a8fd-560e-b4eb-4ea4343b0227,1,TRANSFER,Medium,10,4,busy,46.411534,22.0037696299255,68.4153036299255
train,adbd0375-a8fd-560e-b4eb-4ea4343b0227,2,TRANSFER,Medium,10,17,surge,46.411534,61.16500095235921,107.57653495235921
train,adf3a561-c865-5b93-a5d6-c43145897914,0,TRANSFER,High,3,0,idle,35.34026,0.0,35.34026
train,adf3a561-c865-5b93-a5d6-c43145897914,1,TRANSFER,High,9,0,normal,35.34026,0.0,35.34026
train,adf3a561-c865-5b93-a5d6-c43145897914,2,TRANSFER,High,10,1,busy,35.34026,10.876374248851265,46.216634248851264
train,adf3a561-c865-5b93-a5d6-c43145897914,0,TRANSFER,Low,7,0,normal,57.912049,0.0,57.912049
train,adf3a561-c865-5b93-a5d6-c43145897914,1,TRANSFER,Low,1,0,idle,57.912049,0.0,57.912049
train,adf3a561-c865-5b93-a5d6-c43145897914,2,TRANSFER,Low,10,6,busy,57.912049,22.51181253616932,80.42386153616933
train,adf3a561-c865-5b93-a5d6-c43145897914,0,TRANSFER,Medium,4,0,idle,46.56044,0.0,46.56044
train,adf3a561-c865-5b93-a5d6-c43145897914,1,TRANSFER,Medium,4,0,idle,46.56044,0.0,46.56044
train,adf3a561-c865-5b93-a5d6-c43145897914,2,TRANSFER,Medium,9,0,normal,46.56044,0.0,46.56044
train,aec0ed2f-99e9-595e-952d-c532d30e990a,0,CASH_OUT,High,7,0,normal,27.222481,0.0,27.222481
train,aec0ed2f-99e9-595e-952d-c532d30e990a,1,CASH_OUT,High,2,0,idle,27.222481,0.0,27.222481
train,aec0ed2f-99e9-595e-952d-c532d30e990a,2,CASH_OUT,High,9,0,normal,27.222481,0.0,27.222481
train,aec0ed2f-99e9-595e-952d-c532d30e990a,0,CASH_OUT,Low,0,0,idle,47.098262,0.0,47.098262
train,aec0ed2f-99e9-595e-952d-c532d30e990a,1,CASH_OUT,Low,8,0,normal,47.098262,0.0,47.098262
train,aec0ed2f-99e9-595e-952d-c532d30e990a,2,CASH_OUT,Low,9,0,normal,47.098262,0.0,47.098262
train,aec0ed2f-99e9-595e-952d-c532d30e990a,0,CASH_OUT,Medium,10,2,busy,34.690248,9.766508722460433,44.456756722460426
train,aec0ed2f-99e9-595e-952d-c532d30e990a,1,CASH_OUT,Medium,1,0,idle,34.690248,0.0,34.690248
train,aec0ed2f-99e9-595e-952d-c532d30e990a,2,CASH_OUT,Medium,3,0,idle,34.690248,0.0,34.690248
train,aed53e97-d692-5d8c-bf0f-90e597964acc,0,DEBIT,High,1,0,idle,32.781635,0.0,32.781635
train,aed53e97-d692-5d8c-bf0f-90e597964acc,1,DEBIT,High,8,0,normal,32.781635,0.0,32.781635
train,aed53e97-d692-5d8c-bf0f-90e597964acc,2,DEBIT,High,10,16,surge,32.781635,45.764795331372014,78.54643033137202
train,aed53e97-d692-5d8c-bf0f-90e597964acc,0,DEBIT,Low,6,0,normal,53.716922,0.0,53.716922
train,aed53e97-d692-5d8c-bf0f-90e597964acc,1,DEBIT,Low,4,0,idle,53.716922,0.0,53.716922
train,aed53e97-d692-5d8c-bf0f-90e597964acc,2,DEBIT,Low,10,5,busy,53.716922,18.07752410179311,71.79444610179311
train,aed53e97-d692-5d8c-bf0f-90e597964acc,0,DEBIT,Medium,9,0,normal,40.659765,0.0,40.659765
train,aed53e97-d692-5d8c-bf0f-90e597964acc,1,DEBIT,Medium,10,5,busy,40.659765,14.238809747187945,54.89857474718794
train,aed53e97-d692-5d8c-bf0f-90e597964acc,2,DEBIT,Medium,10,28,surge,40.659765,110.62879288968048,151.28855788968048
train,af29f04f-e7df-516c-afb9-2ffb4a95c393,0,CASH_IN,High,9,0,normal,20.59429,0.0,20.59429
train,af29f04f-e7df-516c-afb9-2ffb4a95c393,1,CASH_IN,High,2,0,idle,20.59429,0.0,20.59429
train,af29f04f-e7df-516c-afb9-2ffb4a95c393,2,CASH_IN,High,10,0,busy,20.59429,2.427927496963538,23.02221749696354
train,af29f04f-e7df-516c-afb9-2ffb4a95c393,0,CASH_IN,Low,2,0,idle,35.275859,0.0,35.275859
train,af29f04f-e7df-516c-afb9-2ffb4a95c393,1,CASH_IN,Low,8,0,normal,35.275859,0.0,35.275859
train,af29f04f-e7df-516c-afb9-2ffb4a95c393,2,CASH_IN,Low,6,0,normal,35.275859,0.0,35.275859
train,af29f04f-e7df-516c-afb9-2ffb4a95c393,0,CASH_IN,Medium,10,2,busy,27.729212,6.204711362979936,33.93392336297994
train,af29f04f-e7df-516c-afb9-2ffb4a95c393,1,CASH_IN,Medium,6,0,normal,27.729212,0.0,27.729212
train,af29f04f-e7df-516c-afb9-2ffb4a95c393,2,CASH_IN,Medium,6,0,normal,27.729212,0.0,27.729212
train,af42b1a7-fe0a-52c3-83ff-ff5adc797381,0,PAYMENT,High,10,3,busy,28.435418,9.759645225382556,38.195063225382555
train,af42b1a7-fe0a-52c3-83ff-ff5adc797381,1,PAYMENT,High,4,0,idle,28.435418,0.0,28.435418
train,af42b1a7-fe0a-52c3-83ff-ff5adc797381,2,PAYMENT,High,5,0,normal,28.435418,0.0,28.435418
train,af42b1a7-fe0a-52c3-83ff-ff5adc797381,0,PAYMENT,Low,1,0,idle,40.288545,0.0,40.288545
train,af42b1a7-fe0a-52c3-83ff-ff5adc797381,1,PAYMENT,Low,4,0,idle,40.288545,0.0,40.288545
train,af42b1a7-fe0a-52c3-83ff-ff5adc797381,2,PAYMENT,Low,10,0,busy,40.288545,5.70796852583123,45.99651352583123
train,af42b1a7-fe0a-52c3-83ff-ff5adc797381,0,PAYMENT,Medium,6,0,normal,31.856277,0.0,31.856277
train,af42b1a7-fe0a-52c3-83ff-ff5adc797381,1,PAYMENT,Medium,4,0,idle,31.856277,0.0,31.856277
train,af42b1a7-fe0a-52c3-83ff-ff5adc797381,2,PAYMENT,Medium,7,0,normal,31.856277,0.0,31.856277
train,af5666b6-99dc-5289-bed2-1f8a27dec4c2,0,TRANSFER,High,10,15,surge,36.584109,36.285648399147526,72.86975739914752
train,af5666b6-99dc-5289-bed2-1f8a27dec4c2,1,TRANSFER,High,4,0,idle,36.584109,0.0,36.584109
train,af5666b6-99dc-5289-bed2-1f8a27dec4c2,2,TRANSFER,High,5,0,normal,36.584109,0.0,36.584109
train,af5666b6-99dc-5289-bed2-1f8a27dec4c2,0,TRANSFER,Low,10,9,busy,57.701575,43.088031259461026,100.78960625946102
train,af5666b6-99dc-5289-bed2-1f8a27dec4c2,1,TRANSFER,Low,10,8,busy,57.701575,33.84781324179437,91.54938824179436
train,af5666b6-99dc-5289-bed2-1f8a27dec4c2,2,TRANSFER,Low,8,0,normal,57.701575,0.0,57.701575
train,af5666b6-99dc-5289-bed2-1f8a27dec4c2,0,TRANSFER,Medium,6,0,normal,44.58892,0.0,44.58892
train,af5666b6-99dc-5289-bed2-1f8a27dec4c2,1,TRANSFER,Medium,8,0,normal,44.58892,0.0,44.58892
train,af5666b6-99dc-5289-bed2-1f8a27dec4c2,2,TRANSFER,Medium,10,1,busy,44.58892,7.5348853553393305,52.12380535533933
train,aff4c9d7-c8c2-5ae0-94d5-38756afd7e0a,0,DEBIT,High,8,0,normal,30.646635,0.0,30.646635
train,aff4c9d7-c8c2-5ae0-94d5-38756afd7e0a,1,DEBIT,High,3,0,idle,30.646635,0.0,30.646635
train,aff4c9d7-c8c2-5ae0-94d5-38756afd7e0a,2,DEBIT,High,6,0,normal,30.646635,0.0,30.646635
train,aff4c9d7-c8c2-5ae0-94d5-38756afd7e0a,0,DEBIT,Low,2,0,idle,52.94168,0.0,52.94168
train,aff4c9d7-c8c2-5ae0-94d5-38756afd7e0a,1,DEBIT,Low,7,0,normal,52.94168,0.0,52.94168
train,aff4c9d7-c8c2-5ae0-94d5-38756afd7e0a,2,DEBIT,Low,5,0,normal,52.94168,0.0,52.94168
train,aff4c9d7-c8c2-5ae0-94d5-38756afd7e0a,0,DEBIT,Medium,10,6,busy,40.549166,29.28266289344201,69.83182889344201
train,aff4c9d7-c8c2-5ae0-94d5-38756afd7e0a,1,DEBIT,Medium,3,0,idle,40.549166,0.0,40.549166
train,aff4c9d7-c8c2-5ae0-94d5-38756afd7e0a,2,DEBIT,Medium,2,0,idle,40.549166,0.0,40.549166
train,b0d0ad6c-00a0-5956-ad1b-27704bd648da,0,TRANSFER,High,10,4,busy,34.262718,15.33627045312338,49.59898845312338
train,b0d0ad6c-00a0-5956-ad1b-27704bd648da,1,TRANSFER,High,9,0,normal,34.262718,0.0,34.262718
train,b0d0ad6c-00a0-5956-ad1b-27704bd648da,2,TRANSFER,High,10,10,busy,34.262718,27.504722571358926,61.767440571358925
train,b0d0ad6c-00a0-5956-ad1b-27704bd648da,0,TRANSFER,Low,9,0,normal,57.175974,0.0,57.175974
train,b0d0ad6c-00a0-5956-ad1b-27704bd648da,1,TRANSFER,Low,10,8,busy,57.175974,40.0616957466274,97.2376697466274
train,b0d0ad6c-00a0-5956-ad1b-27704bd648da,2,TRANSFER,Low,1,0,idle,57.175974,0.0,57.175974
train,b0d0ad6c-00a0-5956-ad1b-27704bd648da,0,TRANSFER,Medium,10,8,busy,45.452032,34.57598586257119,80.02801786257119
train,b0d0ad6c-00a0-5956-ad1b-27704bd648da,1,TRANSFER,Medium,10,10,busy,45.452032,31.94613310549544,77.39816510549545
train,b0d0ad6c-00a0-5956-ad1b-27704bd648da,2,TRANSFER,Medium,6,0,normal,45.452032,0.0,45.452032
train,b1eb8a6c-70b8-57a1-8625-24378b2341ef,0,CASH_OUT,High,8,0,normal,27.281601,0.0,27.281601
train,b1eb8a6c-70b8-57a1-8625-24378b2341ef,1,CASH_OUT,High,9,0,normal,27.281601,0.0,27.281601
train,b1eb8a6c-70b8-57a1-8625-24378b2341ef,2,CASH_OUT,High,1,0,idle,27.281601,0.0,27.281601
train,b1eb8a6c-70b8-57a1-8625-24378b2341ef,0,CASH_OUT,Low,10,27,surge,43.741866,122.56831800937645,166.31018400937646
train,b1eb8a6c-70b8-57a1-8625-24378b2341ef,1,CASH_OUT,Low,4,0,idle,43.741866,0.0,43.741866
train,b1eb8a6c-70b8-57a1-8625-24378b2341ef,2,CASH_OUT,Low,10,10,busy,43.741866,51.186004640841595,94.9278706408416
train,b1eb8a6c-70b8-57a1-8625-24378b2341ef,0,CASH_OUT,Medium,10,9,busy,37.100054,39.415024825714866,76.51507882571487
train,b1eb8a6c-70b8-57a1-8625-24378b2341ef,1,CASH_OUT,Medium,10,6,busy,37.100054,18.342071171099544,55.44212517109955
train,b1eb8a6c-70b8-57a1-8625-24378b2341ef,2,CASH_OUT,Medium,10,23,surge,37.100054,78.28263024018689,115.38268424018689
train,b26c32e9-b2ce-5796-8cf4-dc97739d6255,0,DEBIT,High,8,0,normal,30.803024,0.0,30.803024
train,b26c32e9-b2ce-5796-8cf4-dc97739d6255,1,DEBIT,High,8,0,normal,30.803024,0.0,30.803024
train,b26c32e9-b2ce-5796-8cf4-dc97739d6255,2,DEBIT,High,7,0,normal,30.803024,0.0,30.803024
train,b26c32e9-b2ce-5796-8cf4-dc97739d6255,0,DEBIT,Low,10,8,busy,50.513983,35.76158496143552,86.27556796143551
train,b26c32e9-b2ce-5796-8cf4-dc97739d6255,1,DEBIT,Low,0,0,idle,50.513983,0.0,50.513983
train,b26c32e9-b2ce-5796-8cf4-dc97739d6255,2,DEBIT,Low,10,7,busy,50.513983,20.957474096414995,71.471457096415
train,b26c32e9-b2ce-5796-8cf4-dc97739d6255,0,DEBIT,Medium,0,0,idle,41.792892,0.0,41.792892
train,b26c32e9-b2ce-5796-8cf4-dc97739d6255,1,DEBIT,Medium,10,25,surge,41.792892,93.94955014415817,135.74244214415816
train,b26c32e9-b2ce-5796-8cf4-dc97739d6255,2,DEBIT,Medium,10,23,surge,41.792892,81.38846936431048,123.18136136431048
train,b294501f-7594-580c-8d25-7ffd71aeeec7,0,CASH_OUT,High,10,9,busy,27.404661,23.00840564090864,50.41306664090864
train,b294501f-7594-580c-8d25-7ffd71aeeec7,1,CASH_OUT,High,4,0,idle,27.404661,0.0,27.404661
train,b294501f-7594-580c-8d25-7ffd71aeeec7,2,CASH_OUT,High,6,0,normal,27.404661,0.0,27.404661
train,b294501f-7594-580c-8d25-7ffd71aeeec7,0,CASH_OUT,Low,10,3,busy,47.328967,11.742545709997204,59.0715127099972
train,b294501f-7594-580c-8d25-7ffd71aeeec7,1,CASH_OUT,Low,10,21,surge,47.328967,113.11223798604365,160.44120498604366
train,b294501f-7594-580c-8d25-7ffd71aeeec7,2,CASH_OUT,Low,7,0,normal,47.328967,0.0,47.328967
train,b294501f-7594-580c-8d25-7ffd71aeeec7,0,CASH_OUT,Medium,10,0,busy,34.845068,5.2454073760483695,40.09047537604837
train,b294501f-7594-580c-8d25-7ffd71aeeec7,1,CASH_OUT,Medium,7,0,normal,34.845068,0.0,34.845068
train,b294501f-7594-580c-8d25-7ffd71aeeec7,2,CASH_OUT,Medium,7,0,normal,34.845068,0.0,34.845068
train,b2bc1141-6862-5f98-bbf0-215dfcffa8f1,0,CASH_IN,High,5,0,normal,20.863453,0.0,20.863453
train,b2bc1141-6862-5f98-bbf0-215dfcffa8f1,1,CASH_IN,High,8,0,normal,20.863453,0.0,20.863453
train,b2bc1141-6862-5f98-bbf0-215dfcffa8f1,2,CASH_IN,High,10,7,busy,20.863453,29.230949839538187,50.09440283953819
train,b2bc1141-6862-5f98-bbf0-215dfcffa8f1,0,CASH_IN,Low,10,21,surge,32.33441,103.37739236041273,135.71180236041272
train,b2bc1141-6862-5f98-bbf0-215dfcffa8f1,1,CASH_IN,Low,10,2,busy,32.33441,4.97541134834159,37.309821348341586
train,b2bc1141-6862-5f98-bbf0-215dfcffa8f1,2,CASH_IN,Low,10,1,busy,32.33441,11.374749852522935,43.70915985252293
train,b2bc1141-6862-5f98-bbf0-215dfcffa8f1,0,CASH_IN,Medium,10,19,surge,28.078007,56.168567322795155,84.24657432279515
train,b2bc1141-6862-5f98-bbf0-215dfcffa8f1,1,CASH_IN,Medium,7,0,normal,28.078007,0.0,28.078007
train,b2bc1141-6862-5f98-bbf0-215dfcffa8f1,2,CASH_IN,Medium,6,0,normal,28.078007,0.0,28.078007
train,b2e8b000-e7b9-5e46-b821-a1e00588d172,0,CASH_IN,High,10,12,surge,20.570135,45.601398328240215,66.17153332824022
train,b2e8b000-e7b9-5e46-b821-a1e00588d172,1,CASH_IN,High,10,17,surge,20.570135,53.8435753599028,74.41371035990281
train,b2e8b000-e7b9-5e46-b821-a1e00588d172,2,CASH_IN,High,3,0,idle,20.570135,0.0,20.570135
train,b2e8b000-e7b9-5e46-b821-a1e00588d172,0,CASH_IN,Low,7,0,normal,35.898906,0.0,35.898906
train,b2e8b000-e7b9-5e46-b821-a1e00588d172,1,CASH_IN,Low,4,0,idle,35.898906,0.0,35.898906
train,b2e8b000-e7b9-5e46-b821-a1e00588d172,2,CASH_IN,Low,6,0,normal,35.898906,0.0,35.898906
train,b2e8b000-e7b9-5e46-b821-a1e00588d172,0,CASH_IN,Medium,6,0,normal,28.943995,0.0,28.943995
train,b2e8b000-e7b9-5e46-b821-a1e00588d172,1,CASH_IN,Medium,10,5,busy,28.943995,16.437412471429663,45.38140747142967
train,b2e8b000-e7b9-5e46-b821-a1e00588d172,2,CASH_IN,Medium,1,0,idle,28.943995,0.0,28.943995
train,b3c2fb87-24fb-563d-98d6-64887ac19170,0,TRANSFER,High,0,0,idle,34.479018,0.0,34.479018
train,b3c2fb87-24fb-563d-98d6-64887ac19170,1,TRANSFER,High,10,16,surge,34.479018,45.671782579785855,80.15080057978585
train,b3c2fb87-24fb-563d-98d6-64887ac19170,2,TRANSFER,High,10,17,surge,34.479018,47.03789059308926,81.51690859308925
train,b3c2fb87-24fb-563d-98d6-64887ac19170,0,TRANSFER,Low,10,23,surge,55.715214,99.75729489236504,155.47250889236506
train,b3c2fb87-24fb-563d-98d6-64887ac19170,1,TRANSFER,Low,10,0,busy,55.715214,16.404520590744845,72.11973459074486
train,b3c2fb87-24fb-563d-98d6-64887ac19170,2,TRANSFER,Low,5,0,normal,55.715214,0.0,55.715214
train,b3c2fb87-24fb-563d-98d6-64887ac19170,0,TRANSFER,Medium,9,0,normal,45.773268,0.0,45.773268
train,b3c2fb87-24fb-563d-98d6-64887ac19170,1,TRANSFER,Medium,3,0,idle,45.773268,0.0,45.773268
train,b3c2fb87-24fb-563d-98d6-64887ac19170,2,TRANSFER,Medium,6,0,normal,45.773268,0.0,45.773268
train,b3c3cb8f-3143-5497-8810-f1aa1493f216,0,TRANSFER,High,3,0,idle,36.284354,0.0,36.284354
train,b3c3cb8f-3143-5497-8810-f1aa1493f216,1,TRANSFER,High,1,0,idle,36.284354,0.0,36.284354
train,b3c3cb8f-3143-5497-8810-f1aa1493f216,2,TRANSFER,High,1,0,idle,36.284354,0.0,36.284354
train,b3c3cb8f-3143-5497-8810-f1aa1493f216,0,TRANSFER,Low,1,0,idle,59.524873,0.0,59.524873
train,b3c3cb8f-3143-5497-8810-f1aa1493f216,1,TRANSFER,Low,10,28,surge,59.524873,121.94530925333224,181.47018225333224
train,b3c3cb8f-3143-5497-8810-f1aa1493f216,2,TRANSFER,Low,0,0,idle,59.524873,0.0,59.524873
train,b3c3cb8f-3143-5497-8810-f1aa1493f216,0,TRANSFER,Medium,6,0,normal,44.305993,0.0,44.305993
train,b3c3cb8f-3143-5497-8810-f1aa1493f216,1,TRANSFER,Medium,10,0,busy,44.305993,6.470036500762262,50.77602950076226
train,b3c3cb8f-3143-5497-8810-f1aa1493f216,2,TRANSFER,Medium,10,4,busy,44.305993,15.426064893358754,59.73205789335876
train,b43ac9c8-e6eb-59e1-8bfd-ce4ddf80adea,0,TRANSFER,High,2,0,idle,36.355503,0.0,36.355503
train,b43ac9c8-e6eb-59e1-8bfd-ce4ddf80adea,1,TRANSFER,High,2,0,idle,36.355503,0.0,36.355503
train,b43ac9c8-e6eb-59e1-8bfd-ce4ddf80adea,2,TRANSFER,High,10,20,surge,36.355503,62.74795064726091,99.1034536472609
train,b43ac9c8-e6eb-59e1-8bfd-ce4ddf80adea,0,TRANSFER,Low,10,14,surge,54.764525,63.31487086678271,118.0793958667827
train,b43ac9c8-e6eb-59e1-8bfd-ce4ddf80adea,1,TRANSFER,Low,6,0,normal,54.764525,0.0,54.764525
train,b43ac9c8-e6eb-59e1-8bfd-ce4ddf80adea,2,TRANSFER,Low,9,0,normal,54.764525,0.0,54.764525
train,b43ac9c8-e6eb-59e1-8bfd-ce4ddf80adea,0,TRANSFER,Medium,10,25,surge,44.51288,95.42087928577942,139.93375928577942
train,b43ac9c8-e6eb-59e1-8bfd-ce4ddf80adea,1,TRANSFER,Medium,10,4,busy,44.51288,22.288845760940212,66.80172576094022
train,b43ac9c8-e6eb-59e1-8bfd-ce4ddf80adea,2,TRANSFER,Medium,9,0,normal,44.51288,0.0,44.51288
train,b4aae99e-94f6-5629-b862-1981bce319d2,0,TRANSFER,High,10,26,surge,36.637501,79.0035295126653,115.6410305126653
train,b4aae99e-94f6-5629-b862-1981bce319d2,1,TRANSFER,High,10,19,surge,36.637501,62.092271367799356,98.72977236779936
train,b4aae99e-94f6-5629-b862-1981bce319d2,2,TRANSFER,High,5,0,normal,36.637501,0.0,36.637501
train,b4aae99e-94f6-5629-b862-1981bce319d2,0,TRANSFER,Low,6,0,normal,57.839033,0.0,57.839033
train,b4aae99e-94f6-5629-b862-1981bce319d2,1,TRANSFER,Low,4,0,idle,57.839033,0.0,57.839033
train,b4aae99e-94f6-5629-b862-1981bce319d2,2,TRANSFER,Low,5,0,normal,57.839033,0.0,57.839033
train,b4aae99e-94f6-5629-b862-1981bce319d2,0,TRANSFER,Medium,10,13,surge,43.417449,48.46945322714702,91.88690222714702
train,b4aae99e-94f6-5629-b862-1981bce319d2,1,TRANSFER,Medium,10,23,surge,43.417449,87.11852789457106,130.53597689457106
train,b4aae99e-94f6-5629-b862-1981bce319d2,2,TRANSFER,Medium,7,0,normal,43.417449,0.0,43.417449
train,b4ce37f8-440f-5250-87cb-8054c273581b,0,DEBIT,High,10,2,busy,30.595002,8.089519125482472,38.684521125482476
train,b4ce37f8-440f-5250-87cb-8054c273581b,1,DEBIT,High,9,0,normal,30.595002,0.0,30.595002
train,b4ce37f8-440f-5250-87cb-8054c273581b,2,DEBIT,High,10,29,surge,30.595002,84.60354769827497,115.19854969827497
train,b4ce37f8-440f-5250-87cb-8054c273581b,0,DEBIT,Low,10,0,busy,50.246023,6.423465784528722,56.669488784528724
train,b4ce37f8-440f-5250-87cb-8054c273581b,1,DEBIT,Low,10,4,busy,50.246023,26.488438343185365,76.73446134318536
train,b4ce37f8-440f-5250-87cb-8054c273581b,2,DEBIT,Low,9,0,normal,50.246023,0.0,50.246023
train,b4ce37f8-440f-5250-87cb-8054c273581b,0,DEBIT,Medium,9,0,normal,40.690818,0.0,40.690818
train,b4ce37f8-440f-5250-87cb-8054c273581b,1,DEBIT,Medium,6,0,normal,40.690818,0.0,40.690818
train,b4ce37f8-440f-5250-87cb-8054c273581b,2,DEBIT,Medium,1,0,idle,40.690818,0.0,40.690818
train,b55b4b10-7f8a-5484-9b25-5a0c4ba5c944,0,CASH_IN,High,10,4,busy,20.410282,14.684538640028315,35.09482064002832
train,b55b4b10-7f8a-5484-9b25-5a0c4ba5c944,1,CASH_IN,High,10,2,busy,20.410282,8.43713730886289,28.84741930886289
train,b55b4b10-7f8a-5484-9b25-5a0c4ba5c944,2,CASH_IN,High,10,11,surge,20.410282,39.28514944208549,59.69543144208549
train,b55b4b10-7f8a-5484-9b25-5a0c4ba5c944,0,CASH_IN,Low,0,0,idle,33.062296,0.0,33.062296
train,b55b4b10-7f8a-5484-9b25-5a0c4ba5c944,1,CASH_IN,Low,10,8,busy,33.062296,37.927683749846665,70.98997974984667
train,b55b4b10-7f8a-5484-9b25-5a0c4ba5c944,2,CASH_IN,Low,3,0,idle,33.062296,0.0,33.062296
train,b55b4b10-7f8a-5484-9b25-5a0c4ba5c944,0,CASH_IN,Medium,10,1,busy,27.729391,5.001733326243888,32.73112432624389
train,b55b4b10-7f8a-5484-9b25-5a0c4ba5c944,1,CASH_IN,Medium,5,0,normal,27.729391,0.0,27.729391
train,b55b4b10-7f8a-5484-9b25-5a0c4ba5c944,2,CASH_IN,Medium,10,15,surge,27.729391,49.67781817219716,77.40720917219716
train,b63ace38-dd53-5051-997f-c0183fbad4e4,0,TRANSFER,High,2,0,idle,36.456724,0.0,36.456724
train,b63ace38-dd53-5051-997f-c0183fbad4e4,1,TRANSFER,High,10,12,surge,36.456724,39.231573541126394,75.68829754112639
train,b63ace38-dd53-5051-997f-c0183fbad4e4,2,TRANSFER,High,0,0,idle,36.456724,0.0,36.456724
train,b63ace38-dd53-5051-997f-c0183fbad4e4,0,TRANSFER,Low,4,0,idle,57.331282,0.0,57.331282
train,b63ace38-dd53-5051-997f-c0183fbad4e4,1,TRANSFER,Low,10,6,busy,57.331282,10.554048211448176,67.88533021144818
train,b63ace38-dd53-5051-997f-c0183fbad4e4,2,TRANSFER,Low,9,0,normal,57.331282,0.0,57.331282
train,b63ace38-dd53-5051-997f-c0183fbad4e4,0,TRANSFER,Medium,10,13,surge,44.417964,51.7005151293353,96.1184791293353
train,b63ace38-dd53-5051-997f-c0183fbad4e4,1,TRANSFER,Medium,10,0,busy,44.417964,3.207764249018605,47.6257282490186
train,b63ace38-dd53-5051-997f-c0183fbad4e4,2,TRANSFER,Medium,10,22,surge,44.417964,86.8703482895935,131.28831228959348
train,b643acb2-8fbc-5569-96b2-38811522462c,0,PAYMENT,High,10,20,surge,24.002937,57.62687242203734,81.62980942203734
train,b643acb2-8fbc-5569-96b2-38811522462c,1,PAYMENT,High,10,18,surge,24.002937,51.91588811346412,75.91882511346412
train,b643acb2-8fbc-5569-96b2-38811522462c,2,PAYMENT,High,10,21,surge,24.002937,64.80042290594389,88.80335990594389
train,b643acb2-8fbc-5569-96b2-38811522462c,0,PAYMENT,Low,6,0,normal,39.243962,0.0,39.243962
train,b643acb2-8fbc-5569-96b2-38811522462c,1,PAYMENT,Low,2,0,idle,39.243962,0.0,39.243962
train,b643acb2-8fbc-5569-96b2-38811522462c,2,PAYMENT,Low,2,0,idle,39.243962,0.0,39.243962
train,b643acb2-8fbc-5569-96b2-38811522462c,0,PAYMENT,Medium,10,2,busy,33.548131,7.373316498288653,40.92144749828865
train,b643acb2-8fbc-5569-96b2-38811522462c,1,PAYMENT,Medium,2,0,idle,33.548131,0.0,33.548131
train,b643acb2-8fbc-5569-96b2-38811522462c,2,PAYMENT,Medium,10,3,busy,33.548131,17.908206475683045,51.45633747568304
train,b64c90b4-7f83-53eb-bea9-c9faf11f7e51,0,CASH_OUT,High,8,0,normal,28.426616,0.0,28.426616
train,b64c90b4-7f83-53eb-bea9-c9faf11f7e51,1,CASH_OUT,High,5,0,normal,28.426616,0.0,28.426616
train,b64c90b4-7f83-53eb-bea9-c9faf11f7e51,2,CASH_OUT,High,10,22,surge,28.426616,68.21385395249995,96.64046995249994
train,b64c90b4-7f83-53eb-bea9-c9faf11f7e51,0,CASH_OUT,Low,7,0,normal,42.666596,0.0,42.666596
train,b64c90b4-7f83-53eb-bea9-c9faf11f7e51,1,CASH_OUT,Low,10,2,busy,42.666596,13.494110253904978,56.160706253904976
train,b64c90b4-7f83-53eb-bea9-c9faf11f7e51,2,CASH_OUT,Low,3,0,idle,42.666596,0.0,42.666596
train,b64c90b4-7f83-53eb-bea9-c9faf11f7e51,0,CASH_OUT,Medium,7,0,normal,36.943497,0.0,36.943497
train,b64c90b4-7f83-53eb-bea9-c9faf11f7e51,1,CASH_OUT,Medium,10,24,surge,36.943497,92.33240487437898,129.27590187437897
train,b64c90b4-7f83-53eb-bea9-c9faf11f7e51,2,CASH_OUT,Medium,10,0,busy,36.943497,10.171831250191172,47.11532825019117
train,b6fea3ef-21c9-5bcc-bf0a-ce73223f3f9e,0,CASH_IN,High,5,0,normal,20.483476,0.0,20.483476
train,b6fea3ef-21c9-5bcc-bf0a-ce73223f3f9e,1,CASH_IN,High,10,5,busy,20.483476,11.087833721282149,31.571309721282148
train,b6fea3ef-21c9-5bcc-bf0a-ce73223f3f9e,2,CASH_IN,High,10,15,surge,20.483476,46.34432323675406,66.82779923675406
train,b6fea3ef-21c9-5bcc-bf0a-ce73223f3f9e,0,CASH_IN,Low,4,0,idle,35.942133,0.0,35.942133
train,b6fea3ef-21c9-5bcc-bf0a-ce73223f3f9e,1,CASH_IN,Low,10,13,surge,35.942133,54.41078804379549,90.35292104379549
train,b6fea3ef-21c9-5bcc-bf0a-ce73223f3f9e,2,CASH_IN,Low,1,0,idle,35.942133,0.0,35.942133
train,b6fea3ef-21c9-5bcc-bf0a-ce73223f3f9e,0,CASH_IN,Medium,9,0,normal,29.042741,0.0,29.042741
train,b6fea3ef-21c9-5bcc-bf0a-ce73223f3f9e,1,CASH_IN,Medium,9,0,normal,29.042741,0.0,29.042741
train,b6fea3ef-21c9-5bcc-bf0a-ce73223f3f9e,2,CASH_IN,Medium,9,0,normal,29.042741,0.0,29.042741
train,b71a0111-3a1f-5d14-aae0-70ba2db09993,0,TRANSFER,High,7,0,normal,34.191743,0.0,34.191743
train,b71a0111-3a1f-5d14-aae0-70ba2db09993,1,TRANSFER,High,3,0,idle,34.191743,0.0,34.191743
train,b71a0111-3a1f-5d14-aae0-70ba2db09993,2,TRANSFER,High,1,0,idle,34.191743,0.0,34.191743
train,b71a0111-3a1f-5d14-aae0-70ba2db09993,0,TRANSFER,Low,10,26,surge,56.63182,114.68812001902572,171.31994001902572
train,b71a0111-3a1f-5d14-aae0-70ba2db09993,1,TRANSFER,Low,10,12,surge,56.63182,71.47188069139267,128.10370069139267
train,b71a0111-3a1f-5d14-aae0-70ba2db09993,2,TRANSFER,Low,10,3,busy,56.63182,15.565659027723187,72.19747902772319
train,b71a0111-3a1f-5d14-aae0-70ba2db09993,0,TRANSFER,Medium,10,17,surge,46.462423,64.6230972468152,111.08552024681521
train,b71a0111-3a1f-5d14-aae0-70ba2db09993,1,TRANSFER,Medium,10,9,busy,46.462423,19.412507890671222,65.87493089067122
train,b71a0111-3a1f-5d14-aae0-70ba2db09993,2,TRANSFER,Medium,8,0,normal,46.462423,0.0,46.462423
train,b7e586fd-8a89-5464-b0a7-b1e3b6a12f47,0,CASH_OUT,High,1,0,idle,27.281708,0.0,27.281708
train,b7e586fd-8a89-5464-b0a7-b1e3b6a12f47,1,CASH_OUT,High,6,0,normal,27.281708,0.0,27.281708
train,b7e586fd-8a89-5464-b0a7-b1e3b6a12f47,2,CASH_OUT,High,6,0,normal,27.281708,0.0,27.281708
train,b7e586fd-8a89-5464-b0a7-b1e3b6a12f47,0,CASH_OUT,Low,10,0,busy,45.835908,12.330330998249009,58.166238998249014
train,b7e586fd-8a89-5464-b0a7-b1e3b6a12f47,1,CASH_OUT,Low,10,5,busy,45.835908,32.877909362721354,78.71381736272136
train,b7e586fd-8a89-5464-b0a7-b1e3b6a12f47,2,CASH_OUT,Low,7,0,normal,45.835908,0.0,45.835908
train,b7e586fd-8a89-5464-b0a7-b1e3b6a12f47,0,CASH_OUT,Medium,8,0,normal,37.1089,0.0,37.1089
train,b7e586fd-8a89-5464-b0a7-b1e3b6a12f47,1,CASH_OUT,Medium,10,22,surge,37.1089,84.76487414341808,121.87377414341807
train,b7e586fd-8a89-5464-b0a7-b1e3b6a12f47,2,CASH_OUT,Medium,7,0,normal,37.1089,0.0,37.1089
train,b80ec609-6429-5f05-8cd8-753acb4bbbb1,0,CASH_OUT,High,10,8,busy,27.494112,23.969634113214852,51.46374611321485
train,b80ec609-6429-5f05-8cd8-753acb4bbbb1,1,CASH_OUT,High,7,0,normal,27.494112,0.0,27.494112
train,b80ec609-6429-5f05-8cd8-753acb4bbbb1,2,CASH_OUT,High,2,0,idle,27.494112,0.0,27.494112
train,b80ec609-6429-5f05-8cd8-753acb4bbbb1,0,CASH_OUT,Low,10,10,busy,44.54753,48.5407019433266,93.0882319433266
train,b80ec609-6429-5f05-8cd8-753acb4bbbb1,1,CASH_OUT,Low,6,0,normal,44.54753,0.0,44.54753
train,b80ec609-6429-5f05-8cd8-753acb4bbbb1,2,CASH_OUT,Low,10,18,surge,44.54753,84.11858997316716,128.66611997316716
train,b80ec609-6429-5f05-8cd8-753acb4bbbb1,0,CASH_OUT,Medium,6,0,normal,36.659382,0.0,36.659382
train,b80ec609-6429-5f05-8cd8-753acb4bbbb1,1,CASH_OUT,Medium,10,30,surge,36.659382,110.51269210807075,147.17207410807075
train,b80ec609-6429-5f05-8cd8-753acb4bbbb1,2,CASH_OUT,Medium,9,0,normal,36.659382,0.0,36.659382
train,b886af5b-8fbb-59ed-a6d3-843e87323e56,0,TRANSFER,High,10,27,surge,35.489756,76.08886608510097,111.57862208510097
train,b886af5b-8fbb-59ed-a6d3-843e87323e56,1,TRANSFER,High,5,0,normal,35.489756,0.0,35.489756
train,b886af5b-8fbb-59ed-a6d3-843e87323e56,2,TRANSFER,High,5,0,normal,35.489756,0.0,35.489756
train,b886af5b-8fbb-59ed-a6d3-843e87323e56,0,TRANSFER,Low,9,0,normal,57.62818,0.0,57.62818
train,b886af5b-8fbb-59ed-a6d3-843e87323e56,1,TRANSFER,Low,10,2,busy,57.62818,12.872063751418445,70.50024375141845
train,b886af5b-8fbb-59ed-a6d3-843e87323e56,2,TRANSFER,Low,0,0,idle,57.62818,0.0,57.62818
train,b886af5b-8fbb-59ed-a6d3-843e87323e56,0,TRANSFER,Medium,7,0,normal,45.560101,0.0,45.560101
train,b886af5b-8fbb-59ed-a6d3-843e87323e56,1,TRANSFER,Medium,7,0,normal,45.560101,0.0,45.560101
train,b886af5b-8fbb-59ed-a6d3-843e87323e56,2,TRANSFER,Medium,9,0,normal,45.560101,0.0,45.560101
train,ba1a161d-bcda-5fb8-93e9-1da22f5a65b2,0,DEBIT,High,10,0,busy,31.285393,10.524487851066967,41.809880851066964
train,ba1a161d-bcda-5fb8-93e9-1da22f5a65b2,1,DEBIT,High,8,0,normal,31.285393,0.0,31.285393
train,ba1a161d-bcda-5fb8-93e9-1da22f5a65b2,2,DEBIT,High,10,7,busy,31.285393,20.723233365640912,52.00862636564091
train,ba1a161d-bcda-5fb8-93e9-1da22f5a65b2,0,DEBIT,Low,2,0,idle,51.110755,0.0,51.110755
train,ba1a161d-bcda-5fb8-93e9-1da22f5a65b2,1,DEBIT,Low,10,14,surge,51.110755,72.69604875989967,123.80680375989967
train,ba1a161d-bcda-5fb8-93e9-1da22f5a65b2,2,DEBIT,Low,2,0,idle,51.110755,0.0,51.110755
train,ba1a161d-bcda-5fb8-93e9-1da22f5a65b2,0,DEBIT,Medium,10,9,busy,40.109945,33.81479457031598,73.92473957031598
train,ba1a161d-bcda-5fb8-93e9-1da22f5a65b2,1,DEBIT,Medium,10,24,surge,40.109945,88.72289334471684,128.83283834471683
train,ba1a161d-bcda-5fb8-93e9-1da22f5a65b2,2,DEBIT,Medium,10,7,busy,40.109945,34.85499051040217,74.96493551040217
train,ba1ce7e7-eaed-5afe-b3a2-32983ea382f1,0,CASH_OUT,High,9,0,normal,28.564517,0.0,28.564517
train,ba1ce7e7-eaed-5afe-b3a2-32983ea382f1,1,CASH_OUT,High,10,10,busy,28.564517,32.18106364967172,60.74558064967172
train,ba1ce7e7-eaed-5afe-b3a2-32983ea382f1,2,CASH_OUT,High,2,0,idle,28.564517,0.0,28.564517
train,ba1ce7e7-eaed-5afe-b3a2-32983ea382f1,0,CASH_OUT,Low,6,0,normal,43.197897,0.0,43.197897
train,ba1ce7e7-eaed-5afe-b3a2-32983ea382f1,1,CASH_OUT,Low,0,0,idle,43.197897,0.0,43.197897
train,ba1ce7e7-eaed-5afe-b3a2-32983ea382f1,2,CASH_OUT,Low,0,0,idle,43.197897,0.0,43.197897
train,ba1ce7e7-eaed-5afe-b3a2-32983ea382f1,0,CASH_OUT,Medium,6,0,normal,37.327589,0.0,37.327589
train,ba1ce7e7-eaed-5afe-b3a2-32983ea382f1,1,CASH_OUT,Medium,10,5,busy,37.327589,26.183862714474888,63.51145171447489
train,ba1ce7e7-eaed-5afe-b3a2-32983ea382f1,2,CASH_OUT,Medium,10,7,busy,37.327589,21.82935051796281,59.15693951796281
train,ba3a3dac-c98f-59ea-9e5c-faeac0ba8521,0,CASH_IN,High,5,0,normal,20.531382,0.0,20.531382
train,ba3a3dac-c98f-59ea-9e5c-faeac0ba8521,1,CASH_IN,High,10,0,busy,20.531382,2.5905930277125324,23.121975027712534
train,ba3a3dac-c98f-59ea-9e5c-faeac0ba8521,2,CASH_IN,High,10,17,surge,20.531382,50.22360698418065,70.75498898418064
train,ba3a3dac-c98f-59ea-9e5c-faeac0ba8521,0,CASH_IN,Low,10,0,busy,35.303255,6.491243782350847,41.79449878235085
train,ba3a3dac-c98f-59ea-9e5c-faeac0ba8521,1,CASH_IN,Low,9,0,normal,35.303255,0.0,35.303255
train,ba3a3dac-c98f-59ea-9e5c-faeac0ba8521,2,CASH_IN,Low,8,0,normal,35.303255,0.0,35.303255
train,ba3a3dac-c98f-59ea-9e5c-faeac0ba8521,0,CASH_IN,Medium,5,0,normal,25.994373,0.0,25.994373
train,ba3a3dac-c98f-59ea-9e5c-faeac0ba8521,1,CASH_IN,Medium,4,0,idle,25.994373,0.0,25.994373
train,ba3a3dac-c98f-59ea-9e5c-faeac0ba8521,2,CASH_IN,Medium,3,0,idle,25.994373,0.0,25.994373
train,ba45010d-13f0-5186-ab4b-f4b6c594994d,0,CASH_OUT,High,10,27,surge,27.31213,76.38902110961932,103.70115110961932
train,ba45010d-13f0-5186-ab4b-f4b6c594994d,1,CASH_OUT,High,0,0,idle,27.31213,0.0,27.31213
train,ba45010d-13f0-5186-ab4b-f4b6c594994d,2,CASH_OUT,High,7,0,normal,27.31213,0.0,27.31213
train,ba45010d-13f0-5186-ab4b-f4b6c594994d,0,CASH_OUT,Low,5,0,normal,46.779542,0.0,46.779542
train,ba45010d-13f0-5186-ab4b-f4b6c594994d,1,CASH_OUT,Low,3,0,idle,46.779542,0.0,46.779542
train,ba45010d-13f0-5186-ab4b-f4b6c594994d,2,CASH_OUT,Low,6,0,normal,46.779542,0.0,46.779542
train,ba45010d-13f0-5186-ab4b-f4b6c594994d,0,CASH_OUT,Medium,7,0,normal,35.541412,0.0,35.541412
train,ba45010d-13f0-5186-ab4b-f4b6c594994d,1,CASH_OUT,Medium,9,0,normal,35.541412,0.0,35.541412
train,ba45010d-13f0-5186-ab4b-f4b6c594994d,2,CASH_OUT,Medium,7,0,normal,35.541412,0.0,35.541412
train,ba7ee21f-3cf6-5903-9de1-422be391f817,0,PAYMENT,High,10,8,busy,23.905167,21.61852048294998,45.52368748294998
train,ba7ee21f-3cf6-5903-9de1-422be391f817,1,PAYMENT,High,5,0,normal,23.905167,0.0,23.905167
train,ba7ee21f-3cf6-5903-9de1-422be391f817,2,PAYMENT,High,3,0,idle,23.905167,0.0,23.905167
train,ba7ee21f-3cf6-5903-9de1-422be391f817,0,PAYMENT,Low,10,1,busy,38.973297,9.019140158649057,47.99243715864906
train,ba7ee21f-3cf6-5903-9de1-422be391f817,1,PAYMENT,Low,5,0,normal,38.973297,0.0,38.973297
train,ba7ee21f-3cf6-5903-9de1-422be391f817,2,PAYMENT,Low,10,0,busy,38.973297,2.861999069920722,41.83529606992072
train,ba7ee21f-3cf6-5903-9de1-422be391f817,0,PAYMENT,Medium,10,10,busy,31.362713,43.093765750201236,74.45647875020123
train,ba7ee21f-3cf6-5903-9de1-422be391f817,1,PAYMENT,Medium,10,4,busy,31.362713,19.071608952754772,50.43432195275477
train,ba7ee21f-3cf6-5903-9de1-422be391f817,2,PAYMENT,Medium,10,1,busy,31.362713,8.84189774830954,40.20461074830954
train,baec240f-3623-5910-b9d9-04d4d312b497,0,CASH_OUT,High,6,0,normal,27.32816,0.0,27.32816
train,baec240f-3623-5910-b9d9-04d4d312b497,1,CASH_OUT,High,8,0,normal,27.32816,0.0,27.32816
train,baec240f-3623-5910-b9d9-04d4d312b497,2,CASH_OUT,High,9,0,normal,27.32816,0.0,27.32816
train,baec240f-3623-5910-b9d9-04d4d312b497,0,CASH_OUT,Low,1,0,idle,47.117775,0.0,47.117775
train,baec240f-3623-5910-b9d9-04d4d312b497,1,CASH_OUT,Low,9,0,normal,47.117775,0.0,47.117775
train,baec240f-3623-5910-b9d9-04d4d312b497,2,CASH_OUT,Low,10,19,surge,47.117775,92.40781236201093,139.52558736201092
train,baec240f-3623-5910-b9d9-04d4d312b497,0,CASH_OUT,Medium,9,0,normal,38.57435,0.0,38.57435
train,baec240f-3623-5910-b9d9-04d4d312b497,1,CASH_OUT,Medium,6,0,normal,38.57435,0.0,38.57435
train,baec240f-3623-5910-b9d9-04d4d312b497,2,CASH_OUT,Medium,10,9,busy,38.57435,35.266099736539246,73.84044973653926
train,baf3eff7-682e-5316-bad4-8f057269cbe9,0,DEBIT,High,5,0,normal,32.319044,0.0,32.319044
train,baf3eff7-682e-5316-bad4-8f057269cbe9,1,DEBIT,High,10,9,busy,32.319044,27.148102333940543,59.46714633394054
train,baf3eff7-682e-5316-bad4-8f057269cbe9,2,DEBIT,High,5,0,normal,32.319044,0.0,32.319044
train,baf3eff7-682e-5316-bad4-8f057269cbe9,0,DEBIT,Low,10,25,surge,50.808915,127.5468124476717,178.3557274476717
train,baf3eff7-682e-5316-bad4-8f057269cbe9,1,DEBIT,Low,9,0,normal,50.808915,0.0,50.808915
train,baf3eff7-682e-5316-bad4-8f057269cbe9,2,DEBIT,Low,10,7,busy,50.808915,29.258770920472617,80.06768592047261
train,baf3eff7-682e-5316-bad4-8f057269cbe9,0,DEBIT,Medium,10,6,busy,40.034172,15.911438283615267,55.94561028361527
train,baf3eff7-682e-5316-bad4-8f057269cbe9,1,DEBIT,Medium,7,0,normal,40.034172,0.0,40.034172
train,baf3eff7-682e-5316-bad4-8f057269cbe9,2,DEBIT,Medium,10,24,surge,40.034172,90.62598155166066,130.66015355166064
train,bb58e0f7-4ead-5563-a6d7-4ecc594f711f,0,PAYMENT,High,1,0,idle,23.935491,0.0,23.935491
train,bb58e0f7-4ead-5563-a6d7-4ecc594f711f,1,PAYMENT,High,10,23,surge,23.935491,70.61606075468178,94.55155175468178
train,bb58e0f7-4ead-5563-a6d7-4ecc594f711f,2,PAYMENT,High,6,0,normal,23.935491,0.0,23.935491
train,bb58e0f7-4ead-5563-a6d7-4ecc594f711f,0,PAYMENT,Low,7,0,normal,40.004816,0.0,40.004816
train,bb58e0f7-4ead-5563-a6d7-4ecc594f711f,1,PAYMENT,Low,10,0,busy,40.004816,3.2688809337458276,43.273696933745825
train,bb58e0f7-4ead-5563-a6d7-4ecc594f711f,2,PAYMENT,Low,10,9,busy,40.004816,32.93376989440677,72.93858589440677
train,bb58e0f7-4ead-5563-a6d7-4ecc594f711f,0,PAYMENT,Medium,4,0,idle,33.16736,0.0,33.16736
train,bb58e0f7-4ead-5563-a6d7-4ecc594f711f,1,PAYMENT,Medium,7,0,normal,33.16736,0.0,33.16736
train,bb58e0f7-4ead-5563-a6d7-4ecc594f711f,2,PAYMENT,Medium,2,0,idle,33.16736,0.0,33.16736
train,bb6156d8-9a70-5cbf-b7ab-b3d4dfdf2cd6,0,TRANSFER,High,0,0,idle,36.341671,0.0,36.341671
train,bb6156d8-9a70-5cbf-b7ab-b3d4dfdf2cd6,1,TRANSFER,High,8,0,normal,36.341671,0.0,36.341671
train,bb6156d8-9a70-5cbf-b7ab-b3d4dfdf2cd6,2,TRANSFER,High,10,1,busy,36.341671,2.70643587203002,39.04810687203002
train,bb6156d8-9a70-5cbf-b7ab-b3d4dfdf2cd6,0,TRANSFER,Low,8,0,normal,58.782859,0.0,58.782859
train,bb6156d8-9a70-5cbf-b7ab-b3d4dfdf2cd6,1,TRANSFER,Low,10,29,surge,58.782859,138.16841650732735,196.95127550732735
train,bb6156d8-9a70-5cbf-b7ab-b3d4dfdf2cd6,2,TRANSFER,Low,5,0,normal,58.782859,0.0,58.782859
train,bb6156d8-9a70-5cbf-b7ab-b3d4dfdf2cd6,0,TRANSFER,Medium,10,8,busy,44.47127,25.500765560905556,69.97203556090555
train,bb6156d8-9a70-5cbf-b7ab-b3d4dfdf2cd6,1,TRANSFER,Medium,10,11,surge,44.47127,42.47553734098953,86.94680734098952
train,bb6156d8-9a70-5cbf-b7ab-b3d4dfdf2cd6,2,TRANSFER,Medium,10,25,surge,44.47127,95.32396461177586,139.79523461177587
train,bba0420d-76a5-59fb-b735-61731503a972,0,DEBIT,High,1,0,idle,31.269725,0.0,31.269725
train,bba0420d-76a5-59fb-b735-61731503a972,1,DEBIT,High,10,10,busy,31.269725,33.36604019079956,64.63576519079956
train,bba0420d-76a5-59fb-b735-61731503a972,2,DEBIT,High,10,12,surge,31.269725,35.31594718238685,66.58567218238684
train,bba0420d-76a5-59fb-b735-61731503a972,0,DEBIT,Low,10,10,busy,51.220126,52.46110993435953,103.68123593435953
train,bba0420d-76a5-59fb-b735-61731503a972,1,DEBIT,Low,10,6,busy,51.220126,30.45934495321172,81.67947095321172
train,bba0420d-76a5-59fb-b735-61731503a972,2,DEBIT,Low,10,2,busy,51.220126,11.170320367737096,62.3904463677371
train,bba0420d-76a5-59fb-b735-61731503a972,0,DEBIT,Medium,2,0,idle,39.999819,0.0,39.999819
train,bba0420d-76a5-59fb-b735-61731503a972,1,DEBIT,Medium,10,10,busy,39.999819,39.959987288731696,79.9598062887317
train,bba0420d-76a5-59fb-b735-61731503a972,2,DEBIT,Medium,10,8,busy,39.999819,32.83585725487304,72.83567625487305
train,bc1f45da-9317-520b-a008-2498be4ec9d2,0,PAYMENT,High,10,9,busy,24.870611,20.985348105563265,45.855959105563265
train,bc1f45da-9317-520b-a008-2498be4ec9d2,1,PAYMENT,High,5,0,normal,24.870611,0.0,24.870611
train,bc1f45da-9317-520b-a008-2498be4ec9d2,2,PAYMENT,High,7,0,normal,24.870611,0.0,24.870611
train,bc1f45da-9317-520b-a008-2498be4ec9d2,0,PAYMENT,Low,10,4,busy,39.970601,29.264766381256983,69.23536738125699
train,bc1f45da-9317-520b-a008-2498be4ec9d2,1,PAYMENT,Low,8,0,normal,39.970601,0.0,39.970601
train,bc1f45da-9317-520b-a008-2498be4ec9d2,2,PAYMENT,Low,5,0,normal,39.970601,0.0,39.970601
train,bc1f45da-9317-520b-a008-2498be4ec9d2,0,PAYMENT,Medium,10,8,busy,33.956602,38.77609122412918,72.73269322412918
train,bc1f45da-9317-520b-a008-2498be4ec9d2,1,PAYMENT,Medium,9,0,normal,33.956602,0.0,33.956602
train,bc1f45da-9317-520b-a008-2498be4ec9d2,2,PAYMENT,Medium,10,7,busy,33.956602,28.303492923438988,62.260094923438984
train,bc366411-3ab0-5a06-9027-494465143238,0,PAYMENT,High,7,0,normal,24.199848,0.0,24.199848
train,bc366411-3ab0-5a06-9027-494465143238,1,PAYMENT,High,0,0,idle,24.199848,0.0,24.199848
train,bc366411-3ab0-5a06-9027-494465143238,2,PAYMENT,High,2,0,idle,24.199848,0.0,24.199848
train,bc366411-3ab0-5a06-9027-494465143238,0,PAYMENT,Low,10,30,surge,37.131684,137.32998727350625,174.46167127350625
train,bc366411-3ab0-5a06-9027-494465143238,1,PAYMENT,Low,9,0,normal,37.131684,0.0,37.131684
train,bc366411-3ab0-5a06-9027-494465143238,2,PAYMENT,Low,10,25,surge,37.131684,131.80823263088283,168.93991663088283
train,bc366411-3ab0-5a06-9027-494465143238,0,PAYMENT,Medium,2,0,idle,31.320615,0.0,31.320615
train,bc366411-3ab0-5a06-9027-494465143238,1,PAYMENT,Medium,1,0,idle,31.320615,0.0,31.320615
train,bc366411-3ab0-5a06-9027-494465143238,2,PAYMENT,Medium,8,0,normal,31.320615,0.0,31.320615
train,bcbc45ea-d316-5e08-97a4-290b5edb5260,0,CASH_IN,High,5,0,normal,20.570153,0.0,20.570153
train,bcbc45ea-d316-5e08-97a4-290b5edb5260,1,CASH_IN,High,1,0,idle,20.570153,0.0,20.570153
train,bcbc45ea-d316-5e08-97a4-290b5edb5260,2,CASH_IN,High,10,9,busy,20.570153,25.612872000699543,46.183025000699544
train,bcbc45ea-d316-5e08-97a4-290b5edb5260,0,CASH_IN,Low,10,7,busy,33.603214,34.898968386306066,68.50218238630606
train,bcbc45ea-d316-5e08-97a4-290b5edb5260,1,CASH_IN,Low,8,0,normal,33.603214,0.0,33.603214
train,bcbc45ea-d316-5e08-97a4-290b5edb5260,2,CASH_IN,Low,10,29,surge,33.603214,143.35605892812154,176.95927292812155
train,bcbc45ea-d316-5e08-97a4-290b5edb5260,0,CASH_IN,Medium,10,16,surge,27.818714,65.97402106054263,93.79273506054263
train,bcbc45ea-d316-5e08-97a4-290b5edb5260,1,CASH_IN,Medium,10,9,busy,27.818714,39.78992326802729,67.60863726802728
train,bcbc45ea-d316-5e08-97a4-290b5edb5260,2,CASH_IN,Medium,10,30,surge,27.818714,111.71021317743535,139.52892717743535
train,bced725c-8756-5cbd-a84c-f37a7fb1deeb,0,TRANSFER,High,10,11,surge,36.713131,41.00852356943759,77.72165456943759
train,bced725c-8756-5cbd-a84c-f37a7fb1deeb,1,TRANSFER,High,9,0,normal,36.713131,0.0,36.713131
train,bced725c-8756-5cbd-a84c-f37a7fb1deeb,2,TRANSFER,High,5,0,normal,36.713131,0.0,36.713131
train,bced725c-8756-5cbd-a84c-f37a7fb1deeb,0,TRANSFER,Low,2,0,idle,58.020534,0.0,58.020534
train,bced725c-8756-5cbd-a84c-f37a7fb1deeb,1,TRANSFER,Low,10,17,surge,58.020534,84.1401290001734,142.1606630001734
train,bced725c-8756-5cbd-a84c-f37a7fb1deeb,2,TRANSFER,Low,5,0,normal,58.020534,0.0,58.020534
train,bced725c-8756-5cbd-a84c-f37a7fb1deeb,0,TRANSFER,Medium,10,6,busy,46.487133,24.880933896397245,71.36806689639724
train,bced725c-8756-5cbd-a84c-f37a7fb1deeb,1,TRANSFER,Medium,2,0,idle,46.487133,0.0,46.487133
train,bced725c-8756-5cbd-a84c-f37a7fb1deeb,2,TRANSFER,Medium,3,0,idle,46.487133,0.0,46.487133
train,bcffd34b-1929-5db8-b88e-1998a3901c9b,0,CASH_IN,High,10,5,busy,20.832243,16.086223013777918,36.918466013777916
train,bcffd34b-1929-5db8-b88e-1998a3901c9b,1,CASH_IN,High,5,0,normal,20.832243,0.0,20.832243
train,bcffd34b-1929-5db8-b88e-1998a3901c9b,2,CASH_IN,High,5,0,normal,20.832243,0.0,20.832243
train,bcffd34b-1929-5db8-b88e-1998a3901c9b,0,CASH_IN,Low,10,0,busy,37.727656,2.148609181742591,39.876265181742596
train,bcffd34b-1929-5db8-b88e-1998a3901c9b,1,CASH_IN,Low,10,0,busy,37.727656,3.999360298369678,41.72701629836968
train,bcffd34b-1929-5db8-b88e-1998a3901c9b,2,CASH_IN,Low,5,0,normal,37.727656,0.0,37.727656
train,bcffd34b-1929-5db8-b88e-1998a3901c9b,0,CASH_IN,Medium,10,6,busy,27.62723,20.494149261236075,48.12137926123607
train,bcffd34b-1929-5db8-b88e-1998a3901c9b,1,CASH_IN,Medium,2,0,idle,27.62723,0.0,27.62723
train,bcffd34b-1929-5db8-b88e-1998a3901c9b,2,CASH_IN,Medium,10,2,busy,27.62723,12.975644447010467,40.602874447010464
train,bdb240c0-92a5-5ce1-a415-9cf58e659327,0,TRANSFER,High,10,13,surge,36.039599,42.54611425457439,78.58571325457439
train,bdb240c0-92a5-5ce1-a415-9cf58e659327,1,TRANSFER,High,4,0,idle,36.039599,0.0,36.039599
train,bdb240c0-92a5-5ce1-a415-9cf58e659327,2,TRANSFER,High,10,11,surge,36.039599,35.35724669096797,71.39684569096798
train,bdb240c0-92a5-5ce1-a415-9cf58e659327,0,TRANSFER,Low,4,0,idle,59.177384,0.0,59.177384
train,bdb240c0-92a5-5ce1-a415-9cf58e659327,1,TRANSFER,Low,10,23,surge,59.177384,104.77779060385431,163.95517460385432
train,bdb240c0-92a5-5ce1-a415-9cf58e659327,2,TRANSFER,Low,10,3,busy,59.177384,26.72210206094172,85.89948606094173
train,bdb240c0-92a5-5ce1-a415-9cf58e659327,0,TRANSFER,Medium,9,0,normal,44.517971,0.0,44.517971
train,bdb240c0-92a5-5ce1-a415-9cf58e659327,1,TRANSFER,Medium,10,6,busy,44.517971,15.811081658517491,60.3290526585175
train,bdb240c0-92a5-5ce1-a415-9cf58e659327,2,TRANSFER,Medium,7,0,normal,44.517971,0.0,44.517971
train,bdb27363-a79b-5224-a9f6-7a8046c2a4d8,0,DEBIT,High,10,9,busy,32.015638,23.597661903066754,55.61329990306676
train,bdb27363-a79b-5224-a9f6-7a8046c2a4d8,1,DEBIT,High,10,0,busy,32.015638,6.252874019610422,38.26851201961043
train,bdb27363-a79b-5224-a9f6-7a8046c2a4d8,2,DEBIT,High,7,0,normal,32.015638,0.0,32.015638
train,bdb27363-a79b-5224-a9f6-7a8046c2a4d8,0,DEBIT,Low,4,0,idle,49.788115,0.0,49.788115
train,bdb27363-a79b-5224-a9f6-7a8046c2a4d8,1,DEBIT,Low,8,0,normal,49.788115,0.0,49.788115
train,bdb27363-a79b-5224-a9f6-7a8046c2a4d8,2,DEBIT,Low,10,9,busy,49.788115,50.50864678798872,100.29676178798871
train,bdb27363-a79b-5224-a9f6-7a8046c2a4d8,0,DEBIT,Medium,10,5,busy,40.192227,29.865306439562733,70.05753343956273
train,bdb27363-a79b-5224-a9f6-7a8046c2a4d8,1,DEBIT,Medium,10,8,busy,40.192227,30.843875075350212,71.03610207535021
train,bdb27363-a79b-5224-a9f6-7a8046c2a4d8,2,DEBIT,Medium,4,0,idle,40.192227,0.0,40.192227
train,bdcdccff-3478-5696-96bb-0343a0014570,0,PAYMENT,High,6,0,normal,23.949195,0.0,23.949195
train,bdcdccff-3478-5696-96bb-0343a0014570,1,PAYMENT,High,10,2,busy,23.949195,8.687130691843894,32.63632569184389
train,bdcdccff-3478-5696-96bb-0343a0014570,2,PAYMENT,High,10,3,busy,23.949195,12.79483068125765,36.744025681257654
train,bdcdccff-3478-5696-96bb-0343a0014570,0,PAYMENT,Low,10,26,surge,39.370947,122.37619927641855,161.74714627641856
train,bdcdccff-3478-5696-96bb-0343a0014570,1,PAYMENT,Low,7,0,normal,39.370947,0.0,39.370947
train,bdcdccff-3478-5696-96bb-0343a0014570,2,PAYMENT,Low,6,0,normal,39.370947,0.0,39.370947
train,bdcdccff-3478-5696-96bb-0343a0014570,0,PAYMENT,Medium,9,0,normal,33.206307,0.0,33.206307
train,bdcdccff-3478-5696-96bb-0343a0014570,1,PAYMENT,Medium,3,0,idle,33.206307,0.0,33.206307
train,bdcdccff-3478-5696-96bb-0343a0014570,2,PAYMENT,Medium,0,0,idle,33.206307,0.0,33.206307
train,be6ff22c-97d9-592b-834b-11da7317d4ee,0,TRANSFER,High,7,0,normal,36.412077,0.0,36.412077
train,be6ff22c-97d9-592b-834b-11da7317d4ee,1,TRANSFER,High,3,0,idle,36.412077,0.0,36.412077
train,be6ff22c-97d9-592b-834b-11da7317d4ee,2,TRANSFER,High,9,0,normal,36.412077,0.0,36.412077
train,be6ff22c-97d9-592b-834b-11da7317d4ee,0,TRANSFER,Low,10,17,surge,54.796444,87.8741606782659,142.6706046782659
train,be6ff22c-97d9-592b-834b-11da7317d4ee,1,TRANSFER,Low,10,4,busy,54.796444,22.581457278362656,77.37790127836266
train,be6ff22c-97d9-592b-834b-11da7317d4ee,2,TRANSFER,Low,4,0,idle,54.796444,0.0,54.796444
train,be6ff22c-97d9-592b-834b-11da7317d4ee,0,TRANSFER,Medium,6,0,normal,45.04046,0.0,45.04046
train,be6ff22c-97d9-592b-834b-11da7317d4ee,1,TRANSFER,Medium,10,19,surge,45.04046,76.33984659545712,121.38030659545711
train,be6ff22c-97d9-592b-834b-11da7317d4ee,2,TRANSFER,Medium,10,24,surge,45.04046,91.99729965237718,137.0377596523772
train,be800447-38be-5aad-8657-13289a272563,0,DEBIT,High,10,6,busy,32.201556,20.72051221342954,52.92206821342954
train,be800447-38be-5aad-8657-13289a272563,1,DEBIT,High,4,0,idle,32.201556,0.0,32.201556
train,be800447-38be-5aad-8657-13289a272563,2,DEBIT,High,10,5,busy,32.201556,25.597135936240594,57.79869193624059
train,be800447-38be-5aad-8657-13289a272563,0,DEBIT,Low,10,8,busy,51.5821,31.650145227131144,83.23224522713114
train,be800447-38be-5aad-8657-13289a272563,1,DEBIT,Low,10,10,busy,51.5821,45.15816582571856,96.74026582571855
train,be800447-38be-5aad-8657-13289a272563,2,DEBIT,Low,6,0,normal,51.5821,0.0,51.5821
train,be800447-38be-5aad-8657-13289a272563,0,DEBIT,Medium,10,0,busy,39.054973,2.299068570210074,41.35404157021007
train,be800447-38be-5aad-8657-13289a272563,1,DEBIT,Medium,10,8,busy,39.054973,32.3154487718066,71.3704217718066
train,be800447-38be-5aad-8657-13289a272563,2,DEBIT,Medium,7,0,normal,39.054973,0.0,39.054973
train,bf8123f7-902e-5f9c-b777-d8b0bc7d8c42,0,TRANSFER,High,1,0,idle,34.38767,0.0,34.38767
train,bf8123f7-902e-5f9c-b777-d8b0bc7d8c42,1,TRANSFER,High,10,15,surge,34.38767,45.850108213048856,80.23777821304886
train,bf8123f7-902e-5f9c-b777-d8b0bc7d8c42,2,TRANSFER,High,0,0,idle,34.38767,0.0,34.38767
train,bf8123f7-902e-5f9c-b777-d8b0bc7d8c42,0,TRANSFER,Low,10,13,surge,55.950953,56.77001535568486,112.72096835568486
train,bf8123f7-902e-5f9c-b777-d8b0bc7d8c42,1,TRANSFER,Low,10,7,busy,55.950953,37.009407265515115,92.9603602655151
train,bf8123f7-902e-5f9c-b777-d8b0bc7d8c42,2,TRANSFER,Low,2,0,idle,55.950953,0.0,55.950953
train,bf8123f7-902e-5f9c-b777-d8b0bc7d8c42,0,TRANSFER,Medium,10,1,busy,44.057855,12.625837414931132,56.68369241493114
train,bf8123f7-902e-5f9c-b777-d8b0bc7d8c42,1,TRANSFER,Medium,8,0,normal,44.057855,0.0,44.057855
train,bf8123f7-902e-5f9c-b777-d8b0bc7d8c42,2,TRANSFER,Medium,10,20,surge,44.057855,72.30540176700492,116.36325676700493
train,bfdb815b-1570-5c79-9479-b0bfff1f6780,0,PAYMENT,High,10,5,busy,27.597139,10.871169758579477,38.468308758579475
train,bfdb815b-1570-5c79-9479-b0bfff1f6780,1,PAYMENT,High,10,8,busy,27.597139,23.16011704534128,50.75725604534128
train,bfdb815b-1570-5c79-9479-b0bfff1f6780,2,PAYMENT,High,10,0,busy,27.597139,4.74439843925145,32.34153743925145
train,bfdb815b-1570-5c79-9479-b0bfff1f6780,0,PAYMENT,Low,5,0,normal,39.854961,0.0,39.854961
train,bfdb815b-1570-5c79-9479-b0bfff1f6780,1,PAYMENT,Low,10,4,busy,39.854961,24.210278587741488,64.06523958774149
train,bfdb815b-1570-5c79-9479-b0bfff1f6780,2,PAYMENT,Low,0,0,idle,39.854961,0.0,39.854961
train,bfdb815b-1570-5c79-9479-b0bfff1f6780,0,PAYMENT,Medium,9,0,normal,31.999166,0.0,31.999166
train,bfdb815b-1570-5c79-9479-b0bfff1f6780,1,PAYMENT,Medium,10,17,surge,31.999166,65.11112535898809,97.11029135898809
train,bfdb815b-1570-5c79-9479-b0bfff1f6780,2,PAYMENT,Medium,10,9,busy,31.999166,38.41194787941692,70.41111387941692
train,c0465242-52ac-554e-9b56-eaad4ad49be8,0,CASH_OUT,High,6,0,normal,27.316253,0.0,27.316253
train,c0465242-52ac-554e-9b56-eaad4ad49be8,1,CASH_OUT,High,10,8,busy,27.316253,22.891744979393092,50.20799797939309
train,c0465242-52ac-554e-9b56-eaad4ad49be8,2,CASH_OUT,High,9,0,normal,27.316253,0.0,27.316253
train,c0465242-52ac-554e-9b56-eaad4ad49be8,0,CASH_OUT,Low,10,9,busy,46.016301,44.97713362950232,90.99343462950232
train,c0465242-52ac-554e-9b56-eaad4ad49be8,1,CASH_OUT,Low,0,0,idle,46.016301,0.0,46.016301
train,c0465242-52ac-554e-9b56-eaad4ad49be8,2,CASH_OUT,Low,7,0,normal,46.016301,0.0,46.016301
train,c0465242-52ac-554e-9b56-eaad4ad49be8,0,CASH_OUT,Medium,10,7,busy,36.992556,29.842183717571757,66.83473971757175
train,c0465242-52ac-554e-9b56-eaad4ad49be8,1,CASH_OUT,Medium,5,0,normal,36.992556,0.0,36.992556
train,c0465242-52ac-554e-9b56-eaad4ad49be8,2,CASH_OUT,Medium,9,0,normal,36.992556,0.0,36.992556
train,c0647620-66cd-55c3-b31c-266221b93229,0,CASH_OUT,High,10,17,surge,28.066536,42.46786572177557,70.53440172177557
train,c0647620-66cd-55c3-b31c-266221b93229,1,CASH_OUT,High,10,15,surge,28.066536,39.1055404301231,67.1720764301231
train,c0647620-66cd-55c3-b31c-266221b93229,2,CASH_OUT,High,10,8,busy,28.066536,18.96430308143689,47.03083908143689
train,c0647620-66cd-55c3-b31c-266221b93229,0,CASH_OUT,Low,10,8,busy,47.59697,31.610873705386354,79.20784370538635
train,c0647620-66cd-55c3-b31c-266221b93229,1,CASH_OUT,Low,10,2,busy,47.59697,11.8098169194391,59.4067869194391
train,c0647620-66cd-55c3-b31c-266221b93229,2,CASH_OUT,Low,10,6,busy,47.59697,29.61286637643776,77.20983637643776
train,c0647620-66cd-55c3-b31c-266221b93229,0,CASH_OUT,Medium,5,0,normal,36.859508,0.0,36.859508
train,c0647620-66cd-55c3-b31c-266221b93229,1,CASH_OUT,Medium,9,0,normal,36.859508,0.0,36.859508
train,c0647620-66cd-55c3-b31c-266221b93229,2,CASH_OUT,Medium,1,0,idle,36.859508,0.0,36.859508
train,c0900f14-85de-5f63-983e-bfc49e31234d,0,PAYMENT,High,1,0,idle,25.006137,0.0,25.006137
train,c0900f14-85de-5f63-983e-bfc49e31234d,1,PAYMENT,High,10,29,surge,25.006137,87.3840517375138,112.3901887375138
train,c0900f14-85de-5f63-983e-bfc49e31234d,2,PAYMENT,High,10,10,busy,25.006137,24.10404608372901,49.11018308372901
train,c0900f14-85de-5f63-983e-bfc49e31234d,0,PAYMENT,Low,10,0,busy,39.339041,5.195279004008643,44.53432000400865
train,c0900f14-85de-5f63-983e-bfc49e31234d,1,PAYMENT,Low,2,0,idle,39.339041,0.0,39.339041
train,c0900f14-85de-5f63-983e-bfc49e31234d,2,PAYMENT,Low,10,0,busy,39.339041,3.470927899152186,42.80996889915219
train,c0900f14-85de-5f63-983e-bfc49e31234d,0,PAYMENT,Medium,10,28,surge,32.170317,98.91579346027713,131.08611046027713
train,c0900f14-85de-5f63-983e-bfc49e31234d,1,PAYMENT,Medium,6,0,normal,32.170317,0.0,32.170317
train,c0900f14-85de-5f63-983e-bfc49e31234d,2,PAYMENT,Medium,10,27,surge,32.170317,98.44259453164942,130.61291153164942
train,c09608a2-68d8-506e-a00e-17e223eb67c7,0,PAYMENT,High,1,0,idle,26.375376,0.0,26.375376
train,c09608a2-68d8-506e-a00e-17e223eb67c7,1,PAYMENT,High,7,0,normal,26.375376,0.0,26.375376
train,c09608a2-68d8-506e-a00e-17e223eb67c7,2,PAYMENT,High,9,0,normal,26.375376,0.0,26.375376
train,c09608a2-68d8-506e-a00e-17e223eb67c7,0,PAYMENT,Low,10,2,busy,39.956452,10.938777056683174,50.89522905668317
train,c09608a2-68d8-506e-a00e-17e223eb67c7,1,PAYMENT,Low,10,1,busy,39.956452,5.977229255226071,45.93368125522607
train,c09608a2-68d8-506e-a00e-17e223eb67c7,2,PAYMENT,Low,10,0,busy,39.956452,10.976375136865967,50.93282713686597
train,c09608a2-68d8-506e-a00e-17e223eb67c7,0,PAYMENT,Medium,10,20,surge,32.077489,71.0540148317074,103.1315038317074
train,c09608a2-68d8-506e-a00e-17e223eb67c7,1,PAYMENT,Medium,10,4,busy,32.077489,17.551880721829228,49.62936972182923
train,c09608a2-68d8-506e-a00e-17e223eb67c7,2,PAYMENT,Medium,7,0,normal,32.077489,0.0,32.077489
train,c18feb74-9a11-5eee-a0f1-8f1b86d994a6,0,CASH_OUT,High,7,0,normal,27.904171,0.0,27.904171
train,c18feb74-9a11-5eee-a0f1-8f1b86d994a6,1,CASH_OUT,High,6,0,normal,27.904171,0.0,27.904171
train,c18feb74-9a11-5eee-a0f1-8f1b86d994a6,2,CASH_OUT,High,9,0,normal,27.904171,0.0,27.904171
train,c18feb74-9a11-5eee-a0f1-8f1b86d994a6,0,CASH_OUT,Low,0,0,idle,45.49112,0.0,45.49112
train,c18feb74-9a11-5eee-a0f1-8f1b86d994a6,1,CASH_OUT,Low,2,0,idle,45.49112,0.0,45.49112
train,c18feb74-9a11-5eee-a0f1-8f1b86d994a6,2,CASH_OUT,Low,5,0,normal,45.49112,0.0,45.49112
train,c18feb74-9a11-5eee-a0f1-8f1b86d994a6,0,CASH_OUT,Medium,5,0,normal,36.918239,0.0,36.918239
train,c18feb74-9a11-5eee-a0f1-8f1b86d994a6,1,CASH_OUT,Medium,6,0,normal,36.918239,0.0,36.918239
train,c18feb74-9a11-5eee-a0f1-8f1b86d994a6,2,CASH_OUT,Medium,7,0,normal,36.918239,0.0,36.918239
train,c1950d2e-879e-5841-905a-a77f527e1436,0,DEBIT,High,0,0,idle,33.175924,0.0,33.175924
train,c1950d2e-879e-5841-905a-a77f527e1436,1,DEBIT,High,10,21,surge,33.175924,60.13085523461365,93.30677923461366
train,c1950d2e-879e-5841-905a-a77f527e1436,2,DEBIT,High,5,0,normal,33.175924,0.0,33.175924
train,c1950d2e-879e-5841-905a-a77f527e1436,0,DEBIT,Low,7,0,normal,51.650311,0.0,51.650311
train,c1950d2e-879e-5841-905a-a77f527e1436,1,DEBIT,Low,10,18,surge,51.650311,89.1882509768854,140.8385619768854
train,c1950d2e-879e-5841-905a-a77f527e1436,2,DEBIT,Low,10,25,surge,51.650311,122.58366349845244,174.23397449845243
train,c1950d2e-879e-5841-905a-a77f527e1436,0,DEBIT,Medium,1,0,idle,40.192475,0.0,40.192475
train,c1950d2e-879e-5841-905a-a77f527e1436,1,DEBIT,Medium,10,7,busy,40.192475,15.841272002091827,56.03374700209183
train,c1950d2e-879e-5841-905a-a77f527e1436,2,DEBIT,Medium,8,0,normal,40.192475,0.0,40.192475
train,c1e37210-ea5c-5f37-be32-98c6f8c5867d,0,PAYMENT,High,7,0,normal,25.120735,0.0,25.120735
train,c1e37210-ea5c-5f37-be32-98c6f8c5867d,1,PAYMENT,High,9,0,normal,25.120735,0.0,25.120735
train,c1e37210-ea5c-5f37-be32-98c6f8c5867d,2,PAYMENT,High,9,0,normal,25.120735,0.0,25.120735
train,c1e37210-ea5c-5f37-be32-98c6f8c5867d,0,PAYMENT,Low,9,0,normal,39.733815,0.0,39.733815
train,c1e37210-ea5c-5f37-be32-98c6f8c5867d,1,PAYMENT,Low,5,0,normal,39.733815,0.0,39.733815
train,c1e37210-ea5c-5f37-be32-98c6f8c5867d,2,PAYMENT,Low,10,4,busy,39.733815,24.21372317819336,63.947538178193355
train,c1e37210-ea5c-5f37-be32-98c6f8c5867d,0,PAYMENT,Medium,10,8,busy,31.309009,28.9655442362345,60.274553236234496
train,c1e37210-ea5c-5f37-be32-98c6f8c5867d,1,PAYMENT,Medium,10,25,surge,31.309009,105.68102362731973,136.99003262731972
train,c1e37210-ea5c-5f37-be32-98c6f8c5867d,2,PAYMENT,Medium,6,0,normal,31.309009,0.0,31.309009
train,c313f7b5-b8af-5d70-ac7b-f8c4c59afda1,0,DEBIT,High,10,12,surge,32.952734,39.94822555744332,72.90095955744331
train,c313f7b5-b8af-5d70-ac7b-f8c4c59afda1,1,DEBIT,High,8,0,normal,32.952734,0.0,32.952734
train,c313f7b5-b8af-5d70-ac7b-f8c4c59afda1,2,DEBIT,High,8,0,normal,32.952734,0.0,32.952734
train,c313f7b5-b8af-5d70-ac7b-f8c4c59afda1,0,DEBIT,Low,5,0,normal,51.811745,0.0,51.811745
train,c313f7b5-b8af-5d70-ac7b-f8c4c59afda1,1,DEBIT,Low,8,0,normal,51.811745,0.0,51.811745
train,c313f7b5-b8af-5d70-ac7b-f8c4c59afda1,2,DEBIT,Low,10,4,busy,51.811745,26.327684804794167,78.13942980479416
train,c313f7b5-b8af-5d70-ac7b-f8c4c59afda1,0,DEBIT,Medium,10,10,busy,40.635956,31.083747873813767,71.71970387381377
train,c313f7b5-b8af-5d70-ac7b-f8c4c59afda1,1,DEBIT,Medium,10,7,busy,40.635956,26.70784947974181,67.3438054797418
train,c313f7b5-b8af-5d70-ac7b-f8c4c59afda1,2,DEBIT,Medium,10,24,surge,40.635956,82.538245312169,123.174201312169
train,c342d7e4-ace2-5eea-a8a4-30b4ce3cc1e0,0,TRANSFER,High,3,0,idle,35.08887,0.0,35.08887
train,c342d7e4-ace2-5eea-a8a4-30b4ce3cc1e0,1,TRANSFER,High,1,0,idle,35.08887,0.0,35.08887
train,c342d7e4-ace2-5eea-a8a4-30b4ce3cc1e0,2,TRANSFER,High,10,9,busy,35.08887,23.351185509155943,58.44005550915594
train,c342d7e4-ace2-5eea-a8a4-30b4ce3cc1e0,0,TRANSFER,Low,10,25,surge,60.243901,116.96092453229775,177.20482553229775
train,c342d7e4-ace2-5eea-a8a4-30b4ce3cc1e0,1,TRANSFER,Low,9,0,normal,60.243901,0.0,60.243901
train,c342d7e4-ace2-5eea-a8a4-30b4ce3cc1e0,2,TRANSFER,Low,10,20,surge,60.243901,95.58076919434922,155.8246701943492
train,c342d7e4-ace2-5eea-a8a4-30b4ce3cc1e0,0,TRANSFER,Medium,1,0,idle,46.883315,0.0,46.883315
train,c342d7e4-ace2-5eea-a8a4-30b4ce3cc1e0,1,TRANSFER,Medium,10,1,busy,46.883315,6.735941210004274,53.61925621000428
train,c342d7e4-ace2-5eea-a8a4-30b4ce3cc1e0,2,TRANSFER,Medium,10,6,busy,46.883315,16.590572327959418,63.47388732795942
train,c39557a5-a4ae-5a0a-9383-2acf55e78b1a,0,PAYMENT,High,7,0,normal,24.090765,0.0,24.090765
train,c39557a5-a4ae-5a0a-9383-2acf55e78b1a,1,PAYMENT,High,10,5,busy,24.090765,17.35453507383911,41.44530007383911
train,c39557a5-a4ae-5a0a-9383-2acf55e78b1a,2,PAYMENT,High,1,0,idle,24.090765,0.0,24.090765
train,c39557a5-a4ae-5a0a-9383-2acf55e78b1a,0,PAYMENT,Low,8,0,normal,37.072723,0.0,37.072723
train,c39557a5-a4ae-5a0a-9383-2acf55e78b1a,1,PAYMENT,Low,7,0,normal,37.072723,0.0,37.072723
train,c39557a5-a4ae-5a0a-9383-2acf55e78b1a,2,PAYMENT,Low,10,4,busy,37.072723,20.67666860842475,57.74939160842476
train,c39557a5-a4ae-5a0a-9383-2acf55e78b1a,0,PAYMENT,Medium,10,12,surge,31.064832,41.35558978817571,72.42042178817572
train,c39557a5-a4ae-5a0a-9383-2acf55e78b1a,1,PAYMENT,Medium,10,9,busy,31.064832,35.786565081759164,66.85139708175916
train,c39557a5-a4ae-5a0a-9383-2acf55e78b1a,2,PAYMENT,Medium,6,0,normal,31.064832,0.0,31.064832
train,c39b0979-23ef-58f5-ad02-2a26b0f38566,0,CASH_IN,High,5,0,normal,22.38695,0.0,22.38695
train,c39b0979-23ef-58f5-ad02-2a26b0f38566,1,CASH_IN,High,1,0,idle,22.38695,0.0,22.38695
train,c39b0979-23ef-58f5-ad02-2a26b0f38566,2,CASH_IN,High,0,0,idle,22.38695,0.0,22.38695
train,c39b0979-23ef-58f5-ad02-2a26b0f38566,0,CASH_IN,Low,8,0,normal,35.456218,0.0,35.456218
train,c39b0979-23ef-58f5-ad02-2a26b0f38566,1,CASH_IN,Low,10,19,surge,35.456218,98.29092437949888,133.74714237949888
train,c39b0979-23ef-58f5-ad02-2a26b0f38566,2,CASH_IN,Low,10,7,busy,35.456218,28.09886852883841,63.55508652883841
train,c39b0979-23ef-58f5-ad02-2a26b0f38566,0,CASH_IN,Medium,10,3,busy,28.552583,16.861760025311092,45.41434302531109
train,c39b0979-23ef-58f5-ad02-2a26b0f38566,1,CASH_IN,Medium,5,0,normal,28.552583,0.0,28.552583
train,c39b0979-23ef-58f5-ad02-2a26b0f38566,2,CASH_IN,Medium,0,0,idle,28.552583,0.0,28.552583
train,c3ac405f-649f-5cf7-921a-bed0dbb413c2,0,DEBIT,High,10,0,busy,31.21445,6.7239487824599955,37.93839878246
train,c3ac405f-649f-5cf7-921a-bed0dbb413c2,1,DEBIT,High,10,3,busy,31.21445,13.044002382439118,44.25845238243912
train,c3ac405f-649f-5cf7-921a-bed0dbb413c2,2,DEBIT,High,0,0,idle,31.21445,0.0,31.21445
train,c3ac405f-649f-5cf7-921a-bed0dbb413c2,0,DEBIT,Low,10,11,surge,51.012625,58.12964765756469,109.14227265756469
train,c3ac405f-649f-5cf7-921a-bed0dbb413c2,1,DEBIT,Low,5,0,normal,51.012625,0.0,51.012625
train,c3ac405f-649f-5cf7-921a-bed0dbb413c2,2,DEBIT,Low,2,0,idle,51.012625,0.0,51.012625
train,c3ac405f-649f-5cf7-921a-bed0dbb413c2,0,DEBIT,Medium,10,25,surge,40.460843,89.44952261628637,129.91036561628636
train,c3ac405f-649f-5cf7-921a-bed0dbb413c2,1,DEBIT,Medium,3,0,idle,40.460843,0.0,40.460843
train,c3ac405f-649f-5cf7-921a-bed0dbb413c2,2,DEBIT,Medium,9,0,normal,40.460843,0.0,40.460843
train,c52535e4-772c-5723-97f8-34f24a54e8ee,0,PAYMENT,High,10,9,busy,23.836549,29.074731031054338,52.91128003105434
train,c52535e4-772c-5723-97f8-34f24a54e8ee,1,PAYMENT,High,10,4,busy,23.836549,15.959479134916265,39.79602813491627
train,c52535e4-772c-5723-97f8-34f24a54e8ee,2,PAYMENT,High,10,26,surge,23.836549,79.22773842540383,103.06428742540383
train,c52535e4-772c-5723-97f8-34f24a54e8ee,0,PAYMENT,Low,4,0,idle,39.271011,0.0,39.271011
train,c52535e4-772c-5723-97f8-34f24a54e8ee,1,PAYMENT,Low,10,3,busy,39.271011,19.915048538153385,59.18605953815339
train,c52535e4-772c-5723-97f8-34f24a54e8ee,2,PAYMENT,Low,2,0,idle,39.271011,0.0,39.271011
train,c52535e4-772c-5723-97f8-34f24a54e8ee,0,PAYMENT,Medium,6,0,normal,31.227403,0.0,31.227403
train,c52535e4-772c-5723-97f8-34f24a54e8ee,1,PAYMENT,Medium,5,0,normal,31.227403,0.0,31.227403
train,c52535e4-772c-5723-97f8-34f24a54e8ee,2,PAYMENT,Medium,4,0,idle,31.227403,0.0,31.227403
train,c544b2e1-d44d-5919-8c62-3ab23b57c598,0,DEBIT,High,4,0,idle,32.026462,0.0,32.026462
train,c544b2e1-d44d-5919-8c62-3ab23b57c598,1,DEBIT,High,6,0,normal,32.026462,0.0,32.026462
train,c544b2e1-d44d-5919-8c62-3ab23b57c598,2,DEBIT,High,4,0,idle,32.026462,0.0,32.026462
train,c544b2e1-d44d-5919-8c62-3ab23b57c598,0,DEBIT,Low,10,6,busy,51.532573,38.17816581579752,89.71073881579753
train,c544b2e1-d44d-5919-8c62-3ab23b57c598,1,DEBIT,Low,9,0,normal,51.532573,0.0,51.532573
train,c544b2e1-d44d-5919-8c62-3ab23b57c598,2,DEBIT,Low,8,0,normal,51.532573,0.0,51.532573
train,c544b2e1-d44d-5919-8c62-3ab23b57c598,0,DEBIT,Medium,10,3,busy,40.045701,13.118852702543789,53.16455370254379
train,c544b2e1-d44d-5919-8c62-3ab23b57c598,1,DEBIT,Medium,4,0,idle,40.045701,0.0,40.045701
train,c544b2e1-d44d-5919-8c62-3ab23b57c598,2,DEBIT,Medium,7,0,normal,40.045701,0.0,40.045701
train,c6592fb4-94f0-5811-b980-bddb7e59508a,0,PAYMENT,High,8,0,normal,25.234717,0.0,25.234717
train,c6592fb4-94f0-5811-b980-bddb7e59508a,1,PAYMENT,High,5,0,normal,25.234717,0.0,25.234717
train,c6592fb4-94f0-5811-b980-bddb7e59508a,2,PAYMENT,High,10,28,surge,25.234717,90.2020666998983,115.4367836998983
train,c6592fb4-94f0-5811-b980-bddb7e59508a,0,PAYMENT,Low,7,0,normal,39.764617,0.0,39.764617
train,c6592fb4-94f0-5811-b980-bddb7e59508a,1,PAYMENT,Low,6,0,normal,39.764617,0.0,39.764617
train,c6592fb4-94f0-5811-b980-bddb7e59508a,2,PAYMENT,Low,9,0,normal,39.764617,0.0,39.764617
train,c6592fb4-94f0-5811-b980-bddb7e59508a,0,PAYMENT,Medium,1,0,idle,36.426292,0.0,36.426292
train,c6592fb4-94f0-5811-b980-bddb7e59508a,1,PAYMENT,Medium,10,21,surge,36.426292,68.31179180527015,104.73808380527015
train,c6592fb4-94f0-5811-b980-bddb7e59508a,2,PAYMENT,Medium,9,0,normal,36.426292,0.0,36.426292
train,c666776d-a6a6-59fb-87b5-a32d8449a6cb,0,CASH_IN,High,9,0,normal,20.881945,0.0,20.881945
train,c666776d-a6a6-59fb-87b5-a32d8449a6cb,1,CASH_IN,High,0,0,idle,20.881945,0.0,20.881945
train,c666776d-a6a6-59fb-87b5-a32d8449a6cb,2,CASH_IN,High,10,3,busy,20.881945,9.541514380076048,30.42345938007605
train,c666776d-a6a6-59fb-87b5-a32d8449a6cb,0,CASH_IN,Low,10,6,busy,33.062488,31.119859459996057,64.18234745999607
train,c666776d-a6a6-59fb-87b5-a32d8449a6cb,1,CASH_IN,Low,8,0,normal,33.062488,0.0,33.062488
train,c666776d-a6a6-59fb-87b5-a32d8449a6cb,2,CASH_IN,Low,6,0,normal,33.062488,0.0,33.062488
train,c666776d-a6a6-59fb-87b5-a32d8449a6cb,0,CASH_IN,Medium,7,0,normal,27.292986,0.0,27.292986
train,c666776d-a6a6-59fb-87b5-a32d8449a6cb,1,CASH_IN,Medium,10,19,surge,27.292986,71.2440679743496,98.5370539743496
train,c666776d-a6a6-59fb-87b5-a32d8449a6cb,2,CASH_IN,Medium,4,0,idle,27.292986,0.0,27.292986
train,c6693a88-1a8e-5cd7-a59a-6f58053b6dfa,0,CASH_IN,High,1,0,idle,21.624564,0.0,21.624564
train,c6693a88-1a8e-5cd7-a59a-6f58053b6dfa,1,CASH_IN,High,10,1,busy,21.624564,6.6406539835493215,28.26521798354932
train,c6693a88-1a8e-5cd7-a59a-6f58053b6dfa,2,CASH_IN,High,10,2,busy,21.624564,8.684744786440461,30.30930878644046
train,c6693a88-1a8e-5cd7-a59a-6f58053b6dfa,0,CASH_IN,Low,5,0,normal,35.340515,0.0,35.340515
train,c6693a88-1a8e-5cd7-a59a-6f58053b6dfa,1,CASH_IN,Low,10,4,busy,35.340515,23.702694821912587,59.04320982191259
train,c6693a88-1a8e-5cd7-a59a-6f58053b6dfa,2,CASH_IN,Low,10,12,surge,35.340515,65.9121462890998,101.25266128909979
train,c6693a88-1a8e-5cd7-a59a-6f58053b6dfa,0,CASH_IN,Medium,1,0,idle,25.915237,0.0,25.915237
train,c6693a88-1a8e-5cd7-a59a-6f58053b6dfa,1,CASH_IN,Medium,10,2,busy,25.915237,9.386421220416231,35.30165822041623
train,c6693a88-1a8e-5cd7-a59a-6f58053b6dfa,2,CASH_IN,Medium,9,0,normal,25.915237,0.0,25.915237
train,c77d1342-d3a2-599e-b912-6b8efb41b078,0,PAYMENT,High,10,8,busy,24.248115,12.463893407246543,36.71200840724654
train,c77d1342-d3a2-599e-b912-6b8efb41b078,1,PAYMENT,High,5,0,normal,24.248115,0.0,24.248115
train,c77d1342-d3a2-599e-b912-6b8efb41b078,2,PAYMENT,High,9,0,normal,24.248115,0.0,24.248115
train,c77d1342-d3a2-599e-b912-6b8efb41b078,0,PAYMENT,Low,8,0,normal,41.35881,0.0,41.35881
train,c77d1342-d3a2-599e-b912-6b8efb41b078,1,PAYMENT,Low,10,16,surge,41.35881,76.70151808801627,118.06032808801626
train,c77d1342-d3a2-599e-b912-6b8efb41b078,2,PAYMENT,Low,10,10,busy,41.35881,53.667282079928505,95.0260920799285
train,c77d1342-d3a2-599e-b912-6b8efb41b078,0,PAYMENT,Medium,9,0,normal,33.108546,0.0,33.108546
train,c77d1342-d3a2-599e-b912-6b8efb41b078,1,PAYMENT,Medium,10,2,busy,33.108546,5.340113665386816,38.44865966538681
train,c77d1342-d3a2-599e-b912-6b8efb41b078,2,PAYMENT,Medium,8,0,normal,33.108546,0.0,33.108546
train,c79fb208-7d60-5e42-8c0e-40d347e79470,0,DEBIT,High,10,19,surge,34.708267,60.089787760730765,94.79805476073076
train,c79fb208-7d60-5e42-8c0e-40d347e79470,1,DEBIT,High,3,0,idle,34.708267,0.0,34.708267
train,c79fb208-7d60-5e42-8c0e-40d347e79470,2,DEBIT,High,10,29,surge,34.708267,89.06796461469362,123.77623161469361
train,c79fb208-7d60-5e42-8c0e-40d347e79470,0,DEBIT,Low,9,0,normal,51.746426,0.0,51.746426
train,c79fb208-7d60-5e42-8c0e-40d347e79470,1,DEBIT,Low,5,0,normal,51.746426,0.0,51.746426
train,c79fb208-7d60-5e42-8c0e-40d347e79470,2,DEBIT,Low,1,0,idle,51.746426,0.0,51.746426
train,c79fb208-7d60-5e42-8c0e-40d347e79470,0,DEBIT,Medium,10,23,surge,42.624393,83.64496411902857,126.26935711902857
train,c79fb208-7d60-5e42-8c0e-40d347e79470,1,DEBIT,Medium,10,0,busy,42.624393,7.993907260510163,50.61830026051016
train,c79fb208-7d60-5e42-8c0e-40d347e79470,2,DEBIT,Medium,1,0,idle,42.624393,0.0,42.624393
train,c7bf1853-e86b-543e-8096-7c53d4eb3adc,0,CASH_IN,High,3,0,idle,20.605664,0.0,20.605664
train,c7bf1853-e86b-543e-8096-7c53d4eb3adc,1,CASH_IN,High,10,22,surge,20.605664,58.88652782849431,79.49219182849431
train,c7bf1853-e86b-543e-8096-7c53d4eb3adc,2,CASH_IN,High,2,0,idle,20.605664,0.0,20.605664
train,c7bf1853-e86b-543e-8096-7c53d4eb3adc,0,CASH_IN,Low,4,0,idle,35.583922,0.0,35.583922
train,c7bf1853-e86b-543e-8096-7c53d4eb3adc,1,CASH_IN,Low,5,0,normal,35.583922,0.0,35.583922
train,c7bf1853-e86b-543e-8096-7c53d4eb3adc,2,CASH_IN,Low,10,0,busy,35.583922,3.188751991481663,38.77267399148167
train,c7bf1853-e86b-543e-8096-7c53d4eb3adc,0,CASH_IN,Medium,10,0,busy,28.045642,6.221446022061551,34.26708802206155
train,c7bf1853-e86b-543e-8096-7c53d4eb3adc,1,CASH_IN,Medium,7,0,normal,28.045642,0.0,28.045642
train,c7bf1853-e86b-543e-8096-7c53d4eb3adc,2,CASH_IN,Medium,4,0,idle,28.045642,0.0,28.045642
train,c881694b-769e-5295-8310-c54ae88fad8a,0,CASH_IN,High,10,8,busy,21.667428,19.912487054378566,41.57991505437857
train,c881694b-769e-5295-8310-c54ae88fad8a,1,CASH_IN,High,10,24,surge,21.667428,71.56182743421,93.22925543421
train,c881694b-769e-5295-8310-c54ae88fad8a,2,CASH_IN,High,6,0,normal,21.667428,0.0,21.667428
train,c881694b-769e-5295-8310-c54ae88fad8a,0,CASH_IN,Low,3,0,idle,32.370676,0.0,32.370676
train,c881694b-769e-5295-8310-c54ae88fad8a,1,CASH_IN,Low,6,0,normal,32.370676,0.0,32.370676
train,c881694b-769e-5295-8310-c54ae88fad8a,2,CASH_IN,Low,8,0,normal,32.370676,0.0,32.370676
train,c881694b-769e-5295-8310-c54ae88fad8a,0,CASH_IN,Medium,10,8,busy,28.851683,32.340799087250076,61.19248208725008
train,c881694b-769e-5295-8310-c54ae88fad8a,1,CASH_IN,Medium,10,3,busy,28.851683,5.770717472387122,34.62240047238712
train,c881694b-769e-5295-8310-c54ae88fad8a,2,CASH_IN,Medium,5,0,normal,28.851683,0.0,28.851683
train,c8c81448-b38b-5939-88f9-050690ea8d55,0,TRANSFER,High,5,0,normal,36.293676,0.0,36.293676
train,c8c81448-b38b-5939-88f9-050690ea8d55,1,TRANSFER,High,1,0,idle,36.293676,0.0,36.293676
train,c8c81448-b38b-5939-88f9-050690ea8d55,2,TRANSFER,High,10,11,surge,36.293676,33.44754124725814,69.74121724725813
train,c8c81448-b38b-5939-88f9-050690ea8d55,0,TRANSFER,Low,2,0,idle,58.928656,0.0,58.928656
train,c8c81448-b38b-5939-88f9-050690ea8d55,1,TRANSFER,Low,9,0,normal,58.928656,0.0,58.928656
train,c8c81448-b38b-5939-88f9-050690ea8d55,2,TRANSFER,Low,6,0,normal,58.928656,0.0,58.928656
train,c8c81448-b38b-5939-88f9-050690ea8d55,0,TRANSFER,Medium,10,7,busy,45.202596,24.443389491655765,69.64598549165576
train,c8c81448-b38b-5939-88f9-050690ea8d55,1,TRANSFER,Medium,10,13,surge,45.202596,53.90027545339216,99.10287145339217
train,c8c81448-b38b-5939-88f9-050690ea8d55,2,TRANSFER,Medium,10,23,surge,45.202596,73.03849463990778,118.24109063990778
train,c8e61896-9855-54a1-b853-6186ea5ab599,0,PAYMENT,High,9,0,normal,25.28455,0.0,25.28455
train,c8e61896-9855-54a1-b853-6186ea5ab599,1,PAYMENT,High,10,8,busy,25.28455,23.89654168471522,49.18109168471522
train,c8e61896-9855-54a1-b853-6186ea5ab599,2,PAYMENT,High,10,14,surge,25.28455,42.07052667092197,67.35507667092197
train,c8e61896-9855-54a1-b853-6186ea5ab599,0,PAYMENT,Low,10,19,surge,39.980292,96.72202099209537,136.70231299209536
train,c8e61896-9855-54a1-b853-6186ea5ab599,1,PAYMENT,Low,8,0,normal,39.980292,0.0,39.980292
train,c8e61896-9855-54a1-b853-6186ea5ab599,2,PAYMENT,Low,3,0,idle,39.980292,0.0,39.980292
train,c8e61896-9855-54a1-b853-6186ea5ab599,0,PAYMENT,Medium,10,17,surge,29.816214,72.88994032072645,102.70615432072645
train,c8e61896-9855-54a1-b853-6186ea5ab599,1,PAYMENT,Medium,1,0,idle,29.816214,0.0,29.816214
train,c8e61896-9855-54a1-b853-6186ea5ab599,2,PAYMENT,Medium,10,15,surge,29.816214,50.48878650971451,80.3050005097145
train,c8f5f6bf-9d0d-539d-b72f-5309df25cc9b,0,CASH_OUT,High,10,4,busy,27.347484,19.77469973029726,47.122183730297266
train,c8f5f6bf-9d0d-539d-b72f-5309df25cc9b,1,CASH_OUT,High,10,9,busy,27.347484,31.05902025862846,58.40650425862846
train,c8f5f6bf-9d0d-539d-b72f-5309df25cc9b,2,CASH_OUT,High,6,0,normal,27.347484,0.0,27.347484
train,c8f5f6bf-9d0d-539d-b72f-5309df25cc9b,0,CASH_OUT,Low,4,0,idle,47.417364,0.0,47.417364
train,c8f5f6bf-9d0d-539d-b72f-5309df25cc9b,1,CASH_OUT,Low,10,8,busy,47.417364,34.11922352641601,81.53658752641601
train,c8f5f6bf-9d0d-539d-b72f-5309df25cc9b,2,CASH_OUT,Low,10,0,busy,47.417364,5.467793946399794,52.885157946399794
train,c8f5f6bf-9d0d-539d-b72f-5309df25cc9b,0,CASH_OUT,Medium,10,3,busy,37.043807,13.867169733462783,50.91097673346278
train,c8f5f6bf-9d0d-539d-b72f-5309df25cc9b,1,CASH_OUT,Medium,10,24,surge,37.043807,93.83867117012123,130.88247817012123
train,c8f5f6bf-9d0d-539d-b72f-5309df25cc9b,2,CASH_OUT,Medium,1,0,idle,37.043807,0.0,37.043807
train,c90c8547-1ab4-54b2-b73e-faf82ba8cbb8,0,PAYMENT,High,10,0,busy,23.844535,2.337049547220803,26.181584547220805
train,c90c8547-1ab4-54b2-b73e-faf82ba8cbb8,1,PAYMENT,High,10,12,surge,23.844535,34.038058948178545,57.882593948178545
train,c90c8547-1ab4-54b2-b73e-faf82ba8cbb8,2,PAYMENT,High,10,27,surge,23.844535,73.8383209167514,97.68285591675141
train,c90c8547-1ab4-54b2-b73e-faf82ba8cbb8,0,PAYMENT,Low,10,7,busy,39.026253,35.095784604096806,74.1220376040968
train,c90c8547-1ab4-54b2-b73e-faf82ba8cbb8,1,PAYMENT,Low,10,6,busy,39.026253,24.769277691214707,63.79553069121471
train,c90c8547-1ab4-54b2-b73e-faf82ba8cbb8,2,PAYMENT,Low,1,0,idle,39.026253,0.0,39.026253
train,c90c8547-1ab4-54b2-b73e-faf82ba8cbb8,0,PAYMENT,Medium,6,0,normal,31.376441,0.0,31.376441
train,c90c8547-1ab4-54b2-b73e-faf82ba8cbb8,1,PAYMENT,Medium,6,0,normal,31.376441,0.0,31.376441
train,c90c8547-1ab4-54b2-b73e-faf82ba8cbb8,2,PAYMENT,Medium,3,0,idle,31.376441,0.0,31.376441
train,c9c2a1a7-9774-5cd2-a6b0-9d9ae5f27dd7,0,CASH_IN,High,1,0,idle,21.77873,0.0,21.77873
train,c9c2a1a7-9774-5cd2-a6b0-9d9ae5f27dd7,1,CASH_IN,High,9,0,normal,21.77873,0.0,21.77873
train,c9c2a1a7-9774-5cd2-a6b0-9d9ae5f27dd7,2,CASH_IN,High,10,10,busy,21.77873,35.013766401284855,56.79249640128485
train,c9c2a1a7-9774-5cd2-a6b0-9d9ae5f27dd7,0,CASH_IN,Low,5,0,normal,36.425675,0.0,36.425675
train,c9c2a1a7-9774-5cd2-a6b0-9d9ae5f27dd7,1,CASH_IN,Low,10,11,surge,36.425675,55.999424196682114,92.42509919668211
train,c9c2a1a7-9774-5cd2-a6b0-9d9ae5f27dd7,2,CASH_IN,Low,1,0,idle,36.425675,0.0,36.425675
train,c9c2a1a7-9774-5cd2-a6b0-9d9ae5f27dd7,0,CASH_IN,Medium,10,5,busy,28.020592,8.731493670519601,36.752085670519605
train,c9c2a1a7-9774-5cd2-a6b0-9d9ae5f27dd7,1,CASH_IN,Medium,9,0,normal,28.020592,0.0,28.020592
train,c9c2a1a7-9774-5cd2-a6b0-9d9ae5f27dd7,2,CASH_IN,Medium,7,0,normal,28.020592,0.0,28.020592
train,c9c6b017-cbbd-5706-90d5-d53c308af760,0,DEBIT,High,10,5,busy,32.930265,12.733085337736348,45.66335033773635
train,c9c6b017-cbbd-5706-90d5-d53c308af760,1,DEBIT,High,10,16,surge,32.930265,48.78381475030716,81.71407975030715
train,c9c6b017-cbbd-5706-90d5-d53c308af760,2,DEBIT,High,10,5,busy,32.930265,16.578484507887577,49.50874950788757
train,c9c6b017-cbbd-5706-90d5-d53c308af760,0,DEBIT,Low,10,10,busy,51.502292,42.95649003153487,94.45878203153487
train,c9c6b017-cbbd-5706-90d5-d53c308af760,1,DEBIT,Low,7,0,normal,51.502292,0.0,51.502292
train,c9c6b017-cbbd-5706-90d5-d53c308af760,2,DEBIT,Low,10,4,busy,51.502292,20.84790558316939,72.35019758316939
train,c9c6b017-cbbd-5706-90d5-d53c308af760,0,DEBIT,Medium,2,0,idle,40.665673,0.0,40.665673
train,c9c6b017-cbbd-5706-90d5-d53c308af760,1,DEBIT,Medium,10,29,surge,40.665673,116.50202825569245,157.16770125569246
train,c9c6b017-cbbd-5706-90d5-d53c308af760,2,DEBIT,Medium,9,0,normal,40.665673,0.0,40.665673
train,c9c8e1e4-b99f-5429-ace9-f0d0e1cad1a3,0,TRANSFER,High,10,10,busy,36.813501,26.900110242033776,63.71361124203378
train,c9c8e1e4-b99f-5429-ace9-f0d0e1cad1a3,1,TRANSFER,High,6,0,normal,36.813501,0.0,36.813501
train,c9c8e1e4-b99f-5429-ace9-f0d0e1cad1a3,2,TRANSFER,High,1,0,idle,36.813501,0.0,36.813501
train,c9c8e1e4-b99f-5429-ace9-f0d0e1cad1a3,0,TRANSFER,Low,10,3,busy,57.921464,23.146577719919176,81.06804171991918
train,c9c8e1e4-b99f-5429-ace9-f0d0e1cad1a3,1,TRANSFER,Low,8,0,normal,57.921464,0.0,57.921464
train,c9c8e1e4-b99f-5429-ace9-f0d0e1cad1a3,2,TRANSFER,Low,10,0,busy,57.921464,17.646663300181668,75.56812730018167
train,c9c8e1e4-b99f-5429-ace9-f0d0e1cad1a3,0,TRANSFER,Medium,10,8,busy,46.261737,30.95072170665194,77.21245870665194
train,c9c8e1e4-b99f-5429-ace9-f0d0e1cad1a3,1,TRANSFER,Medium,10,6,busy,46.261737,16.49117465724165,62.75291165724165
train,c9c8e1e4-b99f-5429-ace9-f0d0e1cad1a3,2,TRANSFER,Medium,2,0,idle,46.261737,0.0,46.261737
train,ca4a33b6-2fb7-5bf4-ac8c-116bc042829b,0,CASH_OUT,High,7,0,normal,27.989934,0.0,27.989934
train,ca4a33b6-2fb7-5bf4-ac8c-116bc042829b,1,CASH_OUT,High,5,0,normal,27.989934,0.0,27.989934
train,ca4a33b6-2fb7-5bf4-ac8c-116bc042829b,2,CASH_OUT,High,9,0,normal,27.989934,0.0,27.989934
train,ca4a33b6-2fb7-5bf4-ac8c-116bc042829b,0,CASH_OUT,Low,7,0,normal,44.290387,0.0,44.290387
train,ca4a33b6-2fb7-5bf4-ac8c-116bc042829b,1,CASH_OUT,Low,10,8,busy,44.290387,44.067935755335256,88.35832275533525
train,ca4a33b6-2fb7-5bf4-ac8c-116bc042829b,2,CASH_OUT,Low,10,8,busy,44.290387,33.45648995795302,77.74687695795302
train,ca4a33b6-2fb7-5bf4-ac8c-116bc042829b,0,CASH_OUT,Medium,8,0,normal,40.404691,0.0,40.404691
train,ca4a33b6-2fb7-5bf4-ac8c-116bc042829b,1,CASH_OUT,Medium,5,0,normal,40.404691,0.0,40.404691
train,ca4a33b6-2fb7-5bf4-ac8c-116bc042829b,2,CASH_OUT,Medium,10,8,busy,40.404691,38.768733692667304,79.17342469266731
train,ca8775ef-acf3-53dc-b730-a1083776b799,0,PAYMENT,High,5,0,normal,24.676702,0.0,24.676702
train,ca8775ef-acf3-53dc-b730-a1083776b799,1,PAYMENT,High,1,0,idle,24.676702,0.0,24.676702
train,ca8775ef-acf3-53dc-b730-a1083776b799,2,PAYMENT,High,8,0,normal,24.676702,0.0,24.676702
train,ca8775ef-acf3-53dc-b730-a1083776b799,0,PAYMENT,Low,2,0,idle,38.750532,0.0,38.750532
train,ca8775ef-acf3-53dc-b730-a1083776b799,1,PAYMENT,Low,1,0,idle,38.750532,0.0,38.750532
train,ca8775ef-acf3-53dc-b730-a1083776b799,2,PAYMENT,Low,9,0,normal,38.750532,0.0,38.750532
train,ca8775ef-acf3-53dc-b730-a1083776b799,0,PAYMENT,Medium,3,0,idle,30.931451,0.0,30.931451
train,ca8775ef-acf3-53dc-b730-a1083776b799,1,PAYMENT,Medium,1,0,idle,30.931451,0.0,30.931451
train,ca8775ef-acf3-53dc-b730-a1083776b799,2,PAYMENT,Medium,6,0,normal,30.931451,0.0,30.931451
train,cae39dbd-1934-5239-b37c-edef8dcf93a4,0,CASH_OUT,High,10,23,surge,31.170424,67.49596889229107,98.66639289229107
train,cae39dbd-1934-5239-b37c-edef8dcf93a4,1,CASH_OUT,High,5,0,normal,31.170424,0.0,31.170424
train,cae39dbd-1934-5239-b37c-edef8dcf93a4,2,CASH_OUT,High,10,8,busy,31.170424,26.834275765246954,58.004699765246954
train,cae39dbd-1934-5239-b37c-edef8dcf93a4,0,CASH_OUT,Low,10,8,busy,44.026002,38.827881552693086,82.85388355269308
train,cae39dbd-1934-5239-b37c-edef8dcf93a4,1,CASH_OUT,Low,1,0,idle,44.026002,0.0,44.026002
train,cae39dbd-1934-5239-b37c-edef8dcf93a4,2,CASH_OUT,Low,0,0,idle,44.026002,0.0,44.026002
train,cae39dbd-1934-5239-b37c-edef8dcf93a4,0,CASH_OUT,Medium,10,0,busy,35.278493,2.134755481518165,37.41324848151816
train,cae39dbd-1934-5239-b37c-edef8dcf93a4,1,CASH_OUT,Medium,8,0,normal,35.278493,0.0,35.278493
train,cae39dbd-1934-5239-b37c-edef8dcf93a4,2,CASH_OUT,Medium,10,8,busy,35.278493,30.749023348840257,66.02751634884025
train,caee07b4-c444-5e42-bf2a-4365bbe9e36b,0,PAYMENT,High,8,0,normal,24.696427,0.0,24.696427
train,caee07b4-c444-5e42-bf2a-4365bbe9e36b,1,PAYMENT,High,7,0,normal,24.696427,0.0,24.696427
train,caee07b4-c444-5e42-bf2a-4365bbe9e36b,2,PAYMENT,High,10,18,surge,24.696427,49.82229552279676,74.51872252279676
train,caee07b4-c444-5e42-bf2a-4365bbe9e36b,0,PAYMENT,Low,10,28,surge,41.239439,132.7048968944956,173.9443358944956
train,caee07b4-c444-5e42-bf2a-4365bbe9e36b,1,PAYMENT,Low,10,24,surge,41.239439,117.3299963192596,158.5694353192596
train,caee07b4-c444-5e42-bf2a-4365bbe9e36b,2,PAYMENT,Low,10,7,busy,41.239439,42.99506229414931,84.23450129414931
train,caee07b4-c444-5e42-bf2a-4365bbe9e36b,0,PAYMENT,Medium,2,0,idle,33.17794,0.0,33.17794
train,caee07b4-c444-5e42-bf2a-4365bbe9e36b,1,PAYMENT,Medium,3,0,idle,33.17794,0.0,33.17794
train,caee07b4-c444-5e42-bf2a-4365bbe9e36b,2,PAYMENT,Medium,3,0,idle,33.17794,0.0,33.17794
train,cb31f421-f95a-5945-96f5-c96c726a1a97,0,DEBIT,High,10,6,busy,31.341698,16.477506247833993,47.819204247833994
train,cb31f421-f95a-5945-96f5-c96c726a1a97,1,DEBIT,High,10,4,busy,31.341698,5.969760416755503,37.31145841675551
train,cb31f421-f95a-5945-96f5-c96c726a1a97,2,DEBIT,High,4,0,idle,31.341698,0.0,31.341698
train,cb31f421-f95a-5945-96f5-c96c726a1a97,0,DEBIT,Low,6,0,normal,52.744803,0.0,52.744803
train,cb31f421-f95a-5945-96f5-c96c726a1a97,1,DEBIT,Low,4,0,idle,52.744803,0.0,52.744803
train,cb31f421-f95a-5945-96f5-c96c726a1a97,2,DEBIT,Low,2,0,idle,52.744803,0.0,52.744803
train,cb31f421-f95a-5945-96f5-c96c726a1a97,0,DEBIT,Medium,1,0,idle,40.102416,0.0,40.102416
train,cb31f421-f95a-5945-96f5-c96c726a1a97,1,DEBIT,Medium,9,0,normal,40.102416,0.0,40.102416
train,cb31f421-f95a-5945-96f5-c96c726a1a97,2,DEBIT,Medium,10,22,surge,40.102416,83.30200952727947,123.40442552727947
train,cb6a32a9-5410-5277-b564-4a02628641dd,0,TRANSFER,High,9,0,normal,34.187037,0.0,34.187037
train,cb6a32a9-5410-5277-b564-4a02628641dd,1,TRANSFER,High,10,7,busy,34.187037,27.834538714864557,62.021575714864554
train,cb6a32a9-5410-5277-b564-4a02628641dd,2,TRANSFER,High,4,0,idle,34.187037,0.0,34.187037
train,cb6a32a9-5410-5277-b564-4a02628641dd,0,TRANSFER,Low,10,21,surge,58.262699,104.80788695600617,163.07058595600617
train,cb6a32a9-5410-5277-b564-4a02628641dd,1,TRANSFER,Low,6,0,normal,58.262699,0.0,58.262699
train,cb6a32a9-5410-5277-b564-4a02628641dd,2,TRANSFER,Low,10,6,busy,58.262699,35.64604920953608,93.90874820953607
train,cb6a32a9-5410-5277-b564-4a02628641dd,0,TRANSFER,Medium,7,0,normal,46.533628,0.0,46.533628
train,cb6a32a9-5410-5277-b564-4a02628641dd,1,TRANSFER,Medium,10,3,busy,46.533628,5.332775356936352,51.86640335693635
train,cb6a32a9-5410-5277-b564-4a02628641dd,2,TRANSFER,Medium,2,0,idle,46.533628,0.0,46.533628
train,cbbc05e5-8fcb-54d7-8551-26175a54ca31,0,TRANSFER,High,10,6,busy,36.342472,13.3125088348703,49.6549808348703
train,cbbc05e5-8fcb-54d7-8551-26175a54ca31,1,TRANSFER,High,10,8,busy,36.342472,24.344281108140535,60.686753108140536
train,cbbc05e5-8fcb-54d7-8551-26175a54ca31,2,TRANSFER,High,6,0,normal,36.342472,0.0,36.342472
train,cbbc05e5-8fcb-54d7-8551-26175a54ca31,0,TRANSFER,Low,2,0,idle,57.420573,0.0,57.420573
train,cbbc05e5-8fcb-54d7-8551-26175a54ca31,1,TRANSFER,Low,7,0,normal,57.420573,0.0,57.420573
train,cbbc05e5-8fcb-54d7-8551-26175a54ca31,2,TRANSFER,Low,1,0,idle,57.420573,0.0,57.420573
train,cbbc05e5-8fcb-54d7-8551-26175a54ca31,0,TRANSFER,Medium,10,18,surge,45.800194,72.39692269136108,118.19711669136109
train,cbbc05e5-8fcb-54d7-8551-26175a54ca31,1,TRANSFER,Medium,2,0,idle,45.800194,0.0,45.800194
train,cbbc05e5-8fcb-54d7-8551-26175a54ca31,2,TRANSFER,Medium,4,0,idle,45.800194,0.0,45.800194
train,cbc739e9-4bfb-511b-be27-f9b748bc2714,0,TRANSFER,High,9,0,normal,35.498733,0.0,35.498733
train,cbc739e9-4bfb-511b-be27-f9b748bc2714,1,TRANSFER,High,9,0,normal,35.498733,0.0,35.498733
train,cbc739e9-4bfb-511b-be27-f9b748bc2714,2,TRANSFER,High,9,0,normal,35.498733,0.0,35.498733
train,cbc739e9-4bfb-511b-be27-f9b748bc2714,0,TRANSFER,Low,10,6,busy,57.855307,35.55488048317325,93.41018748317325
train,cbc739e9-4bfb-511b-be27-f9b748bc2714,1,TRANSFER,Low,2,0,idle,57.855307,0.0,57.855307
train,cbc739e9-4bfb-511b-be27-f9b748bc2714,2,TRANSFER,Low,2,0,idle,57.855307,0.0,57.855307
train,cbc739e9-4bfb-511b-be27-f9b748bc2714,0,TRANSFER,Medium,6,0,normal,43.456154,0.0,43.456154
train,cbc739e9-4bfb-511b-be27-f9b748bc2714,1,TRANSFER,Medium,10,10,busy,43.456154,40.923052913357985,84.37920691335799
train,cbc739e9-4bfb-511b-be27-f9b748bc2714,2,TRANSFER,Medium,10,1,busy,43.456154,8.941161618149083,52.39731561814908
train,cbcd20d3-5f8d-5b26-81fe-a86ebaba2342,0,CASH_OUT,High,8,0,normal,28.057187,0.0,28.057187
train,cbcd20d3-5f8d-5b26-81fe-a86ebaba2342,1,CASH_OUT,High,5,0,normal,28.057187,0.0,28.057187
train,cbcd20d3-5f8d-5b26-81fe-a86ebaba2342,2,CASH_OUT,High,10,6,busy,28.057187,13.894862150347558,41.952049150347555
train,cbcd20d3-5f8d-5b26-81fe-a86ebaba2342,0,CASH_OUT,Low,10,9,busy,47.349627,44.90451556065658,92.25414256065658
train,cbcd20d3-5f8d-5b26-81fe-a86ebaba2342,1,CASH_OUT,Low,7,0,normal,47.349627,0.0,47.349627
train,cbcd20d3-5f8d-5b26-81fe-a86ebaba2342,2,CASH_OUT,Low,7,0,normal,47.349627,0.0,47.349627
train,cbcd20d3-5f8d-5b26-81fe-a86ebaba2342,0,CASH_OUT,Medium,10,4,busy,36.711694,11.521033587008803,48.2327275870088
train,cbcd20d3-5f8d-5b26-81fe-a86ebaba2342,1,CASH_OUT,Medium,5,0,normal,36.711694,0.0,36.711694
train,cbcd20d3-5f8d-5b26-81fe-a86ebaba2342,2,CASH_OUT,Medium,10,5,busy,36.711694,18.916356287011382,55.62805028701138
train,cbd18f2b-6013-5885-9058-48de91b10811,0,TRANSFER,High,10,30,surge,34.205447,90.96651630809413,125.17196330809412
train,cbd18f2b-6013-5885-9058-48de91b10811,1,TRANSFER,High,9,0,normal,34.205447,0.0,34.205447
train,cbd18f2b-6013-5885-9058-48de91b10811,2,TRANSFER,High,10,3,busy,34.205447,15.976863055247698,50.1823100552477
train,cbd18f2b-6013-5885-9058-48de91b10811,0,TRANSFER,Low,2,0,idle,58.215155,0.0,58.215155
train,cbd18f2b-6013-5885-9058-48de91b10811,1,TRANSFER,Low,10,4,busy,58.215155,12.302794659209017,70.51794965920902
train,cbd18f2b-6013-5885-9058-48de91b10811,2,TRANSFER,Low,8,0,normal,58.215155,0.0,58.215155
train,cbd18f2b-6013-5885-9058-48de91b10811,0,TRANSFER,Medium,9,0,normal,45.283191,0.0,45.283191
train,cbd18f2b-6013-5885-9058-48de91b10811,1,TRANSFER,Medium,8,0,normal,45.283191,0.0,45.283191
train,cbd18f2b-6013-5885-9058-48de91b10811,2,TRANSFER,Medium,4,0,idle,45.283191,0.0,45.283191
train,cbfddff2-613a-5628-9014-59095d82e161,0,DEBIT,High,1,0,idle,30.862649,0.0,30.862649
train,cbfddff2-613a-5628-9014-59095d82e161,1,DEBIT,High,10,8,busy,30.862649,24.339809037453552,55.20245803745355
train,cbfddff2-613a-5628-9014-59095d82e161,2,DEBIT,High,8,0,normal,30.862649,0.0,30.862649
train,cbfddff2-613a-5628-9014-59095d82e161,0,DEBIT,Low,10,4,busy,50.463464,23.92843704036558,74.39190104036558
train,cbfddff2-613a-5628-9014-59095d82e161,1,DEBIT,Low,10,9,busy,50.463464,52.68034096983285,103.14380496983284
train,cbfddff2-613a-5628-9014-59095d82e161,2,DEBIT,Low,10,5,busy,50.463464,21.013755852455304,71.4772198524553
train,cbfddff2-613a-5628-9014-59095d82e161,0,DEBIT,Medium,10,1,busy,41.823012,18.481572154248507,60.3045841542485
train,cbfddff2-613a-5628-9014-59095d82e161,1,DEBIT,Medium,6,0,normal,41.823012,0.0,41.823012
train,cbfddff2-613a-5628-9014-59095d82e161,2,DEBIT,Medium,5,0,normal,41.823012,0.0,41.823012
train,cc5750a9-8e1d-5dd6-a111-05f6764fdff7,0,TRANSFER,High,10,6,busy,33.93904,7.459620758150027,41.39866075815003
train,cc5750a9-8e1d-5dd6-a111-05f6764fdff7,1,TRANSFER,High,5,0,normal,33.93904,0.0,33.93904
train,cc5750a9-8e1d-5dd6-a111-05f6764fdff7,2,TRANSFER,High,10,30,surge,33.93904,88.46631896751707,122.40535896751706
train,cc5750a9-8e1d-5dd6-a111-05f6764fdff7,0,TRANSFER,Low,10,23,surge,57.418683,107.81041012094403,165.22909312094401
train,cc5750a9-8e1d-5dd6-a111-05f6764fdff7,1,TRANSFER,Low,3,0,idle,57.418683,0.0,57.418683
train,cc5750a9-8e1d-5dd6-a111-05f6764fdff7,2,TRANSFER,Low,7,0,normal,57.418683,0.0,57.418683
train,cc5750a9-8e1d-5dd6-a111-05f6764fdff7,0,TRANSFER,Medium,10,9,busy,44.529213,38.97738876632193,83.50660176632192
train,cc5750a9-8e1d-5dd6-a111-05f6764fdff7,1,TRANSFER,Medium,7,0,normal,44.529213,0.0,44.529213
train,cc5750a9-8e1d-5dd6-a111-05f6764fdff7,2,TRANSFER,Medium,2,0,idle,44.529213,0.0,44.529213
train,ccf0bbb9-7374-5d59-93dd-c1f124da5a97,0,CASH_OUT,High,0,0,idle,27.360608,0.0,27.360608
train,ccf0bbb9-7374-5d59-93dd-c1f124da5a97,1,CASH_OUT,High,8,0,normal,27.360608,0.0,27.360608
train,ccf0bbb9-7374-5d59-93dd-c1f124da5a97,2,CASH_OUT,High,10,2,busy,27.360608,8.70999412324128,36.07060212324128
train,ccf0bbb9-7374-5d59-93dd-c1f124da5a97,0,CASH_OUT,Low,8,0,normal,47.835853,0.0,47.835853
train,ccf0bbb9-7374-5d59-93dd-c1f124da5a97,1,CASH_OUT,Low,8,0,normal,47.835853,0.0,47.835853
train,ccf0bbb9-7374-5d59-93dd-c1f124da5a97,2,CASH_OUT,Low,8,0,normal,47.835853,0.0,47.835853
train,ccf0bbb9-7374-5d59-93dd-c1f124da5a97,0,CASH_OUT,Medium,10,18,surge,36.994131,70.59493990715538,107.58907090715539
train,ccf0bbb9-7374-5d59-93dd-c1f124da5a97,1,CASH_OUT,Medium,10,14,surge,36.994131,61.143419535825394,98.1375505358254
train,ccf0bbb9-7374-5d59-93dd-c1f124da5a97,2,CASH_OUT,Medium,1,0,idle,36.994131,0.0,36.994131
train,cd3612ce-0917-50d8-b86d-fba3445f438b,0,CASH_OUT,High,1,0,idle,27.51544,0.0,27.51544
train,cd3612ce-0917-50d8-b86d-fba3445f438b,1,CASH_OUT,High,4,0,idle,27.51544,0.0,27.51544
train,cd3612ce-0917-50d8-b86d-fba3445f438b,2,CASH_OUT,High,3,0,idle,27.51544,0.0,27.51544
train,cd3612ce-0917-50d8-b86d-fba3445f438b,0,CASH_OUT,Low,10,3,busy,42.965503,7.261739416409641,50.22724241640964
train,cd3612ce-0917-50d8-b86d-fba3445f438b,1,CASH_OUT,Low,10,9,busy,42.965503,46.37421071020441,89.3397137102044
train,cd3612ce-0917-50d8-b86d-fba3445f438b,2,CASH_OUT,Low,10,24,surge,42.965503,118.4425691864337,161.40807218643369
train,cd3612ce-0917-50d8-b86d-fba3445f438b,0,CASH_OUT,Medium,10,10,busy,36.786563,35.93662223186545,72.72318523186544
train,cd3612ce-0917-50d8-b86d-fba3445f438b,1,CASH_OUT,Medium,10,28,surge,36.786563,96.56978677609342,133.35634977609342
train,cd3612ce-0917-50d8-b86d-fba3445f438b,2,CASH_OUT,Medium,10,1,busy,36.786563,6.582973556055282,43.36953655605528
train,cd5cdf2b-8714-52d5-a9d6-2de05573c5c7,0,TRANSFER,High,10,3,busy,34.399152,11.307355388881257,45.706507388881256
train,cd5cdf2b-8714-52d5-a9d6-2de05573c5c7,1,TRANSFER,High,0,0,idle,34.399152,0.0,34.399152
train,cd5cdf2b-8714-52d5-a9d6-2de05573c5c7,2,TRANSFER,High,7,0,normal,34.399152,0.0,34.399152
train,cd5cdf2b-8714-52d5-a9d6-2de05573c5c7,0,TRANSFER,Low,0,0,idle,60.019466,0.0,60.019466
train,cd5cdf2b-8714-52d5-a9d6-2de05573c5c7,1,TRANSFER,Low,10,1,busy,60.019466,19.276396446979934,79.29586244697994
train,cd5cdf2b-8714-52d5-a9d6-2de05573c5c7,2,TRANSFER,Low,6,0,normal,60.019466,0.0,60.019466
train,cd5cdf2b-8714-52d5-a9d6-2de05573c5c7,0,TRANSFER,Medium,5,0,normal,44.254046,0.0,44.254046
train,cd5cdf2b-8714-52d5-a9d6-2de05573c5c7,1,TRANSFER,Medium,10,0,busy,44.254046,2.5195531267475855,46.77359912674759
train,cd5cdf2b-8714-52d5-a9d6-2de05573c5c7,2,TRANSFER,Medium,9,0,normal,44.254046,0.0,44.254046
train,cdce8291-8282-516f-a7ad-4a52d8918d1d,0,CASH_IN,High,10,18,surge,20.933476,55.55098160971757,76.48445760971757
train,cdce8291-8282-516f-a7ad-4a52d8918d1d,1,CASH_IN,High,8,0,normal,20.933476,0.0,20.933476
train,cdce8291-8282-516f-a7ad-4a52d8918d1d,2,CASH_IN,High,10,2,busy,20.933476,16.372739892325296,37.3062158923253
train,cdce8291-8282-516f-a7ad-4a52d8918d1d,0,CASH_IN,Low,5,0,normal,38.712348,0.0,38.712348
train,cdce8291-8282-516f-a7ad-4a52d8918d1d,1,CASH_IN,Low,10,1,busy,38.712348,15.578672168082438,54.29102016808244
train,cdce8291-8282-516f-a7ad-4a52d8918d1d,2,CASH_IN,Low,10,27,surge,38.712348,114.95830831340356,153.67065631340355
train,cdce8291-8282-516f-a7ad-4a52d8918d1d,0,CASH_IN,Medium,1,0,idle,28.777496,0.0,28.777496
train,cdce8291-8282-516f-a7ad-4a52d8918d1d,1,CASH_IN,Medium,10,25,surge,28.777496,91.78659625130081,120.5640922513008
train,cdce8291-8282-516f-a7ad-4a52d8918d1d,2,CASH_IN,Medium,7,0,normal,28.777496,0.0,28.777496
train,ce4d05dd-5da3-5c4a-990a-680e33731052,0,CASH_OUT,High,10,28,surge,28.850958,77.68976201021381,106.54072001021382
train,ce4d05dd-5da3-5c4a-990a-680e33731052,1,CASH_OUT,High,7,0,normal,28.850958,0.0,28.850958
train,ce4d05dd-5da3-5c4a-990a-680e33731052,2,CASH_OUT,High,7,0,normal,28.850958,0.0,28.850958
train,ce4d05dd-5da3-5c4a-990a-680e33731052,0,CASH_OUT,Low,10,7,busy,46.560049,35.83620023554008,82.39624923554008
train,ce4d05dd-5da3-5c4a-990a-680e33731052,1,CASH_OUT,Low,9,0,normal,46.560049,0.0,46.560049
train,ce4d05dd-5da3-5c4a-990a-680e33731052,2,CASH_OUT,Low,8,0,normal,46.560049,0.0,46.560049
train,ce4d05dd-5da3-5c4a-990a-680e33731052,0,CASH_OUT,Medium,10,21,surge,37.234333,82.93541255517621,120.1697455551762
train,ce4d05dd-5da3-5c4a-990a-680e33731052,1,CASH_OUT,Medium,10,10,busy,37.234333,43.07590080173958,80.31023380173957
train,ce4d05dd-5da3-5c4a-990a-680e33731052,2,CASH_OUT,Medium,4,0,idle,37.234333,0.0,37.234333
train,cf2b44e7-6e44-5fc4-a07c-a0d56394fdc7,0,CASH_OUT,High,10,26,surge,28.065132,81.54269200193626,109.60782400193625
train,cf2b44e7-6e44-5fc4-a07c-a0d56394fdc7,1,CASH_OUT,High,2,0,idle,28.065132,0.0,28.065132
train,cf2b44e7-6e44-5fc4-a07c-a0d56394fdc7,2,CASH_OUT,High,10,22,surge,28.065132,60.919112115927035,88.98424411592703
train,cf2b44e7-6e44-5fc4-a07c-a0d56394fdc7,0,CASH_OUT,Low,10,2,busy,44.571472,16.471289829223977,61.04276182922398
train,cf2b44e7-6e44-5fc4-a07c-a0d56394fdc7,1,CASH_OUT,Low,7,0,normal,44.571472,0.0,44.571472
train,cf2b44e7-6e44-5fc4-a07c-a0d56394fdc7,2,CASH_OUT,Low,1,0,idle,44.571472,0.0,44.571472
train,cf2b44e7-6e44-5fc4-a07c-a0d56394fdc7,0,CASH_OUT,Medium,10,2,busy,36.991173,14.314918145155021,51.30609114515502
train,cf2b44e7-6e44-5fc4-a07c-a0d56394fdc7,1,CASH_OUT,Medium,9,0,normal,36.991173,0.0,36.991173
train,cf2b44e7-6e44-5fc4-a07c-a0d56394fdc7,2,CASH_OUT,Medium,10,9,busy,36.991173,31.233497813151402,68.2246708131514
train,cf5dd8b2-bf80-533c-9173-f1e0d7d5cfa2,0,CASH_IN,High,1,0,idle,20.534606,0.0,20.534606
train,cf5dd8b2-bf80-533c-9173-f1e0d7d5cfa2,1,CASH_IN,High,9,0,normal,20.534606,0.0,20.534606
train,cf5dd8b2-bf80-533c-9173-f1e0d7d5cfa2,2,CASH_IN,High,7,0,normal,20.534606,0.0,20.534606
train,cf5dd8b2-bf80-533c-9173-f1e0d7d5cfa2,0,CASH_IN,Low,10,16,surge,32.713117,79.06267536740518,111.77579236740517
train,cf5dd8b2-bf80-533c-9173-f1e0d7d5cfa2,1,CASH_IN,Low,1,0,idle,32.713117,0.0,32.713117
train,cf5dd8b2-bf80-533c-9173-f1e0d7d5cfa2,2,CASH_IN,Low,10,8,busy,32.713117,33.569731949067524,66.28284894906753
train,cf5dd8b2-bf80-533c-9173-f1e0d7d5cfa2,0,CASH_IN,Medium,3,0,idle,27.856174,0.0,27.856174
train,cf5dd8b2-bf80-533c-9173-f1e0d7d5cfa2,1,CASH_IN,Medium,10,0,busy,27.856174,4.21696130522295,32.07313530522295
train,cf5dd8b2-bf80-533c-9173-f1e0d7d5cfa2,2,CASH_IN,Medium,10,22,surge,27.856174,79.09761278012766,106.95378678012766
train,d22b9a01-a2e8-50d3-947d-11d61a2be4a5,0,CASH_IN,High,3,0,idle,21.608294,0.0,21.608294
train,d22b9a01-a2e8-50d3-947d-11d61a2be4a5,1,CASH_IN,High,10,3,busy,21.608294,9.931481830080218,31.539775830080217
train,d22b9a01-a2e8-50d3-947d-11d61a2be4a5,2,CASH_IN,High,10,5,busy,21.608294,10.69749814262958,32.305792142629585
train,d22b9a01-a2e8-50d3-947d-11d61a2be4a5,0,CASH_IN,Low,2,0,idle,36.396201,0.0,36.396201
train,d22b9a01-a2e8-50d3-947d-11d61a2be4a5,1,CASH_IN,Low,5,0,normal,36.396201,0.0,36.396201
train,d22b9a01-a2e8-50d3-947d-11d61a2be4a5,2,CASH_IN,Low,9,0,normal,36.396201,0.0,36.396201
train,d22b9a01-a2e8-50d3-947d-11d61a2be4a5,0,CASH_IN,Medium,9,0,normal,29.210467,0.0,29.210467
train,d22b9a01-a2e8-50d3-947d-11d61a2be4a5,1,CASH_IN,Medium,3,0,idle,29.210467,0.0,29.210467
train,d22b9a01-a2e8-50d3-947d-11d61a2be4a5,2,CASH_IN,Medium,6,0,normal,29.210467,0.0,29.210467
train,d2a32f65-adb8-5b69-869d-5ad6264a9a59,0,PAYMENT,High,9,0,normal,26.152542,0.0,26.152542
train,d2a32f65-adb8-5b69-869d-5ad6264a9a59,1,PAYMENT,High,10,0,busy,26.152542,2.3015693277001814,28.454111327700183
train,d2a32f65-adb8-5b69-869d-5ad6264a9a59,2,PAYMENT,High,7,0,normal,26.152542,0.0,26.152542
train,d2a32f65-adb8-5b69-869d-5ad6264a9a59,0,PAYMENT,Low,10,17,surge,40.042756,85.54943200379894,125.59218800379894
train,d2a32f65-adb8-5b69-869d-5ad6264a9a59,1,PAYMENT,Low,9,0,normal,40.042756,0.0,40.042756
train,d2a32f65-adb8-5b69-869d-5ad6264a9a59,2,PAYMENT,Low,3,0,idle,40.042756,0.0,40.042756
train,d2a32f65-adb8-5b69-869d-5ad6264a9a59,0,PAYMENT,Medium,1,0,idle,31.882964,0.0,31.882964
train,d2a32f65-adb8-5b69-869d-5ad6264a9a59,1,PAYMENT,Medium,5,0,normal,31.882964,0.0,31.882964
train,d2a32f65-adb8-5b69-869d-5ad6264a9a59,2,PAYMENT,Medium,10,22,surge,31.882964,86.78157464096738,118.66453864096738
train,d2b27235-eee5-5f56-9154-a51928ddd757,0,CASH_IN,High,2,0,idle,20.68225,0.0,20.68225
train,d2b27235-eee5-5f56-9154-a51928ddd757,1,CASH_IN,High,10,0,busy,20.68225,3.7779015945831445,24.460151594583145
train,d2b27235-eee5-5f56-9154-a51928ddd757,2,CASH_IN,High,10,2,busy,20.68225,13.71645721998092,34.39870721998092
train,d2b27235-eee5-5f56-9154-a51928ddd757,0,CASH_IN,Low,0,0,idle,37.841942,0.0,37.841942
train,d2b27235-eee5-5f56-9154-a51928ddd757,1,CASH_IN,Low,10,2,busy,37.841942,11.183649193457954,49.025591193457956
train,d2b27235-eee5-5f56-9154-a51928ddd757,2,CASH_IN,Low,10,9,busy,37.841942,29.98750716568263,67.82944916568263
train,d2b27235-eee5-5f56-9154-a51928ddd757,0,CASH_IN,Medium,10,0,busy,28.650853,3.978167798108329,32.62902079810833
train,d2b27235-eee5-5f56-9154-a51928ddd757,1,CASH_IN,Medium,10,7,busy,28.650853,28.09304988185464,56.74390288185464
train,d2b27235-eee5-5f56-9154-a51928ddd757,2,CASH_IN,Medium,10,29,surge,28.650853,99.56901253777426,128.21986553777427
train,d310226c-8cdf-5a9b-93c8-6e55c20d5e35,0,DEBIT,High,8,0,normal,33.313338,0.0,33.313338
train,d310226c-8cdf-5a9b-93c8-6e55c20d5e35,1,DEBIT,High,10,8,busy,33.313338,23.933746542708736,57.247084542708734
train,d310226c-8cdf-5a9b-93c8-6e55c20d5e35,2,DEBIT,High,10,6,busy,33.313338,19.896703101110297,53.2100411011103
train,d310226c-8cdf-5a9b-93c8-6e55c20d5e35,0,DEBIT,Low,10,4,busy,51.521444,23.939112143593764,75.46055614359376
train,d310226c-8cdf-5a9b-93c8-6e55c20d5e35,1,DEBIT,Low,10,10,busy,51.521444,48.85623382820407,100.37767782820407
train,d310226c-8cdf-5a9b-93c8-6e55c20d5e35,2,DEBIT,Low,1,0,idle,51.521444,0.0,51.521444
train,d310226c-8cdf-5a9b-93c8-6e55c20d5e35,0,DEBIT,Medium,2,0,idle,39.801376,0.0,39.801376
train,d310226c-8cdf-5a9b-93c8-6e55c20d5e35,1,DEBIT,Medium,10,2,busy,39.801376,9.211058982196212,49.01243498219621
train,d310226c-8cdf-5a9b-93c8-6e55c20d5e35,2,DEBIT,Medium,9,0,normal,39.801376,0.0,39.801376
train,d33ade51-d82e-53dc-8f9c-21c259db5aa7,0,CASH_IN,High,10,1,busy,21.9969,4.383782081175457,26.380682081175458
train,d33ade51-d82e-53dc-8f9c-21c259db5aa7,1,CASH_IN,High,10,27,surge,21.9969,80.95184957430078,102.94874957430078
train,d33ade51-d82e-53dc-8f9c-21c259db5aa7,2,CASH_IN,High,0,0,idle,21.9969,0.0,21.9969
train,d33ade51-d82e-53dc-8f9c-21c259db5aa7,0,CASH_IN,Low,10,5,busy,34.581052,28.614799686685785,63.195851686685785
train,d33ade51-d82e-53dc-8f9c-21c259db5aa7,1,CASH_IN,Low,10,13,surge,34.581052,66.40644471302826,100.98749671302826
train,d33ade51-d82e-53dc-8f9c-21c259db5aa7,2,CASH_IN,Low,10,1,busy,34.581052,11.527381097328643,46.10843309732864
train,d33ade51-d82e-53dc-8f9c-21c259db5aa7,0,CASH_IN,Medium,10,7,busy,28.140223,32.313263014501274,60.45348601450127
train,d33ade51-d82e-53dc-8f9c-21c259db5aa7,1,CASH_IN,Medium,1,0,idle,28.140223,0.0,28.140223
train,d33ade51-d82e-53dc-8f9c-21c259db5aa7,2,CASH_IN,Medium,7,0,normal,28.140223,0.0,28.140223
train,d4369769-25ae-5bda-a9bb-d18b74d2ad3b,0,TRANSFER,High,9,0,normal,34.505363,0.0,34.505363
train,d4369769-25ae-5bda-a9bb-d18b74d2ad3b,1,TRANSFER,High,7,0,normal,34.505363,0.0,34.505363
train,d4369769-25ae-5bda-a9bb-d18b74d2ad3b,2,TRANSFER,High,4,0,idle,34.505363,0.0,34.505363
train,d4369769-25ae-5bda-a9bb-d18b74d2ad3b,0,TRANSFER,Low,6,0,normal,56.619093,0.0,56.619093
train,d4369769-25ae-5bda-a9bb-d18b74d2ad3b,1,TRANSFER,Low,8,0,normal,56.619093,0.0,56.619093
train,d4369769-25ae-5bda-a9bb-d18b74d2ad3b,2,TRANSFER,Low,6,0,normal,56.619093,0.0,56.619093
train,d4369769-25ae-5bda-a9bb-d18b74d2ad3b,0,TRANSFER,Medium,10,9,busy,45.40607,33.155684624266335,78.56175462426634
train,d4369769-25ae-5bda-a9bb-d18b74d2ad3b,1,TRANSFER,Medium,10,5,busy,45.40607,14.840454117698812,60.24652411769881
train,d4369769-25ae-5bda-a9bb-d18b74d2ad3b,2,TRANSFER,Medium,8,0,normal,45.40607,0.0,45.40607
train,d4a004c4-00a4-5ca7-a58d-df0b72d6c63d,0,PAYMENT,High,9,0,normal,25.070286,0.0,25.070286
train,d4a004c4-00a4-5ca7-a58d-df0b72d6c63d,1,PAYMENT,High,4,0,idle,25.070286,0.0,25.070286
train,d4a004c4-00a4-5ca7-a58d-df0b72d6c63d,2,PAYMENT,High,10,8,busy,25.070286,24.550050410291792,49.62033641029179
train,d4a004c4-00a4-5ca7-a58d-df0b72d6c63d,0,PAYMENT,Low,10,7,busy,39.73404,42.04847436244328,81.78251436244328
train,d4a004c4-00a4-5ca7-a58d-df0b72d6c63d,1,PAYMENT,Low,9,0,normal,39.73404,0.0,39.73404
train,d4a004c4-00a4-5ca7-a58d-df0b72d6c63d,2,PAYMENT,Low,8,0,normal,39.73404,0.0,39.73404
train,d4a004c4-00a4-5ca7-a58d-df0b72d6c63d,0,PAYMENT,Medium,9,0,normal,32.464202,0.0,32.464202
train,d4a004c4-00a4-5ca7-a58d-df0b72d6c63d,1,PAYMENT,Medium,10,9,busy,32.464202,36.000267881244156,68.46446988124416
train,d4a004c4-00a4-5ca7-a58d-df0b72d6c63d,2,PAYMENT,Medium,10,24,surge,32.464202,85.50778286198963,117.97198486198963
train,d4a154dc-e5b4-50eb-917f-3cba3c8c029b,0,TRANSFER,High,10,19,surge,34.113662,56.87398357467114,90.98764557467115
train,d4a154dc-e5b4-50eb-917f-3cba3c8c029b,1,TRANSFER,High,2,0,idle,34.113662,0.0,34.113662
train,d4a154dc-e5b4-50eb-917f-3cba3c8c029b,2,TRANSFER,High,5,0,normal,34.113662,0.0,34.113662
train,d4a154dc-e5b4-50eb-917f-3cba3c8c029b,0,TRANSFER,Low,7,0,normal,56.590332,0.0,56.590332
train,d4a154dc-e5b4-50eb-917f-3cba3c8c029b,1,TRANSFER,Low,10,5,busy,56.590332,35.85353741349789,92.44386941349788
train,d4a154dc-e5b4-50eb-917f-3cba3c8c029b,2,TRANSFER,Low,1,0,idle,56.590332,0.0,56.590332
train,d4a154dc-e5b4-50eb-917f-3cba3c8c029b,0,TRANSFER,Medium,10,6,busy,46.435329,20.818097850723742,67.25342685072374
train,d4a154dc-e5b4-50eb-917f-3cba3c8c029b,1,TRANSFER,Medium,10,9,busy,46.435329,34.879184339012994,81.31451333901299
train,d4a154dc-e5b4-50eb-917f-3cba3c8c029b,2,TRANSFER,Medium,2,0,idle,46.435329,0.0,46.435329
train,d4c49e5e-3d3f-5c02-b89b-ec6dd136531f,0,TRANSFER,High,6,0,normal,34.628059,0.0,34.628059
train,d4c49e5e-3d3f-5c02-b89b-ec6dd136531f,1,TRANSFER,High,10,13,surge,34.628059,31.268735641878166,65.89679464187816
train,d4c49e5e-3d3f-5c02-b89b-ec6dd136531f,2,TRANSFER,High,10,10,busy,34.628059,34.46939153788685,69.09745053788686
train,d4c49e5e-3d3f-5c02-b89b-ec6dd136531f,0,TRANSFER,Low,8,0,normal,59.76066,0.0,59.76066
train,d4c49e5e-3d3f-5c02-b89b-ec6dd136531f,1,TRANSFER,Low,10,18,surge,59.76066,91.7624798785723,151.5231398785723
train,d4c49e5e-3d3f-5c02-b89b-ec6dd136531f,2,TRANSFER,Low,10,6,busy,59.76066,23.902563094105293,83.66322309410529
train,d4c49e5e-3d3f-5c02-b89b-ec6dd136531f,0,TRANSFER,Medium,1,0,idle,45.897636,0.0,45.897636
train,d4c49e5e-3d3f-5c02-b89b-ec6dd136531f,1,TRANSFER,Medium,6,0,normal,45.897636,0.0,45.897636
train,d4c49e5e-3d3f-5c02-b89b-ec6dd136531f,2,TRANSFER,Medium,10,15,surge,45.897636,55.761822621301306,101.6594586213013
train,d5f690c2-08fb-5b8f-976c-a6005f833eaf,0,CASH_OUT,High,10,0,busy,28.63294,4.522483639287204,33.15542363928721
train,d5f690c2-08fb-5b8f-976c-a6005f833eaf,1,CASH_OUT,High,8,0,normal,28.63294,0.0,28.63294
train,d5f690c2-08fb-5b8f-976c-a6005f833eaf,2,CASH_OUT,High,9,0,normal,28.63294,0.0,28.63294
train,d5f690c2-08fb-5b8f-976c-a6005f833eaf,0,CASH_OUT,Low,6,0,normal,46.67464,0.0,46.67464
train,d5f690c2-08fb-5b8f-976c-a6005f833eaf,1,CASH_OUT,Low,9,0,normal,46.67464,0.0,46.67464
train,d5f690c2-08fb-5b8f-976c-a6005f833eaf,2,CASH_OUT,Low,10,10,busy,46.67464,43.425904086767964,90.10054408676797
train,d5f690c2-08fb-5b8f-976c-a6005f833eaf,0,CASH_OUT,Medium,10,25,surge,37.355126,90.96105126344527,128.31617726344527
train,d5f690c2-08fb-5b8f-976c-a6005f833eaf,1,CASH_OUT,Medium,0,0,idle,37.355126,0.0,37.355126
train,d5f690c2-08fb-5b8f-976c-a6005f833eaf,2,CASH_OUT,Medium,10,18,surge,37.355126,68.26064731394499,105.61577331394498
train,d642847d-02e2-5cbc-9e0f-087de083a0ec,0,DEBIT,High,5,0,normal,33.191585,0.0,33.191585
train,d642847d-02e2-5cbc-9e0f-087de083a0ec,1,DEBIT,High,10,21,surge,33.191585,61.805334454686566,94.99691945468658
train,d642847d-02e2-5cbc-9e0f-087de083a0ec,2,DEBIT,High,2,0,idle,33.191585,0.0,33.191585
train,d642847d-02e2-5cbc-9e0f-087de083a0ec,0,DEBIT,Low,2,0,idle,53.569805,0.0,53.569805
train,d642847d-02e2-5cbc-9e0f-087de083a0ec,1,DEBIT,Low,7,0,normal,53.569805,0.0,53.569805
train,d642847d-02e2-5cbc-9e0f-087de083a0ec,2,DEBIT,Low,7,0,normal,53.569805,0.0,53.569805
train,d642847d-02e2-5cbc-9e0f-087de083a0ec,0,DEBIT,Medium,10,7,busy,40.654678,29.568020148952414,70.22269814895242
train,d642847d-02e2-5cbc-9e0f-087de083a0ec,1,DEBIT,Medium,10,8,busy,40.654678,32.306300462738356,72.96097846273835
train,d642847d-02e2-5cbc-9e0f-087de083a0ec,2,DEBIT,Medium,10,19,surge,40.654678,69.08338579332684,109.73806379332683
train,d6872277-0998-56a9-9fe1-0d83942f0f42,0,CASH_IN,High,10,4,busy,21.103701,10.727654985722918,31.83135598572292
train,d6872277-0998-56a9-9fe1-0d83942f0f42,1,CASH_IN,High,10,2,busy,21.103701,11.750959805550556,32.85466080555056
train,d6872277-0998-56a9-9fe1-0d83942f0f42,2,CASH_IN,High,10,3,busy,21.103701,11.114165249654073,32.21786624965407
train,d6872277-0998-56a9-9fe1-0d83942f0f42,0,CASH_IN,Low,10,9,busy,34.94873,36.208277192988916,71.15700719298891
train,d6872277-0998-56a9-9fe1-0d83942f0f42,1,CASH_IN,Low,7,0,normal,34.94873,0.0,34.94873
train,d6872277-0998-56a9-9fe1-0d83942f0f42,2,CASH_IN,Low,8,0,normal,34.94873,0.0,34.94873
train,d6872277-0998-56a9-9fe1-0d83942f0f42,0,CASH_IN,Medium,10,9,busy,27.766713,21.605144832292098,49.37185783229209
train,d6872277-0998-56a9-9fe1-0d83942f0f42,1,CASH_IN,Medium,6,0,normal,27.766713,0.0,27.766713
train,d6872277-0998-56a9-9fe1-0d83942f0f42,2,CASH_IN,Medium,10,7,busy,27.766713,16.232987944517255,43.99970094451726
train,d6e9db41-752b-56ef-9d8d-70b6e4c12e88,0,PAYMENT,High,10,24,surge,25.225223,71.61262498399697,96.83784798399697
train,d6e9db41-752b-56ef-9d8d-70b6e4c12e88,1,PAYMENT,High,3,0,idle,25.225223,0.0,25.225223
train,d6e9db41-752b-56ef-9d8d-70b6e4c12e88,2,PAYMENT,High,10,7,busy,25.225223,24.258357634024176,49.48358063402418
train,d6e9db41-752b-56ef-9d8d-70b6e4c12e88,0,PAYMENT,Low,10,4,busy,39.890646,18.788060711134808,58.67870671113481
train,d6e9db41-752b-56ef-9d8d-70b6e4c12e88,1,PAYMENT,Low,8,0,normal,39.890646,0.0,39.890646
train,d6e9db41-752b-56ef-9d8d-70b6e4c12e88,2,PAYMENT,Low,10,8,busy,39.890646,42.18679444986417,82.07744044986417
train,d6e9db41-752b-56ef-9d8d-70b6e4c12e88,0,PAYMENT,Medium,5,0,normal,31.099822,0.0,31.099822
train,d6e9db41-752b-56ef-9d8d-70b6e4c12e88,1,PAYMENT,Medium,10,11,surge,31.099822,41.45653290534935,72.55635490534935
train,d6e9db41-752b-56ef-9d8d-70b6e4c12e88,2,PAYMENT,Medium,10,12,surge,31.099822,49.16257409454265,80.26239609454265
train,d7420041-fac4-5be4-8f64-1fcf601c283b,0,PAYMENT,High,0,0,idle,24.095287,0.0,24.095287
train,d7420041-fac4-5be4-8f64-1fcf601c283b,1,PAYMENT,High,9,0,normal,24.095287,0.0,24.095287
train,d7420041-fac4-5be4-8f64-1fcf601c283b,2,PAYMENT,High,10,4,busy,24.095287,13.494097978861038,37.589384978861034
train,d7420041-fac4-5be4-8f64-1fcf601c283b,0,PAYMENT,Low,10,10,busy,40.914616,43.50042769940369,84.4150436994037
train,d7420041-fac4-5be4-8f64-1fcf601c283b,1,PAYMENT,Low,8,0,normal,40.914616,0.0,40.914616
train,d7420041-fac4-5be4-8f64-1fcf601c283b,2,PAYMENT,Low,9,0,normal,40.914616,0.0,40.914616
train,d7420041-fac4-5be4-8f64-1fcf601c283b,0,PAYMENT,Medium,7,0,normal,30.942045,0.0,30.942045
train,d7420041-fac4-5be4-8f64-1fcf601c283b,1,PAYMENT,Medium,7,0,normal,30.942045,0.0,30.942045
train,d7420041-fac4-5be4-8f64-1fcf601c283b,2,PAYMENT,Medium,8,0,normal,30.942045,0.0,30.942045
train,d7f4f64f-f8d4-5b14-aa53-b8a955e58fa7,0,PAYMENT,High,10,18,surge,24.040578,50.8418421750638,74.8824201750638
train,d7f4f64f-f8d4-5b14-aa53-b8a955e58fa7,1,PAYMENT,High,9,0,normal,24.040578,0.0,24.040578
train,d7f4f64f-f8d4-5b14-aa53-b8a955e58fa7,2,PAYMENT,High,10,0,busy,24.040578,3.7706123379709537,27.811190337970952
train,d7f4f64f-f8d4-5b14-aa53-b8a955e58fa7,0,PAYMENT,Low,10,19,surge,39.04326,90.39757820937285,129.44083820937286
train,d7f4f64f-f8d4-5b14-aa53-b8a955e58fa7,1,PAYMENT,Low,7,0,normal,39.04326,0.0,39.04326
train,d7f4f64f-f8d4-5b14-aa53-b8a955e58fa7,2,PAYMENT,Low,0,0,idle,39.04326,0.0,39.04326
train,d7f4f64f-f8d4-5b14-aa53-b8a955e58fa7,0,PAYMENT,Medium,7,0,normal,31.176057,0.0,31.176057
train,d7f4f64f-f8d4-5b14-aa53-b8a955e58fa7,1,PAYMENT,Medium,10,9,busy,31.176057,31.41874038160683,62.59479738160683
train,d7f4f64f-f8d4-5b14-aa53-b8a955e58fa7,2,PAYMENT,Medium,10,4,busy,31.176057,14.891961362976135,46.06801836297613
train,d84f751a-fb4d-5cfb-bf3a-818a5341f566,0,CASH_OUT,High,8,0,normal,28.648859,0.0,28.648859
train,d84f751a-fb4d-5cfb-bf3a-818a5341f566,1,CASH_OUT,High,8,0,normal,28.648859,0.0,28.648859
train,d84f751a-fb4d-5cfb-bf3a-818a5341f566,2,CASH_OUT,High,10,9,busy,28.648859,30.875788192742178,59.52464719274218
train,d84f751a-fb4d-5cfb-bf3a-818a5341f566,0,CASH_OUT,Low,10,27,surge,47.019092,129.98476379173243,177.00385579173243
train,d84f751a-fb4d-5cfb-bf3a-818a5341f566,1,CASH_OUT,Low,3,0,idle,47.019092,0.0,47.019092
train,d84f751a-fb4d-5cfb-bf3a-818a5341f566,2,CASH_OUT,Low,10,10,busy,47.019092,50.394074859164185,97.41316685916419
train,d84f751a-fb4d-5cfb-bf3a-818a5341f566,0,CASH_OUT,Medium,10,9,busy,36.062622,44.26527734699885,80.32789934699885
train,d84f751a-fb4d-5cfb-bf3a-818a5341f566,1,CASH_OUT,Medium,10,19,surge,36.062622,63.43254592317028,99.49516792317027
train,d84f751a-fb4d-5cfb-bf3a-818a5341f566,2,CASH_OUT,Medium,0,0,idle,36.062622,0.0,36.062622
train,d8aad420-3ace-545d-ba5e-839163d2878f,0,PAYMENT,High,0,0,idle,25.06444,0.0,25.06444
train,d8aad420-3ace-545d-ba5e-839163d2878f,1,PAYMENT,High,10,1,busy,25.06444,12.045184304970482,37.10962430497048
train,d8aad420-3ace-545d-ba5e-839163d2878f,2,PAYMENT,High,1,0,idle,25.06444,0.0,25.06444
train,d8aad420-3ace-545d-ba5e-839163d2878f,0,PAYMENT,Low,10,9,busy,39.70836,48.724537197114344,88.43289719711434
train,d8aad420-3ace-545d-ba5e-839163d2878f,1,PAYMENT,Low,2,0,idle,39.70836,0.0,39.70836
train,d8aad420-3ace-545d-ba5e-839163d2878f,2,PAYMENT,Low,5,0,normal,39.70836,0.0,39.70836
train,d8aad420-3ace-545d-ba5e-839163d2878f,0,PAYMENT,Medium,3,0,idle,31.397377,0.0,31.397377
train,d8aad420-3ace-545d-ba5e-839163d2878f,1,PAYMENT,Medium,10,11,surge,31.397377,49.459656572359705,80.85703357235971
train,d8aad420-3ace-545d-ba5e-839163d2878f,2,PAYMENT,Medium,10,18,surge,31.397377,68.87071819706416,100.26809519706416
train,d8ac4bc4-83d7-5e9f-a090-72f1569823fa,0,CASH_IN,High,6,0,normal,22.964415,0.0,22.964415
train,d8ac4bc4-83d7-5e9f-a090-72f1569823fa,1,CASH_IN,High,10,14,surge,22.964415,37.90749845174027,60.87191345174027
train,d8ac4bc4-83d7-5e9f-a090-72f1569823fa,2,CASH_IN,High,10,12,surge,22.964415,41.06999196890719,64.03440696890719
train,d8ac4bc4-83d7-5e9f-a090-72f1569823fa,0,CASH_IN,Low,9,0,normal,36.56139,0.0,36.56139
train,d8ac4bc4-83d7-5e9f-a090-72f1569823fa,1,CASH_IN,Low,5,0,normal,36.56139,0.0,36.56139
train,d8ac4bc4-83d7-5e9f-a090-72f1569823fa,2,CASH_IN,Low,5,0,normal,36.56139,0.0,36.56139
train,d8ac4bc4-83d7-5e9f-a090-72f1569823fa,0,CASH_IN,Medium,0,0,idle,28.36486,0.0,28.36486
train,d8ac4bc4-83d7-5e9f-a090-72f1569823fa,1,CASH_IN,Medium,0,0,idle,28.36486,0.0,28.36486
train,d8ac4bc4-83d7-5e9f-a090-72f1569823fa,2,CASH_IN,Medium,7,0,normal,28.36486,0.0,28.36486
train,d8b980c2-6bd9-5aa8-91a9-5f8ceb6ed790,0,TRANSFER,High,10,7,busy,38.045978,15.067855459970312,53.11383345997031
train,d8b980c2-6bd9-5aa8-91a9-5f8ceb6ed790,1,TRANSFER,High,10,4,busy,38.045978,8.238445965298848,46.28442396529884
train,d8b980c2-6bd9-5aa8-91a9-5f8ceb6ed790,2,TRANSFER,High,10,5,busy,38.045978,16.518789455025264,54.56476745502526
train,d8b980c2-6bd9-5aa8-91a9-5f8ceb6ed790,0,TRANSFER,Low,10,2,busy,57.910556,12.33265747408541,70.24321347408541
train,d8b980c2-6bd9-5aa8-91a9-5f8ceb6ed790,1,TRANSFER,Low,10,2,busy,57.910556,22.67171324994969,80.58226924994969
train,d8b980c2-6bd9-5aa8-91a9-5f8ceb6ed790,2,TRANSFER,Low,10,3,busy,57.910556,12.63625885001431,70.54681485001431
train,d8b980c2-6bd9-5aa8-91a9-5f8ceb6ed790,0,TRANSFER,Medium,5,0,normal,46.083624,0.0,46.083624
train,d8b980c2-6bd9-5aa8-91a9-5f8ceb6ed790,1,TRANSFER,Medium,10,28,surge,46.083624,104.2134347065674,150.29705870656738
train,d8b980c2-6bd9-5aa8-91a9-5f8ceb6ed790,2,TRANSFER,Medium,10,21,surge,46.083624,74.84791764553742,120.93154164553742
train,d8dbfd90-1cb4-594a-bfe3-34b4de1ac86f,0,PAYMENT,High,10,21,surge,24.23797,63.55990336790618,87.79787336790618
train,d8dbfd90-1cb4-594a-bfe3-34b4de1ac86f,1,PAYMENT,High,10,0,busy,24.23797,3.9051509436949305,28.14312094369493
train,d8dbfd90-1cb4-594a-bfe3-34b4de1ac86f,2,PAYMENT,High,4,0,idle,24.23797,0.0,24.23797
train,d8dbfd90-1cb4-594a-bfe3-34b4de1ac86f,0,PAYMENT,Low,10,10,busy,41.340477,45.670530734962746,87.01100773496275
train,d8dbfd90-1cb4-594a-bfe3-34b4de1ac86f,1,PAYMENT,Low,10,9,busy,41.340477,44.70138890145645,86.04186590145645
train,d8dbfd90-1cb4-594a-bfe3-34b4de1ac86f,2,PAYMENT,Low,10,0,busy,41.340477,7.129503152364523,48.46998015236452
train,d8dbfd90-1cb4-594a-bfe3-34b4de1ac86f,0,PAYMENT,Medium,10,18,surge,31.703465,65.20500947298501,96.908474472985
train,d8dbfd90-1cb4-594a-bfe3-34b4de1ac86f,1,PAYMENT,Medium,10,10,busy,31.703465,40.173550885668426,71.87701588566843
train,d8dbfd90-1cb4-594a-bfe3-34b4de1ac86f,2,PAYMENT,Medium,10,20,surge,31.703465,70.37805713420286,102.08152213420286
train,d8e168cb-880d-572a-82bd-00f306f72fbd,0,TRANSFER,High,2,0,idle,36.249658,0.0,36.249658
train,d8e168cb-880d-572a-82bd-00f306f72fbd,1,TRANSFER,High,3,0,idle,36.249658,0.0,36.249658
train,d8e168cb-880d-572a-82bd-00f306f72fbd,2,TRANSFER,High,10,11,surge,36.249658,32.33881735611996,68.58847535611996
train,d8e168cb-880d-572a-82bd-00f306f72fbd,0,TRANSFER,Low,6,0,normal,59.260594,0.0,59.260594
train,d8e168cb-880d-572a-82bd-00f306f72fbd,1,TRANSFER,Low,9,0,normal,59.260594,0.0,59.260594
train,d8e168cb-880d-572a-82bd-00f306f72fbd,2,TRANSFER,Low,10,6,busy,59.260594,17.49518291113943,76.75577691113944
train,d8e168cb-880d-572a-82bd-00f306f72fbd,0,TRANSFER,Medium,1,0,idle,45.815621,0.0,45.815621
train,d8e168cb-880d-572a-82bd-00f306f72fbd,1,TRANSFER,Medium,10,4,busy,45.815621,11.732157907308261,57.54777890730826
train,d8e168cb-880d-572a-82bd-00f306f72fbd,2,TRANSFER,Medium,0,0,idle,45.815621,0.0,45.815621
train,d9117be7-a622-511f-952f-742da0d490a7,0,DEBIT,High,10,1,busy,33.146058,1.964931404163189,35.110989404163185
train,d9117be7-a622-511f-952f-742da0d490a7,1,DEBIT,High,5,0,normal,33.146058,0.0,33.146058
train,d9117be7-a622-511f-952f-742da0d490a7,2,DEBIT,High,7,0,normal,33.146058,0.0,33.146058
train,d9117be7-a622-511f-952f-742da0d490a7,0,DEBIT,Low,6,0,normal,51.439653,0.0,51.439653
train,d9117be7-a622-511f-952f-742da0d490a7,1,DEBIT,Low,10,8,busy,51.439653,27.250929749367486,78.69058274936748
train,d9117be7-a622-511f-952f-742da0d490a7,2,DEBIT,Low,9,0,normal,51.439653,0.0,51.439653
train,d9117be7-a622-511f-952f-742da0d490a7,0,DEBIT,Medium,10,9,busy,39.88604,36.68698794109835,76.57302794109836
train,d9117be7-a622-511f-952f-742da0d490a7,1,DEBIT,Medium,6,0,normal,39.88604,0.0,39.88604
train,d9117be7-a622-511f-952f-742da0d490a7,2,DEBIT,Medium,10,2,busy,39.88604,12.963471010275416,52.84951101027542
train,d945c703-b2b5-5b91-85da-a8a5fe1c1af8,0,TRANSFER,High,0,0,idle,34.971279,0.0,34.971279
train,d945c703-b2b5-5b91-85da-a8a5fe1c1af8,1,TRANSFER,High,10,9,busy,34.971279,23.61834132956894,58.589620329568945
train,d945c703-b2b5-5b91-85da-a8a5fe1c1af8,2,TRANSFER,High,3,0,idle,34.971279,0.0,34.971279
train,d945c703-b2b5-5b91-85da-a8a5fe1c1af8,0,TRANSFER,Low,10,9,busy,56.83452,36.01935437255113,92.85387437255113
train,d945c703-b2b5-5b91-85da-a8a5fe1c1af8,1,TRANSFER,Low,6,0,normal,56.83452,0.0,56.83452
train,d945c703-b2b5-5b91-85da-a8a5fe1c1af8,2,TRANSFER,Low,9,0,normal,56.83452,0.0,56.83452
train,d945c703-b2b5-5b91-85da-a8a5fe1c1af8,0,TRANSFER,Medium,6,0,normal,46.013775,0.0,46.013775
train,d945c703-b2b5-5b91-85da-a8a5fe1c1af8,1,TRANSFER,Medium,10,5,busy,46.013775,23.801550116070615,69.81532511607062
train,d945c703-b2b5-5b91-85da-a8a5fe1c1af8,2,TRANSFER,Medium,10,24,surge,46.013775,93.51656626845865,139.53034126845864
train,da408625-149c-58b8-a9e6-a01e33d98179,0,PAYMENT,High,10,13,surge,24.105779,38.67422228698028,62.78000128698028
train,da408625-149c-58b8-a9e6-a01e33d98179,1,PAYMENT,High,10,1,busy,24.105779,9.66059406943914,33.76637306943914
train,da408625-149c-58b8-a9e6-a01e33d98179,2,PAYMENT,High,8,0,normal,24.105779,0.0,24.105779
train,da408625-149c-58b8-a9e6-a01e33d98179,0,PAYMENT,Low,10,10,busy,38.976475,55.63518762720109,94.6116626272011
train,da408625-149c-58b8-a9e6-a01e33d98179,1,PAYMENT,Low,8,0,normal,38.976475,0.0,38.976475
train,da408625-149c-58b8-a9e6-a01e33d98179,2,PAYMENT,Low,10,30,surge,38.976475,139.0317329618636,178.0082079618636
train,da408625-149c-58b8-a9e6-a01e33d98179,0,PAYMENT,Medium,10,9,busy,31.289919,35.2472157358782,66.5371347358782
train,da408625-149c-58b8-a9e6-a01e33d98179,1,PAYMENT,Medium,10,10,busy,31.289919,34.36612938816204,65.65604838816203
train,da408625-149c-58b8-a9e6-a01e33d98179,2,PAYMENT,Medium,10,9,busy,31.289919,31.582101467499847,62.87202046749985
train,dab007f6-b69c-5962-92c9-c813ed102409,0,CASH_IN,High,10,8,busy,20.609278,21.964131399416058,42.57340939941606
train,dab007f6-b69c-5962-92c9-c813ed102409,1,CASH_IN,High,10,25,surge,20.609278,81.02590496567136,101.63518296567136
train,dab007f6-b69c-5962-92c9-c813ed102409,2,CASH_IN,High,10,0,busy,20.609278,1.662269977605054,22.271547977605053
train,dab007f6-b69c-5962-92c9-c813ed102409,0,CASH_IN,Low,0,0,idle,35.47422,0.0,35.47422
train,dab007f6-b69c-5962-92c9-c813ed102409,1,CASH_IN,Low,10,7,busy,35.47422,31.791512625367623,67.26573262536763
train,dab007f6-b69c-5962-92c9-c813ed102409,2,CASH_IN,Low,2,0,idle,35.47422,0.0,35.47422
train,dab007f6-b69c-5962-92c9-c813ed102409,0,CASH_IN,Medium,10,7,busy,27.807579,21.640701826186024,49.44828082618602
train,dab007f6-b69c-5962-92c9-c813ed102409,1,CASH_IN,Medium,7,0,normal,27.807579,0.0,27.807579
train,dab007f6-b69c-5962-92c9-c813ed102409,2,CASH_IN,Medium,10,2,busy,27.807579,12.989613908381813,40.79719290838182
train,dab13029-b40f-5e9c-aa4b-a7ae17e82cce,0,PAYMENT,High,10,0,busy,24.971368,6.163134750732402,31.134502750732402
train,dab13029-b40f-5e9c-aa4b-a7ae17e82cce,1,PAYMENT,High,10,3,busy,24.971368,10.722559915449112,35.69392791544911
train,dab13029-b40f-5e9c-aa4b-a7ae17e82cce,2,PAYMENT,High,10,3,busy,24.971368,4.381776568923072,29.35314456892307
train,dab13029-b40f-5e9c-aa4b-a7ae17e82cce,0,PAYMENT,Low,10,6,busy,38.515075,25.821120922026665,64.33619592202666
train,dab13029-b40f-5e9c-aa4b-a7ae17e82cce,1,PAYMENT,Low,10,30,surge,38.515075,152.28872186316067,190.80379686316067
train,dab13029-b40f-5e9c-aa4b-a7ae17e82cce,2,PAYMENT,Low,3,0,idle,38.515075,0.0,38.515075
train,dab13029-b40f-5e9c-aa4b-a7ae17e82cce,0,PAYMENT,Medium,8,0,normal,31.427962,0.0,31.427962
train,dab13029-b40f-5e9c-aa4b-a7ae17e82cce,1,PAYMENT,Medium,8,0,normal,31.427962,0.0,31.427962
train,dab13029-b40f-5e9c-aa4b-a7ae17e82cce,2,PAYMENT,Medium,0,0,idle,31.427962,0.0,31.427962
train,dadd00c9-1ec1-5dc7-81cb-272880c321d0,0,DEBIT,High,10,14,surge,30.58422,37.24243653499746,67.82665653499745
train,dadd00c9-1ec1-5dc7-81cb-272880c321d0,1,DEBIT,High,7,0,normal,30.58422,0.0,30.58422
train,dadd00c9-1ec1-5dc7-81cb-272880c321d0,2,DEBIT,High,10,3,busy,30.58422,17.077094925953872,47.661314925953874
train,dadd00c9-1ec1-5dc7-81cb-272880c321d0,0,DEBIT,Low,10,29,surge,50.397607,131.79638686939833,182.19399386939833
train,dadd00c9-1ec1-5dc7-81cb-272880c321d0,1,DEBIT,Low,1,0,idle,50.397607,0.0,50.397607
train,dadd00c9-1ec1-5dc7-81cb-272880c321d0,2,DEBIT,Low,10,4,busy,50.397607,20.917484123594857,71.31509112359485
train,dadd00c9-1ec1-5dc7-81cb-272880c321d0,0,DEBIT,Medium,10,4,busy,40.566306,19.569464046692566,60.13577004669256
train,dadd00c9-1ec1-5dc7-81cb-272880c321d0,1,DEBIT,Medium,7,0,normal,40.566306,0.0,40.566306
train,dadd00c9-1ec1-5dc7-81cb-272880c321d0,2,DEBIT,Medium,10,30,surge,40.566306,106.0765641007068,146.6428701007068
train,dae1ffbc-22cc-5f26-a40e-563ff733dd0e,0,DEBIT,High,7,0,normal,30.563551,0.0,30.563551
train,dae1ffbc-22cc-5f26-a40e-563ff733dd0e,1,DEBIT,High,10,9,busy,30.563551,23.07340019519429,53.636951195194285
train,dae1ffbc-22cc-5f26-a40e-563ff733dd0e,2,DEBIT,High,6,0,normal,30.563551,0.0,30.563551
train,dae1ffbc-22cc-5f26-a40e-563ff733dd0e,0,DEBIT,Low,10,0,busy,51.262402,2.470858794986686,53.73326079498669
train,dae1ffbc-22cc-5f26-a40e-563ff733dd0e,1,DEBIT,Low,6,0,normal,51.262402,0.0,51.262402
train,dae1ffbc-22cc-5f26-a40e-563ff733dd0e,2,DEBIT,Low,10,20,surge,51.262402,107.82028032226611,159.08268232226612
train,dae1ffbc-22cc-5f26-a40e-563ff733dd0e,0,DEBIT,Medium,4,0,idle,40.216336,0.0,40.216336
train,dae1ffbc-22cc-5f26-a40e-563ff733dd0e,1,DEBIT,Medium,10,6,busy,40.216336,17.081570268616375,57.29790626861637
train,dae1ffbc-22cc-5f26-a40e-563ff733dd0e,2,DEBIT,Medium,10,4,busy,40.216336,16.288110933783294,56.50444693378329
train,db09d211-10e5-5d53-a971-f2fcace5d0bd,0,PAYMENT,High,8,0,normal,24.979209,0.0,24.979209
train,db09d211-10e5-5d53-a971-f2fcace5d0bd,1,PAYMENT,High,10,12,surge,24.979209,39.56400323908394,64.54321223908394
train,db09d211-10e5-5d53-a971-f2fcace5d0bd,2,PAYMENT,High,1,0,idle,24.979209,0.0,24.979209
train,db09d211-10e5-5d53-a971-f2fcace5d0bd,0,PAYMENT,Low,7,0,normal,40.995827,0.0,40.995827
train,db09d211-10e5-5d53-a971-f2fcace5d0bd,1,PAYMENT,Low,8,0,normal,40.995827,0.0,40.995827
train,db09d211-10e5-5d53-a971-f2fcace5d0bd,2,PAYMENT,Low,10,9,busy,40.995827,49.51364781147285,90.50947481147284
train,db09d211-10e5-5d53-a971-f2fcace5d0bd,0,PAYMENT,Medium,7,0,normal,33.537815,0.0,33.537815
train,db09d211-10e5-5d53-a971-f2fcace5d0bd,1,PAYMENT,Medium,10,26,surge,33.537815,95.17424254870129,128.7120575487013
train,db09d211-10e5-5d53-a971-f2fcace5d0bd,2,PAYMENT,Medium,6,0,normal,33.537815,0.0,33.537815
train,db8a8246-daad-585c-9486-a55038d96140,0,PAYMENT,High,10,7,busy,24.956009,23.49118161187697,48.44719061187698
train,db8a8246-daad-585c-9486-a55038d96140,1,PAYMENT,High,9,0,normal,24.956009,0.0,24.956009
train,db8a8246-daad-585c-9486-a55038d96140,2,PAYMENT,High,5,0,normal,24.956009,0.0,24.956009
train,db8a8246-daad-585c-9486-a55038d96140,0,PAYMENT,Low,10,3,busy,39.53196,15.697387806581272,55.22934780658127
train,db8a8246-daad-585c-9486-a55038d96140,1,PAYMENT,Low,5,0,normal,39.53196,0.0,39.53196
train,db8a8246-daad-585c-9486-a55038d96140,2,PAYMENT,Low,1,0,idle,39.53196,0.0,39.53196
train,db8a8246-daad-585c-9486-a55038d96140,0,PAYMENT,Medium,10,0,busy,33.407743,4.798553789547717,38.20629678954772
train,db8a8246-daad-585c-9486-a55038d96140,1,PAYMENT,Medium,10,15,surge,33.407743,51.94119203035619,85.34893503035619
train,db8a8246-daad-585c-9486-a55038d96140,2,PAYMENT,Medium,10,5,busy,33.407743,15.717662524652475,49.12540552465248
train,db8e84ac-e867-5d49-91dd-beb2e850b6e1,0,CASH_OUT,High,1,0,idle,29.515569,0.0,29.515569
train,db8e84ac-e867-5d49-91dd-beb2e850b6e1,1,CASH_OUT,High,3,0,idle,29.515569,0.0,29.515569
train,db8e84ac-e867-5d49-91dd-beb2e850b6e1,2,CASH_OUT,High,10,10,busy,29.515569,32.48879449385593,62.00436349385593
train,db8e84ac-e867-5d49-91dd-beb2e850b6e1,0,CASH_OUT,Low,10,2,busy,46.619213,7.114421687860395,53.733634687860395
train,db8e84ac-e867-5d49-91dd-beb2e850b6e1,1,CASH_OUT,Low,10,21,surge,46.619213,94.25347970144847,140.87269270144847
train,db8e84ac-e867-5d49-91dd-beb2e850b6e1,2,CASH_OUT,Low,9,0,normal,46.619213,0.0,46.619213
train,db8e84ac-e867-5d49-91dd-beb2e850b6e1,0,CASH_OUT,Medium,8,0,normal,36.491721,0.0,36.491721
train,db8e84ac-e867-5d49-91dd-beb2e850b6e1,1,CASH_OUT,Medium,10,0,busy,36.491721,4.778554585220316,41.27027558522032
train,db8e84ac-e867-5d49-91dd-beb2e850b6e1,2,CASH_OUT,Medium,10,2,busy,36.491721,10.189433935074476,46.681154935074474
train,dbf8ab89-42fe-5e99-81da-3b429536875a,0,CASH_OUT,High,10,5,busy,28.567933,10.559848449518576,39.12778144951858
train,dbf8ab89-42fe-5e99-81da-3b429536875a,1,CASH_OUT,High,10,6,busy,28.567933,13.46102767672336,42.02896067672336
train,dbf8ab89-42fe-5e99-81da-3b429536875a,2,CASH_OUT,High,10,3,busy,28.567933,12.73616325198926,41.30409625198926
train,dbf8ab89-42fe-5e99-81da-3b429536875a,0,CASH_OUT,Low,7,0,normal,46.172207,0.0,46.172207
train,dbf8ab89-42fe-5e99-81da-3b429536875a,1,CASH_OUT,Low,9,0,normal,46.172207,0.0,46.172207
train,dbf8ab89-42fe-5e99-81da-3b429536875a,2,CASH_OUT,Low,0,0,idle,46.172207,0.0,46.172207
train,dbf8ab89-42fe-5e99-81da-3b429536875a,0,CASH_OUT,Medium,2,0,idle,38.12951,0.0,38.12951
train,dbf8ab89-42fe-5e99-81da-3b429536875a,1,CASH_OUT,Medium,0,0,idle,38.12951,0.0,38.12951
train,dbf8ab89-42fe-5e99-81da-3b429536875a,2,CASH_OUT,Medium,10,10,busy,38.12951,39.595772302196295,77.72528230219629
train,dc7d7307-74bc-5713-8142-cbf982b673fa,0,TRANSFER,High,10,9,busy,35.512574,24.661020918286088,60.173594918286085
train,dc7d7307-74bc-5713-8142-cbf982b673fa,1,TRANSFER,High,7,0,normal,35.512574,0.0,35.512574
train,dc7d7307-74bc-5713-8142-cbf982b673fa,2,TRANSFER,High,10,3,busy,35.512574,8.998784408060137,44.51135840806014
train,dc7d7307-74bc-5713-8142-cbf982b673fa,0,TRANSFER,Low,1,0,idle,54.231373,0.0,54.231373
train,dc7d7307-74bc-5713-8142-cbf982b673fa,1,TRANSFER,Low,10,15,surge,54.231373,63.95740741447291,118.18878041447292
train,dc7d7307-74bc-5713-8142-cbf982b673fa,2,TRANSFER,Low,6,0,normal,54.231373,0.0,54.231373
train,dc7d7307-74bc-5713-8142-cbf982b673fa,0,TRANSFER,Medium,10,6,busy,45.536883,14.5327384705449,60.0696214705449
train,dc7d7307-74bc-5713-8142-cbf982b673fa,1,TRANSFER,Medium,6,0,normal,45.536883,0.0,45.536883
train,dc7d7307-74bc-5713-8142-cbf982b673fa,2,TRANSFER,Medium,6,0,normal,45.536883,0.0,45.536883
train,dc9791e0-cb42-5271-bdad-93b8230dd161,0,CASH_OUT,High,10,24,surge,29.402061,67.61314149278274,97.01520249278275
train,dc9791e0-cb42-5271-bdad-93b8230dd161,1,CASH_OUT,High,8,0,normal,29.402061,0.0,29.402061
train,dc9791e0-cb42-5271-bdad-93b8230dd161,2,CASH_OUT,High,10,8,busy,29.402061,20.14727792887921,49.54933892887921
train,dc9791e0-cb42-5271-bdad-93b8230dd161,0,CASH_OUT,Low,7,0,normal,44.303195,0.0,44.303195
train,dc9791e0-cb42-5271-bdad-93b8230dd161,1,CASH_OUT,Low,3,0,idle,44.303195,0.0,44.303195
train,dc9791e0-cb42-5271-bdad-93b8230dd161,2,CASH_OUT,Low,10,29,surge,44.303195,133.8383693680016,178.14156436800158
train,dc9791e0-cb42-5271-bdad-93b8230dd161,0,CASH_OUT,Medium,8,0,normal,33.821116,0.0,33.821116
train,dc9791e0-cb42-5271-bdad-93b8230dd161,1,CASH_OUT,Medium,10,10,busy,33.821116,40.944973277188886,74.76608927718888
train,dc9791e0-cb42-5271-bdad-93b8230dd161,2,CASH_OUT,Medium,8,0,normal,33.821116,0.0,33.821116
train,dd65e59e-318a-5b61-909c-6f31f89a2f25,0,PAYMENT,High,2,0,idle,24.33128,0.0,24.33128
train,dd65e59e-318a-5b61-909c-6f31f89a2f25,1,PAYMENT,High,10,8,busy,24.33128,23.775999784388663,48.107279784388666
train,dd65e59e-318a-5b61-909c-6f31f89a2f25,2,PAYMENT,High,10,23,surge,24.33128,63.443337113216074,87.77461711321607
train,dd65e59e-318a-5b61-909c-6f31f89a2f25,0,PAYMENT,Low,6,0,normal,37.067958,0.0,37.067958
train,dd65e59e-318a-5b61-909c-6f31f89a2f25,1,PAYMENT,Low,10,20,surge,37.067958,88.69560271034803,125.76356071034803
train,dd65e59e-318a-5b61-909c-6f31f89a2f25,2,PAYMENT,Low,7,0,normal,37.067958,0.0,37.067958
train,dd65e59e-318a-5b61-909c-6f31f89a2f25,0,PAYMENT,Medium,4,0,idle,30.941412,0.0,30.941412
train,dd65e59e-318a-5b61-909c-6f31f89a2f25,1,PAYMENT,Medium,1,0,idle,30.941412,0.0,30.941412
train,dd65e59e-318a-5b61-909c-6f31f89a2f25,2,PAYMENT,Medium,10,20,surge,30.941412,75.34646747160507,106.28787947160507
train,dd9a4ae0-3d0d-5ebe-93d8-786ef184dbeb,0,TRANSFER,High,9,0,normal,36.223511,0.0,36.223511
train,dd9a4ae0-3d0d-5ebe-93d8-786ef184dbeb,1,TRANSFER,High,0,0,idle,36.223511,0.0,36.223511
train,dd9a4ae0-3d0d-5ebe-93d8-786ef184dbeb,2,TRANSFER,High,10,3,busy,36.223511,11.279733077561756,47.50324407756176
train,dd9a4ae0-3d0d-5ebe-93d8-786ef184dbeb,0,TRANSFER,Low,10,1,busy,57.63114,24.250204394014023,81.88134439401402
train,dd9a4ae0-3d0d-5ebe-93d8-786ef184dbeb,1,TRANSFER,Low,10,10,busy,57.63114,44.27482914359181,101.90596914359182
train,dd9a4ae0-3d0d-5ebe-93d8-786ef184dbeb,2,TRANSFER,Low,10,5,busy,57.63114,30.378642253160123,88.00978225316013
train,dd9a4ae0-3d0d-5ebe-93d8-786ef184dbeb,0,TRANSFER,Medium,10,11,surge,46.491142,51.318090073885834,97.80923207388584
train,dd9a4ae0-3d0d-5ebe-93d8-786ef184dbeb,1,TRANSFER,Medium,7,0,normal,46.491142,0.0,46.491142
train,dd9a4ae0-3d0d-5ebe-93d8-786ef184dbeb,2,TRANSFER,Medium,4,0,idle,46.491142,0.0,46.491142
train,ddea7e3b-4742-54a4-a417-1daf855ee55f,0,TRANSFER,High,10,8,busy,34.599207,25.46495682190514,60.06416382190514
train,ddea7e3b-4742-54a4-a417-1daf855ee55f,1,TRANSFER,High,6,0,normal,34.599207,0.0,34.599207
train,ddea7e3b-4742-54a4-a417-1daf855ee55f,2,TRANSFER,High,8,0,normal,34.599207,0.0,34.599207
train,ddea7e3b-4742-54a4-a417-1daf855ee55f,0,TRANSFER,Low,9,0,normal,59.590457,0.0,59.590457
train,ddea7e3b-4742-54a4-a417-1daf855ee55f,1,TRANSFER,Low,10,22,surge,59.590457,104.68370272397374,164.27415972397375
train,ddea7e3b-4742-54a4-a417-1daf855ee55f,2,TRANSFER,Low,10,13,surge,59.590457,75.75230211420589,135.34275911420588
train,ddea7e3b-4742-54a4-a417-1daf855ee55f,0,TRANSFER,Medium,9,0,normal,45.810503,0.0,45.810503
train,ddea7e3b-4742-54a4-a417-1daf855ee55f,1,TRANSFER,Medium,10,2,busy,45.810503,12.891211856615183,58.70171485661518
train,ddea7e3b-4742-54a4-a417-1daf855ee55f,2,TRANSFER,Medium,10,8,busy,45.810503,31.058455205075905,76.8689582050759
train,de400b63-9fae-5067-b33a-4fb45bad1d96,0,CASH_IN,High,6,0,normal,21.918072,0.0,21.918072
train,de400b63-9fae-5067-b33a-4fb45bad1d96,1,CASH_IN,High,1,0,idle,21.918072,0.0,21.918072
train,de400b63-9fae-5067-b33a-4fb45bad1d96,2,CASH_IN,High,10,5,busy,21.918072,14.258180870170658,36.17625287017066
train,de400b63-9fae-5067-b33a-4fb45bad1d96,0,CASH_IN,Low,5,0,normal,33.422787,0.0,33.422787
train,de400b63-9fae-5067-b33a-4fb45bad1d96,1,CASH_IN,Low,4,0,idle,33.422787,0.0,33.422787
train,de400b63-9fae-5067-b33a-4fb45bad1d96,2,CASH_IN,Low,1,0,idle,33.422787,0.0,33.422787
train,de400b63-9fae-5067-b33a-4fb45bad1d96,0,CASH_IN,Medium,5,0,normal,28.211386,0.0,28.211386
train,de400b63-9fae-5067-b33a-4fb45bad1d96,1,CASH_IN,Medium,7,0,normal,28.211386,0.0,28.211386
train,de400b63-9fae-5067-b33a-4fb45bad1d96,2,CASH_IN,Medium,9,0,normal,28.211386,0.0,28.211386
train,deb4b48a-524f-53ea-9df2-196460de9c3a,0,DEBIT,High,1,0,idle,31.362937,0.0,31.362937
train,deb4b48a-524f-53ea-9df2-196460de9c3a,1,DEBIT,High,2,0,idle,31.362937,0.0,31.362937
train,deb4b48a-524f-53ea-9df2-196460de9c3a,2,DEBIT,High,10,13,surge,31.362937,38.71036191942146,70.07329891942146
train,deb4b48a-524f-53ea-9df2-196460de9c3a,0,DEBIT,Low,6,0,normal,51.503612,0.0,51.503612
train,deb4b48a-524f-53ea-9df2-196460de9c3a,1,DEBIT,Low,7,0,normal,51.503612,0.0,51.503612
train,deb4b48a-524f-53ea-9df2-196460de9c3a,2,DEBIT,Low,1,0,idle,51.503612,0.0,51.503612
train,deb4b48a-524f-53ea-9df2-196460de9c3a,0,DEBIT,Medium,0,0,idle,39.920083,0.0,39.920083
train,deb4b48a-524f-53ea-9df2-196460de9c3a,1,DEBIT,Medium,2,0,idle,39.920083,0.0,39.920083
train,deb4b48a-524f-53ea-9df2-196460de9c3a,2,DEBIT,Medium,0,0,idle,39.920083,0.0,39.920083
train,dfa60478-6e57-5e1e-b803-86250756b81b,0,DEBIT,High,7,0,normal,31.904974,0.0,31.904974
train,dfa60478-6e57-5e1e-b803-86250756b81b,1,DEBIT,High,10,28,surge,31.904974,82.60640630719529,114.51138030719528
train,dfa60478-6e57-5e1e-b803-86250756b81b,2,DEBIT,High,4,0,idle,31.904974,0.0,31.904974
train,dfa60478-6e57-5e1e-b803-86250756b81b,0,DEBIT,Low,6,0,normal,50.164047,0.0,50.164047
train,dfa60478-6e57-5e1e-b803-86250756b81b,1,DEBIT,Low,6,0,normal,50.164047,0.0,50.164047
train,dfa60478-6e57-5e1e-b803-86250756b81b,2,DEBIT,Low,4,0,idle,50.164047,0.0,50.164047
train,dfa60478-6e57-5e1e-b803-86250756b81b,0,DEBIT,Medium,4,0,idle,40.815251,0.0,40.815251
train,dfa60478-6e57-5e1e-b803-86250756b81b,1,DEBIT,Medium,1,0,idle,40.815251,0.0,40.815251
train,dfa60478-6e57-5e1e-b803-86250756b81b,2,DEBIT,Medium,10,10,busy,40.815251,38.20094396826158,79.01619496826159
train,dff99647-3ef3-5a16-8990-4842bc6e0694,0,TRANSFER,High,5,0,normal,34.265017,0.0,34.265017
train,dff99647-3ef3-5a16-8990-4842bc6e0694,1,TRANSFER,High,10,21,surge,34.265017,58.85882971124508,93.12384671124508
train,dff99647-3ef3-5a16-8990-4842bc6e0694,2,TRANSFER,High,10,8,busy,34.265017,24.9770617455476,59.2420787455476
train,dff99647-3ef3-5a16-8990-4842bc6e0694,0,TRANSFER,Low,10,8,busy,56.289164,33.144663486808824,89.43382748680882
train,dff99647-3ef3-5a16-8990-4842bc6e0694,1,TRANSFER,Low,9,0,normal,56.289164,0.0,56.289164
train,dff99647-3ef3-5a16-8990-4842bc6e0694,2,TRANSFER,Low,10,4,busy,56.289164,24.774809824916172,81.06397382491618
train,dff99647-3ef3-5a16-8990-4842bc6e0694,0,TRANSFER,Medium,4,0,idle,44.027634,0.0,44.027634
train,dff99647-3ef3-5a16-8990-4842bc6e0694,1,TRANSFER,Medium,4,0,idle,44.027634,0.0,44.027634
train,dff99647-3ef3-5a16-8990-4842bc6e0694,2,TRANSFER,Medium,8,0,normal,44.027634,0.0,44.027634
train,e04e9c67-99bd-5543-ab47-58a49eed3461,0,DEBIT,High,10,18,surge,30.580913,55.76395364602793,86.34486664602792
train,e04e9c67-99bd-5543-ab47-58a49eed3461,1,DEBIT,High,10,5,busy,30.580913,20.851373868237545,51.43228686823754
train,e04e9c67-99bd-5543-ab47-58a49eed3461,2,DEBIT,High,2,0,idle,30.580913,0.0,30.580913
train,e04e9c67-99bd-5543-ab47-58a49eed3461,0,DEBIT,Low,2,0,idle,51.332461,0.0,51.332461
train,e04e9c67-99bd-5543-ab47-58a49eed3461,1,DEBIT,Low,3,0,idle,51.332461,0.0,51.332461
train,e04e9c67-99bd-5543-ab47-58a49eed3461,2,DEBIT,Low,3,0,idle,51.332461,0.0,51.332461
train,e04e9c67-99bd-5543-ab47-58a49eed3461,0,DEBIT,Medium,10,16,surge,40.379698,57.902978915189294,98.28267691518928
train,e04e9c67-99bd-5543-ab47-58a49eed3461,1,DEBIT,Medium,7,0,normal,40.379698,0.0,40.379698
train,e04e9c67-99bd-5543-ab47-58a49eed3461,2,DEBIT,Medium,10,18,surge,40.379698,70.23333955351332,110.61303755351332
train,e09c2178-5d0d-5913-8ea2-ba35ba399a14,0,DEBIT,High,10,4,busy,31.174756,10.375311354880683,41.55006735488068
train,e09c2178-5d0d-5913-8ea2-ba35ba399a14,1,DEBIT,High,6,0,normal,31.174756,0.0,31.174756
train,e09c2178-5d0d-5913-8ea2-ba35ba399a14,2,DEBIT,High,3,0,idle,31.174756,0.0,31.174756
train,e09c2178-5d0d-5913-8ea2-ba35ba399a14,0,DEBIT,Low,7,0,normal,51.479325,0.0,51.479325
train,e09c2178-5d0d-5913-8ea2-ba35ba399a14,1,DEBIT,Low,9,0,normal,51.479325,0.0,51.479325
train,e09c2178-5d0d-5913-8ea2-ba35ba399a14,2,DEBIT,Low,2,0,idle,51.479325,0.0,51.479325
train,e09c2178-5d0d-5913-8ea2-ba35ba399a14,0,DEBIT,Medium,5,0,normal,42.76927,0.0,42.76927
train,e09c2178-5d0d-5913-8ea2-ba35ba399a14,1,DEBIT,Medium,3,0,idle,42.76927,0.0,42.76927
train,e09c2178-5d0d-5913-8ea2-ba35ba399a14,2,DEBIT,Medium,7,0,normal,42.76927,0.0,42.76927
train,e1aaa09c-6ba3-5887-9b11-041534ca575a,0,CASH_IN,High,10,2,busy,22.357539,6.491414491692799,28.848953491692797
train,e1aaa09c-6ba3-5887-9b11-041534ca575a,1,CASH_IN,High,10,21,surge,22.357539,61.362844618271765,83.72038361827177
train,e1aaa09c-6ba3-5887-9b11-041534ca575a,2,CASH_IN,High,4,0,idle,22.357539,0.0,22.357539
train,e1aaa09c-6ba3-5887-9b11-041534ca575a,0,CASH_IN,Low,7,0,normal,36.290767,0.0,36.290767
train,e1aaa09c-6ba3-5887-9b11-041534ca575a,1,CASH_IN,Low,10,30,surge,36.290767,137.12718088148705,173.41794788148707
train,e1aaa09c-6ba3-5887-9b11-041534ca575a,2,CASH_IN,Low,9,0,normal,36.290767,0.0,36.290767
train,e1aaa09c-6ba3-5887-9b11-041534ca575a,0,CASH_IN,Medium,4,0,idle,26.512854,0.0,26.512854
train,e1aaa09c-6ba3-5887-9b11-041534ca575a,1,CASH_IN,Medium,2,0,idle,26.512854,0.0,26.512854
train,e1aaa09c-6ba3-5887-9b11-041534ca575a,2,CASH_IN,Medium,10,10,busy,26.512854,39.76982179922051,66.28267579922051
train,e28880c4-7579-57a9-b2b0-3bb48de4373f,0,PAYMENT,High,10,1,busy,25.268581,5.307283950566754,30.575864950566753
train,e28880c4-7579-57a9-b2b0-3bb48de4373f,1,PAYMENT,High,5,0,normal,25.268581,0.0,25.268581
train,e28880c4-7579-57a9-b2b0-3bb48de4373f,2,PAYMENT,High,10,13,surge,25.268581,40.21075634340144,65.47933734340144
train,e28880c4-7579-57a9-b2b0-3bb48de4373f,0,PAYMENT,Low,10,22,surge,39.729209,109.12651923746586,148.85572823746585
train,e28880c4-7579-57a9-b2b0-3bb48de4373f,1,PAYMENT,Low,10,1,busy,39.729209,18.73386860891377,58.463077608913764
train,e28880c4-7579-57a9-b2b0-3bb48de4373f,2,PAYMENT,Low,10,4,busy,39.729209,12.107169364007891,51.836378364007885
train,e28880c4-7579-57a9-b2b0-3bb48de4373f,0,PAYMENT,Medium,8,0,normal,32.31313,0.0,32.31313
train,e28880c4-7579-57a9-b2b0-3bb48de4373f,1,PAYMENT,Medium,10,1,busy,32.31313,11.884607969463579,44.19773796946358
train,e28880c4-7579-57a9-b2b0-3bb48de4373f,2,PAYMENT,Medium,1,0,idle,32.31313,0.0,32.31313
train,e34eaf54-508a-5e85-875a-7c2756f6841a,0,TRANSFER,High,7,0,normal,33.976745,0.0,33.976745
train,e34eaf54-508a-5e85-875a-7c2756f6841a,1,TRANSFER,High,4,0,idle,33.976745,0.0,33.976745
train,e34eaf54-508a-5e85-875a-7c2756f6841a,2,TRANSFER,High,4,0,idle,33.976745,0.0,33.976745
train,e34eaf54-508a-5e85-875a-7c2756f6841a,0,TRANSFER,Low,10,0,busy,57.194804,5.563420485204638,62.758224485204636
train,e34eaf54-508a-5e85-875a-7c2756f6841a,1,TRANSFER,Low,10,17,surge,57.194804,79.93012315406,137.12492715406
train,e34eaf54-508a-5e85-875a-7c2756f6841a,2,TRANSFER,Low,10,22,surge,57.194804,101.15657194530183,158.35137594530184
train,e34eaf54-508a-5e85-875a-7c2756f6841a,0,TRANSFER,Medium,6,0,normal,44.313069,0.0,44.313069
train,e34eaf54-508a-5e85-875a-7c2756f6841a,1,TRANSFER,Medium,1,0,idle,44.313069,0.0,44.313069
train,e34eaf54-508a-5e85-875a-7c2756f6841a,2,TRANSFER,Medium,10,3,busy,44.313069,5.048190095244624,49.36125909524462
train,e39a7439-f8ae-5ecd-a3c7-3936a6c3317d,0,CASH_IN,High,10,19,surge,22.455611,64.54933314898501,87.00494414898502
train,e39a7439-f8ae-5ecd-a3c7-3936a6c3317d,1,CASH_IN,High,3,0,idle,22.455611,0.0,22.455611
train,e39a7439-f8ae-5ecd-a3c7-3936a6c3317d,2,CASH_IN,High,10,5,busy,22.455611,18.002674514599875,40.45828551459988
train,e39a7439-f8ae-5ecd-a3c7-3936a6c3317d,0,CASH_IN,Low,10,8,busy,36.142067,42.472214860025886,78.61428186002588
train,e39a7439-f8ae-5ecd-a3c7-3936a6c3317d,1,CASH_IN,Low,10,9,busy,36.142067,45.12979838484249,81.27186538484249
train,e39a7439-f8ae-5ecd-a3c7-3936a6c3317d,2,CASH_IN,Low,6,0,normal,36.142067,0.0,36.142067
train,e39a7439-f8ae-5ecd-a3c7-3936a6c3317d,0,CASH_IN,Medium,7,0,normal,28.618201,0.0,28.618201
train,e39a7439-f8ae-5ecd-a3c7-3936a6c3317d,1,CASH_IN,Medium,5,0,normal,28.618201,0.0,28.618201
train,e39a7439-f8ae-5ecd-a3c7-3936a6c3317d,2,CASH_IN,Medium,10,1,busy,28.618201,6.444652262344295,35.06285326234429
train,e3a0e05c-831c-51e3-9303-9354e0219871,0,DEBIT,High,6,0,normal,31.039103,0.0,31.039103
train,e3a0e05c-831c-51e3-9303-9354e0219871,1,DEBIT,High,5,0,normal,31.039103,0.0,31.039103
train,e3a0e05c-831c-51e3-9303-9354e0219871,2,DEBIT,High,6,0,normal,31.039103,0.0,31.039103
train,e3a0e05c-831c-51e3-9303-9354e0219871,0,DEBIT,Low,9,0,normal,49.092349,0.0,49.092349
train,e3a0e05c-831c-51e3-9303-9354e0219871,1,DEBIT,Low,10,29,surge,49.092349,129.08650841437583,178.17885741437584
train,e3a0e05c-831c-51e3-9303-9354e0219871,2,DEBIT,Low,3,0,idle,49.092349,0.0,49.092349
train,e3a0e05c-831c-51e3-9303-9354e0219871,0,DEBIT,Medium,10,7,busy,40.466611,26.168203105134452,66.63481410513445
train,e3a0e05c-831c-51e3-9303-9354e0219871,1,DEBIT,Medium,1,0,idle,40.466611,0.0,40.466611
train,e3a0e05c-831c-51e3-9303-9354e0219871,2,DEBIT,Medium,10,1,busy,40.466611,14.882158499297661,55.34876949929766
train,e3f580e5-5204-53e0-9c2f-42a3a032292c,0,CASH_IN,High,10,8,busy,21.643645,25.76037531507346,47.40402031507346
train,e3f580e5-5204-53e0-9c2f-42a3a032292c,1,CASH_IN,High,10,28,surge,21.643645,81.04539470215882,102.68903970215882
train,e3f580e5-5204-53e0-9c2f-42a3a032292c,2,CASH_IN,High,0,0,idle,21.643645,0.0,21.643645
train,e3f580e5-5204-53e0-9c2f-42a3a032292c,0,CASH_IN,Low,9,0,normal,36.17061,0.0,36.17061
train,e3f580e5-5204-53e0-9c2f-42a3a032292c,1,CASH_IN,Low,10,17,surge,36.17061,85.59175800370333,121.76236800370333
train,e3f580e5-5204-53e0-9c2f-42a3a032292c,2,CASH_IN,Low,1,0,idle,36.17061,0.0,36.17061
train,e3f580e5-5204-53e0-9c2f-42a3a032292c,0,CASH_IN,Medium,10,19,surge,27.913028,72.55776072369855,100.47078872369855
train,e3f580e5-5204-53e0-9c2f-42a3a032292c,1,CASH_IN,Medium,10,3,busy,27.913028,18.300978201891454,46.21400620189145
train,e3f580e5-5204-53e0-9c2f-42a3a032292c,2,CASH_IN,Medium,7,0,normal,27.913028,0.0,27.913028
train,e413bac1-ab9f-5ca7-83fd-62b96e178d4b,0,CASH_IN,High,10,8,busy,21.863486,21.71933712005575,43.58282312005575
train,e413bac1-ab9f-5ca7-83fd-62b96e178d4b,1,CASH_IN,High,7,0,normal,21.863486,0.0,21.863486
train,e413bac1-ab9f-5ca7-83fd-62b96e178d4b,2,CASH_IN,High,1,0,idle,21.863486,0.0,21.863486
train,e413bac1-ab9f-5ca7-83fd-62b96e178d4b,0,CASH_IN,Low,10,4,busy,33.374137,20.98769137475545,54.36182837475545
train,e413bac1-ab9f-5ca7-83fd-62b96e178d4b,1,CASH_IN,Low,10,5,busy,33.374137,32.93940146698744,66.31353846698744
train,e413bac1-ab9f-5ca7-83fd-62b96e178d4b,2,CASH_IN,Low,5,0,normal,33.374137,0.0,33.374137
train,e413bac1-ab9f-5ca7-83fd-62b96e178d4b,0,CASH_IN,Medium,10,2,busy,27.916387,10.771359877287058,38.687746877287054
train,e413bac1-ab9f-5ca7-83fd-62b96e178d4b,1,CASH_IN,Medium,8,0,normal,27.916387,0.0,27.916387
train,e413bac1-ab9f-5ca7-83fd-62b96e178d4b,2,CASH_IN,Medium,9,0,normal,27.916387,0.0,27.916387
train,e4fefd44-ead5-5faf-a9b5-26de3b20a573,0,PAYMENT,High,10,5,busy,25.227596,9.898551443220374,35.126147443220376
train,e4fefd44-ead5-5faf-a9b5-26de3b20a573,1,PAYMENT,High,9,0,normal,25.227596,0.0,25.227596
train,e4fefd44-ead5-5faf-a9b5-26de3b20a573,2,PAYMENT,High,7,0,normal,25.227596,0.0,25.227596
train,e4fefd44-ead5-5faf-a9b5-26de3b20a573,0,PAYMENT,Low,10,3,busy,39.359523,15.707695678119862,55.067218678119865
train,e4fefd44-ead5-5faf-a9b5-26de3b20a573,1,PAYMENT,Low,5,0,normal,39.359523,0.0,39.359523
train,e4fefd44-ead5-5faf-a9b5-26de3b20a573,2,PAYMENT,Low,7,0,normal,39.359523,0.0,39.359523
train,e4fefd44-ead5-5faf-a9b5-26de3b20a573,0,PAYMENT,Medium,6,0,normal,33.696983,0.0,33.696983
train,e4fefd44-ead5-5faf-a9b5-26de3b20a573,1,PAYMENT,Medium,6,0,normal,33.696983,0.0,33.696983
train,e4fefd44-ead5-5faf-a9b5-26de3b20a573,2,PAYMENT,Medium,10,5,busy,33.696983,21.253307155927665,54.95029015592767
train,e525d3ed-010f-57fd-b832-6120e38c684e,0,DEBIT,High,7,0,normal,32.873733,0.0,32.873733
train,e525d3ed-010f-57fd-b832-6120e38c684e,1,DEBIT,High,10,4,busy,32.873733,7.962772413130649,40.83650541313065
train,e525d3ed-010f-57fd-b832-6120e38c684e,2,DEBIT,High,1,0,idle,32.873733,0.0,32.873733
train,e525d3ed-010f-57fd-b832-6120e38c684e,0,DEBIT,Low,10,16,surge,51.942663,67.08204379225666,119.02470679225667
train,e525d3ed-010f-57fd-b832-6120e38c684e,1,DEBIT,Low,10,5,busy,51.942663,28.16849424693911,80.11115724693911
train,e525d3ed-010f-57fd-b832-6120e38c684e,2,DEBIT,Low,7,0,normal,51.942663,0.0,51.942663
train,e525d3ed-010f-57fd-b832-6120e38c684e,0,DEBIT,Medium,4,0,idle,40.913971,0.0,40.913971
train,e525d3ed-010f-57fd-b832-6120e38c684e,1,DEBIT,Medium,6,0,normal,40.913971,0.0,40.913971
train,e525d3ed-010f-57fd-b832-6120e38c684e,2,DEBIT,Medium,9,0,normal,40.913971,0.0,40.913971
train,e52b4284-fc46-5c86-9896-c15166f9946b,0,PAYMENT,High,0,0,idle,25.344865,0.0,25.344865
train,e52b4284-fc46-5c86-9896-c15166f9946b,1,PAYMENT,High,10,5,busy,25.344865,12.30355917205739,37.64842417205739
train,e52b4284-fc46-5c86-9896-c15166f9946b,2,PAYMENT,High,2,0,idle,25.344865,0.0,25.344865
train,e52b4284-fc46-5c86-9896-c15166f9946b,0,PAYMENT,Low,10,0,busy,39.955915,5.537164069917616,45.49307906991761
train,e52b4284-fc46-5c86-9896-c15166f9946b,1,PAYMENT,Low,6,0,normal,39.955915,0.0,39.955915
train,e52b4284-fc46-5c86-9896-c15166f9946b,2,PAYMENT,Low,4,0,idle,39.955915,0.0,39.955915
train,e52b4284-fc46-5c86-9896-c15166f9946b,0,PAYMENT,Medium,1,0,idle,32.106272,0.0,32.106272
train,e52b4284-fc46-5c86-9896-c15166f9946b,1,PAYMENT,Medium,6,0,normal,32.106272,0.0,32.106272
train,e52b4284-fc46-5c86-9896-c15166f9946b,2,PAYMENT,Medium,1,0,idle,32.106272,0.0,32.106272
train,e566efe8-94e4-58ae-8195-b02c662614ff,0,TRANSFER,High,10,9,busy,36.923431,25.312696221750254,62.23612722175025
train,e566efe8-94e4-58ae-8195-b02c662614ff,1,TRANSFER,High,6,0,normal,36.923431,0.0,36.923431
train,e566efe8-94e4-58ae-8195-b02c662614ff,2,TRANSFER,High,10,7,busy,36.923431,14.316770698807762,51.240201698807766
train,e566efe8-94e4-58ae-8195-b02c662614ff,0,TRANSFER,Low,1,0,idle,57.082362,0.0,57.082362
train,e566efe8-94e4-58ae-8195-b02c662614ff,1,TRANSFER,Low,1,0,idle,57.082362,0.0,57.082362
train,e566efe8-94e4-58ae-8195-b02c662614ff,2,TRANSFER,Low,7,0,normal,57.082362,0.0,57.082362
train,e566efe8-94e4-58ae-8195-b02c662614ff,0,TRANSFER,Medium,10,26,surge,46.796725,104.24792600030096,151.04465100030097
train,e566efe8-94e4-58ae-8195-b02c662614ff,1,TRANSFER,Medium,7,0,normal,46.796725,0.0,46.796725
train,e566efe8-94e4-58ae-8195-b02c662614ff,2,TRANSFER,Medium,10,29,surge,46.796725,97.69566572489825,144.49239072489826
train,e5a09cfe-f098-59ca-a8f6-970a8b8fc8f6,0,PAYMENT,High,9,0,normal,23.926386,0.0,23.926386
train,e5a09cfe-f098-59ca-a8f6-970a8b8fc8f6,1,PAYMENT,High,0,0,idle,23.926386,0.0,23.926386
train,e5a09cfe-f098-59ca-a8f6-970a8b8fc8f6,2,PAYMENT,High,10,5,busy,23.926386,10.683946111357482,34.61033211135748
train,e5a09cfe-f098-59ca-a8f6-970a8b8fc8f6,0,PAYMENT,Low,0,0,idle,39.086731,0.0,39.086731
train,e5a09cfe-f098-59ca-a8f6-970a8b8fc8f6,1,PAYMENT,Low,5,0,normal,39.086731,0.0,39.086731
train,e5a09cfe-f098-59ca-a8f6-970a8b8fc8f6,2,PAYMENT,Low,10,0,busy,39.086731,2.1919457153094397,41.27867671530944
train,e5a09cfe-f098-59ca-a8f6-970a8b8fc8f6,0,PAYMENT,Medium,10,8,busy,31.384047,25.9513901308987,57.3354371308987
train,e5a09cfe-f098-59ca-a8f6-970a8b8fc8f6,1,PAYMENT,Medium,7,0,normal,31.384047,0.0,31.384047
train,e5a09cfe-f098-59ca-a8f6-970a8b8fc8f6,2,PAYMENT,Medium,5,0,normal,31.384047,0.0,31.384047
train,e5f60833-b2d4-51f1-ba0b-21313d464c99,0,DEBIT,High,3,0,idle,30.976736,0.0,30.976736
train,e5f60833-b2d4-51f1-ba0b-21313d464c99,1,DEBIT,High,2,0,idle,30.976736,0.0,30.976736
train,e5f60833-b2d4-51f1-ba0b-21313d464c99,2,DEBIT,High,10,3,busy,30.976736,8.858006748253944,39.834742748253944
train,e5f60833-b2d4-51f1-ba0b-21313d464c99,0,DEBIT,Low,7,0,normal,51.166721,0.0,51.166721
train,e5f60833-b2d4-51f1-ba0b-21313d464c99,1,DEBIT,Low,10,3,busy,51.166721,7.777018066768119,58.943739066768124
train,e5f60833-b2d4-51f1-ba0b-21313d464c99,2,DEBIT,Low,10,17,surge,51.166721,78.85742007406004,130.02414107406005
train,e5f60833-b2d4-51f1-ba0b-21313d464c99,0,DEBIT,Medium,6,0,normal,40.388708,0.0,40.388708
train,e5f60833-b2d4-51f1-ba0b-21313d464c99,1,DEBIT,Medium,3,0,idle,40.388708,0.0,40.388708
train,e5f60833-b2d4-51f1-ba0b-21313d464c99,2,DEBIT,Medium,7,0,normal,40.388708,0.0,40.388708
train,e67ae684-c5a6-516b-9728-c97a6562b90a,0,TRANSFER,High,1,0,idle,34.613468,0.0,34.613468
train,e67ae684-c5a6-516b-9728-c97a6562b90a,1,TRANSFER,High,10,25,surge,34.613468,72.37790094416923,106.99136894416922
train,e67ae684-c5a6-516b-9728-c97a6562b90a,2,TRANSFER,High,10,6,busy,34.613468,18.16607671402124,52.77954471402124
train,e67ae684-c5a6-516b-9728-c97a6562b90a,0,TRANSFER,Low,5,0,normal,55.976403,0.0,55.976403
train,e67ae684-c5a6-516b-9728-c97a6562b90a,1,TRANSFER,Low,10,2,busy,55.976403,20.309478228714468,76.28588122871446
train,e67ae684-c5a6-516b-9728-c97a6562b90a,2,TRANSFER,Low,10,5,busy,55.976403,19.36909135594,75.34549435593999
train,e67ae684-c5a6-516b-9728-c97a6562b90a,0,TRANSFER,Medium,3,0,idle,43.954347,0.0,43.954347
train,e67ae684-c5a6-516b-9728-c97a6562b90a,1,TRANSFER,Medium,8,0,normal,43.954347,0.0,43.954347
train,e67ae684-c5a6-516b-9728-c97a6562b90a,2,TRANSFER,Medium,0,0,idle,43.954347,0.0,43.954347
train,e815334c-e2ac-5f94-8aaa-80b993a0ef8c,0,TRANSFER,High,2,0,idle,35.40488,0.0,35.40488
train,e815334c-e2ac-5f94-8aaa-80b993a0ef8c,1,TRANSFER,High,5,0,normal,35.40488,0.0,35.40488
train,e815334c-e2ac-5f94-8aaa-80b993a0ef8c,2,TRANSFER,High,5,0,normal,35.40488,0.0,35.40488
train,e815334c-e2ac-5f94-8aaa-80b993a0ef8c,0,TRANSFER,Low,8,0,normal,57.754182,0.0,57.754182
train,e815334c-e2ac-5f94-8aaa-80b993a0ef8c,1,TRANSFER,Low,10,10,busy,57.754182,48.9543580962306,106.70854009623059
train,e815334c-e2ac-5f94-8aaa-80b993a0ef8c,2,TRANSFER,Low,1,0,idle,57.754182,0.0,57.754182
train,e815334c-e2ac-5f94-8aaa-80b993a0ef8c,0,TRANSFER,Medium,6,0,normal,47.504614,0.0,47.504614
train,e815334c-e2ac-5f94-8aaa-80b993a0ef8c,1,TRANSFER,Medium,2,0,idle,47.504614,0.0,47.504614
train,e815334c-e2ac-5f94-8aaa-80b993a0ef8c,2,TRANSFER,Medium,2,0,idle,47.504614,0.0,47.504614
train,e8170356-ff90-5138-9200-a677bfb48b74,0,CASH_IN,High,1,0,idle,21.721662,0.0,21.721662
train,e8170356-ff90-5138-9200-a677bfb48b74,1,CASH_IN,High,4,0,idle,21.721662,0.0,21.721662
train,e8170356-ff90-5138-9200-a677bfb48b74,2,CASH_IN,High,10,11,surge,21.721662,37.854569099773435,59.57623109977344
train,e8170356-ff90-5138-9200-a677bfb48b74,0,CASH_IN,Low,10,6,busy,33.30035,23.577773028125915,56.87812302812591
train,e8170356-ff90-5138-9200-a677bfb48b74,1,CASH_IN,Low,8,0,normal,33.30035,0.0,33.30035
train,e8170356-ff90-5138-9200-a677bfb48b74,2,CASH_IN,Low,3,0,idle,33.30035,0.0,33.30035
train,e8170356-ff90-5138-9200-a677bfb48b74,0,CASH_IN,Medium,0,0,idle,28.003585,0.0,28.003585
train,e8170356-ff90-5138-9200-a677bfb48b74,1,CASH_IN,Medium,9,0,normal,28.003585,0.0,28.003585
train,e8170356-ff90-5138-9200-a677bfb48b74,2,CASH_IN,Medium,10,13,surge,28.003585,61.20896596159771,89.21255096159771
train,e8223e3a-8a85-54bf-a4a2-aaf29275212e,0,CASH_OUT,High,5,0,normal,27.891495,0.0,27.891495
train,e8223e3a-8a85-54bf-a4a2-aaf29275212e,1,CASH_OUT,High,2,0,idle,27.891495,0.0,27.891495
train,e8223e3a-8a85-54bf-a4a2-aaf29275212e,2,CASH_OUT,High,10,1,busy,27.891495,6.677580944834756,34.56907594483476
train,e8223e3a-8a85-54bf-a4a2-aaf29275212e,0,CASH_OUT,Low,3,0,idle,44.551138,0.0,44.551138
train,e8223e3a-8a85-54bf-a4a2-aaf29275212e,1,CASH_OUT,Low,8,0,normal,44.551138,0.0,44.551138
train,e8223e3a-8a85-54bf-a4a2-aaf29275212e,2,CASH_OUT,Low,3,0,idle,44.551138,0.0,44.551138
train,e8223e3a-8a85-54bf-a4a2-aaf29275212e,0,CASH_OUT,Medium,7,0,normal,36.684109,0.0,36.684109
train,e8223e3a-8a85-54bf-a4a2-aaf29275212e,1,CASH_OUT,Medium,7,0,normal,36.684109,0.0,36.684109
train,e8223e3a-8a85-54bf-a4a2-aaf29275212e,2,CASH_OUT,Medium,10,4,busy,36.684109,17.07936819800864,53.763477198008644
train,e8385053-187e-517c-8b08-c4093dce2140,0,CASH_OUT,High,10,10,busy,29.447765,39.13251288994501,68.58027788994501
train,e8385053-187e-517c-8b08-c4093dce2140,1,CASH_OUT,High,6,0,normal,29.447765,0.0,29.447765
train,e8385053-187e-517c-8b08-c4093dce2140,2,CASH_OUT,High,9,0,normal,29.447765,0.0,29.447765
train,e8385053-187e-517c-8b08-c4093dce2140,0,CASH_OUT,Low,3,0,idle,45.817857,0.0,45.817857
train,e8385053-187e-517c-8b08-c4093dce2140,1,CASH_OUT,Low,8,0,normal,45.817857,0.0,45.817857
train,e8385053-187e-517c-8b08-c4093dce2140,2,CASH_OUT,Low,10,27,surge,45.817857,127.08360566864111,172.9014626686411
train,e8385053-187e-517c-8b08-c4093dce2140,0,CASH_OUT,Medium,5,0,normal,37.237587,0.0,37.237587
train,e8385053-187e-517c-8b08-c4093dce2140,1,CASH_OUT,Medium,10,10,busy,37.237587,48.22984711634513,85.46743411634512
train,e8385053-187e-517c-8b08-c4093dce2140,2,CASH_OUT,Medium,10,10,busy,37.237587,36.326394689235215,73.56398168923522
train,e8ac124c-0883-538b-995e-41d5950bc539,0,TRANSFER,High,7,0,normal,36.643958,0.0,36.643958
train,e8ac124c-0883-538b-995e-41d5950bc539,1,TRANSFER,High,10,14,surge,36.643958,41.39023186266694,78.03418986266693
train,e8ac124c-0883-538b-995e-41d5950bc539,2,TRANSFER,High,0,0,idle,36.643958,0.0,36.643958
train,e8ac124c-0883-538b-995e-41d5950bc539,0,TRANSFER,Low,4,0,idle,57.883036,0.0,57.883036
train,e8ac124c-0883-538b-995e-41d5950bc539,1,TRANSFER,Low,10,5,busy,57.883036,32.595592949692985,90.47862894969299
train,e8ac124c-0883-538b-995e-41d5950bc539,2,TRANSFER,Low,10,13,surge,57.883036,73.93571327370577,131.81874927370578
train,e8ac124c-0883-538b-995e-41d5950bc539,0,TRANSFER,Medium,10,9,busy,47.068804,46.21085148845785,93.27965548845785
train,e8ac124c-0883-538b-995e-41d5950bc539,1,TRANSFER,Medium,6,0,normal,47.068804,0.0,47.068804
train,e8ac124c-0883-538b-995e-41d5950bc539,2,TRANSFER,Medium,10,25,surge,47.068804,91.17206165602198,138.24086565602198
train,e8bd2556-4d56-5a15-9831-db93ac828a60,0,CASH_OUT,High,10,15,surge,31.266823,43.34884644791554,74.61566944791554
train,e8bd2556-4d56-5a15-9831-db93ac828a60,1,CASH_OUT,High,10,12,surge,31.266823,36.8374041813354,68.1042271813354
train,e8bd2556-4d56-5a15-9831-db93ac828a60,2,CASH_OUT,High,10,6,busy,31.266823,16.19702689723656,47.46384989723656
train,e8bd2556-4d56-5a15-9831-db93ac828a60,0,CASH_OUT,Low,1,0,idle,46.503963,0.0,46.503963
train,e8bd2556-4d56-5a15-9831-db93ac828a60,1,CASH_OUT,Low,4,0,idle,46.503963,0.0,46.503963
train,e8bd2556-4d56-5a15-9831-db93ac828a60,2,CASH_OUT,Low,10,26,surge,46.503963,124.21027404817201,170.714237048172
train,e8bd2556-4d56-5a15-9831-db93ac828a60,0,CASH_OUT,Medium,3,0,idle,35.844709,0.0,35.844709
train,e8bd2556-4d56-5a15-9831-db93ac828a60,1,CASH_OUT,Medium,6,0,normal,35.844709,0.0,35.844709
train,e8bd2556-4d56-5a15-9831-db93ac828a60,2,CASH_OUT,Medium,2,0,idle,35.844709,0.0,35.844709
train,e8d558c5-255d-52ab-8856-761a19abf2e0,0,CASH_OUT,High,7,0,normal,27.245646,0.0,27.245646
train,e8d558c5-255d-52ab-8856-761a19abf2e0,1,CASH_OUT,High,10,4,busy,27.245646,17.65548902287112,44.90113502287112
train,e8d558c5-255d-52ab-8856-761a19abf2e0,2,CASH_OUT,High,8,0,normal,27.245646,0.0,27.245646
train,e8d558c5-255d-52ab-8856-761a19abf2e0,0,CASH_OUT,Low,10,2,busy,45.67725,15.914105591609058,61.59135559160906
train,e8d558c5-255d-52ab-8856-761a19abf2e0,1,CASH_OUT,Low,5,0,normal,45.67725,0.0,45.67725
train,e8d558c5-255d-52ab-8856-761a19abf2e0,2,CASH_OUT,Low,10,11,surge,45.67725,55.81078373486109,101.48803373486109
train,e8d558c5-255d-52ab-8856-761a19abf2e0,0,CASH_OUT,Medium,0,0,idle,36.448894,0.0,36.448894
train,e8d558c5-255d-52ab-8856-761a19abf2e0,1,CASH_OUT,Medium,5,0,normal,36.448894,0.0,36.448894
train,e8d558c5-255d-52ab-8856-761a19abf2e0,2,CASH_OUT,Medium,10,24,surge,36.448894,84.19445221984076,120.64334621984077
train,e91d206a-61f7-5c79-adb1-31a8c8f48abe,0,PAYMENT,High,5,0,normal,24.085908,0.0,24.085908
train,e91d206a-61f7-5c79-adb1-31a8c8f48abe,1,PAYMENT,High,7,0,normal,24.085908,0.0,24.085908
train,e91d206a-61f7-5c79-adb1-31a8c8f48abe,2,PAYMENT,High,7,0,normal,24.085908,0.0,24.085908
train,e91d206a-61f7-5c79-adb1-31a8c8f48abe,0,PAYMENT,Low,3,0,idle,34.516154,0.0,34.516154
train,e91d206a-61f7-5c79-adb1-31a8c8f48abe,1,PAYMENT,Low,8,0,normal,34.516154,0.0,34.516154
train,e91d206a-61f7-5c79-adb1-31a8c8f48abe,2,PAYMENT,Low,10,7,busy,34.516154,40.17500024644646,74.69115424644646
train,e91d206a-61f7-5c79-adb1-31a8c8f48abe,0,PAYMENT,Medium,7,0,normal,31.323588,0.0,31.323588
train,e91d206a-61f7-5c79-adb1-31a8c8f48abe,1,PAYMENT,Medium,9,0,normal,31.323588,0.0,31.323588
train,e91d206a-61f7-5c79-adb1-31a8c8f48abe,2,PAYMENT,Medium,10,20,surge,31.323588,73.7903445777906,105.1139325777906
train,e9bd7991-c48c-50c3-8031-a8a2f7de6563,0,DEBIT,High,10,8,busy,32.012699,22.59821780402468,54.61091680402468
train,e9bd7991-c48c-50c3-8031-a8a2f7de6563,1,DEBIT,High,10,0,busy,32.012699,2.0384192119416995,34.0511182119417
train,e9bd7991-c48c-50c3-8031-a8a2f7de6563,2,DEBIT,High,10,8,busy,32.012699,23.918167930652334,55.93086693065233
train,e9bd7991-c48c-50c3-8031-a8a2f7de6563,0,DEBIT,Low,9,0,normal,50.94359,0.0,50.94359
train,e9bd7991-c48c-50c3-8031-a8a2f7de6563,1,DEBIT,Low,10,3,busy,50.94359,16.48149761657784,67.42508761657784
train,e9bd7991-c48c-50c3-8031-a8a2f7de6563,2,DEBIT,Low,1,0,idle,50.94359,0.0,50.94359
train,e9bd7991-c48c-50c3-8031-a8a2f7de6563,0,DEBIT,Medium,10,16,surge,40.284971,45.58231010602802,85.86728110602802
train,e9bd7991-c48c-50c3-8031-a8a2f7de6563,1,DEBIT,Medium,0,0,idle,40.284971,0.0,40.284971
train,e9bd7991-c48c-50c3-8031-a8a2f7de6563,2,DEBIT,Medium,2,0,idle,40.284971,0.0,40.284971
train,e9d650d4-0af4-524c-bf9c-4def79283d34,0,DEBIT,High,7,0,normal,30.692886,0.0,30.692886
train,e9d650d4-0af4-524c-bf9c-4def79283d34,1,DEBIT,High,0,0,idle,30.692886,0.0,30.692886
train,e9d650d4-0af4-524c-bf9c-4def79283d34,2,DEBIT,High,10,5,busy,30.692886,11.894711637930207,42.58759763793021
train,e9d650d4-0af4-524c-bf9c-4def79283d34,0,DEBIT,Low,6,0,normal,50.148867,0.0,50.148867
train,e9d650d4-0af4-524c-bf9c-4def79283d34,1,DEBIT,Low,7,0,normal,50.148867,0.0,50.148867
train,e9d650d4-0af4-524c-bf9c-4def79283d34,2,DEBIT,Low,0,0,idle,50.148867,0.0,50.148867
train,e9d650d4-0af4-524c-bf9c-4def79283d34,0,DEBIT,Medium,7,0,normal,40.777658,0.0,40.777658
train,e9d650d4-0af4-524c-bf9c-4def79283d34,1,DEBIT,Medium,6,0,normal,40.777658,0.0,40.777658
train,e9d650d4-0af4-524c-bf9c-4def79283d34,2,DEBIT,Medium,10,10,busy,40.777658,39.30869475497803,80.08635275497804
train,eafc5389-e1b0-5380-842d-43b9eb97e4fa,0,DEBIT,High,5,0,normal,32.037999,0.0,32.037999
train,eafc5389-e1b0-5380-842d-43b9eb97e4fa,1,DEBIT,High,5,0,normal,32.037999,0.0,32.037999
train,eafc5389-e1b0-5380-842d-43b9eb97e4fa,2,DEBIT,High,10,6,busy,32.037999,16.343916256369543,48.38191525636954
train,eafc5389-e1b0-5380-842d-43b9eb97e4fa,0,DEBIT,Low,8,0,normal,51.058648,0.0,51.058648
train,eafc5389-e1b0-5380-842d-43b9eb97e4fa,1,DEBIT,Low,8,0,normal,51.058648,0.0,51.058648
train,eafc5389-e1b0-5380-842d-43b9eb97e4fa,2,DEBIT,Low,9,0,normal,51.058648,0.0,51.058648
train,eafc5389-e1b0-5380-842d-43b9eb97e4fa,0,DEBIT,Medium,8,0,normal,40.491522,0.0,40.491522
train,eafc5389-e1b0-5380-842d-43b9eb97e4fa,1,DEBIT,Medium,10,5,busy,40.491522,29.85834843400304,70.34987043400304
train,eafc5389-e1b0-5380-842d-43b9eb97e4fa,2,DEBIT,Medium,10,6,busy,40.491522,21.476581713824064,61.968103713824064
train,ebb37b20-0a13-57a8-8655-3d2e47c92a76,0,CASH_OUT,High,10,10,busy,27.246652,30.86513658014283,58.11178858014283
train,ebb37b20-0a13-57a8-8655-3d2e47c92a76,1,CASH_OUT,High,10,26,surge,27.246652,74.95425837376703,102.20091037376703
train,ebb37b20-0a13-57a8-8655-3d2e47c92a76,2,CASH_OUT,High,10,15,surge,27.246652,45.70493646942646,72.95158846942645
train,ebb37b20-0a13-57a8-8655-3d2e47c92a76,0,CASH_OUT,Low,10,11,surge,43.013901,48.99831027732982,92.01221127732981
train,ebb37b20-0a13-57a8-8655-3d2e47c92a76,1,CASH_OUT,Low,9,0,normal,43.013901,0.0,43.013901
train,ebb37b20-0a13-57a8-8655-3d2e47c92a76,2,CASH_OUT,Low,10,4,busy,43.013901,21.16749880682922,64.18139980682922
train,ebb37b20-0a13-57a8-8655-3d2e47c92a76,0,CASH_OUT,Medium,10,2,busy,41.154508,8.41292391031778,49.56743191031778
train,ebb37b20-0a13-57a8-8655-3d2e47c92a76,1,CASH_OUT,Medium,10,10,busy,41.154508,39.17513267772322,80.32964067772322
train,ebb37b20-0a13-57a8-8655-3d2e47c92a76,2,CASH_OUT,Medium,10,20,surge,41.154508,78.8868389034799,120.0413469034799
train,ec6acb28-06ed-5ea8-a85a-f6db6051d9d0,0,CASH_IN,High,2,0,idle,21.917735,0.0,21.917735
train,ec6acb28-06ed-5ea8-a85a-f6db6051d9d0,1,CASH_IN,High,10,3,busy,21.917735,15.379944302521261,37.29767930252126
train,ec6acb28-06ed-5ea8-a85a-f6db6051d9d0,2,CASH_IN,High,5,0,normal,21.917735,0.0,21.917735
train,ec6acb28-06ed-5ea8-a85a-f6db6051d9d0,0,CASH_IN,Low,10,23,surge,36.355945,111.54164904779776,147.89759404779775
train,ec6acb28-06ed-5ea8-a85a-f6db6051d9d0,1,CASH_IN,Low,10,30,surge,36.355945,134.195694424809,170.551639424809
train,ec6acb28-06ed-5ea8-a85a-f6db6051d9d0,2,CASH_IN,Low,7,0,normal,36.355945,0.0,36.355945
train,ec6acb28-06ed-5ea8-a85a-f6db6051d9d0,0,CASH_IN,Medium,5,0,normal,27.952256,0.0,27.952256
train,ec6acb28-06ed-5ea8-a85a-f6db6051d9d0,1,CASH_IN,Medium,10,9,busy,27.952256,36.26543888786108,64.21769488786109
train,ec6acb28-06ed-5ea8-a85a-f6db6051d9d0,2,CASH_IN,Medium,6,0,normal,27.952256,0.0,27.952256
train,ecd31ee5-8251-5192-8479-929d11c1bb77,0,TRANSFER,High,10,9,busy,36.410467,32.274857043316445,68.68532404331644
train,ecd31ee5-8251-5192-8479-929d11c1bb77,1,TRANSFER,High,5,0,normal,36.410467,0.0,36.410467
train,ecd31ee5-8251-5192-8479-929d11c1bb77,2,TRANSFER,High,8,0,normal,36.410467,0.0,36.410467
train,ecd31ee5-8251-5192-8479-929d11c1bb77,0,TRANSFER,Low,4,0,idle,57.703002,0.0,57.703002
train,ecd31ee5-8251-5192-8479-929d11c1bb77,1,TRANSFER,Low,8,0,normal,57.703002,0.0,57.703002
train,ecd31ee5-8251-5192-8479-929d11c1bb77,2,TRANSFER,Low,7,0,normal,57.703002,0.0,57.703002
train,ecd31ee5-8251-5192-8479-929d11c1bb77,0,TRANSFER,Medium,1,0,idle,44.594687,0.0,44.594687
train,ecd31ee5-8251-5192-8479-929d11c1bb77,1,TRANSFER,Medium,5,0,normal,44.594687,0.0,44.594687
train,ecd31ee5-8251-5192-8479-929d11c1bb77,2,TRANSFER,Medium,10,11,surge,44.594687,43.549606924444504,88.1442939244445
train,ed7cb430-ff65-515f-ada3-96b92f708940,0,CASH_OUT,High,8,0,normal,27.246792,0.0,27.246792
train,ed7cb430-ff65-515f-ada3-96b92f708940,1,CASH_OUT,High,9,0,normal,27.246792,0.0,27.246792
train,ed7cb430-ff65-515f-ada3-96b92f708940,2,CASH_OUT,High,3,0,idle,27.246792,0.0,27.246792
train,ed7cb430-ff65-515f-ada3-96b92f708940,0,CASH_OUT,Low,4,0,idle,48.151133,0.0,48.151133
train,ed7cb430-ff65-515f-ada3-96b92f708940,1,CASH_OUT,Low,4,0,idle,48.151133,0.0,48.151133
train,ed7cb430-ff65-515f-ada3-96b92f708940,2,CASH_OUT,Low,8,0,normal,48.151133,0.0,48.151133
train,ed7cb430-ff65-515f-ada3-96b92f708940,0,CASH_OUT,Medium,10,0,busy,36.838272,2.535661322192338,39.37393332219234
train,ed7cb430-ff65-515f-ada3-96b92f708940,1,CASH_OUT,Medium,10,18,surge,36.838272,68.54692965823966,105.38520165823967
train,ed7cb430-ff65-515f-ada3-96b92f708940,2,CASH_OUT,Medium,10,7,busy,36.838272,23.41292879490265,60.25120079490266
train,eee54f0b-1634-5f4a-ab23-bc5c6230b9ce,0,TRANSFER,High,3,0,idle,35.012114,0.0,35.012114
train,eee54f0b-1634-5f4a-ab23-bc5c6230b9ce,1,TRANSFER,High,5,0,normal,35.012114,0.0,35.012114
train,eee54f0b-1634-5f4a-ab23-bc5c6230b9ce,2,TRANSFER,High,8,0,normal,35.012114,0.0,35.012114
train,eee54f0b-1634-5f4a-ab23-bc5c6230b9ce,0,TRANSFER,Low,7,0,normal,55.887372,0.0,55.887372
train,eee54f0b-1634-5f4a-ab23-bc5c6230b9ce,1,TRANSFER,Low,10,4,busy,55.887372,25.8158458497093,81.7032178497093
train,eee54f0b-1634-5f4a-ab23-bc5c6230b9ce,2,TRANSFER,Low,7,0,normal,55.887372,0.0,55.887372
train,eee54f0b-1634-5f4a-ab23-bc5c6230b9ce,0,TRANSFER,Medium,7,0,normal,45.240929,0.0,45.240929
train,eee54f0b-1634-5f4a-ab23-bc5c6230b9ce,1,TRANSFER,Medium,4,0,idle,45.240929,0.0,45.240929
train,eee54f0b-1634-5f4a-ab23-bc5c6230b9ce,2,TRANSFER,Medium,10,26,surge,45.240929,97.10883436594415,142.34976336594414
train,ef16b679-aa39-5a25-8430-a3f4be76563f,0,TRANSFER,High,10,23,surge,36.732337,65.55492022312762,102.28725722312763
train,ef16b679-aa39-5a25-8430-a3f4be76563f,1,TRANSFER,High,10,17,surge,36.732337,54.69555413418344,91.42789113418344
train,ef16b679-aa39-5a25-8430-a3f4be76563f,2,TRANSFER,High,10,6,busy,36.732337,24.479343662192484,61.211680662192485
train,ef16b679-aa39-5a25-8430-a3f4be76563f,0,TRANSFER,Low,5,0,normal,57.720873,0.0,57.720873
train,ef16b679-aa39-5a25-8430-a3f4be76563f,1,TRANSFER,Low,10,28,surge,57.720873,127.48315875310908,185.20403175310906
train,ef16b679-aa39-5a25-8430-a3f4be76563f,2,TRANSFER,Low,0,0,idle,57.720873,0.0,57.720873
train,ef16b679-aa39-5a25-8430-a3f4be76563f,0,TRANSFER,Medium,10,7,busy,46.438775,27.585378330056674,74.02415333005668
train,ef16b679-aa39-5a25-8430-a3f4be76563f,1,TRANSFER,Medium,10,27,surge,46.438775,92.74974082764908,139.18851582764907
train,ef16b679-aa39-5a25-8430-a3f4be76563f,2,TRANSFER,Medium,6,0,normal,46.438775,0.0,46.438775
train,ef583ab9-e43b-5cc9-bb94-0d7526855dc6,0,PAYMENT,High,10,23,surge,23.936016,65.713651226077,89.649667226077
train,ef583ab9-e43b-5cc9-bb94-0d7526855dc6,1,PAYMENT,High,5,0,normal,23.936016,0.0,23.936016
train,ef583ab9-e43b-5cc9-bb94-0d7526855dc6,2,PAYMENT,High,6,0,normal,23.936016,0.0,23.936016
train,ef583ab9-e43b-5cc9-bb94-0d7526855dc6,0,PAYMENT,Low,5,0,normal,39.668537,0.0,39.668537
train,ef583ab9-e43b-5cc9-bb94-0d7526855dc6,1,PAYMENT,Low,10,1,busy,39.668537,18.532277102869646,58.20081410286964
train,ef583ab9-e43b-5cc9-bb94-0d7526855dc6,2,PAYMENT,Low,7,0,normal,39.668537,0.0,39.668537
train,ef583ab9-e43b-5cc9-bb94-0d7526855dc6,0,PAYMENT,Medium,10,8,busy,31.604247,31.590155383065106,63.19440238306511
train,ef583ab9-e43b-5cc9-bb94-0d7526855dc6,1,PAYMENT,Medium,10,26,surge,31.604247,91.23706596718161,122.84131296718161
train,ef583ab9-e43b-5cc9-bb94-0d7526855dc6,2,PAYMENT,Medium,9,0,normal,31.604247,0.0,31.604247
train,efa58933-8fe6-5c78-903f-81efd3422e1c,0,CASH_OUT,High,8,0,normal,27.329418,0.0,27.329418
train,efa58933-8fe6-5c78-903f-81efd3422e1c,1,CASH_OUT,High,10,27,surge,27.329418,75.49648640572268,102.82590440572268
train,efa58933-8fe6-5c78-903f-81efd3422e1c,2,CASH_OUT,High,6,0,normal,27.329418,0.0,27.329418
train,efa58933-8fe6-5c78-903f-81efd3422e1c,0,CASH_OUT,Low,4,0,idle,46.96961,0.0,46.96961
train,efa58933-8fe6-5c78-903f-81efd3422e1c,1,CASH_OUT,Low,10,6,busy,46.96961,36.64527916777847,83.61488916777847
train,efa58933-8fe6-5c78-903f-81efd3422e1c,2,CASH_OUT,Low,1,0,idle,46.96961,0.0,46.96961
train,efa58933-8fe6-5c78-903f-81efd3422e1c,0,CASH_OUT,Medium,10,2,busy,37.145117,17.802253267969757,54.94737026796976
train,efa58933-8fe6-5c78-903f-81efd3422e1c,1,CASH_OUT,Medium,10,10,busy,37.145117,31.051853442382892,68.19697044238289
train,efa58933-8fe6-5c78-903f-81efd3422e1c,2,CASH_OUT,Medium,9,0,normal,37.145117,0.0,37.145117
train,f01379f7-1275-51d7-99b1-bce06ed69a97,0,PAYMENT,High,10,5,busy,25.746975,15.59752744490437,41.34450244490437
train,f01379f7-1275-51d7-99b1-bce06ed69a97,1,PAYMENT,High,10,1,busy,25.746975,2.9566261401048908,28.70360114010489
train,f01379f7-1275-51d7-99b1-bce06ed69a97,2,PAYMENT,High,5,0,normal,25.746975,0.0,25.746975
train,f01379f7-1275-51d7-99b1-bce06ed69a97,0,PAYMENT,Low,5,0,normal,39.955092,0.0,39.955092
train,f01379f7-1275-51d7-99b1-bce06ed69a97,1,PAYMENT,Low,8,0,normal,39.955092,0.0,39.955092
train,f01379f7-1275-51d7-99b1-bce06ed69a97,2,PAYMENT,Low,10,0,busy,39.955092,5.363747483651917,45.318839483651914
train,f01379f7-1275-51d7-99b1-bce06ed69a97,0,PAYMENT,Medium,10,1,busy,32.081013,6.229743508011562,38.31075650801156
train,f01379f7-1275-51d7-99b1-bce06ed69a97,1,PAYMENT,Medium,10,4,busy,32.081013,15.179635792102717,47.260648792102714
train,f01379f7-1275-51d7-99b1-bce06ed69a97,2,PAYMENT,Medium,8,0,normal,32.081013,0.0,32.081013
train,f0795a79-8f6c-5aa7-b630-2c7de286e73a,0,PAYMENT,High,8,0,normal,24.05572,0.0,24.05572
train,f0795a79-8f6c-5aa7-b630-2c7de286e73a,1,PAYMENT,High,5,0,normal,24.05572,0.0,24.05572
train,f0795a79-8f6c-5aa7-b630-2c7de286e73a,2,PAYMENT,High,8,0,normal,24.05572,0.0,24.05572
train,f0795a79-8f6c-5aa7-b630-2c7de286e73a,0,PAYMENT,Low,10,6,busy,38.777481,29.36546543065665,68.14294643065665
train,f0795a79-8f6c-5aa7-b630-2c7de286e73a,1,PAYMENT,Low,8,0,normal,38.777481,0.0,38.777481
train,f0795a79-8f6c-5aa7-b630-2c7de286e73a,2,PAYMENT,Low,4,0,idle,38.777481,0.0,38.777481
train,f0795a79-8f6c-5aa7-b630-2c7de286e73a,0,PAYMENT,Medium,10,12,surge,31.436158,57.988584649327194,89.42474264932719
train,f0795a79-8f6c-5aa7-b630-2c7de286e73a,1,PAYMENT,Medium,7,0,normal,31.436158,0.0,31.436158
train,f0795a79-8f6c-5aa7-b630-2c7de286e73a,2,PAYMENT,Medium,3,0,idle,31.436158,0.0,31.436158
train,f0be7b89-cb64-5e2b-9161-e11be9779336,0,DEBIT,High,10,17,surge,31.612899,45.50868481899136,77.12158381899135
train,f0be7b89-cb64-5e2b-9161-e11be9779336,1,DEBIT,High,10,23,surge,31.612899,61.69522772026433,93.30812672026433
train,f0be7b89-cb64-5e2b-9161-e11be9779336,2,DEBIT,High,9,0,normal,31.612899,0.0,31.612899
train,f0be7b89-cb64-5e2b-9161-e11be9779336,0,DEBIT,Low,1,0,idle,52.237111,0.0,52.237111
train,f0be7b89-cb64-5e2b-9161-e11be9779336,1,DEBIT,Low,10,18,surge,52.237111,89.15901190200918,141.39612290200918
train,f0be7b89-cb64-5e2b-9161-e11be9779336,2,DEBIT,Low,10,8,busy,52.237111,44.33261134314481,96.5697223431448
train,f0be7b89-cb64-5e2b-9161-e11be9779336,0,DEBIT,Medium,1,0,idle,40.953176,0.0,40.953176
train,f0be7b89-cb64-5e2b-9161-e11be9779336,1,DEBIT,Medium,7,0,normal,40.953176,0.0,40.953176
train,f0be7b89-cb64-5e2b-9161-e11be9779336,2,DEBIT,Medium,7,0,normal,40.953176,0.0,40.953176
train,f10b952e-aa55-5b23-b67e-ef8ec15da924,0,CASH_IN,High,1,0,idle,21.80708,0.0,21.80708
train,f10b952e-aa55-5b23-b67e-ef8ec15da924,1,CASH_IN,High,3,0,idle,21.80708,0.0,21.80708
train,f10b952e-aa55-5b23-b67e-ef8ec15da924,2,CASH_IN,High,10,0,busy,21.80708,1.9347136768592545,23.741793676859253
train,f10b952e-aa55-5b23-b67e-ef8ec15da924,0,CASH_IN,Low,10,9,busy,33.343522,45.926304886073545,79.26982688607355
train,f10b952e-aa55-5b23-b67e-ef8ec15da924,1,CASH_IN,Low,5,0,normal,33.343522,0.0,33.343522
train,f10b952e-aa55-5b23-b67e-ef8ec15da924,2,CASH_IN,Low,3,0,idle,33.343522,0.0,33.343522
train,f10b952e-aa55-5b23-b67e-ef8ec15da924,0,CASH_IN,Medium,10,6,busy,27.789905,14.665455538892953,42.455360538892954
train,f10b952e-aa55-5b23-b67e-ef8ec15da924,1,CASH_IN,Medium,9,0,normal,27.789905,0.0,27.789905
train,f10b952e-aa55-5b23-b67e-ef8ec15da924,2,CASH_IN,Medium,8,0,normal,27.789905,0.0,27.789905
train,f1348a6c-fe00-517a-9b99-df4faba88270,0,PAYMENT,High,6,0,normal,23.871396,0.0,23.871396
train,f1348a6c-fe00-517a-9b99-df4faba88270,1,PAYMENT,High,10,8,busy,23.871396,22.935360371955944,46.80675637195594
train,f1348a6c-fe00-517a-9b99-df4faba88270,2,PAYMENT,High,8,0,normal,23.871396,0.0,23.871396
train,f1348a6c-fe00-517a-9b99-df4faba88270,0,PAYMENT,Low,1,0,idle,41.574183,0.0,41.574183
train,f1348a6c-fe00-517a-9b99-df4faba88270,1,PAYMENT,Low,10,25,surge,41.574183,109.67034711218241,151.24453011218242
train,f1348a6c-fe00-517a-9b99-df4faba88270,2,PAYMENT,Low,10,6,busy,41.574183,38.114732217825306,79.6889152178253
train,f1348a6c-fe00-517a-9b99-df4faba88270,0,PAYMENT,Medium,10,6,busy,31.492021,22.561567017976767,54.053588017976764
train,f1348a6c-fe00-517a-9b99-df4faba88270,1,PAYMENT,Medium,3,0,idle,31.492021,0.0,31.492021
train,f1348a6c-fe00-517a-9b99-df4faba88270,2,PAYMENT,Medium,10,18,surge,31.492021,61.39918526191826,92.89120626191826
train,f2469e5e-b855-5f4f-bc5d-49bebb618767,0,CASH_IN,High,10,15,surge,20.489975,47.91274415121209,68.4027191512121
train,f2469e5e-b855-5f4f-bc5d-49bebb618767,1,CASH_IN,High,10,30,surge,20.489975,83.90663036528447,104.39660536528447
train,f2469e5e-b855-5f4f-bc5d-49bebb618767,2,CASH_IN,High,10,10,busy,20.489975,36.26676015117756,56.75673515117756
train,f2469e5e-b855-5f4f-bc5d-49bebb618767,0,CASH_IN,Low,3,0,idle,32.558735,0.0,32.558735
train,f2469e5e-b855-5f4f-bc5d-49bebb618767,1,CASH_IN,Low,4,0,idle,32.558735,0.0,32.558735
train,f2469e5e-b855-5f4f-bc5d-49bebb618767,2,CASH_IN,Low,7,0,normal,32.558735,0.0,32.558735
train,f2469e5e-b855-5f4f-bc5d-49bebb618767,0,CASH_IN,Medium,9,0,normal,27.948568,0.0,27.948568
train,f2469e5e-b855-5f4f-bc5d-49bebb618767,1,CASH_IN,Medium,10,5,busy,27.948568,16.61804416789269,44.56661216789269
train,f2469e5e-b855-5f4f-bc5d-49bebb618767,2,CASH_IN,Medium,10,1,busy,27.948568,7.722680436820472,35.67124843682048
train,f29acdd4-3ba9-5de8-aa26-b4804dd89985,0,PAYMENT,High,10,9,busy,25.330981,22.032889749211723,47.36387074921173
train,f29acdd4-3ba9-5de8-aa26-b4804dd89985,1,PAYMENT,High,9,0,normal,25.330981,0.0,25.330981
train,f29acdd4-3ba9-5de8-aa26-b4804dd89985,2,PAYMENT,High,9,0,normal,25.330981,0.0,25.330981
train,f29acdd4-3ba9-5de8-aa26-b4804dd89985,0,PAYMENT,Low,10,7,busy,39.8398,26.463640165117905,66.3034401651179
train,f29acdd4-3ba9-5de8-aa26-b4804dd89985,1,PAYMENT,Low,7,0,normal,39.8398,0.0,39.8398
train,f29acdd4-3ba9-5de8-aa26-b4804dd89985,2,PAYMENT,Low,1,0,idle,39.8398,0.0,39.8398
train,f29acdd4-3ba9-5de8-aa26-b4804dd89985,0,PAYMENT,Medium,10,7,busy,33.79608,20.764609465403517,54.56068946540352
train,f29acdd4-3ba9-5de8-aa26-b4804dd89985,1,PAYMENT,Medium,10,14,surge,33.79608,60.90725524841481,94.70333524841482
train,f29acdd4-3ba9-5de8-aa26-b4804dd89985,2,PAYMENT,Medium,10,8,busy,33.79608,29.697843629435553,63.49392362943556
train,f2dd10b0-ea83-5239-b110-16759b0a4664,0,CASH_IN,High,6,0,normal,20.763881,0.0,20.763881
train,f2dd10b0-ea83-5239-b110-16759b0a4664,1,CASH_IN,High,9,0,normal,20.763881,0.0,20.763881
train,f2dd10b0-ea83-5239-b110-16759b0a4664,2,CASH_IN,High,10,7,busy,20.763881,22.57801991776055,43.341900917760555
train,f2dd10b0-ea83-5239-b110-16759b0a4664,0,CASH_IN,Low,10,6,busy,33.502371,28.619713073045514,62.122084073045514
train,f2dd10b0-ea83-5239-b110-16759b0a4664,1,CASH_IN,Low,2,0,idle,33.502371,0.0,33.502371
train,f2dd10b0-ea83-5239-b110-16759b0a4664,2,CASH_IN,Low,10,8,busy,33.502371,42.71696503035806,76.21933603035805
train,f2dd10b0-ea83-5239-b110-16759b0a4664,0,CASH_IN,Medium,6,0,normal,27.848292,0.0,27.848292
train,f2dd10b0-ea83-5239-b110-16759b0a4664,1,CASH_IN,Medium,3,0,idle,27.848292,0.0,27.848292
train,f2dd10b0-ea83-5239-b110-16759b0a4664,2,CASH_IN,Medium,0,0,idle,27.848292,0.0,27.848292
train,f3537ea6-8622-51a5-8a06-c0a6ad7ced4f,0,PAYMENT,High,10,3,busy,24.143652,11.382678588393063,35.526330588393066
train,f3537ea6-8622-51a5-8a06-c0a6ad7ced4f,1,PAYMENT,High,10,24,surge,24.143652,78.3813907293517,102.5250427293517
train,f3537ea6-8622-51a5-8a06-c0a6ad7ced4f,2,PAYMENT,High,5,0,normal,24.143652,0.0,24.143652
train,f3537ea6-8622-51a5-8a06-c0a6ad7ced4f,0,PAYMENT,Low,8,0,normal,41.070667,0.0,41.070667
train,f3537ea6-8622-51a5-8a06-c0a6ad7ced4f,1,PAYMENT,Low,3,0,idle,41.070667,0.0,41.070667
train,f3537ea6-8622-51a5-8a06-c0a6ad7ced4f,2,PAYMENT,Low,10,4,busy,41.070667,15.11782648193867,56.18849348193867
train,f3537ea6-8622-51a5-8a06-c0a6ad7ced4f,0,PAYMENT,Medium,3,0,idle,30.724669,0.0,30.724669
train,f3537ea6-8622-51a5-8a06-c0a6ad7ced4f,1,PAYMENT,Medium,7,0,normal,30.724669,0.0,30.724669
train,f3537ea6-8622-51a5-8a06-c0a6ad7ced4f,2,PAYMENT,Medium,0,0,idle,30.724669,0.0,30.724669
train,f421c3e3-460a-53cf-8742-998b9ebed808,0,TRANSFER,High,5,0,normal,36.400135,0.0,36.400135
train,f421c3e3-460a-53cf-8742-998b9ebed808,1,TRANSFER,High,10,8,busy,36.400135,23.157431024594988,59.55756602459499
train,f421c3e3-460a-53cf-8742-998b9ebed808,2,TRANSFER,High,0,0,idle,36.400135,0.0,36.400135
train,f421c3e3-460a-53cf-8742-998b9ebed808,0,TRANSFER,Low,7,0,normal,58.799623,0.0,58.799623
train,f421c3e3-460a-53cf-8742-998b9ebed808,1,TRANSFER,Low,3,0,idle,58.799623,0.0,58.799623
train,f421c3e3-460a-53cf-8742-998b9ebed808,2,TRANSFER,Low,10,4,busy,58.799623,27.552338294821457,86.35196129482145
train,f421c3e3-460a-53cf-8742-998b9ebed808,0,TRANSFER,Medium,10,2,busy,45.894149,13.431636876293421,59.32578587629342
train,f421c3e3-460a-53cf-8742-998b9ebed808,1,TRANSFER,Medium,10,1,busy,45.894149,4.225188934063517,50.119337934063516
train,f421c3e3-460a-53cf-8742-998b9ebed808,2,TRANSFER,Medium,7,0,normal,45.894149,0.0,45.894149
train,f4475d6c-69d8-550e-b89a-64cf63df94f5,0,DEBIT,High,10,16,surge,33.266101,41.063013666328715,74.3291146663287
train,f4475d6c-69d8-550e-b89a-64cf63df94f5,1,DEBIT,High,0,0,idle,33.266101,0.0,33.266101
train,f4475d6c-69d8-550e-b89a-64cf63df94f5,2,DEBIT,High,10,10,busy,33.266101,32.43050586305392,65.69660686305392
train,f4475d6c-69d8-550e-b89a-64cf63df94f5,0,DEBIT,Low,8,0,normal,51.649213,0.0,51.649213
train,f4475d6c-69d8-550e-b89a-64cf63df94f5,1,DEBIT,Low,10,5,busy,51.649213,35.125324270604814,86.77453727060481
train,f4475d6c-69d8-550e-b89a-64cf63df94f5,2,DEBIT,Low,10,20,surge,51.649213,90.97979049754426,142.62900349754426
train,f4475d6c-69d8-550e-b89a-64cf63df94f5,0,DEBIT,Medium,10,3,busy,38.826198,21.33507576949242,60.16127376949242
train,f4475d6c-69d8-550e-b89a-64cf63df94f5,1,DEBIT,Medium,5,0,normal,38.826198,0.0,38.826198
train,f4475d6c-69d8-550e-b89a-64cf63df94f5,2,DEBIT,Medium,10,24,surge,38.826198,90.39709064981973,129.22328864981972
train,f447e6f4-696a-5b48-b681-4bfe2e1a6f29,0,DEBIT,High,10,8,busy,33.418081,27.698526891848914,61.116607891848915
train,f447e6f4-696a-5b48-b681-4bfe2e1a6f29,1,DEBIT,High,10,25,surge,33.418081,75.2568034286386,108.6748844286386
train,f447e6f4-696a-5b48-b681-4bfe2e1a6f29,2,DEBIT,High,10,7,busy,33.418081,26.713244863465736,60.13132586346573
train,f447e6f4-696a-5b48-b681-4bfe2e1a6f29,0,DEBIT,Low,10,11,surge,49.788859,57.73342851288912,107.52228751288912
train,f447e6f4-696a-5b48-b681-4bfe2e1a6f29,1,DEBIT,Low,10,21,surge,49.788859,102.0953148999985,151.8841738999985
train,f447e6f4-696a-5b48-b681-4bfe2e1a6f29,2,DEBIT,Low,8,0,normal,49.788859,0.0,49.788859
train,f447e6f4-696a-5b48-b681-4bfe2e1a6f29,0,DEBIT,Medium,3,0,idle,40.814696,0.0,40.814696
train,f447e6f4-696a-5b48-b681-4bfe2e1a6f29,1,DEBIT,Medium,10,17,surge,40.814696,66.60432599479068,107.41902199479068
train,f447e6f4-696a-5b48-b681-4bfe2e1a6f29,2,DEBIT,Medium,10,3,busy,40.814696,14.36619932547385,55.18089532547385
train,f44cb27e-2fb5-5d82-8458-bfae3fecbd55,0,PAYMENT,High,10,2,busy,24.61042,8.346575570862084,32.956995570862084
train,f44cb27e-2fb5-5d82-8458-bfae3fecbd55,1,PAYMENT,High,0,0,idle,24.61042,0.0,24.61042
train,f44cb27e-2fb5-5d82-8458-bfae3fecbd55,2,PAYMENT,High,5,0,normal,24.61042,0.0,24.61042
train,f44cb27e-2fb5-5d82-8458-bfae3fecbd55,0,PAYMENT,Low,10,0,busy,40.059471,7.3567539443392125,47.41622494433921
train,f44cb27e-2fb5-5d82-8458-bfae3fecbd55,1,PAYMENT,Low,10,1,busy,40.059471,8.851688257223659,48.91115925722366
train,f44cb27e-2fb5-5d82-8458-bfae3fecbd55,2,PAYMENT,Low,2,0,idle,40.059471,0.0,40.059471
train,f44cb27e-2fb5-5d82-8458-bfae3fecbd55,0,PAYMENT,Medium,7,0,normal,33.265492,0.0,33.265492
train,f44cb27e-2fb5-5d82-8458-bfae3fecbd55,1,PAYMENT,Medium,0,0,idle,33.265492,0.0,33.265492
train,f44cb27e-2fb5-5d82-8458-bfae3fecbd55,2,PAYMENT,Medium,10,8,busy,33.265492,30.169574603516544,63.435066603516546
train,f489b9af-ef7a-53ef-b987-cdbb52ee0c68,0,PAYMENT,High,10,6,busy,25.333913,21.69049453519011,47.02440753519011
train,f489b9af-ef7a-53ef-b987-cdbb52ee0c68,1,PAYMENT,High,1,0,idle,25.333913,0.0,25.333913
train,f489b9af-ef7a-53ef-b987-cdbb52ee0c68,2,PAYMENT,High,10,10,busy,25.333913,31.002397797573714,56.33631079757372
train,f489b9af-ef7a-53ef-b987-cdbb52ee0c68,0,PAYMENT,Low,2,0,idle,39.929199,0.0,39.929199
train,f489b9af-ef7a-53ef-b987-cdbb52ee0c68,1,PAYMENT,Low,9,0,normal,39.929199,0.0,39.929199
train,f489b9af-ef7a-53ef-b987-cdbb52ee0c68,2,PAYMENT,Low,6,0,normal,39.929199,0.0,39.929199
train,f489b9af-ef7a-53ef-b987-cdbb52ee0c68,0,PAYMENT,Medium,6,0,normal,31.31047,0.0,31.31047
train,f489b9af-ef7a-53ef-b987-cdbb52ee0c68,1,PAYMENT,Medium,7,0,normal,31.31047,0.0,31.31047
train,f489b9af-ef7a-53ef-b987-cdbb52ee0c68,2,PAYMENT,Medium,8,0,normal,31.31047,0.0,31.31047
train,f49073ea-74a7-52b0-9095-646ee1e5fcd6,0,DEBIT,High,6,0,normal,31.316296,0.0,31.316296
train,f49073ea-74a7-52b0-9095-646ee1e5fcd6,1,DEBIT,High,1,0,idle,31.316296,0.0,31.316296
train,f49073ea-74a7-52b0-9095-646ee1e5fcd6,2,DEBIT,High,4,0,idle,31.316296,0.0,31.316296
train,f49073ea-74a7-52b0-9095-646ee1e5fcd6,0,DEBIT,Low,10,9,busy,51.054549,48.126840285190426,99.18138928519042
train,f49073ea-74a7-52b0-9095-646ee1e5fcd6,1,DEBIT,Low,10,0,busy,51.054549,3.1787072303004473,54.23325623030045
train,f49073ea-74a7-52b0-9095-646ee1e5fcd6,2,DEBIT,Low,5,0,normal,51.054549,0.0,51.054549
train,f49073ea-74a7-52b0-9095-646ee1e5fcd6,0,DEBIT,Medium,10,21,surge,40.188738,77.01707513189928,117.20581313189928
train,f49073ea-74a7-52b0-9095-646ee1e5fcd6,1,DEBIT,Medium,5,0,normal,40.188738,0.0,40.188738
train,f49073ea-74a7-52b0-9095-646ee1e5fcd6,2,DEBIT,Medium,10,11,surge,40.188738,46.58307296229873,86.77181096229873
train,f49c0dbd-d96e-550e-afc9-e0510695a5c1,0,PAYMENT,High,3,0,idle,23.902651,0.0,23.902651
train,f49c0dbd-d96e-550e-afc9-e0510695a5c1,1,PAYMENT,High,10,16,surge,23.902651,51.81534033190008,75.71799133190008
train,f49c0dbd-d96e-550e-afc9-e0510695a5c1,2,PAYMENT,High,0,0,idle,23.902651,0.0,23.902651
train,f49c0dbd-d96e-550e-afc9-e0510695a5c1,0,PAYMENT,Low,5,0,normal,40.24381,0.0,40.24381
train,f49c0dbd-d96e-550e-afc9-e0510695a5c1,1,PAYMENT,Low,10,2,busy,40.24381,9.137603564721125,49.38141356472113
train,f49c0dbd-d96e-550e-afc9-e0510695a5c1,2,PAYMENT,Low,10,27,surge,40.24381,129.78452235092223,170.02833235092223
train,f49c0dbd-d96e-550e-afc9-e0510695a5c1,0,PAYMENT,Medium,10,6,busy,33.667697,19.76206347547339,53.42976047547339
train,f49c0dbd-d96e-550e-afc9-e0510695a5c1,1,PAYMENT,Medium,6,0,normal,33.667697,0.0,33.667697
train,f49c0dbd-d96e-550e-afc9-e0510695a5c1,2,PAYMENT,Medium,10,21,surge,33.667697,83.98623105329855,117.65392805329856
train,f4d15ad2-297e-5735-a75b-70fb410cf209,0,CASH_OUT,High,10,1,busy,27.695529,6.302055002286075,33.997584002286075
train,f4d15ad2-297e-5735-a75b-70fb410cf209,1,CASH_OUT,High,5,0,normal,27.695529,0.0,27.695529
train,f4d15ad2-297e-5735-a75b-70fb410cf209,2,CASH_OUT,High,10,10,busy,27.695529,32.172835597729424,59.868364597729425
train,f4d15ad2-297e-5735-a75b-70fb410cf209,0,CASH_OUT,Low,9,0,normal,46.027619,0.0,46.027619
train,f4d15ad2-297e-5735-a75b-70fb410cf209,1,CASH_OUT,Low,0,0,idle,46.027619,0.0,46.027619
train,f4d15ad2-297e-5735-a75b-70fb410cf209,2,CASH_OUT,Low,9,0,normal,46.027619,0.0,46.027619
train,f4d15ad2-297e-5735-a75b-70fb410cf209,0,CASH_OUT,Medium,1,0,idle,36.86528,0.0,36.86528
train,f4d15ad2-297e-5735-a75b-70fb410cf209,1,CASH_OUT,Medium,10,18,surge,36.86528,69.142103796436,106.007383796436
train,f4d15ad2-297e-5735-a75b-70fb410cf209,2,CASH_OUT,Medium,9,0,normal,36.86528,0.0,36.86528
train,f4f32447-5f63-5faa-9fc4-9fe1fdadb2dc,0,CASH_OUT,High,9,0,normal,28.555005,0.0,28.555005
train,f4f32447-5f63-5faa-9fc4-9fe1fdadb2dc,1,CASH_OUT,High,6,0,normal,28.555005,0.0,28.555005
train,f4f32447-5f63-5faa-9fc4-9fe1fdadb2dc,2,CASH_OUT,High,10,7,busy,28.555005,19.12555683726439,47.68056183726439
train,f4f32447-5f63-5faa-9fc4-9fe1fdadb2dc,0,CASH_OUT,Low,3,0,idle,48.649755,0.0,48.649755
train,f4f32447-5f63-5faa-9fc4-9fe1fdadb2dc,1,CASH_OUT,Low,10,13,surge,48.649755,67.25111461101449,115.90086961101449
train,f4f32447-5f63-5faa-9fc4-9fe1fdadb2dc,2,CASH_OUT,Low,10,10,busy,48.649755,46.490681569252764,95.14043656925276
train,f4f32447-5f63-5faa-9fc4-9fe1fdadb2dc,0,CASH_OUT,Medium,8,0,normal,37.079518,0.0,37.079518
train,f4f32447-5f63-5faa-9fc4-9fe1fdadb2dc,1,CASH_OUT,Medium,5,0,normal,37.079518,0.0,37.079518
train,f4f32447-5f63-5faa-9fc4-9fe1fdadb2dc,2,CASH_OUT,Medium,8,0,normal,37.079518,0.0,37.079518
train,f5c751bc-2321-5343-91a9-3caaa351cb0a,0,PAYMENT,High,4,0,idle,25.052259,0.0,25.052259
train,f5c751bc-2321-5343-91a9-3caaa351cb0a,1,PAYMENT,High,0,0,idle,25.052259,0.0,25.052259
train,f5c751bc-2321-5343-91a9-3caaa351cb0a,2,PAYMENT,High,10,8,busy,25.052259,26.877362356635597,51.92962135663559
train,f5c751bc-2321-5343-91a9-3caaa351cb0a,0,PAYMENT,Low,3,0,idle,39.65473,0.0,39.65473
train,f5c751bc-2321-5343-91a9-3caaa351cb0a,1,PAYMENT,Low,5,0,normal,39.65473,0.0,39.65473
train,f5c751bc-2321-5343-91a9-3caaa351cb0a,2,PAYMENT,Low,10,5,busy,39.65473,29.507850725011465,69.16258072501147
train,f5c751bc-2321-5343-91a9-3caaa351cb0a,0,PAYMENT,Medium,10,2,busy,31.768467,3.7611987952067083,35.52966579520671
train,f5c751bc-2321-5343-91a9-3caaa351cb0a,1,PAYMENT,Medium,9,0,normal,31.768467,0.0,31.768467
train,f5c751bc-2321-5343-91a9-3caaa351cb0a,2,PAYMENT,Medium,0,0,idle,31.768467,0.0,31.768467
train,f60803fd-5f3a-5bf7-b89c-c03a070630cc,0,PAYMENT,High,10,11,surge,24.228427,28.92097084201517,53.14939784201517
train,f60803fd-5f3a-5bf7-b89c-c03a070630cc,1,PAYMENT,High,8,0,normal,24.228427,0.0,24.228427
train,f60803fd-5f3a-5bf7-b89c-c03a070630cc,2,PAYMENT,High,5,0,normal,24.228427,0.0,24.228427
train,f60803fd-5f3a-5bf7-b89c-c03a070630cc,0,PAYMENT,Low,10,1,busy,41.10192,9.518049445353583,50.61996944535358
train,f60803fd-5f3a-5bf7-b89c-c03a070630cc,1,PAYMENT,Low,3,0,idle,41.10192,0.0,41.10192
train,f60803fd-5f3a-5bf7-b89c-c03a070630cc,2,PAYMENT,Low,5,0,normal,41.10192,0.0,41.10192
train,f60803fd-5f3a-5bf7-b89c-c03a070630cc,0,PAYMENT,Medium,10,19,surge,33.153932,73.10937542121326,106.26330742121326
train,f60803fd-5f3a-5bf7-b89c-c03a070630cc,1,PAYMENT,Medium,2,0,idle,33.153932,0.0,33.153932
train,f60803fd-5f3a-5bf7-b89c-c03a070630cc,2,PAYMENT,Medium,10,5,busy,33.153932,9.109430767141161,42.26336276714116
train,f6197560-3a67-5180-9dff-4fac5c453ddb,0,DEBIT,High,5,0,normal,32.961029,0.0,32.961029
train,f6197560-3a67-5180-9dff-4fac5c453ddb,1,DEBIT,High,3,0,idle,32.961029,0.0,32.961029
train,f6197560-3a67-5180-9dff-4fac5c453ddb,2,DEBIT,High,4,0,idle,32.961029,0.0,32.961029
train,f6197560-3a67-5180-9dff-4fac5c453ddb,0,DEBIT,Low,10,8,busy,49.755605,37.152194179231145,86.90779917923115
train,f6197560-3a67-5180-9dff-4fac5c453ddb,1,DEBIT,Low,0,0,idle,49.755605,0.0,49.755605
train,f6197560-3a67-5180-9dff-4fac5c453ddb,2,DEBIT,Low,6,0,normal,49.755605,0.0,49.755605
train,f6197560-3a67-5180-9dff-4fac5c453ddb,0,DEBIT,Medium,10,2,busy,40.318948,7.8567649540744835,48.175712954074484
train,f6197560-3a67-5180-9dff-4fac5c453ddb,1,DEBIT,Medium,6,0,normal,40.318948,0.0,40.318948
train,f6197560-3a67-5180-9dff-4fac5c453ddb,2,DEBIT,Medium,2,0,idle,40.318948,0.0,40.318948
train,f684ff1e-23cb-5383-a026-639d3cdf7002,0,CASH_OUT,High,6,0,normal,28.071214,0.0,28.071214
train,f684ff1e-23cb-5383-a026-639d3cdf7002,1,CASH_OUT,High,10,2,busy,28.071214,5.855492101798426,33.92670610179843
train,f684ff1e-23cb-5383-a026-639d3cdf7002,2,CASH_OUT,High,10,9,busy,28.071214,27.16028293933844,55.23149693933844
train,f684ff1e-23cb-5383-a026-639d3cdf7002,0,CASH_OUT,Low,10,16,surge,48.873646,82.17081168912269,131.04445768912268
train,f684ff1e-23cb-5383-a026-639d3cdf7002,1,CASH_OUT,Low,8,0,normal,48.873646,0.0,48.873646
train,f684ff1e-23cb-5383-a026-639d3cdf7002,2,CASH_OUT,Low,4,0,idle,48.873646,0.0,48.873646
train,f684ff1e-23cb-5383-a026-639d3cdf7002,0,CASH_OUT,Medium,10,13,surge,36.859162,51.55787080157177,88.41703280157176
train,f684ff1e-23cb-5383-a026-639d3cdf7002,1,CASH_OUT,Medium,7,0,normal,36.859162,0.0,36.859162
train,f684ff1e-23cb-5383-a026-639d3cdf7002,2,CASH_OUT,Medium,10,15,surge,36.859162,60.82151304100819,97.68067504100819
train,f69d0c2c-e636-5588-a995-694008581f29,0,CASH_OUT,High,10,16,surge,27.683643,40.72907189153288,68.41271489153289
train,f69d0c2c-e636-5588-a995-694008581f29,1,CASH_OUT,High,8,0,normal,27.683643,0.0,27.683643
train,f69d0c2c-e636-5588-a995-694008581f29,2,CASH_OUT,High,8,0,normal,27.683643,0.0,27.683643
train,f69d0c2c-e636-5588-a995-694008581f29,0,CASH_OUT,Low,9,0,normal,47.722336,0.0,47.722336
train,f69d0c2c-e636-5588-a995-694008581f29,1,CASH_OUT,Low,5,0,normal,47.722336,0.0,47.722336
train,f69d0c2c-e636-5588-a995-694008581f29,2,CASH_OUT,Low,10,8,busy,47.722336,25.21571593430604,72.93805193430603
train,f69d0c2c-e636-5588-a995-694008581f29,0,CASH_OUT,Medium,6,0,normal,36.714946,0.0,36.714946
train,f69d0c2c-e636-5588-a995-694008581f29,1,CASH_OUT,Medium,6,0,normal,36.714946,0.0,36.714946
train,f69d0c2c-e636-5588-a995-694008581f29,2,CASH_OUT,Medium,10,0,busy,36.714946,7.288409397991113,44.00335539799111
train,f6ff0fe4-04cc-5668-820b-e40fb9d593cb,0,CASH_IN,High,10,2,busy,22.551697,8.554073251324333,31.105770251324333
train,f6ff0fe4-04cc-5668-820b-e40fb9d593cb,1,CASH_IN,High,10,1,busy,22.551697,3.0915709319504674,25.64326793195047
train,f6ff0fe4-04cc-5668-820b-e40fb9d593cb,2,CASH_IN,High,9,0,normal,22.551697,0.0,22.551697
train,f6ff0fe4-04cc-5668-820b-e40fb9d593cb,0,CASH_IN,Low,10,8,busy,31.73384,41.470939526401835,73.20477952640184
train,f6ff0fe4-04cc-5668-820b-e40fb9d593cb,1,CASH_IN,Low,5,0,normal,31.73384,0.0,31.73384
train,f6ff0fe4-04cc-5668-820b-e40fb9d593cb,2,CASH_IN,Low,1,0,idle,31.73384,0.0,31.73384
train,f6ff0fe4-04cc-5668-820b-e40fb9d593cb,0,CASH_IN,Medium,10,29,surge,26.945378,115.62739767530105,142.57277567530105
train,f6ff0fe4-04cc-5668-820b-e40fb9d593cb,1,CASH_IN,Medium,10,3,busy,26.945378,18.11795041038883,45.063328410388834
train,f6ff0fe4-04cc-5668-820b-e40fb9d593cb,2,CASH_IN,Medium,10,3,busy,26.945378,16.96948950565483,43.91486750565483
train,f7243ea5-deec-5f52-9b35-c29ade0db0db,0,DEBIT,High,10,8,busy,31.313382,21.529074965617447,52.842456965617444
train,f7243ea5-deec-5f52-9b35-c29ade0db0db,1,DEBIT,High,9,0,normal,31.313382,0.0,31.313382
train,f7243ea5-deec-5f52-9b35-c29ade0db0db,2,DEBIT,High,10,20,surge,31.313382,60.78812928284026,92.10151128284026
train,f7243ea5-deec-5f52-9b35-c29ade0db0db,0,DEBIT,Low,10,3,busy,52.981496,11.780325021551345,64.76182102155134
train,f7243ea5-deec-5f52-9b35-c29ade0db0db,1,DEBIT,Low,4,0,idle,52.981496,0.0,52.981496
train,f7243ea5-deec-5f52-9b35-c29ade0db0db,2,DEBIT,Low,6,0,normal,52.981496,0.0,52.981496
train,f7243ea5-deec-5f52-9b35-c29ade0db0db,0,DEBIT,Medium,10,29,surge,39.982503,120.86236953899306,160.84487253899306
train,f7243ea5-deec-5f52-9b35-c29ade0db0db,1,DEBIT,Medium,3,0,idle,39.982503,0.0,39.982503
train,f7243ea5-deec-5f52-9b35-c29ade0db0db,2,DEBIT,Medium,10,3,busy,39.982503,7.416450628169179,47.39895362816918
train,f74865c7-3972-5a72-88c3-d1d5be54992f,0,CASH_IN,High,7,0,normal,20.417232,0.0,20.417232
train,f74865c7-3972-5a72-88c3-d1d5be54992f,1,CASH_IN,High,1,0,idle,20.417232,0.0,20.417232
train,f74865c7-3972-5a72-88c3-d1d5be54992f,2,CASH_IN,High,2,0,idle,20.417232,0.0,20.417232
train,f74865c7-3972-5a72-88c3-d1d5be54992f,0,CASH_IN,Low,9,0,normal,34.693867,0.0,34.693867
train,f74865c7-3972-5a72-88c3-d1d5be54992f,1,CASH_IN,Low,5,0,normal,34.693867,0.0,34.693867
train,f74865c7-3972-5a72-88c3-d1d5be54992f,2,CASH_IN,Low,10,0,busy,34.693867,5.907979026449392,40.60184602644939
train,f74865c7-3972-5a72-88c3-d1d5be54992f,0,CASH_IN,Medium,1,0,idle,26.292937,0.0,26.292937
train,f74865c7-3972-5a72-88c3-d1d5be54992f,1,CASH_IN,Medium,5,0,normal,26.292937,0.0,26.292937
train,f74865c7-3972-5a72-88c3-d1d5be54992f,2,CASH_IN,Medium,10,10,busy,26.292937,37.28842976634432,63.58136676634432
train,f77ebe58-5bbe-5332-a66a-ec2e3f8a5c24,0,CASH_OUT,High,1,0,idle,30.060103,0.0,30.060103
train,f77ebe58-5bbe-5332-a66a-ec2e3f8a5c24,1,CASH_OUT,High,9,0,normal,30.060103,0.0,30.060103
train,f77ebe58-5bbe-5332-a66a-ec2e3f8a5c24,2,CASH_OUT,High,8,0,normal,30.060103,0.0,30.060103
train,f77ebe58-5bbe-5332-a66a-ec2e3f8a5c24,0,CASH_OUT,Low,1,0,idle,43.530738,0.0,43.530738
train,f77ebe58-5bbe-5332-a66a-ec2e3f8a5c24,1,CASH_OUT,Low,10,8,busy,43.530738,32.02194671706757,75.55268471706756
train,f77ebe58-5bbe-5332-a66a-ec2e3f8a5c24,2,CASH_OUT,Low,10,4,busy,43.530738,10.119460253727201,53.6501982537272
train,f77ebe58-5bbe-5332-a66a-ec2e3f8a5c24,0,CASH_OUT,Medium,4,0,idle,35.180726,0.0,35.180726
train,f77ebe58-5bbe-5332-a66a-ec2e3f8a5c24,1,CASH_OUT,Medium,10,19,surge,35.180726,70.81108296130789,105.9918089613079
train,f77ebe58-5bbe-5332-a66a-ec2e3f8a5c24,2,CASH_OUT,Medium,9,0,normal,35.180726,0.0,35.180726
train,f8806739-dbfc-56a9-b03e-595dbeb60988,0,PAYMENT,High,6,0,normal,25.854211,0.0,25.854211
train,f8806739-dbfc-56a9-b03e-595dbeb60988,1,PAYMENT,High,10,15,surge,25.854211,43.36344709426166,69.21765809426165
train,f8806739-dbfc-56a9-b03e-595dbeb60988,2,PAYMENT,High,4,0,idle,25.854211,0.0,25.854211
train,f8806739-dbfc-56a9-b03e-595dbeb60988,0,PAYMENT,Low,2,0,idle,40.559946,0.0,40.559946
train,f8806739-dbfc-56a9-b03e-595dbeb60988,1,PAYMENT,Low,0,0,idle,40.559946,0.0,40.559946
train,f8806739-dbfc-56a9-b03e-595dbeb60988,2,PAYMENT,Low,10,27,surge,40.559946,127.68074212947272,168.24068812947272
train,f8806739-dbfc-56a9-b03e-595dbeb60988,0,PAYMENT,Medium,7,0,normal,31.137899,0.0,31.137899
train,f8806739-dbfc-56a9-b03e-595dbeb60988,1,PAYMENT,Medium,6,0,normal,31.137899,0.0,31.137899
train,f8806739-dbfc-56a9-b03e-595dbeb60988,2,PAYMENT,Medium,1,0,idle,31.137899,0.0,31.137899
train,f8e4cf15-76c2-54c0-9c6d-4aec55bd406d,0,CASH_OUT,High,1,0,idle,28.740891,0.0,28.740891
train,f8e4cf15-76c2-54c0-9c6d-4aec55bd406d,1,CASH_OUT,High,5,0,normal,28.740891,0.0,28.740891
train,f8e4cf15-76c2-54c0-9c6d-4aec55bd406d,2,CASH_OUT,High,10,8,busy,28.740891,24.732745780122347,53.47363678012235
train,f8e4cf15-76c2-54c0-9c6d-4aec55bd406d,0,CASH_OUT,Low,6,0,normal,43.052341,0.0,43.052341
train,f8e4cf15-76c2-54c0-9c6d-4aec55bd406d,1,CASH_OUT,Low,6,0,normal,43.052341,0.0,43.052341
train,f8e4cf15-76c2-54c0-9c6d-4aec55bd406d,2,CASH_OUT,Low,10,29,surge,43.052341,140.54027259520174,183.59261359520173
train,f8e4cf15-76c2-54c0-9c6d-4aec55bd406d,0,CASH_OUT,Medium,10,0,busy,37.395785,4.944604420810185,42.34038942081018
train,f8e4cf15-76c2-54c0-9c6d-4aec55bd406d,1,CASH_OUT,Medium,10,0,busy,37.395785,2.096112497046414,39.49189749704641
train,f8e4cf15-76c2-54c0-9c6d-4aec55bd406d,2,CASH_OUT,Medium,10,24,surge,37.395785,88.71071827943834,126.10650327943833
train,f8e52ae8-a728-592b-8801-6a63c659044b,0,CASH_IN,High,10,9,busy,20.546421,26.347387404729925,46.893808404729924
train,f8e52ae8-a728-592b-8801-6a63c659044b,1,CASH_IN,High,10,20,surge,20.546421,57.87393234337378,78.42035334337378
train,f8e52ae8-a728-592b-8801-6a63c659044b,2,CASH_IN,High,10,5,busy,20.546421,15.559993145307931,36.10641414530793
train,f8e52ae8-a728-592b-8801-6a63c659044b,0,CASH_IN,Low,8,0,normal,35.508996,0.0,35.508996
train,f8e52ae8-a728-592b-8801-6a63c659044b,1,CASH_IN,Low,10,3,busy,35.508996,23.489806879973436,58.99880287997344
train,f8e52ae8-a728-592b-8801-6a63c659044b,2,CASH_IN,Low,3,0,idle,35.508996,0.0,35.508996
train,f8e52ae8-a728-592b-8801-6a63c659044b,0,CASH_IN,Medium,10,17,surge,26.138215,58.56404202585797,84.70225702585797
train,f8e52ae8-a728-592b-8801-6a63c659044b,1,CASH_IN,Medium,4,0,idle,26.138215,0.0,26.138215
train,f8e52ae8-a728-592b-8801-6a63c659044b,2,CASH_IN,Medium,7,0,normal,26.138215,0.0,26.138215
train,f92eaa27-bce8-5d83-95c9-12801bf2e0e6,0,PAYMENT,High,4,0,idle,24.776955,0.0,24.776955
train,f92eaa27-bce8-5d83-95c9-12801bf2e0e6,1,PAYMENT,High,6,0,normal,24.776955,0.0,24.776955
train,f92eaa27-bce8-5d83-95c9-12801bf2e0e6,2,PAYMENT,High,7,0,normal,24.776955,0.0,24.776955
train,f92eaa27-bce8-5d83-95c9-12801bf2e0e6,0,PAYMENT,Low,4,0,idle,40.297164,0.0,40.297164
train,f92eaa27-bce8-5d83-95c9-12801bf2e0e6,1,PAYMENT,Low,6,0,normal,40.297164,0.0,40.297164
train,f92eaa27-bce8-5d83-95c9-12801bf2e0e6,2,PAYMENT,Low,7,0,normal,40.297164,0.0,40.297164
train,f92eaa27-bce8-5d83-95c9-12801bf2e0e6,0,PAYMENT,Medium,10,18,surge,33.150835,65.84367247573405,98.99450747573405
train,f92eaa27-bce8-5d83-95c9-12801bf2e0e6,1,PAYMENT,Medium,10,0,busy,33.150835,6.562249859154358,39.71308485915436
train,f92eaa27-bce8-5d83-95c9-12801bf2e0e6,2,PAYMENT,Medium,10,5,busy,33.150835,20.440976914204295,53.5918119142043
train,f94bfd04-90e5-59b1-8195-757d21542d7c,0,PAYMENT,High,10,3,busy,23.853792,11.620143398512376,35.473935398512374
train,f94bfd04-90e5-59b1-8195-757d21542d7c,1,PAYMENT,High,8,0,normal,23.853792,0.0,23.853792
train,f94bfd04-90e5-59b1-8195-757d21542d7c,2,PAYMENT,High,10,1,busy,23.853792,8.625233944589578,32.47902594458958
train,f94bfd04-90e5-59b1-8195-757d21542d7c,0,PAYMENT,Low,8,0,normal,38.861994,0.0,38.861994
train,f94bfd04-90e5-59b1-8195-757d21542d7c,1,PAYMENT,Low,10,4,busy,38.861994,18.298153843388683,57.160147843388685
train,f94bfd04-90e5-59b1-8195-757d21542d7c,2,PAYMENT,Low,4,0,idle,38.861994,0.0,38.861994
train,f94bfd04-90e5-59b1-8195-757d21542d7c,0,PAYMENT,Medium,5,0,normal,31.319315,0.0,31.319315
train,f94bfd04-90e5-59b1-8195-757d21542d7c,1,PAYMENT,Medium,10,6,busy,31.319315,28.341121082877557,59.66043608287755
train,f94bfd04-90e5-59b1-8195-757d21542d7c,2,PAYMENT,Medium,5,0,normal,31.319315,0.0,31.319315
train,f9e43946-1516-5216-b216-e2c36f6ccc92,0,CASH_IN,High,8,0,normal,20.592168,0.0,20.592168
train,f9e43946-1516-5216-b216-e2c36f6ccc92,1,CASH_IN,High,4,0,idle,20.592168,0.0,20.592168
train,f9e43946-1516-5216-b216-e2c36f6ccc92,2,CASH_IN,High,10,30,surge,20.592168,88.5118223744283,109.1039903744283
train,f9e43946-1516-5216-b216-e2c36f6ccc92,0,CASH_IN,Low,10,1,busy,32.742784,15.894382820293801,48.6371668202938
train,f9e43946-1516-5216-b216-e2c36f6ccc92,1,CASH_IN,Low,10,2,busy,32.742784,16.91156472447339,49.654348724473394
train,f9e43946-1516-5216-b216-e2c36f6ccc92,2,CASH_IN,Low,10,14,surge,32.742784,67.1352968985914,99.8780808985914
train,f9e43946-1516-5216-b216-e2c36f6ccc92,0,CASH_IN,Medium,10,8,busy,27.630876,29.65283676089837,57.28371276089837
train,f9e43946-1516-5216-b216-e2c36f6ccc92,1,CASH_IN,Medium,10,17,surge,27.630876,68.80111331932135,96.43198931932135
train,f9e43946-1516-5216-b216-e2c36f6ccc92,2,CASH_IN,Medium,6,0,normal,27.630876,0.0,27.630876
train,fa01e9b5-9514-5f56-a8c1-8a1e87b7df07,0,CASH_OUT,High,4,0,idle,29.976423,0.0,29.976423
train,fa01e9b5-9514-5f56-a8c1-8a1e87b7df07,1,CASH_OUT,High,9,0,normal,29.976423,0.0,29.976423
train,fa01e9b5-9514-5f56-a8c1-8a1e87b7df07,2,CASH_OUT,High,7,0,normal,29.976423,0.0,29.976423
train,fa01e9b5-9514-5f56-a8c1-8a1e87b7df07,0,CASH_OUT,Low,10,7,busy,46.58453,30.76835981980852,77.35288981980852
train,fa01e9b5-9514-5f56-a8c1-8a1e87b7df07,1,CASH_OUT,Low,9,0,normal,46.58453,0.0,46.58453
train,fa01e9b5-9514-5f56-a8c1-8a1e87b7df07,2,CASH_OUT,Low,10,29,surge,46.58453,135.36193476367168,181.94646476367168
train,fa01e9b5-9514-5f56-a8c1-8a1e87b7df07,0,CASH_OUT,Medium,1,0,idle,35.404521,0.0,35.404521
train,fa01e9b5-9514-5f56-a8c1-8a1e87b7df07,1,CASH_OUT,Medium,10,5,busy,35.404521,18.51452739499666,53.919048394996665
train,fa01e9b5-9514-5f56-a8c1-8a1e87b7df07,2,CASH_OUT,Medium,10,3,busy,35.404521,23.922672789648214,59.32719378964822
train,fa219153-d1ae-5c7c-8f81-702ed625a22b,0,PAYMENT,High,2,0,idle,24.179605,0.0,24.179605
train,fa219153-d1ae-5c7c-8f81-702ed625a22b,1,PAYMENT,High,10,2,busy,24.179605,12.298686500868882,36.47829150086888
train,fa219153-d1ae-5c7c-8f81-702ed625a22b,2,PAYMENT,High,6,0,normal,24.179605,0.0,24.179605
train,fa219153-d1ae-5c7c-8f81-702ed625a22b,0,PAYMENT,Low,8,0,normal,40.865897,0.0,40.865897
train,fa219153-d1ae-5c7c-8f81-702ed625a22b,1,PAYMENT,Low,5,0,normal,40.865897,0.0,40.865897
train,fa219153-d1ae-5c7c-8f81-702ed625a22b,2,PAYMENT,Low,10,12,surge,40.865897,60.57518323685845,101.44108023685845
train,fa219153-d1ae-5c7c-8f81-702ed625a22b,0,PAYMENT,Medium,8,0,normal,33.058058,0.0,33.058058
train,fa219153-d1ae-5c7c-8f81-702ed625a22b,1,PAYMENT,Medium,2,0,idle,33.058058,0.0,33.058058
train,fa219153-d1ae-5c7c-8f81-702ed625a22b,2,PAYMENT,Medium,5,0,normal,33.058058,0.0,33.058058
train,fa79fd30-8d8a-5353-85c8-707f330b869f,0,DEBIT,High,7,0,normal,30.73086,0.0,30.73086
train,fa79fd30-8d8a-5353-85c8-707f330b869f,1,DEBIT,High,3,0,idle,30.73086,0.0,30.73086
train,fa79fd30-8d8a-5353-85c8-707f330b869f,2,DEBIT,High,5,0,normal,30.73086,0.0,30.73086
train,fa79fd30-8d8a-5353-85c8-707f330b869f,0,DEBIT,Low,10,4,busy,52.174667,14.560425036077486,66.73509203607749
train,fa79fd30-8d8a-5353-85c8-707f330b869f,1,DEBIT,Low,10,9,busy,52.174667,47.57738199918004,99.75204899918003
train,fa79fd30-8d8a-5353-85c8-707f330b869f,2,DEBIT,Low,10,10,busy,52.174667,61.837846539724,114.012513539724
train,fa79fd30-8d8a-5353-85c8-707f330b869f,0,DEBIT,Medium,5,0,normal,40.876203,0.0,40.876203
train,fa79fd30-8d8a-5353-85c8-707f330b869f,1,DEBIT,Medium,10,9,busy,40.876203,30.54243699294934,71.41863999294934
train,fa79fd30-8d8a-5353-85c8-707f330b869f,2,DEBIT,Medium,7,0,normal,40.876203,0.0,40.876203
train,fadaada8-a5df-53e6-8400-cafff5f28d82,0,CASH_IN,High,10,4,busy,22.358122,19.249014153967444,41.607136153967446
train,fadaada8-a5df-53e6-8400-cafff5f28d82,1,CASH_IN,High,10,0,busy,22.358122,1.764463063145593,24.122585063145596
train,fadaada8-a5df-53e6-8400-cafff5f28d82,2,CASH_IN,High,10,5,busy,22.358122,17.3144676482715,39.6725896482715
train,fadaada8-a5df-53e6-8400-cafff5f28d82,0,CASH_IN,Low,10,3,busy,29.788813,18.258283706196075,48.04709670619607
train,fadaada8-a5df-53e6-8400-cafff5f28d82,1,CASH_IN,Low,6,0,normal,29.788813,0.0,29.788813
train,fadaada8-a5df-53e6-8400-cafff5f28d82,2,CASH_IN,Low,3,0,idle,29.788813,0.0,29.788813
train,fadaada8-a5df-53e6-8400-cafff5f28d82,0,CASH_IN,Medium,1,0,idle,26.517641,0.0,26.517641
train,fadaada8-a5df-53e6-8400-cafff5f28d82,1,CASH_IN,Medium,1,0,idle,26.517641,0.0,26.517641
train,fadaada8-a5df-53e6-8400-cafff5f28d82,2,CASH_IN,Medium,5,0,normal,26.517641,0.0,26.517641
train,fb22d799-19a4-5780-9058-139264407aa2,0,PAYMENT,High,10,22,surge,25.075796,73.17859561281233,98.25439161281233
train,fb22d799-19a4-5780-9058-139264407aa2,1,PAYMENT,High,10,1,busy,25.075796,9.055240307038543,34.13103630703854
train,fb22d799-19a4-5780-9058-139264407aa2,2,PAYMENT,High,10,1,busy,25.075796,4.376738820212806,29.452534820212804
train,fb22d799-19a4-5780-9058-139264407aa2,0,PAYMENT,Low,1,0,idle,39.767083,0.0,39.767083
train,fb22d799-19a4-5780-9058-139264407aa2,1,PAYMENT,Low,5,0,normal,39.767083,0.0,39.767083
train,fb22d799-19a4-5780-9058-139264407aa2,2,PAYMENT,Low,10,30,surge,39.767083,165.69420347431804,205.46128647431806
train,fb22d799-19a4-5780-9058-139264407aa2,0,PAYMENT,Medium,0,0,idle,31.934513,0.0,31.934513
train,fb22d799-19a4-5780-9058-139264407aa2,1,PAYMENT,Medium,10,2,busy,31.934513,13.774810323397002,45.709323323397
train,fb22d799-19a4-5780-9058-139264407aa2,2,PAYMENT,Medium,7,0,normal,31.934513,0.0,31.934513
train,fb2f0f6c-1dc7-5909-9a7d-90c3d64aea95,0,DEBIT,High,10,1,busy,30.805055,8.390109860033814,39.19516486003381
train,fb2f0f6c-1dc7-5909-9a7d-90c3d64aea95,1,DEBIT,High,7,0,normal,30.805055,0.0,30.805055
train,fb2f0f6c-1dc7-5909-9a7d-90c3d64aea95,2,DEBIT,High,6,0,normal,30.805055,0.0,30.805055
train,fb2f0f6c-1dc7-5909-9a7d-90c3d64aea95,0,DEBIT,Low,5,0,normal,51.407184,0.0,51.407184
train,fb2f0f6c-1dc7-5909-9a7d-90c3d64aea95,1,DEBIT,Low,10,5,busy,51.407184,25.249202994496965,76.65638699449697
train,fb2f0f6c-1dc7-5909-9a7d-90c3d64aea95,2,DEBIT,Low,0,0,idle,51.407184,0.0,51.407184
train,fb2f0f6c-1dc7-5909-9a7d-90c3d64aea95,0,DEBIT,Medium,0,0,idle,40.25017,0.0,40.25017
train,fb2f0f6c-1dc7-5909-9a7d-90c3d64aea95,1,DEBIT,Medium,7,0,normal,40.25017,0.0,40.25017
train,fb2f0f6c-1dc7-5909-9a7d-90c3d64aea95,2,DEBIT,Medium,2,0,idle,40.25017,0.0,40.25017
train,fb387346-109e-5a4e-91b9-3e5b6ef2eb10,0,CASH_OUT,High,10,30,surge,29.506803,89.86839567112108,119.37519867112108
train,fb387346-109e-5a4e-91b9-3e5b6ef2eb10,1,CASH_OUT,High,3,0,idle,29.506803,0.0,29.506803
train,fb387346-109e-5a4e-91b9-3e5b6ef2eb10,2,CASH_OUT,High,10,0,busy,29.506803,3.5929543357596168,33.09975733575962
train,fb387346-109e-5a4e-91b9-3e5b6ef2eb10,0,CASH_OUT,Low,10,3,busy,48.190683,15.36865887532759,63.55934187532759
train,fb387346-109e-5a4e-91b9-3e5b6ef2eb10,1,CASH_OUT,Low,10,8,busy,48.190683,40.06469017736515,88.25537317736516
train,fb387346-109e-5a4e-91b9-3e5b6ef2eb10,2,CASH_OUT,Low,7,0,normal,48.190683,0.0,48.190683
train,fb387346-109e-5a4e-91b9-3e5b6ef2eb10,0,CASH_OUT,Medium,8,0,normal,34.879179,0.0,34.879179
train,fb387346-109e-5a4e-91b9-3e5b6ef2eb10,1,CASH_OUT,Medium,10,1,busy,34.879179,16.287665642878988,51.166844642878985
train,fb387346-109e-5a4e-91b9-3e5b6ef2eb10,2,CASH_OUT,Medium,7,0,normal,34.879179,0.0,34.879179
train,fb3bf8ce-db9a-54d7-aab2-b7a10889ec9f,0,CASH_IN,High,9,0,normal,21.877883,0.0,21.877883
train,fb3bf8ce-db9a-54d7-aab2-b7a10889ec9f,1,CASH_IN,High,10,4,busy,21.877883,21.224865761146678,43.10274876114668
train,fb3bf8ce-db9a-54d7-aab2-b7a10889ec9f,2,CASH_IN,High,8,0,normal,21.877883,0.0,21.877883
train,fb3bf8ce-db9a-54d7-aab2-b7a10889ec9f,0,CASH_IN,Low,1,0,idle,33.349573,0.0,33.349573
train,fb3bf8ce-db9a-54d7-aab2-b7a10889ec9f,1,CASH_IN,Low,10,22,surge,33.349573,105.08246560334213,138.43203860334214
train,fb3bf8ce-db9a-54d7-aab2-b7a10889ec9f,2,CASH_IN,Low,10,18,surge,33.349573,88.39807950044316,121.74765250044317
train,fb3bf8ce-db9a-54d7-aab2-b7a10889ec9f,0,CASH_IN,Medium,9,0,normal,27.892384,0.0,27.892384
train,fb3bf8ce-db9a-54d7-aab2-b7a10889ec9f,1,CASH_IN,Medium,10,2,busy,27.892384,5.861234741179716,33.753618741179714
train,fb3bf8ce-db9a-54d7-aab2-b7a10889ec9f,2,CASH_IN,Medium,9,0,normal,27.892384,0.0,27.892384
train,fb8a9bd4-6bec-5fcf-b727-7d0705ba1720,0,TRANSFER,High,10,10,busy,37.882287,32.62296480610998,70.50525180610998
train,fb8a9bd4-6bec-5fcf-b727-7d0705ba1720,1,TRANSFER,High,1,0,idle,37.882287,0.0,37.882287
train,fb8a9bd4-6bec-5fcf-b727-7d0705ba1720,2,TRANSFER,High,10,27,surge,37.882287,77.49357393639693,115.37586093639692
train,fb8a9bd4-6bec-5fcf-b727-7d0705ba1720,0,TRANSFER,Low,9,0,normal,58.226113,0.0,58.226113
train,fb8a9bd4-6bec-5fcf-b727-7d0705ba1720,1,TRANSFER,Low,8,0,normal,58.226113,0.0,58.226113
train,fb8a9bd4-6bec-5fcf-b727-7d0705ba1720,2,TRANSFER,Low,5,0,normal,58.226113,0.0,58.226113
train,fb8a9bd4-6bec-5fcf-b727-7d0705ba1720,0,TRANSFER,Medium,0,0,idle,46.29806,0.0,46.29806
train,fb8a9bd4-6bec-5fcf-b727-7d0705ba1720,1,TRANSFER,Medium,10,27,surge,46.29806,93.36485440343478,139.66291440343477
train,fb8a9bd4-6bec-5fcf-b727-7d0705ba1720,2,TRANSFER,Medium,7,0,normal,46.29806,0.0,46.29806
train,fc335993-7e2c-5ea7-9d08-16796418d3ee,0,CASH_OUT,High,0,0,idle,29.801331,0.0,29.801331
train,fc335993-7e2c-5ea7-9d08-16796418d3ee,1,CASH_OUT,High,10,7,busy,29.801331,26.699874715022666,56.501205715022664
train,fc335993-7e2c-5ea7-9d08-16796418d3ee,2,CASH_OUT,High,4,0,idle,29.801331,0.0,29.801331
train,fc335993-7e2c-5ea7-9d08-16796418d3ee,0,CASH_OUT,Low,8,0,normal,48.23341,0.0,48.23341
train,fc335993-7e2c-5ea7-9d08-16796418d3ee,1,CASH_OUT,Low,1,0,idle,48.23341,0.0,48.23341
train,fc335993-7e2c-5ea7-9d08-16796418d3ee,2,CASH_OUT,Low,1,0,idle,48.23341,0.0,48.23341
train,fc335993-7e2c-5ea7-9d08-16796418d3ee,0,CASH_OUT,Medium,10,2,busy,35.613213,9.667782589669002,45.280995589669004
train,fc335993-7e2c-5ea7-9d08-16796418d3ee,1,CASH_OUT,Medium,10,18,surge,35.613213,67.47309361597941,103.08630661597941
train,fc335993-7e2c-5ea7-9d08-16796418d3ee,2,CASH_OUT,Medium,5,0,normal,35.613213,0.0,35.613213
train,fc4f51b1-461b-56ff-a12c-f09fe147aefd,0,CASH_OUT,High,6,0,normal,27.380732,0.0,27.380732
train,fc4f51b1-461b-56ff-a12c-f09fe147aefd,1,CASH_OUT,High,7,0,normal,27.380732,0.0,27.380732
train,fc4f51b1-461b-56ff-a12c-f09fe147aefd,2,CASH_OUT,High,10,5,busy,27.380732,11.46258685774879,38.843318857748784
train,fc4f51b1-461b-56ff-a12c-f09fe147aefd,0,CASH_OUT,Low,10,25,surge,42.832019,106.12476350003314,148.95678250003314
train,fc4f51b1-461b-56ff-a12c-f09fe147aefd,1,CASH_OUT,Low,0,0,idle,42.832019,0.0,42.832019
train,fc4f51b1-461b-56ff-a12c-f09fe147aefd,2,CASH_OUT,Low,3,0,idle,42.832019,0.0,42.832019
train,fc4f51b1-461b-56ff-a12c-f09fe147aefd,0,CASH_OUT,Medium,10,6,busy,36.919143,30.370071685617994,67.28921468561799
train,fc4f51b1-461b-56ff-a12c-f09fe147aefd,1,CASH_OUT,Medium,5,0,normal,36.919143,0.0,36.919143
train,fc4f51b1-461b-56ff-a12c-f09fe147aefd,2,CASH_OUT,Medium,9,0,normal,36.919143,0.0,36.919143
train,fd23fe47-255f-57ef-8f41-0be6dda977a0,0,CASH_IN,High,10,16,surge,22.088453,45.695676694400454,67.78412969440046
train,fd23fe47-255f-57ef-8f41-0be6dda977a0,1,CASH_IN,High,9,0,normal,22.088453,0.0,22.088453
train,fd23fe47-255f-57ef-8f41-0be6dda977a0,2,CASH_IN,High,1,0,idle,22.088453,0.0,22.088453
train,fd23fe47-255f-57ef-8f41-0be6dda977a0,0,CASH_IN,Low,10,9,busy,33.918236,56.19829854061164,90.11653454061164
train,fd23fe47-255f-57ef-8f41-0be6dda977a0,1,CASH_IN,Low,5,0,normal,33.918236,0.0,33.918236
train,fd23fe47-255f-57ef-8f41-0be6dda977a0,2,CASH_IN,Low,5,0,normal,33.918236,0.0,33.918236
train,fd23fe47-255f-57ef-8f41-0be6dda977a0,0,CASH_IN,Medium,6,0,normal,25.745614,0.0,25.745614
train,fd23fe47-255f-57ef-8f41-0be6dda977a0,1,CASH_IN,Medium,10,28,surge,25.745614,113.78936572718946,139.53497972718947
train,fd23fe47-255f-57ef-8f41-0be6dda977a0,2,CASH_IN,Medium,10,2,busy,25.745614,8.232726974654206,33.9783409746542
train,fd7a6b00-eadb-5489-babc-07588c7ea406,0,TRANSFER,High,10,4,busy,34.216969,10.861053327214796,45.078022327214796
train,fd7a6b00-eadb-5489-babc-07588c7ea406,1,TRANSFER,High,8,0,normal,34.216969,0.0,34.216969
train,fd7a6b00-eadb-5489-babc-07588c7ea406,2,TRANSFER,High,2,0,idle,34.216969,0.0,34.216969
train,fd7a6b00-eadb-5489-babc-07588c7ea406,0,TRANSFER,Low,10,2,busy,56.807735,10.668138605628085,67.47587360562808
train,fd7a6b00-eadb-5489-babc-07588c7ea406,1,TRANSFER,Low,10,7,busy,56.807735,39.9889592022282,96.7966942022282
train,fd7a6b00-eadb-5489-babc-07588c7ea406,2,TRANSFER,Low,10,9,busy,56.807735,51.18185427971146,107.98958927971145
train,fd7a6b00-eadb-5489-babc-07588c7ea406,0,TRANSFER,Medium,8,0,normal,48.718405,0.0,48.718405
train,fd7a6b00-eadb-5489-babc-07588c7ea406,1,TRANSFER,Medium,10,30,surge,48.718405,113.20852792078875,161.92693292078874
train,fd7a6b00-eadb-5489-babc-07588c7ea406,2,TRANSFER,Medium,6,0,normal,48.718405,0.0,48.718405
train,fd8fe201-6cd3-5a6a-9193-18897b9e46a9,0,CASH_IN,High,10,19,surge,20.853564,42.786040663524986,63.639604663524985
train,fd8fe201-6cd3-5a6a-9193-18897b9e46a9,1,CASH_IN,High,10,30,surge,20.853564,86.85433680074712,107.70790080074713
train,fd8fe201-6cd3-5a6a-9193-18897b9e46a9,2,CASH_IN,High,10,28,surge,20.853564,80.27929093113535,101.13285493113534
train,fd8fe201-6cd3-5a6a-9193-18897b9e46a9,0,CASH_IN,Low,10,7,busy,34.890266,21.812542187105187,56.702808187105184
train,fd8fe201-6cd3-5a6a-9193-18897b9e46a9,1,CASH_IN,Low,7,0,normal,34.890266,0.0,34.890266
train,fd8fe201-6cd3-5a6a-9193-18897b9e46a9,2,CASH_IN,Low,8,0,normal,34.890266,0.0,34.890266
train,fd8fe201-6cd3-5a6a-9193-18897b9e46a9,0,CASH_IN,Medium,10,6,busy,28.593151,18.993583444648237,47.586734444648236
train,fd8fe201-6cd3-5a6a-9193-18897b9e46a9,1,CASH_IN,Medium,10,13,surge,28.593151,49.5757886118694,78.1689396118694
train,fd8fe201-6cd3-5a6a-9193-18897b9e46a9,2,CASH_IN,Medium,10,10,busy,28.593151,37.85850911756189,66.45166011756189
train,ff034000-33b2-5b37-abe7-fca920186972,0,TRANSFER,High,4,0,idle,35.552801,0.0,35.552801
train,ff034000-33b2-5b37-abe7-fca920186972,1,TRANSFER,High,10,0,busy,35.552801,3.4668917469610436,39.01969274696105
train,ff034000-33b2-5b37-abe7-fca920186972,2,TRANSFER,High,10,3,busy,35.552801,7.470247224130456,43.023048224130456
train,ff034000-33b2-5b37-abe7-fca920186972,0,TRANSFER,Low,5,0,normal,57.875093,0.0,57.875093
train,ff034000-33b2-5b37-abe7-fca920186972,1,TRANSFER,Low,10,8,busy,57.875093,31.51639675416392,89.39148975416393
train,ff034000-33b2-5b37-abe7-fca920186972,2,TRANSFER,Low,6,0,normal,57.875093,0.0,57.875093
train,ff034000-33b2-5b37-abe7-fca920186972,0,TRANSFER,Medium,10,2,busy,44.452475,8.163861652319923,52.61633665231992
train,ff034000-33b2-5b37-abe7-fca920186972,1,TRANSFER,Medium,10,9,busy,44.452475,33.41861331829457,77.87108831829457
train,ff034000-33b2-5b37-abe7-fca920186972,2,TRANSFER,Medium,10,0,busy,44.452475,1.4359511407529464,45.88842614075295
train,ff197331-c0ec-514d-848f-43162aefbc43,0,DEBIT,High,8,0,normal,31.351749,0.0,31.351749
train,ff197331-c0ec-514d-848f-43162aefbc43,1,DEBIT,High,0,0,idle,31.351749,0.0,31.351749
train,ff197331-c0ec-514d-848f-43162aefbc43,2,DEBIT,High,10,7,busy,31.351749,18.29952462325916,49.65127362325916
train,ff197331-c0ec-514d-848f-43162aefbc43,0,DEBIT,Low,10,15,surge,51.208996,59.46378000573612,110.67277600573613
train,ff197331-c0ec-514d-848f-43162aefbc43,1,DEBIT,Low,7,0,normal,51.208996,0.0,51.208996
train,ff197331-c0ec-514d-848f-43162aefbc43,2,DEBIT,Low,5,0,normal,51.208996,0.0,51.208996
train,ff197331-c0ec-514d-848f-43162aefbc43,0,DEBIT,Medium,10,9,busy,40.196424,41.84952343983835,82.04594743983836
train,ff197331-c0ec-514d-848f-43162aefbc43,1,DEBIT,Medium,4,0,idle,40.196424,0.0,40.196424
train,ff197331-c0ec-514d-848f-43162aefbc43,2,DEBIT,Medium,10,25,surge,40.196424,90.0895236402839,130.2859476402839
train,ff564ab8-0467-55ce-9273-94c538d2bbf0,0,DEBIT,High,10,6,busy,31.172954,21.2948122345236,52.4677662345236
train,ff564ab8-0467-55ce-9273-94c538d2bbf0,1,DEBIT,High,2,0,idle,31.172954,0.0,31.172954
train,ff564ab8-0467-55ce-9273-94c538d2bbf0,2,DEBIT,High,4,0,idle,31.172954,0.0,31.172954
train,ff564ab8-0467-55ce-9273-94c538d2bbf0,0,DEBIT,Low,10,8,busy,51.688215,45.807671758745165,97.49588675874517
train,ff564ab8-0467-55ce-9273-94c538d2bbf0,1,DEBIT,Low,7,0,normal,51.688215,0.0,51.688215
train,ff564ab8-0467-55ce-9273-94c538d2bbf0,2,DEBIT,Low,10,10,busy,51.688215,48.134957605526516,99.82317260552651
train,ff564ab8-0467-55ce-9273-94c538d2bbf0,0,DEBIT,Medium,10,0,busy,40.388662,1.80538477226799,42.19404677226799
train,ff564ab8-0467-55ce-9273-94c538d2bbf0,1,DEBIT,Medium,10,10,busy,40.388662,41.62902893801303,82.01769093801303
train,ff564ab8-0467-55ce-9273-94c538d2bbf0,2,DEBIT,Medium,10,4,busy,40.388662,21.397468797822757,61.78613079782275
train,ffb47ebd-b537-5d6e-bf42-2520973a7d1b,0,PAYMENT,High,10,1,busy,24.603983,5.5373791507184595,30.141362150718457
train,ffb47ebd-b537-5d6e-bf42-2520973a7d1b,1,PAYMENT,High,4,0,idle,24.603983,0.0,24.603983
train,ffb47ebd-b537-5d6e-bf42-2520973a7d1b,2,PAYMENT,High,7,0,normal,24.603983,0.0,24.603983
train,ffb47ebd-b537-5d6e-bf42-2520973a7d1b,0,PAYMENT,Low,6,0,normal,39.430445,0.0,39.430445
train,ffb47ebd-b537-5d6e-bf42-2520973a7d1b,1,PAYMENT,Low,0,0,idle,39.430445,0.0,39.430445
train,ffb47ebd-b537-5d6e-bf42-2520973a7d1b,2,PAYMENT,Low,10,6,busy,39.430445,35.4120795514539,74.84252455145389
train,ffb47ebd-b537-5d6e-bf42-2520973a7d1b,0,PAYMENT,Medium,10,2,busy,30.832081,15.130260184081282,45.96234118408128
train,ffb47ebd-b537-5d6e-bf42-2520973a7d1b,1,PAYMENT,Medium,10,7,busy,30.832081,22.352101071600142,53.18418207160014
train,ffb47ebd-b537-5d6e-bf42-2520973a7d1b,2,PAYMENT,Medium,4,0,idle,30.832081,0.0,30.832081
