transaction_id,state_replica,node_profile,completion_time_ms
006ca6d7-2113-5e40-8812-de583cc5c117,0,High,35.192886
006ca6d7-2113-5e40-8812-de583cc5c117,1,High,42.17727113939343
006ca6d7-2113-5e40-8812-de583cc5c117,2,High,35.192886
006ec7c4-7bbd-55ba-9138-807e1c4c988e,0,Medium,46.216302
006ec7c4-7bbd-55ba-9138-807e1c4c988e,1,Medium,56.09539153801007
006ec7c4-7bbd-55ba-9138-807e1c4c988e,2,High,36.525243
0087127e-c89f-572e-972a-057dd92716c6,0,High,32.302378
0087127e-c89f-572e-972a-057dd92716c6,1,High,32.302378
0087127e-c89f-572e-972a-057dd92716c6,2,High,44.6369958793265
01c21ab9-0508-5411-a641-0f98dacce6ba,0,High,30.659332
01c21ab9-0508-5411-a641-0f98dacce6ba,1,High,30.659332
01c21ab9-0508-5411-a641-0f98dacce6ba,2,High,30.659332
027edc78-b22f-5a49-8bea-93a58d26fd20,0,High,20.522681
027edc78-b22f-5a49-8bea-93a58d26fd20,1,High,20.522681
027edc78-b22f-5a49-8bea-93a58d26fd20,2,High,20.522681
02f15c4d-03d8-5ae0-8951-33b67a411614,0,Medium,28.885096
02f15c4d-03d8-5ae0-8951-33b67a411614,1,High,21.638728
02f15c4d-03d8-5ae0-8951-33b67a411614,2,High,21.638728
0331c0ca-4ed3-5b7e-9af1-ea42c5f3eea7,0,High,30.39363834291745
0331c0ca-4ed3-5b7e-9af1-ea42c5f3eea7,1,High,20.584487
0331c0ca-4ed3-5b7e-9af1-ea42c5f3eea7,2,Medium,38.9433805338874
034ace7a-2692-5f1c-b3e6-e789af5d2944,0,High,34.49264
034ace7a-2692-5f1c-b3e6-e789af5d2944,1,High,34.49264
034ace7a-2692-5f1c-b3e6-e789af5d2944,2,High,34.49264
03800b45-8301-53c2-9f30-6b7dd80497ae,0,High,21.161629
03800b45-8301-53c2-9f30-6b7dd80497ae,1,High,21.161629
03800b45-8301-53c2-9f30-6b7dd80497ae,2,High,21.161629
03c2d846-b2d7-57e1-8ffc-2c800782ab44,0,Low,42.573071
03c2d846-b2d7-57e1-8ffc-2c800782ab44,1,Medium,37.59729
03c2d846-b2d7-57e1-8ffc-2c800782ab44,2,High,27.190341
04147f2c-067b-5551-99e6-2a9106a91ad3,0,High,21.250065
04147f2c-067b-5551-99e6-2a9106a91ad3,1,Medium,38.986937246101284
04147f2c-067b-5551-99e6-2a9106a91ad3,2,High,21.250065
044c92c1-f354-5ff1-b135-2fda326aba5d,0,High,35.492888
044c92c1-f354-5ff1-b135-2fda326aba5d,1,High,35.492888
044c92c1-f354-5ff1-b135-2fda326aba5d,2,High,35.492888
048c2934-3022-5d0d-a6ea-c03796b449ed,0,High,28.174795
048c2934-3022-5d0d-a6ea-c03796b449ed,1,High,28.174795
048c2934-3022-5d0d-a6ea-c03796b449ed,2,High,28.174795
05089c32-86d3-566e-8442-8504f02a4fdf,0,High,24.204766
05089c32-86d3-566e-8442-8504f02a4fdf,1,High,24.204766
05089c32-86d3-566e-8442-8504f02a4fdf,2,High,24.204766
052c87ae-edb7-509d-ad69-c6647c7988eb,0,Low,51.042453
052c87ae-edb7-509d-ad69-c6647c7988eb,1,Medium,40.121395
052c87ae-edb7-509d-ad69-c6647c7988eb,2,High,47.86653492534878
0531499a-3c32-5e9e-a341-4315f9e6ccf4,0,High,34.18875
0531499a-3c32-5e9e-a341-4315f9e6ccf4,1,High,34.18875
0531499a-3c32-5e9e-a341-4315f9e6ccf4,2,High,34.18875
056650cb-a96b-5432-815e-2fcc7faddedd,0,High,31.488615
056650cb-a96b-5432-815e-2fcc7faddedd,1,High,31.488615
056650cb-a96b-5432-815e-2fcc7faddedd,2,High,31.488615
060ffd69-8ab6-5349-a202-db2e986ce3b8,0,Medium,44.450174
060ffd69-8ab6-5349-a202-db2e986ce3b8,1,Medium,44.450174
060ffd69-8ab6-5349-a202-db2e986ce3b8,2,High,34.075977
070e8076-9505-57fa-9781-f3f170b49d1c,0,High,36.986262
070e8076-9505-57fa-9781-f3f170b49d1c,1,Medium,43.985017
070e8076-9505-57fa-9781-f3f170b49d1c,2,High,39.19360211500769
077472d9-90f6-5173-aaeb-5fa51f9684f5,0,Medium,43.769847
077472d9-90f6-5173-aaeb-5fa51f9684f5,1,High,34.133379
077472d9-90f6-5173-aaeb-5fa51f9684f5,2,High,38.14542420636581
07960d88-70bc-5a15-bc6d-8b89673096e9,0,Medium,36.260674
07960d88-70bc-5a15-bc6d-8b89673096e9,1,Medium,36.260674
07960d88-70bc-5a15-bc6d-8b89673096e9,2,High,28.038303
07b89b9e-50a4-5022-8e6d-b89b3f761a1c,0,High,29.875414
07b89b9e-50a4-5022-8e6d-b89b3f761a1c,1,Medium,35.731551
07b89b9e-50a4-5022-8e6d-b89b3f761a1c,2,Medium,35.731551
082079e6-26f0-5c4a-88c0-058ade7de1c8,0,High,31.983782
082079e6-26f0-5c4a-88c0-058ade7de1c8,1,High,31.983782
082079e6-26f0-5c4a-88c0-058ade7de1c8,2,High,44.81561331089811
08d70150-f884-57a0-933c-1f31c5bcee5f,0,Medium,38.250091
08d70150-f884-57a0-933c-1f31c5bcee5f,1,Medium,42.362001524084896
08d70150-f884-57a0-933c-1f31c5bcee5f,2,High,27.420095
092b61d7-aa22-505b-add5-4f5b5d3a74d7,0,Medium,31.253999
092b61d7-aa22-505b-add5-4f5b5d3a74d7,1,High,25.128322
092b61d7-aa22-505b-add5-4f5b5d3a74d7,2,High,25.128322
09ac347b-27bc-511e-b961-ac76c23466ef,0,High,21.808168
09ac347b-27bc-511e-b961-ac76c23466ef,1,High,21.808168
09ac347b-27bc-511e-b961-ac76c23466ef,2,Low,39.63445843969825
0a867ee4-d35f-5013-a1a6-110ac16ed1a1,0,High,21.225072
0a867ee4-d35f-5013-a1a6-110ac16ed1a1,1,High,21.225072
0a867ee4-d35f-5013-a1a6-110ac16ed1a1,2,High,21.225072
0ab40aab-3aaf-5c69-844a-986afe70651d,0,High,34.709768
0ab40aab-3aaf-5c69-844a-986afe70651d,1,High,34.709768
0ab40aab-3aaf-5c69-844a-986afe70651d,2,High,34.709768
0b09dc7b-5678-5f2c-85d5-aae0d3822444,0,High,37.382746
0b09dc7b-5678-5f2c-85d5-aae0d3822444,1,Medium,47.087458392473046
0b09dc7b-5678-5f2c-85d5-aae0d3822444,2,High,37.382746
0b1b6c93-e198-5fe7-8c52-ce99b8aa8761,0,Medium,39.216224
0b1b6c93-e198-5fe7-8c52-ce99b8aa8761,1,High,29.37451
0b1b6c93-e198-5fe7-8c52-ce99b8aa8761,2,Medium,39.216224
0ba231bc-5c82-5feb-a1e8-c4074ee665f2,0,High,20.728207
0ba231bc-5c82-5feb-a1e8-c4074ee665f2,1,Medium,27.901964
0ba231bc-5c82-5feb-a1e8-c4074ee665f2,2,High,20.728207
0bd78f65-b6c9-5916-8278-ccecc0039ab2,0,High,20.465832
0bd78f65-b6c9-5916-8278-ccecc0039ab2,1,High,20.465832
0bd78f65-b6c9-5916-8278-ccecc0039ab2,2,Medium,27.521194
0bdb3baa-dd01-5350-90a7-4d8ca40094a2,0,High,25.198903
0bdb3baa-dd01-5350-90a7-4d8ca40094a2,1,High,25.198903
0bdb3baa-dd01-5350-90a7-4d8ca40094a2,2,High,32.49538892423739
0ca950b2-a3e8-556d-92b0-6dcc731da193,0,Medium,40.429323
0ca950b2-a3e8-556d-92b0-6dcc731da193,1,Medium,40.429323
0ca950b2-a3e8-556d-92b0-6dcc731da193,2,High,31.238993
0d16b314-ccdd-53d5-91dc-8cead500f4c4,0,High,29.495682
0d16b314-ccdd-53d5-91dc-8cead500f4c4,1,Medium,37.413018
0d16b314-ccdd-53d5-91dc-8cead500f4c4,2,High,29.495682
0d72aa38-cac4-521a-9625-5e0d947720f7,0,Medium,27.560799
0d72aa38-cac4-521a-9625-5e0d947720f7,1,High,20.76558
0d72aa38-cac4-521a-9625-5e0d947720f7,2,High,20.76558
0d7abbb4-76d9-502c-a2c5-a9575d2221c7,0,High,21.649278
0d7abbb4-76d9-502c-a2c5-a9575d2221c7,1,High,24.987567691208817
0d7abbb4-76d9-502c-a2c5-a9575d2221c7,2,High,21.649278
0dbf7d7d-d5df-52eb-aded-78f268f117a9,0,Low,58.32452
0dbf7d7d-d5df-52eb-aded-78f268f117a9,1,High,37.938169
0dbf7d7d-d5df-52eb-aded-78f268f117a9,2,High,37.938169
0e2b52b3-6428-5b97-bb81-fd999255da72,0,Medium,41.036471
0e2b52b3-6428-5b97-bb81-fd999255da72,1,High,30.663181
0e2b52b3-6428-5b97-bb81-fd999255da72,2,High,34.573151155445835
0e45fbc3-44a1-5dda-8128-81337380c3ce,0,Medium,33.130017
0e45fbc3-44a1-5dda-8128-81337380c3ce,1,High,25.352374
0e45fbc3-44a1-5dda-8128-81337380c3ce,2,Medium,33.130017
0efdb3bc-4c33-5b83-ad74-4ad1996df7e6,0,High,34.097444
0efdb3bc-4c33-5b83-ad74-4ad1996df7e6,1,High,43.73515501365021
0efdb3bc-4c33-5b83-ad74-4ad1996df7e6,2,Medium,46.119156
0f15a669-11dc-56eb-a4b1-9ce1e392828d,0,High,33.649441
0f15a669-11dc-56eb-a4b1-9ce1e392828d,1,High,33.649441
0f15a669-11dc-56eb-a4b1-9ce1e392828d,2,High,35.325791488387885
0f5f0b8e-bba3-5114-b251-37d5ed152644,0,High,30.45325206021314
0f5f0b8e-bba3-5114-b251-37d5ed152644,1,High,23.913389
0f5f0b8e-bba3-5114-b251-37d5ed152644,2,High,23.913389
10eaaf9e-0c47-53a1-b244-c94929cb486f,0,Medium,44.16027619438428
10eaaf9e-0c47-53a1-b244-c94929cb486f,1,Medium,40.361686
10eaaf9e-0c47-53a1-b244-c94929cb486f,2,Medium,58.74784297214819
11856bc6-cfc7-5941-b98d-541105d1ce12,0,High,34.719272
11856bc6-cfc7-5941-b98d-541105d1ce12,1,High,34.719272
11856bc6-cfc7-5941-b98d-541105d1ce12,2,High,34.719272
122118bd-1707-5e1c-9522-d9f0df13190e,0,High,20.794562
122118bd-1707-5e1c-9522-d9f0df13190e,1,Medium,28.54896
122118bd-1707-5e1c-9522-d9f0df13190e,2,Medium,28.54896
122580d8-53f8-5ed8-a06f-6182625c2c80,0,High,30.845391
122580d8-53f8-5ed8-a06f-6182625c2c80,1,High,30.845391
122580d8-53f8-5ed8-a06f-6182625c2c80,2,High,30.845391
12436bc8-1fda-500d-a0fb-3e1bfe9790b5,0,High,36.125666
12436bc8-1fda-500d-a0fb-3e1bfe9790b5,1,High,36.125666
12436bc8-1fda-500d-a0fb-3e1bfe9790b5,2,High,40.62227534936341
12e33a49-5163-501c-a70e-c442ef7c445a,0,High,48.20880836152199
12e33a49-5163-501c-a70e-c442ef7c445a,1,Medium,36.962273
12e33a49-5163-501c-a70e-c442ef7c445a,2,High,31.852107953584497
134d33e6-a3a2-5550-b005-c20a8cc38221,0,Medium,42.70481
134d33e6-a3a2-5550-b005-c20a8cc38221,1,High,38.80844667046704
134d33e6-a3a2-5550-b005-c20a8cc38221,2,Medium,42.70481
1382dd1c-b770-563c-aae3-0e74118a32de,0,High,24.138385
1382dd1c-b770-563c-aae3-0e74118a32de,1,High,33.995913853459726
1382dd1c-b770-563c-aae3-0e74118a32de,2,High,33.599330029221385
16532eb4-80bf-5b0d-bc9d-e6a55497353d,0,Medium,44.295857
16532eb4-80bf-5b0d-bc9d-e6a55497353d,1,High,43.38257891586272
16532eb4-80bf-5b0d-bc9d-e6a55497353d,2,High,34.065696
1697fa3b-b1ac-5e46-977c-0fbca9c9c898,0,Medium,28.836844
1697fa3b-b1ac-5e46-977c-0fbca9c9c898,1,Low,32.850858
1697fa3b-b1ac-5e46-977c-0fbca9c9c898,2,Medium,60.218286287947755
16bfca3f-5607-51f9-93ee-686dcdf2f39c,0,Medium,40.535523
16bfca3f-5607-51f9-93ee-686dcdf2f39c,1,High,30.90902
16bfca3f-5607-51f9-93ee-686dcdf2f39c,2,High,30.90902
16df337f-4b88-57ad-884d-d1c8ced9d24f,0,Low,41.429598
16df337f-4b88-57ad-884d-d1c8ced9d24f,1,Medium,31.670213
16df337f-4b88-57ad-884d-d1c8ced9d24f,2,Medium,31.670213
16e116a9-c09b-5d1a-a396-cd2733e1f526,0,High,34.597064
16e116a9-c09b-5d1a-a396-cd2733e1f526,1,High,34.597064
16e116a9-c09b-5d1a-a396-cd2733e1f526,2,High,34.597064
171872c1-d8e5-5c5b-8c2f-9996888502b1,0,Medium,47.194865
171872c1-d8e5-5c5b-8c2f-9996888502b1,1,Medium,47.194865
171872c1-d8e5-5c5b-8c2f-9996888502b1,2,High,48.09850811957442
174a421a-ff17-5579-b9a9-1eaf6ceff1cb,0,Medium,36.683421
174a421a-ff17-5579-b9a9-1eaf6ceff1cb,1,High,28.6187
174a421a-ff17-5579-b9a9-1eaf6ceff1cb,2,Medium,36.683421
184d4859-a155-50e2-ae74-c7bbd96d08ef,0,High,39.08584518781932
184d4859-a155-50e2-ae74-c7bbd96d08ef,1,High,35.417041
184d4859-a155-50e2-ae74-c7bbd96d08ef,2,High,35.417041
18970099-0877-505c-abd4-294473da83f6,0,High,28.017637
18970099-0877-505c-abd4-294473da83f6,1,Low,45.494045
18970099-0877-505c-abd4-294473da83f6,2,High,28.017637
18c8cec2-85b7-5054-b1f9-ea93bfff7091,0,High,24.527857
18c8cec2-85b7-5054-b1f9-ea93bfff7091,1,Medium,30.893933
18c8cec2-85b7-5054-b1f9-ea93bfff7091,2,High,31.421413114729685
18f186df-5850-574e-bc12-5ac0d788a23e,0,High,26.172499
18f186df-5850-574e-bc12-5ac0d788a23e,1,High,26.172499
18f186df-5850-574e-bc12-5ac0d788a23e,2,High,26.172499
193d27d2-7329-5b7a-82be-a2c4e5a06c47,0,Medium,37.502207
193d27d2-7329-5b7a-82be-a2c4e5a06c47,1,High,35.20303848780279
193d27d2-7329-5b7a-82be-a2c4e5a06c47,2,High,34.746605092916255
19af3230-a76d-59ef-8e4e-9776da7276fb,0,High,31.248852
19af3230-a76d-59ef-8e4e-9776da7276fb,1,High,31.248852
19af3230-a76d-59ef-8e4e-9776da7276fb,2,High,31.248852
19d15394-28c3-519e-a032-838abad9b520,0,High,24.525964
19d15394-28c3-519e-a032-838abad9b520,1,High,24.525964
19d15394-28c3-519e-a032-838abad9b520,2,High,38.205813851382544
19d1d7ea-8f37-54b2-8ff2-8ff6fef08ed8,0,High,24.234512
19d1d7ea-8f37-54b2-8ff2-8ff6fef08ed8,1,High,24.234512
19d1d7ea-8f37-54b2-8ff2-8ff6fef08ed8,2,High,24.234512
19f1d0d1-9e4e-5555-9e8e-4adf8816013d,0,High,30.759606
19f1d0d1-9e4e-5555-9e8e-4adf8816013d,1,Medium,40.548664
19f1d0d1-9e4e-5555-9e8e-4adf8816013d,2,High,44.281245952029266
19f29c8c-7363-5cd3-8d5b-15110c3009ee,0,Medium,35.632430147191734
19f29c8c-7363-5cd3-8d5b-15110c3009ee,1,High,23.097724505956567
19f29c8c-7363-5cd3-8d5b-15110c3009ee,2,Medium,28.292714
1a22f1b1-b2ba-5168-9b0d-f21599564ca5,0,High,36.098397
1a22f1b1-b2ba-5168-9b0d-f21599564ca5,1,High,51.75880461781736
1a22f1b1-b2ba-5168-9b0d-f21599564ca5,2,High,36.098397
1a2618d9-d569-5862-a7ae-8a5fec39364e,0,Medium,27.122878
1a2618d9-d569-5862-a7ae-8a5fec39364e,1,High,21.148525
1a2618d9-d569-5862-a7ae-8a5fec39364e,2,Low,38.17416759437723
1a483f13-0b45-5dea-947d-b36a12a6fc5c,0,Medium,25.9941
1a483f13-0b45-5dea-947d-b36a12a6fc5c,1,Low,32.774613
1a483f13-0b45-5dea-947d-b36a12a6fc5c,2,High,24.734797611562463
1c455fd7-6cc3-5e27-941c-8ceaa589c546,0,High,34.040218
1c455fd7-6cc3-5e27-941c-8ceaa589c546,1,Medium,45.829592
1c455fd7-6cc3-5e27-941c-8ceaa589c546,2,High,43.74383626903962
1d3b687c-0475-5ea3-bdb3-c18d5515fabf,0,High,27.319504
1d3b687c-0475-5ea3-bdb3-c18d5515fabf,1,High,27.319504
1d3b687c-0475-5ea3-bdb3-c18d5515fabf,2,High,37.74846356739837
1d620def-950c-5657-80e7-9cc476dd6d8b,0,Low,46.341047
1d620def-950c-5657-80e7-9cc476dd6d8b,1,High,29.927631
1d620def-950c-5657-80e7-9cc476dd6d8b,2,Medium,35.521977
1d659387-cf37-50bc-8c0f-296ee420f630,0,High,26.32405083034126
1d659387-cf37-50bc-8c0f-296ee420f630,1,Medium,36.578721476503425
1d659387-cf37-50bc-8c0f-296ee420f630,2,Low,44.324689287848415
1e3aaaad-794a-5c0e-8bd1-30a486532bb6,0,Medium,29.88350330220333
1e3aaaad-794a-5c0e-8bd1-30a486532bb6,1,High,21.003666
1e3aaaad-794a-5c0e-8bd1-30a486532bb6,2,High,21.003666
1e511552-e132-544b-8ef7-190c634d380c,0,High,33.240385
1e511552-e132-544b-8ef7-190c634d380c,1,High,37.28893188418309
1e511552-e132-544b-8ef7-190c634d380c,2,Medium,40.82542
1eae0c5e-b84b-5a44-97f4-2c5c3fa03d68,0,Low,77.69271535679374
1eae0c5e-b84b-5a44-97f4-2c5c3fa03d68,1,High,28.003654
1eae0c5e-b84b-5a44-97f4-2c5c3fa03d68,2,High,28.003654
1f0e89d2-468e-5779-8367-5b3085635d2c,0,Medium,46.183762
1f0e89d2-468e-5779-8367-5b3085635d2c,1,High,37.958776
1f0e89d2-468e-5779-8367-5b3085635d2c,2,High,37.958776
1f5df9f9-78fd-5097-a37f-eb5a97bd64ac,0,High,37.865091
1f5df9f9-78fd-5097-a37f-eb5a97bd64ac,1,High,37.865091
1f5df9f9-78fd-5097-a37f-eb5a97bd64ac,2,High,56.1548307471883
1f95b840-821b-5ab7-b822-988987b0c7f4,0,High,25.325275
1f95b840-821b-5ab7-b822-988987b0c7f4,1,Medium,33.400191
1f95b840-821b-5ab7-b822-988987b0c7f4,2,Medium,39.478095169199136
1ff689b3-6ba5-56fe-b8fb-8fdc609c53b6,0,High,30.769615
1ff689b3-6ba5-56fe-b8fb-8fdc609c53b6,1,High,30.769615
1ff689b3-6ba5-56fe-b8fb-8fdc609c53b6,2,High,30.769615
203f57be-2e8b-5fb6-99a1-74ba85ecd0d3,0,High,28.315148
203f57be-2e8b-5fb6-99a1-74ba85ecd0d3,1,High,31.428398971394564
203f57be-2e8b-5fb6-99a1-74ba85ecd0d3,2,Medium,36.671611
205bedf2-553d-5d61-85bc-40b67037f983,0,Medium,37.214789
205bedf2-553d-5d61-85bc-40b67037f983,1,Medium,37.214789
205bedf2-553d-5d61-85bc-40b67037f983,2,Medium,37.214789
20f343cb-54fe-5bc8-baeb-fb0a8dba8eee,0,High,25.590331
20f343cb-54fe-5bc8-baeb-fb0a8dba8eee,1,High,25.590331
20f343cb-54fe-5bc8-baeb-fb0a8dba8eee,2,High,30.108886760108494
2182c8ab-233e-5794-bf9a-b805cccd087f,0,Medium,36.75389888902344
2182c8ab-233e-5794-bf9a-b805cccd087f,1,High,44.19799136764378
2182c8ab-233e-5794-bf9a-b805cccd087f,2,High,27.436275
2218b09a-1ca3-5e7d-b0d9-8c2ea5ffcc42,0,High,25.825584
2218b09a-1ca3-5e7d-b0d9-8c2ea5ffcc42,1,Medium,37.41223986185784
2218b09a-1ca3-5e7d-b0d9-8c2ea5ffcc42,2,High,25.825584
2266b497-5505-5551-b181-d6b93d0a6dfe,0,Medium,27.81563
2266b497-5505-5551-b181-d6b93d0a6dfe,1,Medium,27.81563
2266b497-5505-5551-b181-d6b93d0a6dfe,2,Medium,27.81563
22c04ab7-ed0b-5c39-81b4-ddbf10ca8eed,0,High,57.646586662706326
22c04ab7-ed0b-5c39-81b4-ddbf10ca8eed,1,High,20.753346
22c04ab7-ed0b-5c39-81b4-ddbf10ca8eed,2,Low,69.2334802348239
22f7e957-ac0b-575f-b24b-e832d58b10e9,0,Medium,26.5737
22f7e957-ac0b-575f-b24b-e832d58b10e9,1,High,21.886365
22f7e957-ac0b-575f-b24b-e832d58b10e9,2,High,21.886365
2460f192-8a40-5a1b-b3d7-f3da9a6294ea,0,High,22.470312
2460f192-8a40-5a1b-b3d7-f3da9a6294ea,1,Medium,31.679926093630602
2460f192-8a40-5a1b-b3d7-f3da9a6294ea,2,High,22.470312
24897818-2c71-5573-a17b-c7596e94bc4e,0,High,29.55279
24897818-2c71-5573-a17b-c7596e94bc4e,1,Medium,37.320882
24897818-2c71-5573-a17b-c7596e94bc4e,2,High,29.55279
24e0142f-f228-502b-94c9-4c72ad8d53e0,0,High,25.376708
24e0142f-f228-502b-94c9-4c72ad8d53e0,1,Low,39.676986
24e0142f-f228-502b-94c9-4c72ad8d53e0,2,Medium,34.48891873653987
24e99fc4-e985-5c76-a39c-3790a00e9184,0,Medium,32.821712
24e99fc4-e985-5c76-a39c-3790a00e9184,1,High,24.434293
24e99fc4-e985-5c76-a39c-3790a00e9184,2,High,25.73360036481992
25897c4f-10c0-567d-bec4-4239ab833b1a,0,Medium,44.099382
25897c4f-10c0-567d-bec4-4239ab833b1a,1,High,34.100292
25897c4f-10c0-567d-bec4-4239ab833b1a,2,High,34.100292
260ddc4b-781d-51f7-82c7-b79f8cc3b60d,0,High,32.865083
260ddc4b-781d-51f7-82c7-b79f8cc3b60d,1,High,32.865083
260ddc4b-781d-51f7-82c7-b79f8cc3b60d,2,High,32.865083
265e4888-dd8e-55a1-87f4-ce90d23a768c,0,Medium,36.413756
265e4888-dd8e-55a1-87f4-ce90d23a768c,1,Medium,36.413756
265e4888-dd8e-55a1-87f4-ce90d23a768c,2,High,27.559041
2673d003-770b-5f1b-b738-748a9c1028c9,0,Medium,37.032992
2673d003-770b-5f1b-b738-748a9c1028c9,1,Medium,37.032992
2673d003-770b-5f1b-b738-748a9c1028c9,2,Low,47.066017
2691afbd-411c-5c58-8821-16c9bf02fc55,0,Medium,45.905061
2691afbd-411c-5c58-8821-16c9bf02fc55,1,High,34.129504
2691afbd-411c-5c58-8821-16c9bf02fc55,2,High,42.07100113304511
26f4c5cf-a165-5c19-967e-4b8a0efe3f25,0,High,35.81493373102926
26f4c5cf-a165-5c19-967e-4b8a0efe3f25,1,High,46.911045404825515
26f4c5cf-a165-5c19-967e-4b8a0efe3f25,2,Medium,50.406691365122356
26ffec8b-241c-5f3f-aeb7-3df362d2eb95,0,High,32.703303
26ffec8b-241c-5f3f-aeb7-3df362d2eb95,1,High,32.703303
26ffec8b-241c-5f3f-aeb7-3df362d2eb95,2,High,32.703303
273dc82e-7675-5d7d-bedf-e22a53bae41d,0,High,21.998932
273dc82e-7675-5d7d-bedf-e22a53bae41d,1,Medium,25.847059
273dc82e-7675-5d7d-bedf-e22a53bae41d,2,High,21.998932
27b99791-804b-500a-9037-8264f5165329,0,High,36.683039
27b99791-804b-500a-9037-8264f5165329,1,High,36.683039
27b99791-804b-500a-9037-8264f5165329,2,High,36.683039
27ed83b2-be03-55c4-bb3e-2747d6f11d3e,0,Medium,33.211057
27ed83b2-be03-55c4-bb3e-2747d6f11d3e,1,Medium,33.211057
27ed83b2-be03-55c4-bb3e-2747d6f11d3e,2,High,24.014697
282ccca9-f3f2-5b5e-bf6a-99c77d7e91f4,0,High,30.760125
282ccca9-f3f2-5b5e-bf6a-99c77d7e91f4,1,High,30.760125
282ccca9-f3f2-5b5e-bf6a-99c77d7e91f4,2,High,30.760125
283d3ac1-0eea-511e-a299-dec6962743ba,0,High,28.467388
283d3ac1-0eea-511e-a299-dec6962743ba,1,High,28.467388
283d3ac1-0eea-511e-a299-dec6962743ba,2,High,28.467388
29282cd1-fa1d-509b-9bca-ac0eca48c93b,0,Medium,37.00016
29282cd1-fa1d-509b-9bca-ac0eca48c93b,1,Medium,37.00016
29282cd1-fa1d-509b-9bca-ac0eca48c93b,2,High,27.694682
2a028d4f-843b-5236-9bcf-9db0987f73f5,0,High,27.381604490002417
2a028d4f-843b-5236-9bcf-9db0987f73f5,1,Medium,33.291569
2a028d4f-843b-5236-9bcf-9db0987f73f5,2,High,23.847443
2ae9c647-f4f5-5426-9120-a9fd75d8b8a0,0,High,33.184746436338536
2ae9c647-f4f5-5426-9120-a9fd75d8b8a0,1,High,28.683752
2ae9c647-f4f5-5426-9120-a9fd75d8b8a0,2,High,28.683752
2b34d23f-3619-53e1-bf41-f0c5d3399e9c,0,Medium,43.630946
2b34d23f-3619-53e1-bf41-f0c5d3399e9c,1,High,34.674871
2b34d23f-3619-53e1-bf41-f0c5d3399e9c,2,Medium,43.630946
2b3c67ff-af4e-5b90-8c00-4979d4bb4836,0,High,21.562539
2b3c67ff-af4e-5b90-8c00-4979d4bb4836,1,High,42.42265027873411
2b3c67ff-af4e-5b90-8c00-4979d4bb4836,2,High,21.562539
2b3fe9c4-03c6-5ba5-b1be-3f68d7db2414,0,High,24.599792
2b3fe9c4-03c6-5ba5-b1be-3f68d7db2414,1,High,24.599792
2b3fe9c4-03c6-5ba5-b1be-3f68d7db2414,2,High,24.599792
2b7495fe-5b41-54ab-a779-3ac6d858464a,0,Medium,36.921741
2b7495fe-5b41-54ab-a779-3ac6d858464a,1,High,27.582147
2b7495fe-5b41-54ab-a779-3ac6d858464a,2,High,35.54534870147274
2b85986c-be56-5f86-9581-6b2a5cf37809,0,High,25.86692052549768
2b85986c-be56-5f86-9581-6b2a5cf37809,1,High,36.9723612046274
2b85986c-be56-5f86-9581-6b2a5cf37809,2,High,24.1302
2b951803-a57d-5612-a681-262ebe76eb44,0,High,36.339829666524956
2b951803-a57d-5612-a681-262ebe76eb44,1,Medium,37.214133
2b951803-a57d-5612-a681-262ebe76eb44,2,High,27.382882
2bc16360-50db-5aee-a61b-29068ec46191,0,High,47.385023355179285
2bc16360-50db-5aee-a61b-29068ec46191,1,High,27.395116
2bc16360-50db-5aee-a61b-29068ec46191,2,High,27.395116
2c6356fa-0c31-5ba2-b738-dc93b35bebc9,0,Low,51.29936
2c6356fa-0c31-5ba2-b738-dc93b35bebc9,1,High,32.067271
2c6356fa-0c31-5ba2-b738-dc93b35bebc9,2,High,32.067271
2ccf2e7a-abf4-57de-bead-3519274ffb90,0,High,31.233146
2ccf2e7a-abf4-57de-bead-3519274ffb90,1,Medium,40.416218
2ccf2e7a-abf4-57de-bead-3519274ffb90,2,Medium,44.13745399132605
2ce89939-9ca1-5a33-89a0-b5bca7ee1f9c,0,Medium,39.578571
2ce89939-9ca1-5a33-89a0-b5bca7ee1f9c,1,High,29.867501
2ce89939-9ca1-5a33-89a0-b5bca7ee1f9c,2,High,29.867501
2dadc7ba-2a83-5b55-b0d1-1b4c2b782f74,0,Medium,36.790449
2dadc7ba-2a83-5b55-b0d1-1b4c2b782f74,1,Low,49.047609
2dadc7ba-2a83-5b55-b0d1-1b4c2b782f74,2,High,27.848442
2e1b4eba-37ce-5d1a-9a3c-40677efa55ce,0,Medium,47.64257020480359
2e1b4eba-37ce-5d1a-9a3c-40677efa55ce,1,Medium,36.647029
2e1b4eba-37ce-5d1a-9a3c-40677efa55ce,2,High,28.008974
2edc9143-e848-5790-a928-f3b25a763c8b,0,High,28.133558
2edc9143-e848-5790-a928-f3b25a763c8b,1,Medium,38.033426
2edc9143-e848-5790-a928-f3b25a763c8b,2,High,41.49953419928807
2f066c91-12ff-522e-8288-1aed3b49b1cb,0,Medium,40.716778
2f066c91-12ff-522e-8288-1aed3b49b1cb,1,Medium,40.716778
2f066c91-12ff-522e-8288-1aed3b49b1cb,2,High,30.848756
2f2d1543-4a6d-56ff-a637-f74f4688b0a3,0,High,24.201001
2f2d1543-4a6d-56ff-a637-f74f4688b0a3,1,High,24.201001
2f2d1543-4a6d-56ff-a637-f74f4688b0a3,2,High,24.201001
304d6b71-cb7d-517e-a03e-61cf8005c452,0,High,25.984489
304d6b71-cb7d-517e-a03e-61cf8005c452,1,High,25.984489
304d6b71-cb7d-517e-a03e-61cf8005c452,2,High,25.984489
3056b961-e4e3-5b45-8b11-9ba18bda6832,0,High,27.376588
3056b961-e4e3-5b45-8b11-9ba18bda6832,1,Medium,57.52157309760517
3056b961-e4e3-5b45-8b11-9ba18bda6832,2,High,27.376588
30842c92-9a8c-5787-a0eb-aab7844acb01,0,High,23.964516
30842c92-9a8c-5787-a0eb-aab7844acb01,1,Medium,70.92044438779972
30842c92-9a8c-5787-a0eb-aab7844acb01,2,High,23.964516
314a3933-a222-5e37-b782-eef32559529c,0,High,31.161507
314a3933-a222-5e37-b782-eef32559529c,1,High,55.55515061598466
314a3933-a222-5e37-b782-eef32559529c,2,High,31.161507
31e6944c-29b7-55d1-8487-5d2d17ef3627,0,High,32.769711
31e6944c-29b7-55d1-8487-5d2d17ef3627,1,Medium,41.438373
31e6944c-29b7-55d1-8487-5d2d17ef3627,2,Medium,55.61364395216493
3202960b-2340-5c6b-beb1-f97e53d3a33c,0,Medium,39.350934
3202960b-2340-5c6b-beb1-f97e53d3a33c,1,High,31.079964
3202960b-2340-5c6b-beb1-f97e53d3a33c,2,High,31.079964
322d8ba1-bcc4-5621-9019-97052c2ff222,0,High,34.858527
322d8ba1-bcc4-5621-9019-97052c2ff222,1,Medium,45.646443
322d8ba1-bcc4-5621-9019-97052c2ff222,2,High,37.743442364711385
328112ef-2473-5750-921e-45a755320dd9,0,Low,53.17282980899598
328112ef-2473-5750-921e-45a755320dd9,1,High,25.03955
328112ef-2473-5750-921e-45a755320dd9,2,Medium,31.446071
34da903f-7e56-5c94-841c-fec284510882,0,High,33.250813
34da903f-7e56-5c94-841c-fec284510882,1,High,33.250813
34da903f-7e56-5c94-841c-fec284510882,2,High,33.250813
34e3c383-4ecc-533f-8dbc-5e473272df2a,0,Medium,47.396759
34e3c383-4ecc-533f-8dbc-5e473272df2a,1,Medium,47.396759
34e3c383-4ecc-533f-8dbc-5e473272df2a,2,High,36.72191
34f66708-03e7-54ce-96bd-68fb55af9d91,0,High,30.573995
34f66708-03e7-54ce-96bd-68fb55af9d91,1,High,30.573995
34f66708-03e7-54ce-96bd-68fb55af9d91,2,High,30.573995
3538eb3d-c151-5982-83dd-d4b0f95ca975,0,Medium,46.282121
3538eb3d-c151-5982-83dd-d4b0f95ca975,1,High,36.68988
3538eb3d-c151-5982-83dd-d4b0f95ca975,2,Medium,46.282121
35d1cc07-98f9-5f64-9129-0e64179d3650,0,Medium,39.306733
35d1cc07-98f9-5f64-9129-0e64179d3650,1,Medium,39.306733
35d1cc07-98f9-5f64-9129-0e64179d3650,2,High,27.589055
3688d699-da7c-50c3-a693-c6cced2b247a,0,Low,57.303896
3688d699-da7c-50c3-a693-c6cced2b247a,1,High,43.494214153676154
3688d699-da7c-50c3-a693-c6cced2b247a,2,High,36.23439
368cb8d6-9688-527d-9f98-6d3cf54bb7b0,0,High,21.977626
368cb8d6-9688-527d-9f98-6d3cf54bb7b0,1,Medium,29.020442
368cb8d6-9688-527d-9f98-6d3cf54bb7b0,2,Medium,29.020442
36b14bfe-c463-57ea-8c02-05e3b988b536,0,Low,39.327108
36b14bfe-c463-57ea-8c02-05e3b988b536,1,High,24.860814
36b14bfe-c463-57ea-8c02-05e3b988b536,2,High,24.860814
36f983d2-c3e7-5500-8814-615af9459f66,0,High,22.763057
36f983d2-c3e7-5500-8814-615af9459f66,1,High,22.763057
36f983d2-c3e7-5500-8814-615af9459f66,2,Low,37.884845
3781aa85-9c1e-52ee-a4ae-58b0fcbf8fd8,0,High,27.2281
3781aa85-9c1e-52ee-a4ae-58b0fcbf8fd8,1,High,27.2281
3781aa85-9c1e-52ee-a4ae-58b0fcbf8fd8,2,High,27.2281
378b4515-f4c3-5f34-b14e-3fa204c98ac8,0,High,20.855283
378b4515-f4c3-5f34-b14e-3fa204c98ac8,1,High,44.13464980647497
378b4515-f4c3-5f34-b14e-3fa204c98ac8,2,High,50.74196324176463
379db4d7-1d43-5d02-bf0d-a48c030b0571,0,High,25.402787
379db4d7-1d43-5d02-bf0d-a48c030b0571,1,High,25.402787
379db4d7-1d43-5d02-bf0d-a48c030b0571,2,High,25.402787
37ee98da-5ed6-55a0-8228-034d423f3702,0,High,32.686246
37ee98da-5ed6-55a0-8228-034d423f3702,1,Medium,40.704203
37ee98da-5ed6-55a0-8228-034d423f3702,2,Medium,40.704203
38876450-a360-584e-a401-49ede2d5a5ae,0,Medium,34.897944
38876450-a360-584e-a401-49ede2d5a5ae,1,High,27.326101
38876450-a360-584e-a401-49ede2d5a5ae,2,High,27.326101
388fef44-d9ef-56b6-9503-bb028ffb7041,0,Low,30.402625
388fef44-d9ef-56b6-9503-bb028ffb7041,1,High,20.943183
388fef44-d9ef-56b6-9503-bb028ffb7041,2,Medium,27.713084
38afc6be-6778-54ae-9b18-4020b0941ce1,0,High,29.569437
38afc6be-6778-54ae-9b18-4020b0941ce1,1,Medium,37.421046
38afc6be-6778-54ae-9b18-4020b0941ce1,2,High,59.03568442121564
390a9fa5-8097-5880-8bba-3516ba408373,0,High,23.874303
390a9fa5-8097-5880-8bba-3516ba408373,1,High,23.874303
390a9fa5-8097-5880-8bba-3516ba408373,2,High,23.874303
392c7d8e-86a8-5c33-b71e-d1f21cbbda82,0,Medium,40.127322
392c7d8e-86a8-5c33-b71e-d1f21cbbda82,1,High,30.722298
392c7d8e-86a8-5c33-b71e-d1f21cbbda82,2,High,36.473382127507996
396b9b39-d198-5079-8348-b849508008d6,0,High,21.792215
396b9b39-d198-5079-8348-b849508008d6,1,High,21.792215
396b9b39-d198-5079-8348-b849508008d6,2,High,21.792215
39b5f649-fc3c-5de6-bbab-1a12422f73da,0,Medium,29.011469
39b5f649-fc3c-5de6-bbab-1a12422f73da,1,High,21.665201
39b5f649-fc3c-5de6-bbab-1a12422f73da,2,High,21.665201
39fe0d9d-682c-57de-bbd3-72a0ec3a6353,0,High,21.246324
39fe0d9d-682c-57de-bbd3-72a0ec3a6353,1,High,21.246324
39fe0d9d-682c-57de-bbd3-72a0ec3a6353,2,High,24.689408024364397
3a4cdd1a-cad2-55a7-bded-41db175f6115,0,Medium,29.333273
3a4cdd1a-cad2-55a7-bded-41db175f6115,1,Medium,32.15636974037475
3a4cdd1a-cad2-55a7-bded-41db175f6115,2,High,21.998298
3af062ad-5815-5a8c-9f8b-3f09e9865e2e,0,High,34.557882
3af062ad-5815-5a8c-9f8b-3f09e9865e2e,1,Medium,54.148684525354234
3af062ad-5815-5a8c-9f8b-3f09e9865e2e,2,High,34.557882
3b85d143-e148-5999-95e1-6af03148a3ce,0,High,33.896982
3b85d143-e148-5999-95e1-6af03148a3ce,1,Low,53.431971
3b85d143-e148-5999-95e1-6af03148a3ce,2,High,33.896982
3bb364bf-9182-5063-b60d-50802b3e35ff,0,High,28.535996
3bb364bf-9182-5063-b60d-50802b3e35ff,1,High,28.535996
3bb364bf-9182-5063-b60d-50802b3e35ff,2,High,28.535996
3d478182-b4f9-5855-b5e7-42c7dbe33b0d,0,High,24.22658151799638
3d478182-b4f9-5855-b5e7-42c7dbe33b0d,1,High,21.747251
3d478182-b4f9-5855-b5e7-42c7dbe33b0d,2,High,21.747251
3d656471-8cc9-5f93-9d79-428b797d3231,0,High,34.486217
3d656471-8cc9-5f93-9d79-428b797d3231,1,High,34.486217
3d656471-8cc9-5f93-9d79-428b797d3231,2,High,34.486217
3d7eab65-5ab0-5a83-932e-4ce7eb1ce406,0,High,20.79992
3d7eab65-5ab0-5a83-932e-4ce7eb1ce406,1,Low,36.025907
3d7eab65-5ab0-5a83-932e-4ce7eb1ce406,2,Medium,27.533343
3dd4141a-5e24-50dd-8cc7-29c9dae5058c,0,High,57.305754961099765
3dd4141a-5e24-50dd-8cc7-29c9dae5058c,1,High,30.702964
3dd4141a-5e24-50dd-8cc7-29c9dae5058c,2,Medium,40.490247
3e7aeb55-e259-5eeb-886b-b1f178e00465,0,Medium,62.6090513278383
3e7aeb55-e259-5eeb-886b-b1f178e00465,1,High,34.524178
3e7aeb55-e259-5eeb-886b-b1f178e00465,2,High,34.524178
3e98491e-a94a-57a8-bcae-987000fddd52,0,Medium,44.456505
3e98491e-a94a-57a8-bcae-987000fddd52,1,High,36.221541
3e98491e-a94a-57a8-bcae-987000fddd52,2,High,36.221541
3ee89359-b9b5-5aa0-811c-bde4275cce10,0,Medium,64.453192624981
3ee89359-b9b5-5aa0-811c-bde4275cce10,1,Medium,35.451432
3ee89359-b9b5-5aa0-811c-bde4275cce10,2,High,31.135792
3f5d0ef4-7d0c-5784-9114-5669e1a94ef1,0,Medium,27.784455
3f5d0ef4-7d0c-5784-9114-5669e1a94ef1,1,High,21.86146
3f5d0ef4-7d0c-5784-9114-5669e1a94ef1,2,High,21.86146
3f75da4c-2fac-5a28-bd1f-7b4733dd02bc,0,Medium,42.523071
3f75da4c-2fac-5a28-bd1f-7b4733dd02bc,1,High,34.3621
3f75da4c-2fac-5a28-bd1f-7b4733dd02bc,2,Medium,42.523071
3fd8cab6-c6e6-57c3-9a43-2158a9502e61,0,High,32.783666
3fd8cab6-c6e6-57c3-9a43-2158a9502e61,1,High,32.783666
3fd8cab6-c6e6-57c3-9a43-2158a9502e61,2,Medium,40.923647
3ff26729-2676-560d-8735-1e3285f5add1,0,Medium,27.952537
3ff26729-2676-560d-8735-1e3285f5add1,1,High,20.535879
3ff26729-2676-560d-8735-1e3285f5add1,2,High,20.535879
4052d61f-3f94-5d1d-935f-d8ec1112f3ad,0,High,37.901325
4052d61f-3f94-5d1d-935f-d8ec1112f3ad,1,High,37.901325
4052d61f-3f94-5d1d-935f-d8ec1112f3ad,2,High,37.901325
41aab73d-40c3-52e4-9e7b-3dcfd34021ff,0,Medium,32.825702
41aab73d-40c3-52e4-9e7b-3dcfd34021ff,1,High,24.531835
41aab73d-40c3-52e4-9e7b-3dcfd34021ff,2,High,24.531835
41da1495-acb3-5a1f-ab61-51b1f1ce286d,0,High,20.782754
41da1495-acb3-5a1f-ab61-51b1f1ce286d,1,High,20.782754
41da1495-acb3-5a1f-ab61-51b1f1ce286d,2,High,20.782754
421c2e02-35ea-511b-99cf-f2bd69cfd59b,0,High,21.640268
421c2e02-35ea-511b-99cf-f2bd69cfd59b,1,High,21.640268
421c2e02-35ea-511b-99cf-f2bd69cfd59b,2,Medium,27.847714
429eb853-c7c6-5415-bfd1-c914b810c526,0,High,65.5167680683249
429eb853-c7c6-5415-bfd1-c914b810c526,1,Medium,46.21272
429eb853-c7c6-5415-bfd1-c914b810c526,2,Medium,46.21272
42a3b91c-40c4-568c-90da-8d64749f198c,0,Medium,40.744597
42a3b91c-40c4-568c-90da-8d64749f198c,1,Medium,40.744597
42a3b91c-40c4-568c-90da-8d64749f198c,2,High,37.84733227644219
4319ed02-cd4d-50a2-89b4-760dbb6d1c80,0,Medium,46.651188
4319ed02-cd4d-50a2-89b4-760dbb6d1c80,1,Medium,46.651188
4319ed02-cd4d-50a2-89b4-760dbb6d1c80,2,High,34.151596
4411648a-cb96-5dac-b7a9-c5682ebaba47,0,Low,34.37736
4411648a-cb96-5dac-b7a9-c5682ebaba47,1,High,52.74036007185484
4411648a-cb96-5dac-b7a9-c5682ebaba47,2,High,21.306189
442336dc-4c7d-5168-a98a-0e5cd4740dcd,0,High,30.791623
442336dc-4c7d-5168-a98a-0e5cd4740dcd,1,High,30.791623
442336dc-4c7d-5168-a98a-0e5cd4740dcd,2,High,30.791623
44aa37e4-dee0-5fab-801c-ad05c8679e55,0,High,21.58097
44aa37e4-dee0-5fab-801c-ad05c8679e55,1,High,21.58097
44aa37e4-dee0-5fab-801c-ad05c8679e55,2,Medium,30.289252
44c727c8-fda9-51d4-925d-38a407143a53,0,High,20.765608
44c727c8-fda9-51d4-925d-38a407143a53,1,High,32.909764319659004
44c727c8-fda9-51d4-925d-38a407143a53,2,High,20.765608
44e31cfb-159e-583d-b08c-4765363b5223,0,High,21.432299
44e31cfb-159e-583d-b08c-4765363b5223,1,High,21.432299
44e31cfb-159e-583d-b08c-4765363b5223,2,Low,35.224004
44f656d8-f789-50ff-8192-036516dc5a30,0,High,29.213336
44f656d8-f789-50ff-8192-036516dc5a30,1,High,81.71195218203765
44f656d8-f789-50ff-8192-036516dc5a30,2,High,29.213336
450f03da-a2a1-5458-b553-207ac44a4375,0,Medium,85.33029636867644
450f03da-a2a1-5458-b553-207ac44a4375,1,High,35.923434446325295
450f03da-a2a1-5458-b553-207ac44a4375,2,Medium,36.950326
45119a3f-834f-5cef-9ecf-012b3023a199,0,High,23.870089
45119a3f-834f-5cef-9ecf-012b3023a199,1,High,23.870089
45119a3f-834f-5cef-9ecf-012b3023a199,2,High,23.870089
451e25a7-5df0-5f51-84ce-104e5ebd748e,0,Low,44.321165
451e25a7-5df0-5f51-84ce-104e5ebd748e,1,High,28.268275
451e25a7-5df0-5f51-84ce-104e5ebd748e,2,High,36.544796475937375
454c7f5f-f609-5519-b553-2efa79e6672c,0,High,34.157823
454c7f5f-f609-5519-b553-2efa79e6672c,1,Low,56.512504
454c7f5f-f609-5519-b553-2efa79e6672c,2,High,34.157823
459553f7-a663-56ab-a69e-2038ea7ec774,0,High,34.630278
459553f7-a663-56ab-a69e-2038ea7ec774,1,High,34.630278
459553f7-a663-56ab-a69e-2038ea7ec774,2,High,34.630278
45adfa5c-351c-55d2-a06f-3455cba9c7cf,0,High,24.935474
45adfa5c-351c-55d2-a06f-3455cba9c7cf,1,High,24.935474
45adfa5c-351c-55d2-a06f-3455cba9c7cf,2,High,27.81783178454329
45e3c8a3-d110-5da0-b421-392b0c2e5a4f,0,Medium,31.17688
45e3c8a3-d110-5da0-b421-392b0c2e5a4f,1,High,23.980321
45e3c8a3-d110-5da0-b421-392b0c2e5a4f,2,High,27.783961477601828
45ee67e0-eb16-5ac6-9671-12732fd17f5a,0,High,29.905354049506663
45ee67e0-eb16-5ac6-9671-12732fd17f5a,1,Low,39.860556
45ee67e0-eb16-5ac6-9671-12732fd17f5a,2,High,23.88221
464f9282-542b-511e-8c76-bf3cabfe4fcd,0,High,20.815649
464f9282-542b-511e-8c76-bf3cabfe4fcd,1,Low,37.632931
464f9282-542b-511e-8c76-bf3cabfe4fcd,2,High,20.815649
4657cfb6-f0e3-5e55-826a-0ed9c60011ed,0,High,27.733548
4657cfb6-f0e3-5e55-826a-0ed9c60011ed,1,Low,48.251661
4657cfb6-f0e3-5e55-826a-0ed9c60011ed,2,High,27.733548
465943f9-b405-5f0f-bab1-3dd89a9e3adb,0,Medium,41.745217
465943f9-b405-5f0f-bab1-3dd89a9e3adb,1,High,32.758157
465943f9-b405-5f0f-bab1-3dd89a9e3adb,2,High,32.758157
46a1d0ac-b37c-5c1a-bdf4-cbdfa55a5393,0,High,27.589517
46a1d0ac-b37c-5c1a-bdf4-cbdfa55a5393,1,High,27.589517
46a1d0ac-b37c-5c1a-bdf4-cbdfa55a5393,2,Low,46.003699
475a5a50-0621-58d2-818a-c08da3d9e3bd,0,Medium,25.991691
475a5a50-0621-58d2-818a-c08da3d9e3bd,1,Medium,50.29176941166486
475a5a50-0621-58d2-818a-c08da3d9e3bd,2,High,21.566
47cee5b5-0f9a-5559-853d-91b51f88e7c1,0,High,25.984899
47cee5b5-0f9a-5559-853d-91b51f88e7c1,1,High,25.984899
47cee5b5-0f9a-5559-853d-91b51f88e7c1,2,High,25.984899
47db0cd4-c767-54e2-abfa-82abfef09f8c,0,Medium,26.146769
47db0cd4-c767-54e2-abfa-82abfef09f8c,1,High,21.601116
47db0cd4-c767-54e2-abfa-82abfef09f8c,2,High,21.601116
47e9e27b-4a99-5ecb-af0f-eabb7d128a52,0,High,29.853109
47e9e27b-4a99-5ecb-af0f-eabb7d128a52,1,Medium,35.539029
47e9e27b-4a99-5ecb-af0f-eabb7d128a52,2,High,29.853109
4803e211-29c2-5222-b550-2af225cff654,0,High,42.20584067409702
4803e211-29c2-5222-b550-2af225cff654,1,High,31.131463
4803e211-29c2-5222-b550-2af225cff654,2,High,31.131463
482789ca-6ae9-5dfd-8ab2-57b07e87dd11,0,High,26.006824
482789ca-6ae9-5dfd-8ab2-57b07e87dd11,1,Medium,32.84217946477805
482789ca-6ae9-5dfd-8ab2-57b07e87dd11,2,Medium,63.81756715008349
48b6e754-652e-540d-b04e-77eafe782cf8,0,Medium,46.161472
48b6e754-652e-540d-b04e-77eafe782cf8,1,Medium,46.161472
48b6e754-652e-540d-b04e-77eafe782cf8,2,High,37.8692
48fd5036-9096-5791-9306-d6470463627b,0,High,30.594544
48fd5036-9096-5791-9306-d6470463627b,1,High,30.594544
48fd5036-9096-5791-9306-d6470463627b,2,Medium,40.506636
4917b270-f264-5b3c-bc94-805958881348,0,High,34.675673
4917b270-f264-5b3c-bc94-805958881348,1,Medium,79.09851569756576
4917b270-f264-5b3c-bc94-805958881348,2,High,34.675673
49410abc-a6ad-5655-abb7-bfae8ae98437,0,High,28.25741737661335
49410abc-a6ad-5655-abb7-bfae8ae98437,1,Medium,32.336189
49410abc-a6ad-5655-abb7-bfae8ae98437,2,High,25.167318
49449617-6ceb-5927-9d23-7ee69e1b3a73,0,Medium,26.838734
49449617-6ceb-5927-9d23-7ee69e1b3a73,1,High,28.696558482680032
49449617-6ceb-5927-9d23-7ee69e1b3a73,2,High,23.447310516617957
4a499576-8c25-560c-8d4f-8c3d4ad38cd4,0,High,23.973822
4a499576-8c25-560c-8d4f-8c3d4ad38cd4,1,High,23.973822
4a499576-8c25-560c-8d4f-8c3d4ad38cd4,2,High,23.973822
4a4dcb91-10af-5c4a-9af7-6655ec54a4c0,0,High,27.717677
4a4dcb91-10af-5c4a-9af7-6655ec54a4c0,1,High,27.717677
4a4dcb91-10af-5c4a-9af7-6655ec54a4c0,2,Medium,37.099669
4b238cf0-8b0d-5c34-a7f5-69ed6e692610,0,Medium,26.655264
4b238cf0-8b0d-5c34-a7f5-69ed6e692610,1,High,22.36787
4b238cf0-8b0d-5c34-a7f5-69ed6e692610,2,High,22.36787
4b353f08-e1df-59e5-b887-ac5043fe116e,0,Medium,31.351865
4b353f08-e1df-59e5-b887-ac5043fe116e,1,Medium,31.351865
4b353f08-e1df-59e5-b887-ac5043fe116e,2,High,24.031188
4c046df8-09f8-510d-92d1-414ed259c5b4,0,High,34.665781
4c046df8-09f8-510d-92d1-414ed259c5b4,1,Medium,54.68026569134765
4c046df8-09f8-510d-92d1-414ed259c5b4,2,Medium,46.112796
4c1b68a2-df2c-5e23-899f-135ec5d4047d,0,Medium,40.446393
4c1b68a2-df2c-5e23-899f-135ec5d4047d,1,High,31.157977
4c1b68a2-df2c-5e23-899f-135ec5d4047d,2,Medium,40.446393
4c1df3f4-29a3-547d-a408-8222c6d90501,0,High,23.906336
4c1df3f4-29a3-547d-a408-8222c6d90501,1,High,23.906336
4c1df3f4-29a3-547d-a408-8222c6d90501,2,High,23.906336
4e076bd8-c0dc-57f1-93c4-269e95a4cb8d,0,High,27.439293
4e076bd8-c0dc-57f1-93c4-269e95a4cb8d,1,High,27.439293
4e076bd8-c0dc-57f1-93c4-269e95a4cb8d,2,High,27.439293
4e1f5d0d-dfac-5477-800d-f585f8e4cd51,0,High,43.64645592341785
4e1f5d0d-dfac-5477-800d-f585f8e4cd51,1,High,22.8474
4e1f5d0d-dfac-5477-800d-f585f8e4cd51,2,High,22.8474
4e27569a-1e09-5735-8c47-ce3ec1034469,0,High,24.592912
4e27569a-1e09-5735-8c47-ce3ec1034469,1,High,24.592912
4e27569a-1e09-5735-8c47-ce3ec1034469,2,High,24.592912
4efbfd4d-5a0c-5c62-bf37-db1c5e67d403,0,High,35.149945396171795
4efbfd4d-5a0c-5c62-bf37-db1c5e67d403,1,High,30.915548
4efbfd4d-5a0c-5c62-bf37-db1c5e67d403,2,High,30.915548
4f4461c6-d62b-5328-8f3b-800dd35e5de1,0,High,50.27884900467388
4f4461c6-d62b-5328-8f3b-800dd35e5de1,1,High,31.895033
4f4461c6-d62b-5328-8f3b-800dd35e5de1,2,High,31.895033
503a27d6-c901-58ff-97c4-ed11d64603e0,0,Medium,95.48326779034599
503a27d6-c901-58ff-97c4-ed11d64603e0,1,High,34.175231
503a27d6-c901-58ff-97c4-ed11d64603e0,2,High,34.175231
5086e784-7196-5863-9b8a-c925cce0b513,0,High,29.470672
5086e784-7196-5863-9b8a-c925cce0b513,1,High,29.470672
5086e784-7196-5863-9b8a-c925cce0b513,2,High,29.470672
51268208-64ea-5774-ab37-a5eada5c0b5d,0,High,36.42955
51268208-64ea-5774-ab37-a5eada5c0b5d,1,Medium,46.062059
51268208-64ea-5774-ab37-a5eada5c0b5d,2,High,36.42955
51bf61fc-4bef-5a0b-ba3a-db560b7c15ae,0,High,29.876167
51bf61fc-4bef-5a0b-ba3a-db560b7c15ae,1,High,29.876167
51bf61fc-4bef-5a0b-ba3a-db560b7c15ae,2,Medium,35.677408
51f25864-70bb-5a54-8692-45f1235084d4,0,High,50.271416044697986
51f25864-70bb-5a54-8692-45f1235084d4,1,High,34.985833
51f25864-70bb-5a54-8692-45f1235084d4,2,High,34.985833
52ae4d57-4a9b-5ed4-ac7a-40f98ad53cf8,0,Medium,27.211112
52ae4d57-4a9b-5ed4-ac7a-40f98ad53cf8,1,High,21.632735
52ae4d57-4a9b-5ed4-ac7a-40f98ad53cf8,2,High,21.632735
52bb35c2-0cf8-5d76-95d2-18cee5bf6593,0,Low,58.137745
52bb35c2-0cf8-5d76-95d2-18cee5bf6593,1,High,36.340498
52bb35c2-0cf8-5d76-95d2-18cee5bf6593,2,Medium,44.791783
532cb3d3-5f9c-59aa-ba03-f6e2230b8058,0,Low,51.908179
532cb3d3-5f9c-59aa-ba03-f6e2230b8058,1,High,32.486935
532cb3d3-5f9c-59aa-ba03-f6e2230b8058,2,Medium,39.120942
537539b2-1eca-55bc-ae30-d94747c11b06,0,High,34.538066
537539b2-1eca-55bc-ae30-d94747c11b06,1,High,34.538066
537539b2-1eca-55bc-ae30-d94747c11b06,2,High,34.538066
5411e666-5a63-5f28-a5a2-7bc1f5150776,0,Medium,30.566886
5411e666-5a63-5f28-a5a2-7bc1f5150776,1,High,24.588833
5411e666-5a63-5f28-a5a2-7bc1f5150776,2,High,24.588833
54c0ed51-46da-5da8-9f73-58b52d6e42c3,0,Medium,42.70425
54c0ed51-46da-5da8-9f73-58b52d6e42c3,1,Medium,42.70425
54c0ed51-46da-5da8-9f73-58b52d6e42c3,2,High,34.52461
54d025f6-1c5c-5346-9eb1-7e7aa9bcda0c,0,Medium,27.668438
54d025f6-1c5c-5346-9eb1-7e7aa9bcda0c,1,High,20.96369
54d025f6-1c5c-5346-9eb1-7e7aa9bcda0c,2,High,20.96369
553317d2-cdb9-54a5-9289-aabfce273dab,0,High,36.21816
553317d2-cdb9-54a5-9289-aabfce273dab,1,High,36.21816
553317d2-cdb9-54a5-9289-aabfce273dab,2,Medium,44.573528
55545e5d-dbb4-5fa8-981c-8ced94adfd83,0,High,24.019584
55545e5d-dbb4-5fa8-981c-8ced94adfd83,1,High,24.019584
55545e5d-dbb4-5fa8-981c-8ced94adfd83,2,High,24.019584
55665210-a7dc-5c7a-89e2-9d37a0f10f3f,0,High,20.540391
55665210-a7dc-5c7a-89e2-9d37a0f10f3f,1,Medium,28.235926
55665210-a7dc-5c7a-89e2-9d37a0f10f3f,2,Medium,28.235926
560a78dd-0bf6-5783-a15c-e3d10bcf3ba7,0,Low,47.54436
560a78dd-0bf6-5783-a15c-e3d10bcf3ba7,1,High,28.011539
560a78dd-0bf6-5783-a15c-e3d10bcf3ba7,2,High,29.484838910743374
570e915c-091d-50d7-b86c-d80031c489d4,0,High,38.037267
570e915c-091d-50d7-b86c-d80031c489d4,1,High,38.037267
570e915c-091d-50d7-b86c-d80031c489d4,2,High,38.037267
5767e7e9-cedc-5f35-a529-4f4c45b8df2e,0,High,25.431381
5767e7e9-cedc-5f35-a529-4f4c45b8df2e,1,High,59.646261332114605
5767e7e9-cedc-5f35-a529-4f4c45b8df2e,2,Medium,36.600993
578a0cb7-eb86-557c-a856-370b35f15697,0,High,55.308391416949476
578a0cb7-eb86-557c-a856-370b35f15697,1,Medium,36.455234
578a0cb7-eb86-557c-a856-370b35f15697,2,High,27.979078
57a6b1c4-caa0-54f5-9bf9-1c29ffd0f9f9,0,Medium,47.683669
57a6b1c4-caa0-54f5-9bf9-1c29ffd0f9f9,1,High,36.227668
57a6b1c4-caa0-54f5-9bf9-1c29ffd0f9f9,2,High,36.227668
57d08e8c-e7b9-57e0-a988-5ff06945e061,0,High,83.5800537871458
57d08e8c-e7b9-57e0-a988-5ff06945e061,1,High,30.742756
57d08e8c-e7b9-57e0-a988-5ff06945e061,2,High,30.742756
5861d70e-e9f4-592a-8df1-745c47b242a2,0,High,33.452228811893114
5861d70e-e9f4-592a-8df1-745c47b242a2,1,Medium,31.259487
5861d70e-e9f4-592a-8df1-745c47b242a2,2,High,31.085951563287146
58f9101f-671f-5af0-a55e-863a70bfd383,0,High,38.594886798377985
58f9101f-671f-5af0-a55e-863a70bfd383,1,High,32.226389
58f9101f-671f-5af0-a55e-863a70bfd383,2,High,85.0365760947829
591f7192-0db6-5355-bab8-13723fdf9764,0,High,20.605643
591f7192-0db6-5355-bab8-13723fdf9764,1,High,20.605643
591f7192-0db6-5355-bab8-13723fdf9764,2,High,20.605643
597ce5ee-2a19-5d81-b0a7-8564ae063242,0,Low,32.149098
597ce5ee-2a19-5d81-b0a7-8564ae063242,1,Medium,26.563198
597ce5ee-2a19-5d81-b0a7-8564ae063242,2,Low,32.149098
59c4591e-3989-5ee5-b771-5d4c6527a315,0,High,25.001721
59c4591e-3989-5ee5-b771-5d4c6527a315,1,High,25.001721
59c4591e-3989-5ee5-b771-5d4c6527a315,2,High,25.001721
59c5ec8a-0492-5718-a4d7-f227cccc32fe,0,High,29.462302
59c5ec8a-0492-5718-a4d7-f227cccc32fe,1,High,29.462302
59c5ec8a-0492-5718-a4d7-f227cccc32fe,2,Medium,37.51784
5a3737c3-fbb2-5b5a-8d7e-25bec66df710,0,High,27.700394
5a3737c3-fbb2-5b5a-8d7e-25bec66df710,1,High,27.700394
5a3737c3-fbb2-5b5a-8d7e-25bec66df710,2,High,27.700394
5ad3d190-aa6d-5af9-95d0-186aa170d032,0,High,21.169746
5ad3d190-aa6d-5af9-95d0-186aa170d032,1,High,26.63704426292267
5ad3d190-aa6d-5af9-95d0-186aa170d032,2,Medium,28.691564
5b3f2cd2-94c2-5aef-bef2-55f45dcd80b9,0,High,34.855172
5b3f2cd2-94c2-5aef-bef2-55f45dcd80b9,1,Medium,47.922595
5b3f2cd2-94c2-5aef-bef2-55f45dcd80b9,2,Low,56.210377
5b836fd8-e7e6-5c35-8826-28cb27241912,0,High,30.752301
5b836fd8-e7e6-5c35-8826-28cb27241912,1,Low,52.296527
5b836fd8-e7e6-5c35-8826-28cb27241912,2,High,34.13201294424038
5baa184a-7598-5583-9a53-53c4490596ee,0,High,38.335843021836
5baa184a-7598-5583-9a53-53c4490596ee,1,Medium,34.52683
5baa184a-7598-5583-9a53-53c4490596ee,2,High,27.275568
5bbbe317-cdc2-5cd6-83c1-e78ef21185ca,0,Medium,39.980591
5bbbe317-cdc2-5cd6-83c1-e78ef21185ca,1,High,31.354521
5bbbe317-cdc2-5cd6-83c1-e78ef21185ca,2,High,33.936089407200775
5bd88827-283b-5e00-a82b-34d3c9cf8c35,0,High,36.731272
5bd88827-283b-5e00-a82b-34d3c9cf8c35,1,High,36.731272
5bd88827-283b-5e00-a82b-34d3c9cf8c35,2,Medium,44.249478
5cab488c-fc87-590e-b92b-f6a390a28e7b,0,High,27.822294
5cab488c-fc87-590e-b92b-f6a390a28e7b,1,Medium,57.692845379860245
5cab488c-fc87-590e-b92b-f6a390a28e7b,2,Medium,36.831036
5cd063e2-d56b-5df1-8b02-fad4bbef6579,0,High,27.9661
5cd063e2-d56b-5df1-8b02-fad4bbef6579,1,High,27.9661
5cd063e2-d56b-5df1-8b02-fad4bbef6579,2,High,30.806965345812685
5d31e1d6-dd8c-5884-b327-db2187b33764,0,High,37.826677
5d31e1d6-dd8c-5884-b327-db2187b33764,1,High,50.988926932961085
5d31e1d6-dd8c-5884-b327-db2187b33764,2,High,37.826677
5dc38dc4-d7f7-5eb5-9ea1-a87aed08aeff,0,High,27.77
5dc38dc4-d7f7-5eb5-9ea1-a87aed08aeff,1,Medium,36.682868
5dc38dc4-d7f7-5eb5-9ea1-a87aed08aeff,2,High,35.90841113591547
5e7e1664-67bf-5efc-a286-7f1b9bdc20a0,0,Medium,34.656123
5e7e1664-67bf-5efc-a286-7f1b9bdc20a0,1,Medium,37.47315138550117
5e7e1664-67bf-5efc-a286-7f1b9bdc20a0,2,High,28.603772
5e9ee4ae-31d4-50b7-8fb7-03920323038f,0,High,40.333068422301494
5e9ee4ae-31d4-50b7-8fb7-03920323038f,1,High,39.75900923074634
5e9ee4ae-31d4-50b7-8fb7-03920323038f,2,High,32.914387
5ecc8159-9db9-5f02-ab6d-9d0586f40caf,0,Low,46.111291
5ecc8159-9db9-5f02-ab6d-9d0586f40caf,1,High,33.80083883458955
5ecc8159-9db9-5f02-ab6d-9d0586f40caf,2,Medium,35.406399
5f21abad-e8a7-5390-8c54-664bcbe8c078,0,High,32.103541
5f21abad-e8a7-5390-8c54-664bcbe8c078,1,High,32.103541
5f21abad-e8a7-5390-8c54-664bcbe8c078,2,High,46.52849401343115
5f6bc0de-3f05-5189-b5d0-1ea18e4e9175,0,High,41.87134754098094
5f6bc0de-3f05-5189-b5d0-1ea18e4e9175,1,Medium,44.386225
5f6bc0de-3f05-5189-b5d0-1ea18e4e9175,2,Medium,44.386225
5fe3a987-a36a-529e-a260-389df65ce7d7,0,Medium,40.205441
5fe3a987-a36a-529e-a260-389df65ce7d7,1,Medium,40.205441
5fe3a987-a36a-529e-a260-389df65ce7d7,2,High,57.341830918702136
601e45bb-5c41-5b8c-a3be-ebceef7a904a,0,Medium,37.080804
601e45bb-5c41-5b8c-a3be-ebceef7a904a,1,High,27.201091
601e45bb-5c41-5b8c-a3be-ebceef7a904a,2,Medium,52.23266911032041
60b21c7f-6e2c-5538-9dbc-4cfcd985e703,0,Medium,40.261367
60b21c7f-6e2c-5538-9dbc-4cfcd985e703,1,High,30.784161
60b21c7f-6e2c-5538-9dbc-4cfcd985e703,2,High,30.784161
60b5f9a2-1c72-5658-a11c-82fb41d84efb,0,High,40.31362754044851
60b5f9a2-1c72-5658-a11c-82fb41d84efb,1,High,35.257556
60b5f9a2-1c72-5658-a11c-82fb41d84efb,2,High,35.257556
60c708fb-7463-52e9-96b5-b50c816fcb7e,0,High,29.642503990344828
60c708fb-7463-52e9-96b5-b50c816fcb7e,1,Low,36.23252
60c708fb-7463-52e9-96b5-b50c816fcb7e,2,High,21.564871
60f4fcd1-7ce9-5cfa-a3f0-10f5b0c6b9c2,0,Medium,44.383615
60f4fcd1-7ce9-5cfa-a3f0-10f5b0c6b9c2,1,High,35.339913
60f4fcd1-7ce9-5cfa-a3f0-10f5b0c6b9c2,2,High,35.339913
60f6c6a6-3f90-5c95-b133-fb89f511778b,0,Low,46.300912
60f6c6a6-3f90-5c95-b133-fb89f511778b,1,High,33.16151225866345
60f6c6a6-3f90-5c95-b133-fb89f511778b,2,Medium,36.029616
619109fa-03e4-5569-b261-fb3c7168a802,0,High,32.90889
619109fa-03e4-5569-b261-fb3c7168a802,1,High,32.90889
619109fa-03e4-5569-b261-fb3c7168a802,2,High,32.90889
61dc44e2-e46d-5e6b-95ac-e043762ab645,0,Medium,27.341617
61dc44e2-e46d-5e6b-95ac-e043762ab645,1,High,21.249509
61dc44e2-e46d-5e6b-95ac-e043762ab645,2,Medium,27.341617
620d9268-5068-56e4-a5d7-ff1182c62f4e,0,Medium,40.357876
620d9268-5068-56e4-a5d7-ff1182c62f4e,1,High,30.906483
620d9268-5068-56e4-a5d7-ff1182c62f4e,2,High,30.906483
6288f687-272a-5bcd-96e5-7949c796f2de,0,High,21.822183
6288f687-272a-5bcd-96e5-7949c796f2de,1,High,30.12737543374255
6288f687-272a-5bcd-96e5-7949c796f2de,2,High,21.822183
63047105-0340-5762-845b-da1a3ade3c5e,0,Medium,38.826384
63047105-0340-5762-845b-da1a3ade3c5e,1,High,35.076845
63047105-0340-5762-845b-da1a3ade3c5e,2,High,35.076845
631c1806-67e4-55a9-afef-711bfc187b87,0,Medium,27.598055
631c1806-67e4-55a9-afef-711bfc187b87,1,High,20.722205
631c1806-67e4-55a9-afef-711bfc187b87,2,High,20.722205
6481aaa7-95d7-5dac-8434-ec29926f1b47,0,High,29.758373940514232
6481aaa7-95d7-5dac-8434-ec29926f1b47,1,High,23.920872
6481aaa7-95d7-5dac-8434-ec29926f1b47,2,High,23.920872
64c8f28c-fa7c-5428-8efe-24dc9698967a,0,High,29.074413399384696
64c8f28c-fa7c-5428-8efe-24dc9698967a,1,Medium,29.270868
64c8f28c-fa7c-5428-8efe-24dc9698967a,2,Low,37.60851
657640f5-99d0-5f4d-afc4-025951956292,0,High,24.258925
657640f5-99d0-5f4d-afc4-025951956292,1,High,24.258925
657640f5-99d0-5f4d-afc4-025951956292,2,Medium,33.150607
66720c96-2862-5e79-8724-34e3b6043b33,0,High,20.673599
66720c96-2862-5e79-8724-34e3b6043b33,1,Medium,26.269792
66720c96-2862-5e79-8724-34e3b6043b33,2,High,52.498486390108624
66cdd846-d032-5ee7-a8be-c925a5a1231f,0,Medium,44.176563
66cdd846-d032-5ee7-a8be-c925a5a1231f,1,High,49.22494428412631
66cdd846-d032-5ee7-a8be-c925a5a1231f,2,Medium,44.176563
674301c5-8409-5134-974c-68ed11ad47d9,0,High,35.026846
674301c5-8409-5134-974c-68ed11ad47d9,1,High,37.48763552950257
674301c5-8409-5134-974c-68ed11ad47d9,2,Low,56.876485
677266ff-99bd-5c4b-8b49-03ad2562fffe,0,High,35.688166
677266ff-99bd-5c4b-8b49-03ad2562fffe,1,High,35.688166
677266ff-99bd-5c4b-8b49-03ad2562fffe,2,Medium,55.46022712173519
67a912ca-3622-597c-9bd8-2bb369faec63,0,Medium,40.299723
67a912ca-3622-597c-9bd8-2bb369faec63,1,High,50.6059111015809
67a912ca-3622-597c-9bd8-2bb369faec63,2,High,31.27036
683bb639-b383-5d87-9873-1dee61306dec,0,High,37.850081
683bb639-b383-5d87-9873-1dee61306dec,1,High,37.850081
683bb639-b383-5d87-9873-1dee61306dec,2,High,37.850081
683df9da-9d3e-59f4-9a2c-4bc82fda6708,0,High,26.305146
683df9da-9d3e-59f4-9a2c-4bc82fda6708,1,High,26.305146
683df9da-9d3e-59f4-9a2c-4bc82fda6708,2,High,26.305146
68494fb0-9e88-5576-af76-a17a16452965,0,Medium,37.879933
68494fb0-9e88-5576-af76-a17a16452965,1,High,27.851644
68494fb0-9e88-5576-af76-a17a16452965,2,Medium,41.107318266691266
689465b2-1b0c-5319-8652-72985a272575,0,Medium,44.060048
689465b2-1b0c-5319-8652-72985a272575,1,Medium,57.18242698304368
689465b2-1b0c-5319-8652-72985a272575,2,Low,59.14543
68a1258c-983d-5e7f-b865-ad70be4d3746,0,Medium,42.621333
68a1258c-983d-5e7f-b865-ad70be4d3746,1,Medium,42.621333
68a1258c-983d-5e7f-b865-ad70be4d3746,2,Medium,42.621333
68f2d978-0084-5a4b-8625-09fca67b4a57,0,High,34.621219
68f2d978-0084-5a4b-8625-09fca67b4a57,1,High,34.621219
68f2d978-0084-5a4b-8625-09fca67b4a57,2,High,34.621219
69226660-7396-59ab-8cd0-5020b038f2f7,0,High,59.97510416223764
69226660-7396-59ab-8cd0-5020b038f2f7,1,High,34.640627
69226660-7396-59ab-8cd0-5020b038f2f7,2,High,34.640627
69255752-01f2-5929-980b-b973df07ec40,0,Medium,36.964241
69255752-01f2-5929-980b-b973df07ec40,1,High,27.557061
69255752-01f2-5929-980b-b973df07ec40,2,Medium,36.964241
6941b8d3-e95e-522a-97bc-db1b0fc3c553,0,High,22.200205
6941b8d3-e95e-522a-97bc-db1b0fc3c553,1,High,22.200205
6941b8d3-e95e-522a-97bc-db1b0fc3c553,2,Low,37.558685
69b503d4-bddf-5825-80d2-b5947af68399,0,High,21.62701
69b503d4-bddf-5825-80d2-b5947af68399,1,Medium,27.868304
69b503d4-bddf-5825-80d2-b5947af68399,2,High,21.62701
69fbceb4-cd5e-5845-bad0-e13a158899cd,0,Medium,33.691781
69fbceb4-cd5e-5845-bad0-e13a158899cd,1,High,33.91235753081777
69fbceb4-cd5e-5845-bad0-e13a158899cd,2,Low,43.69846502334916
6a633e34-5842-59fb-b213-cb6b0d47df26,0,High,20.890752
6a633e34-5842-59fb-b213-cb6b0d47df26,1,High,31.985374715861376
6a633e34-5842-59fb-b213-cb6b0d47df26,2,High,25.90701980720627
6ab70133-03a2-51bc-9e44-b26b06288ffc,0,High,25.175732
6ab70133-03a2-51bc-9e44-b26b06288ffc,1,High,27.377370317014492
6ab70133-03a2-51bc-9e44-b26b06288ffc,2,High,25.175732
6aceddcb-d675-5605-9954-99745367e611,0,High,35.794993860132934
6aceddcb-d675-5605-9954-99745367e611,1,Low,51.891927
6aceddcb-d675-5605-9954-99745367e611,2,Medium,39.812574
6ae68cff-24ce-54f4-aebe-c2b1e34af9a9,0,High,34.022158
6ae68cff-24ce-54f4-aebe-c2b1e34af9a9,1,High,34.022158
6ae68cff-24ce-54f4-aebe-c2b1e34af9a9,2,High,34.022158
6af0b569-6c94-5aed-b3cb-2cc12b2a7e55,0,High,47.09980529285537
6af0b569-6c94-5aed-b3cb-2cc12b2a7e55,1,High,30.898181
6af0b569-6c94-5aed-b3cb-2cc12b2a7e55,2,High,37.25691240934569
6b4cafd7-39dd-5461-b14b-a063ccb40f22,0,Medium,40.306522
6b4cafd7-39dd-5461-b14b-a063ccb40f22,1,High,32.22529
6b4cafd7-39dd-5461-b14b-a063ccb40f22,2,High,32.22529
6b77f955-763e-543c-bdbb-ef19c5c88f8f,0,High,21.980356
6b77f955-763e-543c-bdbb-ef19c5c88f8f,1,Medium,33.74689372705524
6b77f955-763e-543c-bdbb-ef19c5c88f8f,2,High,21.980356
6b80f56f-40da-5f35-bdcf-37280fefba87,0,High,34.411944
6b80f56f-40da-5f35-bdcf-37280fefba87,1,High,34.411944
6b80f56f-40da-5f35-bdcf-37280fefba87,2,High,37.61248534049557
6b993cba-0acc-52b7-9be5-688a72ec1f7f,0,High,35.637311
6b993cba-0acc-52b7-9be5-688a72ec1f7f,1,High,35.637311
6b993cba-0acc-52b7-9be5-688a72ec1f7f,2,High,35.637311
6cb27940-cab3-59ca-aa3b-a2b74503dc24,0,High,21.816139
6cb27940-cab3-59ca-aa3b-a2b74503dc24,1,High,21.816139
6cb27940-cab3-59ca-aa3b-a2b74503dc24,2,Low,38.66600681274977
6d1dec28-aa4a-5b38-bd40-8eac146c9493,0,High,20.538449
6d1dec28-aa4a-5b38-bd40-8eac146c9493,1,High,20.538449
6d1dec28-aa4a-5b38-bd40-8eac146c9493,2,Medium,27.356882
6d40c5db-4e5e-5c87-9626-a381b6f54e7c,0,High,34.060246
6d40c5db-4e5e-5c87-9626-a381b6f54e7c,1,High,42.386956072958924
6d40c5db-4e5e-5c87-9626-a381b6f54e7c,2,High,53.88452747630335
6d629a4c-fd39-5eac-a4e5-4fbfb5e7d899,0,Medium,71.24557354523469
6d629a4c-fd39-5eac-a4e5-4fbfb5e7d899,1,High,33.005789
6d629a4c-fd39-5eac-a4e5-4fbfb5e7d899,2,High,39.60774058387962
6d77ce42-ee3d-52e7-a730-0c5a13f9d36c,0,High,28.918618
6d77ce42-ee3d-52e7-a730-0c5a13f9d36c,1,High,43.73919967428994
6d77ce42-ee3d-52e7-a730-0c5a13f9d36c,2,High,28.918618
6daa6f16-2a66-547a-a6f4-dd9139c65937,0,High,28.732637
6daa6f16-2a66-547a-a6f4-dd9139c65937,1,High,28.732637
6daa6f16-2a66-547a-a6f4-dd9139c65937,2,High,34.02052472861807
6ddc0cde-0784-59f7-aec5-19ced2c9e071,0,High,33.201299
6ddc0cde-0784-59f7-aec5-19ced2c9e071,1,High,33.201299
6ddc0cde-0784-59f7-aec5-19ced2c9e071,2,Low,56.865132
6f27fce9-3d10-5e13-91f3-f1100f73e5c1,0,High,20.45339
6f27fce9-3d10-5e13-91f3-f1100f73e5c1,1,Low,32.654976
6f27fce9-3d10-5e13-91f3-f1100f73e5c1,2,Medium,37.13225009945879
6f36a8e1-2b1c-5d10-94a5-ee642d681fe6,0,High,28.497675
6f36a8e1-2b1c-5d10-94a5-ee642d681fe6,1,Medium,36.51733
6f36a8e1-2b1c-5d10-94a5-ee642d681fe6,2,High,28.497675
6f7bbe79-2418-5930-ad1d-e75c580ce46e,0,Medium,32.144064
6f7bbe79-2418-5930-ad1d-e75c580ce46e,1,Medium,48.928358686595985
6f7bbe79-2418-5930-ad1d-e75c580ce46e,2,High,26.522523
6fd04887-a1bf-547d-b43c-81df396c7bfc,0,Medium,28.268519
6fd04887-a1bf-547d-b43c-81df396c7bfc,1,High,21.915021
6fd04887-a1bf-547d-b43c-81df396c7bfc,2,High,21.915021
6fd53182-dcf7-5ffb-b45e-e9e9e65d5328,0,High,30.958627
6fd53182-dcf7-5ffb-b45e-e9e9e65d5328,1,High,30.958627
6fd53182-dcf7-5ffb-b45e-e9e9e65d5328,2,High,30.958627
6fd9dc91-1fd5-5e8e-b0ae-2c39363a657e,0,Medium,32.939153
6fd9dc91-1fd5-5e8e-b0ae-2c39363a657e,1,High,25.350251
6fd9dc91-1fd5-5e8e-b0ae-2c39363a657e,2,High,25.350251
7038f227-74de-5ad0-b559-1c834728ea5b,0,High,23.861223
7038f227-74de-5ad0-b559-1c834728ea5b,1,High,23.861223
7038f227-74de-5ad0-b559-1c834728ea5b,2,High,23.861223
705b0bd9-1f66-501b-81a5-e14f5aa389d0,0,High,34.26907440836812
705b0bd9-1f66-501b-81a5-e14f5aa389d0,1,Medium,36.32926
705b0bd9-1f66-501b-81a5-e14f5aa389d0,2,High,28.146163
7100cb75-ad10-5b3a-99f7-53ee368eb8b4,0,High,21.048362
7100cb75-ad10-5b3a-99f7-53ee368eb8b4,1,High,25.063759351274786
7100cb75-ad10-5b3a-99f7-53ee368eb8b4,2,Low,32.567932
7130681e-b799-51ea-a94a-1f42b0146e41,0,Medium,46.096454
7130681e-b799-51ea-a94a-1f42b0146e41,1,High,34.225163
7130681e-b799-51ea-a94a-1f42b0146e41,2,High,34.225163
719e71e2-3fa4-5e27-a987-f131148b8eb9,0,High,33.648757
719e71e2-3fa4-5e27-a987-f131148b8eb9,1,High,33.648757
719e71e2-3fa4-5e27-a987-f131148b8eb9,2,Medium,39.1819
71d2a63d-3b9d-53ae-ad85-31c6a9a7a391,0,High,27.374236
71d2a63d-3b9d-53ae-ad85-31c6a9a7a391,1,High,27.374236
71d2a63d-3b9d-53ae-ad85-31c6a9a7a391,2,High,27.374236
71df24e8-b7a4-5eec-aef5-54d8273946b4,0,Medium,43.792968
71df24e8-b7a4-5eec-aef5-54d8273946b4,1,Medium,43.792968
71df24e8-b7a4-5eec-aef5-54d8273946b4,2,High,33.935134
7256d5e6-02a0-5bf8-973e-fa1b4029359e,0,Medium,33.500116
7256d5e6-02a0-5bf8-973e-fa1b4029359e,1,Medium,33.500116
7256d5e6-02a0-5bf8-973e-fa1b4029359e,2,High,25.122452
72f8e765-4c3b-5a57-aaa4-4d1d1b86d5b2,0,High,25.003435
72f8e765-4c3b-5a57-aaa4-4d1d1b86d5b2,1,High,25.003435
72f8e765-4c3b-5a57-aaa4-4d1d1b86d5b2,2,High,25.003435
73271237-c3b4-5004-81a6-22e6f0b50d6c,0,High,34.533289
73271237-c3b4-5004-81a6-22e6f0b50d6c,1,Medium,50.600534735451966
73271237-c3b4-5004-81a6-22e6f0b50d6c,2,High,34.533289
7343a7ce-f112-5db8-adbf-1e931f58d9b4,0,High,44.94333632162737
7343a7ce-f112-5db8-adbf-1e931f58d9b4,1,Medium,31.847545
7343a7ce-f112-5db8-adbf-1e931f58d9b4,2,High,25.860488
73921950-ac42-59c7-a327-5da1182275c1,0,Medium,41.466148
73921950-ac42-59c7-a327-5da1182275c1,1,High,32.818899
73921950-ac42-59c7-a327-5da1182275c1,2,High,32.818899
73f48629-0301-51f3-8375-85d1dfb12f0a,0,High,31.994536
73f48629-0301-51f3-8375-85d1dfb12f0a,1,High,38.25076976808931
73f48629-0301-51f3-8375-85d1dfb12f0a,2,High,31.994536
73f4bb7b-ab56-5c72-8a5a-4c6da6a3e372,0,High,30.62805
73f4bb7b-ab56-5c72-8a5a-4c6da6a3e372,1,Medium,40.659679
73f4bb7b-ab56-5c72-8a5a-4c6da6a3e372,2,High,30.62805
7411d029-0801-58fc-a08c-87f86b585815,0,High,21.109655
7411d029-0801-58fc-a08c-87f86b585815,1,High,21.109655
7411d029-0801-58fc-a08c-87f86b585815,2,High,21.109655
743829b9-3a0f-5607-b42b-5e604862cfbc,0,High,27.845909
743829b9-3a0f-5607-b42b-5e604862cfbc,1,High,27.845909
743829b9-3a0f-5607-b42b-5e604862cfbc,2,Medium,36.451351
7469ad2a-c63f-530a-88ec-23e11bcf4556,0,Medium,46.346395
7469ad2a-c63f-530a-88ec-23e11bcf4556,1,Medium,46.346395
7469ad2a-c63f-530a-88ec-23e11bcf4556,2,High,37.970103
75737d86-c843-5f30-9599-59bf503ce377,0,Low,43.272134
75737d86-c843-5f30-9599-59bf503ce377,1,Medium,37.854503
75737d86-c843-5f30-9599-59bf503ce377,2,Medium,37.854503
75a84d1d-8c52-56f4-b56d-a6377e16035d,0,High,36.516512
75a84d1d-8c52-56f4-b56d-a6377e16035d,1,High,36.516512
75a84d1d-8c52-56f4-b56d-a6377e16035d,2,High,36.516512
75e1d75b-c0c8-5c75-952c-4909fe007730,0,High,30.797365
75e1d75b-c0c8-5c75-952c-4909fe007730,1,High,30.797365
75e1d75b-c0c8-5c75-952c-4909fe007730,2,High,30.797365
76a437f9-4ee2-5a3f-8de3-d4ec021f174c,0,Medium,32.911818
76a437f9-4ee2-5a3f-8de3-d4ec021f174c,1,High,58.61739289558029
76a437f9-4ee2-5a3f-8de3-d4ec021f174c,2,High,24.169559
77441821-25ab-5f4e-b499-11bc6a0209da,0,High,32.858754
77441821-25ab-5f4e-b499-11bc6a0209da,1,High,32.858754
77441821-25ab-5f4e-b499-11bc6a0209da,2,High,32.858754
78f9e6cf-ce66-5d28-b12a-8d7adbcbf43d,0,High,34.544132
78f9e6cf-ce66-5d28-b12a-8d7adbcbf43d,1,Medium,45.984303
78f9e6cf-ce66-5d28-b12a-8d7adbcbf43d,2,High,53.89908022236409
79cb008e-6631-5857-b372-c531d1843b11,0,Low,37.052514
79cb008e-6631-5857-b372-c531d1843b11,1,Medium,27.999511
79cb008e-6631-5857-b372-c531d1843b11,2,Low,37.052514
7a08800c-3c7c-584d-b694-3987195a7242,0,High,21.277295
7a08800c-3c7c-584d-b694-3987195a7242,1,High,21.277295
7a08800c-3c7c-584d-b694-3987195a7242,2,High,21.277295
7a21bf49-5033-5f13-8ed7-db901b048058,0,Medium,48.632508
7a21bf49-5033-5f13-8ed7-db901b048058,1,Medium,83.43861958476685
7a21bf49-5033-5f13-8ed7-db901b048058,2,Medium,48.632508
7aefde7b-09fd-5fe0-8e11-cc80dc966248,0,High,23.817774
7aefde7b-09fd-5fe0-8e11-cc80dc966248,1,High,23.817774
7aefde7b-09fd-5fe0-8e11-cc80dc966248,2,High,23.817774
7b5d4486-88aa-5d87-aa95-f5448181cd39,0,High,22.54901
7b5d4486-88aa-5d87-aa95-f5448181cd39,1,High,22.54901
7b5d4486-88aa-5d87-aa95-f5448181cd39,2,High,22.54901
7c0a0d00-fbae-5b99-a78d-b2bc37775dde,0,High,85.45006927862406
7c0a0d00-fbae-5b99-a78d-b2bc37775dde,1,High,31.215957
7c0a0d00-fbae-5b99-a78d-b2bc37775dde,2,High,31.215957
7ce4384f-20f6-57a9-b354-f8b408c29ffc,0,Low,56.141699
7ce4384f-20f6-57a9-b354-f8b408c29ffc,1,High,36.13495
7ce4384f-20f6-57a9-b354-f8b408c29ffc,2,High,47.51594825372302
7ced6272-7cf5-5c0c-913a-684cad85367e,0,Medium,48.167756432868615
7ced6272-7cf5-5c0c-913a-684cad85367e,1,Medium,54.61046329259535
7ced6272-7cf5-5c0c-913a-684cad85367e,2,High,34.091002
7d0790c3-9c22-58d5-8fce-fe8cc41dcc5c,0,Medium,31.16892
7d0790c3-9c22-58d5-8fce-fe8cc41dcc5c,1,Medium,31.16892
7d0790c3-9c22-58d5-8fce-fe8cc41dcc5c,2,Medium,41.758780142293006
7d5aa29c-2e7d-52dc-9566-af5f9e77c2e8,0,High,32.784723
7d5aa29c-2e7d-52dc-9566-af5f9e77c2e8,1,High,38.279002693592126
7d5aa29c-2e7d-52dc-9566-af5f9e77c2e8,2,High,37.67390892812625
7dd50fbe-328e-5a97-bcd0-9e08abe13a16,0,High,24.035642
7dd50fbe-328e-5a97-bcd0-9e08abe13a16,1,Medium,31.617936
7dd50fbe-328e-5a97-bcd0-9e08abe13a16,2,High,27.647281286130912
7e588935-d1b3-590c-96c3-6a2749e6d8b1,0,Low,32.882751
7e588935-d1b3-590c-96c3-6a2749e6d8b1,1,High,20.607561
7e588935-d1b3-590c-96c3-6a2749e6d8b1,2,High,20.607561
7e7a209f-b2dd-58a7-8df0-ff03e223de42,0,Medium,40.915948
7e7a209f-b2dd-58a7-8df0-ff03e223de42,1,High,34.256959
7e7a209f-b2dd-58a7-8df0-ff03e223de42,2,High,36.53409150951206
7e870eb2-dde9-5ba9-9533-178a4a3aff50,0,High,43.26041168543229
7e870eb2-dde9-5ba9-9533-178a4a3aff50,1,High,34.974874
7e870eb2-dde9-5ba9-9533-178a4a3aff50,2,High,34.974874
7eb964d8-e0d7-58b0-a92a-4f9f86c93fef,0,High,20.561874
7eb964d8-e0d7-58b0-a92a-4f9f86c93fef,1,Medium,27.366947
7eb964d8-e0d7-58b0-a92a-4f9f86c93fef,2,High,20.561874
7ef86083-8792-51f1-8994-045b3a8d200c,0,High,31.072607
7ef86083-8792-51f1-8994-045b3a8d200c,1,Medium,41.691254
7ef86083-8792-51f1-8994-045b3a8d200c,2,Medium,41.691254
7f09813e-5503-5372-b7f6-6cd052c134c2,0,Medium,38.297467
7f09813e-5503-5372-b7f6-6cd052c134c2,1,High,27.744663
7f09813e-5503-5372-b7f6-6cd052c134c2,2,High,27.744663
7f113616-76c1-5702-950b-4b2d17a8e09e,0,Low,35.03881
7f113616-76c1-5702-950b-4b2d17a8e09e,1,Medium,27.772035
7f113616-76c1-5702-950b-4b2d17a8e09e,2,High,20.563887
7fbc8248-50ee-594a-8bf6-e09f2c882422,0,High,33.395077
7fbc8248-50ee-594a-8bf6-e09f2c882422,1,High,33.395077
7fbc8248-50ee-594a-8bf6-e09f2c882422,2,High,35.01172911486068
7fca8acd-b172-5432-8cc7-44c591b27c3e,0,Medium,32.15691
7fca8acd-b172-5432-8cc7-44c591b27c3e,1,Low,49.324608884066485
7fca8acd-b172-5432-8cc7-44c591b27c3e,2,High,25.803408
807d6627-34fa-53b9-953d-a55efc3e672a,0,Medium,30.065844
807d6627-34fa-53b9-953d-a55efc3e672a,1,High,25.244489
807d6627-34fa-53b9-953d-a55efc3e672a,2,High,33.229841716678976
80893ac3-16b4-5f60-89f3-c4288f3bed11,0,High,34.602912
80893ac3-16b4-5f60-89f3-c4288f3bed11,1,High,38.27223510177329
80893ac3-16b4-5f60-89f3-c4288f3bed11,2,Medium,64.84979186261303
808e7265-2594-54dc-915c-45d07d357596,0,High,34.37459645992905
808e7265-2594-54dc-915c-45d07d357596,1,High,27.573531
808e7265-2594-54dc-915c-45d07d357596,2,High,27.573531
80aa0ebc-f043-59e9-9d90-a694802e4d7c,0,Medium,46.589075
80aa0ebc-f043-59e9-9d90-a694802e4d7c,1,High,34.867928
80aa0ebc-f043-59e9-9d90-a694802e4d7c,2,High,34.867928
819df10f-978a-5635-8121-5e8d3bbc0eef,0,High,27.173775
819df10f-978a-5635-8121-5e8d3bbc0eef,1,High,31.342686485512907
819df10f-978a-5635-8121-5e8d3bbc0eef,2,High,30.71754157256836
81c33694-313a-571e-afdd-a42b7e3922b2,0,High,20.85068
81c33694-313a-571e-afdd-a42b7e3922b2,1,High,20.85068
81c33694-313a-571e-afdd-a42b7e3922b2,2,High,20.85068
81dff892-7a7f-5818-9e3b-9d45a424ebda,0,High,25.400762
81dff892-7a7f-5818-9e3b-9d45a424ebda,1,High,25.400762
81dff892-7a7f-5818-9e3b-9d45a424ebda,2,Low,40.109417
831b7063-e910-5751-be91-2619d14b88e8,0,High,25.780112
831b7063-e910-5751-be91-2619d14b88e8,1,High,25.780112
831b7063-e910-5751-be91-2619d14b88e8,2,Medium,31.762992
83ff4915-1ee7-55b4-9295-1e3f5f51aec2,0,Medium,31.21667
83ff4915-1ee7-55b4-9295-1e3f5f51aec2,1,Medium,31.21667
83ff4915-1ee7-55b4-9295-1e3f5f51aec2,2,High,24.423709
8406192d-7c6b-5fbe-a824-eea1d2853761,0,High,25.605051
8406192d-7c6b-5fbe-a824-eea1d2853761,1,High,25.605051
8406192d-7c6b-5fbe-a824-eea1d2853761,2,High,25.605051
849b5edf-3a75-54bb-ac29-5f705290377d,0,High,34.37914
849b5edf-3a75-54bb-ac29-5f705290377d,1,Medium,42.832822
849b5edf-3a75-54bb-ac29-5f705290377d,2,High,34.37914
851e2411-3c77-50e3-96d1-f67811f66824,0,High,21.102868
851e2411-3c77-50e3-96d1-f67811f66824,1,High,21.102868
851e2411-3c77-50e3-96d1-f67811f66824,2,Medium,27.600812
85571f4c-f855-5abd-9844-759e6e74bb65,0,Medium,36.912839
85571f4c-f855-5abd-9844-759e6e74bb65,1,High,28.581448
85571f4c-f855-5abd-9844-759e6e74bb65,2,Medium,36.912839
857f69c9-7e9b-522b-aecb-262a4fea3e57,0,Low,36.601942
857f69c9-7e9b-522b-aecb-262a4fea3e57,1,High,29.392759493661558
857f69c9-7e9b-522b-aecb-262a4fea3e57,2,High,29.085103075524874
85d2935c-a6c5-5357-bcec-5e11ad658e82,0,High,36.860284
85d2935c-a6c5-5357-bcec-5e11ad658e82,1,High,36.860284
85d2935c-a6c5-5357-bcec-5e11ad658e82,2,High,36.860284
85e5f56d-c455-54f5-9d31-3b14fe4da9b5,0,High,30.839667
85e5f56d-c455-54f5-9d31-3b14fe4da9b5,1,Low,52.656836
85e5f56d-c455-54f5-9d31-3b14fe4da9b5,2,High,30.839667
85ed433b-de68-58fe-b6d0-867a265ced6b,0,High,30.914647
85ed433b-de68-58fe-b6d0-867a265ced6b,1,Medium,41.840151
85ed433b-de68-58fe-b6d0-867a265ced6b,2,Medium,41.840151
85fa5f36-4722-51ec-9989-a99b3438c289,0,High,36.825193
85fa5f36-4722-51ec-9989-a99b3438c289,1,High,36.825193
85fa5f36-4722-51ec-9989-a99b3438c289,2,Medium,43.170418
867a92c7-c270-55bd-a604-7dad2089dd8d,0,High,52.58366342121418
867a92c7-c270-55bd-a604-7dad2089dd8d,1,High,20.802921
867a92c7-c270-55bd-a604-7dad2089dd8d,2,Low,34.22845
874a9d07-73b8-56f3-a325-35dc2f6fd992,0,High,20.633338
874a9d07-73b8-56f3-a325-35dc2f6fd992,1,Medium,42.6702824374175
874a9d07-73b8-56f3-a325-35dc2f6fd992,2,Medium,28.585174
88306d08-04f2-54f4-89d3-c64b6b2958e5,0,High,23.918677
88306d08-04f2-54f4-89d3-c64b6b2958e5,1,High,23.918677
88306d08-04f2-54f4-89d3-c64b6b2958e5,2,High,23.918677
8851bb03-eec8-5001-9273-ed61ed002352,0,High,24.996299
8851bb03-eec8-5001-9273-ed61ed002352,1,High,24.996299
8851bb03-eec8-5001-9273-ed61ed002352,2,High,24.996299
88952438-1173-51a9-9b76-d3e1f775b007,0,High,35.676369
88952438-1173-51a9-9b76-d3e1f775b007,1,High,35.676369
88952438-1173-51a9-9b76-d3e1f775b007,2,High,35.676369
88a4e892-e86c-5ff3-8d1d-5fc3884bb8cd,0,High,33.097787
88a4e892-e86c-5ff3-8d1d-5fc3884bb8cd,1,High,44.53502134002643
88a4e892-e86c-5ff3-8d1d-5fc3884bb8cd,2,High,33.097787
893cb5b5-8d2c-5f58-bce8-c0834e7b6ac2,0,Low,39.480511
893cb5b5-8d2c-5f58-bce8-c0834e7b6ac2,1,High,24.022205
893cb5b5-8d2c-5f58-bce8-c0834e7b6ac2,2,High,24.022205
89586149-3663-5a53-931e-ece960805445,0,High,32.797031
89586149-3663-5a53-931e-ece960805445,1,High,32.797031
89586149-3663-5a53-931e-ece960805445,2,Low,54.051018
89d99087-9dec-5b07-b1d8-89468d66d679,0,Medium,46.466735
89d99087-9dec-5b07-b1d8-89468d66d679,1,High,37.858235
89d99087-9dec-5b07-b1d8-89468d66d679,2,Medium,46.466735
89dfa62d-d9c8-5a51-b401-d4f9136c9dad,0,High,22.606918
89dfa62d-d9c8-5a51-b401-d4f9136c9dad,1,High,22.606918
89dfa62d-d9c8-5a51-b401-d4f9136c9dad,2,Low,36.519003
8a5c2c53-a497-5446-85c7-cc2a3bb6edce,0,High,48.053040698199794
8a5c2c53-a497-5446-85c7-cc2a3bb6edce,1,High,34.247744
8a5c2c53-a497-5446-85c7-cc2a3bb6edce,2,Low,56.656958
8b205bd2-fb07-5ee7-8aa7-63179e4b45ea,0,High,29.314634
8b205bd2-fb07-5ee7-8aa7-63179e4b45ea,1,High,29.314634
8b205bd2-fb07-5ee7-8aa7-63179e4b45ea,2,High,29.314634
8b58774c-d397-5e6b-9b1e-3e8a41d74fb8,0,High,21.316925
8b58774c-d397-5e6b-9b1e-3e8a41d74fb8,1,High,21.316925
8b58774c-d397-5e6b-9b1e-3e8a41d74fb8,2,High,21.316925
8c69583c-6393-5b94-8b61-28c049e525e7,0,Medium,28.005372
8c69583c-6393-5b94-8b61-28c049e525e7,1,High,20.590955
8c69583c-6393-5b94-8b61-28c049e525e7,2,High,20.590955
8c8e4412-1f89-5c66-9733-6ec2e1bdac4a,0,High,24.880598
8c8e4412-1f89-5c66-9733-6ec2e1bdac4a,1,Medium,30.136373
8c8e4412-1f89-5c66-9733-6ec2e1bdac4a,2,High,24.880598
8caf59a6-2123-5793-8a99-6a869fa88adb,0,High,29.05158011328349
8caf59a6-2123-5793-8a99-6a869fa88adb,1,High,21.143527
8caf59a6-2123-5793-8a99-6a869fa88adb,2,Medium,28.125506
8d909b4f-7dfe-54ea-bfd7-0dcfa152de20,0,High,27.531167
8d909b4f-7dfe-54ea-bfd7-0dcfa152de20,1,High,27.531167
8d909b4f-7dfe-54ea-bfd7-0dcfa152de20,2,High,27.531167
8e0a498f-4f2b-5a94-bb2e-a92d031e37e9,0,High,27.466215519645505
8e0a498f-4f2b-5a94-bb2e-a92d031e37e9,1,High,29.158204545543732
8e0a498f-4f2b-5a94-bb2e-a92d031e37e9,2,High,20.820477
8e361a09-2657-57d1-ae2b-bd310b9bc17a,0,High,27.573221
8e361a09-2657-57d1-ae2b-bd310b9bc17a,1,High,28.78818774160746
8e361a09-2657-57d1-ae2b-bd310b9bc17a,2,High,27.573221
8f49f6d7-184a-5101-a185-c5561a2d4d86,0,Medium,34.415387
8f49f6d7-184a-5101-a185-c5561a2d4d86,1,High,35.20112375458838
8f49f6d7-184a-5101-a185-c5561a2d4d86,2,High,29.981487
8f88d670-1ccc-51ea-8811-46425039d711,0,High,31.464955
8f88d670-1ccc-51ea-8811-46425039d711,1,High,33.149664024665555
8f88d670-1ccc-51ea-8811-46425039d711,2,Low,51.26123
90f688f3-b2eb-5fe8-81f2-4766ecca585a,0,Medium,31.448898
90f688f3-b2eb-5fe8-81f2-4766ecca585a,1,High,24.056203
90f688f3-b2eb-5fe8-81f2-4766ecca585a,2,Low,63.71336883960032
91728ed0-836a-50f3-a85c-d4c184b6f50d,0,High,27.780329
91728ed0-836a-50f3-a85c-d4c184b6f50d,1,High,27.780329
91728ed0-836a-50f3-a85c-d4c184b6f50d,2,Medium,42.626871533298
91a0fba3-5737-52a4-a0f3-38b230f084f1,0,High,28.361979
91a0fba3-5737-52a4-a0f3-38b230f084f1,1,High,28.361979
91a0fba3-5737-52a4-a0f3-38b230f084f1,2,High,28.361979
92a5a593-df9b-5057-a246-c80b23e8e349,0,High,26.564732984385536
92a5a593-df9b-5057-a246-c80b23e8e349,1,High,21.072132
92a5a593-df9b-5057-a246-c80b23e8e349,2,Low,60.2114046930983
92f6d485-0ba0-58e3-b3d7-ddf1e60ce849,0,High,35.58344780247265
92f6d485-0ba0-58e3-b3d7-ddf1e60ce849,1,High,34.148773
92f6d485-0ba0-58e3-b3d7-ddf1e60ce849,2,Medium,46.023646
9303d632-4d64-5b4e-a423-8a4de696f38e,0,Medium,71.42996925509047
9303d632-4d64-5b4e-a423-8a4de696f38e,1,High,24.993558
9303d632-4d64-5b4e-a423-8a4de696f38e,2,High,24.993558
930e2f50-cd9e-55e8-a544-4ff4da83b0c3,0,High,20.821151
930e2f50-cd9e-55e8-a544-4ff4da83b0c3,1,High,20.821151
930e2f50-cd9e-55e8-a544-4ff4da83b0c3,2,High,20.821151
93498620-c1d1-5b70-bea2-8e72b07aa1a8,0,Low,32.29168
93498620-c1d1-5b70-bea2-8e72b07aa1a8,1,High,21.880304
93498620-c1d1-5b70-bea2-8e72b07aa1a8,2,High,21.880304
936d0d2b-408f-5586-8f6d-16aa87452b75,0,Medium,39.54636807119314
936d0d2b-408f-5586-8f6d-16aa87452b75,1,Low,46.138481
936d0d2b-408f-5586-8f6d-16aa87452b75,2,Medium,35.202268
93781cd4-9f05-5c6b-95a1-8753282bb816,0,Low,35.84367
93781cd4-9f05-5c6b-95a1-8753282bb816,1,Medium,27.720048
93781cd4-9f05-5c6b-95a1-8753282bb816,2,High,20.518184
93cac94e-b732-558b-8601-20de990057e6,0,Medium,70.62416948014932
93cac94e-b732-558b-8601-20de990057e6,1,High,36.160512
93cac94e-b732-558b-8601-20de990057e6,2,High,59.29154766963709
94285ec9-f102-559d-b55d-381c87b954ee,0,High,34.423992
94285ec9-f102-559d-b55d-381c87b954ee,1,High,34.423992
94285ec9-f102-559d-b55d-381c87b954ee,2,High,34.423992
942f23af-3b37-5c0b-8711-05554a82aaef,0,High,26.332443468236
942f23af-3b37-5c0b-8711-05554a82aaef,1,High,21.192114
942f23af-3b37-5c0b-8711-05554a82aaef,2,High,21.192114
943acf73-4ed5-5fa1-b0ae-574caf96b0f9,0,High,27.162584
943acf73-4ed5-5fa1-b0ae-574caf96b0f9,1,Medium,37.272485
943acf73-4ed5-5fa1-b0ae-574caf96b0f9,2,Medium,41.66712891859808
94df8a72-c548-580f-b8b0-72677d8da97c,0,Low,57.818789
94df8a72-c548-580f-b8b0-72677d8da97c,1,High,36.245874
94df8a72-c548-580f-b8b0-72677d8da97c,2,High,36.245874
94edacdc-ddab-584d-8c85-98a588508111,0,High,32.877469
94edacdc-ddab-584d-8c85-98a588508111,1,High,32.877469
94edacdc-ddab-584d-8c85-98a588508111,2,High,59.93472108731732
957130a1-78ed-51c5-b882-17640165e8fa,0,Medium,30.600397
957130a1-78ed-51c5-b882-17640165e8fa,1,High,24.185986
957130a1-78ed-51c5-b882-17640165e8fa,2,High,24.185986
95fc3f3b-8a75-5026-9c4a-a0dbabdb89db,0,High,47.809311187316965
95fc3f3b-8a75-5026-9c4a-a0dbabdb89db,1,Low,31.677077
95fc3f3b-8a75-5026-9c4a-a0dbabdb89db,2,Medium,29.675695
963c60ed-7a43-5f99-8fd6-b6ed50ab0783,0,High,31.66443
963c60ed-7a43-5f99-8fd6-b6ed50ab0783,1,Low,50.754646
963c60ed-7a43-5f99-8fd6-b6ed50ab0783,2,High,31.66443
9689c7c7-318b-5d54-9773-0803a2012cad,0,High,28.058967
9689c7c7-318b-5d54-9773-0803a2012cad,1,High,28.058967
9689c7c7-318b-5d54-9773-0803a2012cad,2,High,28.058967
96c5172e-5e26-54da-80a5-73b831281be6,0,High,38.96123093402479
96c5172e-5e26-54da-80a5-73b831281be6,1,High,30.759687
96c5172e-5e26-54da-80a5-73b831281be6,2,Medium,40.696075
96f3544a-a587-55e2-9e96-879383d8a2d7,0,High,30.738442
96f3544a-a587-55e2-9e96-879383d8a2d7,1,Low,51.008348
96f3544a-a587-55e2-9e96-879383d8a2d7,2,Medium,40.39723
97d1a53d-59e5-5aec-925a-4f4be13c660e,0,High,26.530867
97d1a53d-59e5-5aec-925a-4f4be13c660e,1,High,26.530867
97d1a53d-59e5-5aec-925a-4f4be13c660e,2,High,26.530867
986e8860-7011-57c8-b78e-df72d99e1aa3,0,Medium,31.196568
986e8860-7011-57c8-b78e-df72d99e1aa3,1,High,23.863745
986e8860-7011-57c8-b78e-df72d99e1aa3,2,High,23.863745
98ae62d6-743c-530b-bdb7-63abb831af83,0,High,20.519875
98ae62d6-743c-530b-bdb7-63abb831af83,1,High,20.519875
98ae62d6-743c-530b-bdb7-63abb831af83,2,Medium,27.929918
98b085c9-ccac-583a-b0e4-f3fc21d67d35,0,High,68.15178797843654
98b085c9-ccac-583a-b0e4-f3fc21d67d35,1,High,36.366101
98b085c9-ccac-583a-b0e4-f3fc21d67d35,2,Medium,46.338178
98bf119f-43d3-576d-90c0-67c904b000bb,0,High,36.594434
98bf119f-43d3-576d-90c0-67c904b000bb,1,Medium,44.030354
98bf119f-43d3-576d-90c0-67c904b000bb,2,High,36.594434
992571fc-b242-505e-8014-6eeccd6e0196,0,High,28.454087
992571fc-b242-505e-8014-6eeccd6e0196,1,Medium,37.289354
992571fc-b242-505e-8014-6eeccd6e0196,2,High,28.454087
99312557-e50c-5d9e-b8c3-35d7c5df2655,0,Medium,31.398824
99312557-e50c-5d9e-b8c3-35d7c5df2655,1,High,29.161681206375366
99312557-e50c-5d9e-b8c3-35d7c5df2655,2,High,24.430164
9953087b-5c35-531c-acf5-184a2a3edc98,0,High,51.477889197373074
9953087b-5c35-531c-acf5-184a2a3edc98,1,High,39.28549178382766
9953087b-5c35-531c-acf5-184a2a3edc98,2,High,23.956774
99a44ebe-dc46-55c4-b0ae-e0bdc9cdada1,0,High,26.503184
99a44ebe-dc46-55c4-b0ae-e0bdc9cdada1,1,High,26.503184
99a44ebe-dc46-55c4-b0ae-e0bdc9cdada1,2,Medium,31.999801
9a4e80b6-dded-5af7-8407-7ad7f9ade523,0,High,35.940486
9a4e80b6-dded-5af7-8407-7ad7f9ade523,1,Medium,45.571122
9a4e80b6-dded-5af7-8407-7ad7f9ade523,2,Medium,48.79704425605019
9a53bea1-f08c-5cc1-b479-ce63dff5b81a,0,High,20.886248
9a53bea1-f08c-5cc1-b479-ce63dff5b81a,1,Medium,25.45022
9a53bea1-f08c-5cc1-b479-ce63dff5b81a,2,High,20.886248
9a897146-68ff-57f5-808d-c32118a9fded,0,High,25.180854
9a897146-68ff-57f5-808d-c32118a9fded,1,Medium,29.048641
9a897146-68ff-57f5-808d-c32118a9fded,2,High,25.180854
9ab8b517-c0d6-5ae8-a2e4-6f9b3aa832ea,0,High,27.556564955400482
9ab8b517-c0d6-5ae8-a2e4-6f9b3aa832ea,1,Medium,31.476501
9ab8b517-c0d6-5ae8-a2e4-6f9b3aa832ea,2,High,25.10986
9af94d4a-e836-5454-94f2-56ad69ebd2f4,0,High,29.667571324061413
9af94d4a-e836-5454-94f2-56ad69ebd2f4,1,Medium,37.097387
9af94d4a-e836-5454-94f2-56ad69ebd2f4,2,Medium,61.17011276141277
9afd9b6b-4e8d-516f-8dc2-b6e0ccd98066,0,High,27.359081
9afd9b6b-4e8d-516f-8dc2-b6e0ccd98066,1,High,38.11027194157058
9afd9b6b-4e8d-516f-8dc2-b6e0ccd98066,2,High,27.359081
9c33b426-29d0-51bf-aedd-3fa924d4cc2c,0,Medium,38.322862
9c33b426-29d0-51bf-aedd-3fa924d4cc2c,1,High,27.257653
9c33b426-29d0-51bf-aedd-3fa924d4cc2c,2,Medium,38.322862
9c6b692f-47aa-5698-904a-cde86fc6919e,0,Low,46.770838
9c6b692f-47aa-5698-904a-cde86fc6919e,1,High,31.129244
9c6b692f-47aa-5698-904a-cde86fc6919e,2,Medium,35.406018
9d46934f-5130-5bf7-9bfa-e55d9e84e58b,0,Medium,38.386549
9d46934f-5130-5bf7-9bfa-e55d9e84e58b,1,Medium,38.386549
9d46934f-5130-5bf7-9bfa-e55d9e84e58b,2,Medium,38.386549
9d49596c-458f-5b31-82e0-8dd45c5e8dec,0,High,20.861623
9d49596c-458f-5b31-82e0-8dd45c5e8dec,1,Medium,27.598706
9d49596c-458f-5b31-82e0-8dd45c5e8dec,2,High,20.861623
9e10df8d-ae2f-55aa-a68b-5601d04eedf3,0,Medium,40.34742
9e10df8d-ae2f-55aa-a68b-5601d04eedf3,1,High,30.702471
9e10df8d-ae2f-55aa-a68b-5601d04eedf3,2,High,59.95665041675832
9e69c44d-e989-50b1-8769-3f5f308dd1a8,0,High,30.739872
9e69c44d-e989-50b1-8769-3f5f308dd1a8,1,Low,61.27095796791245
9e69c44d-e989-50b1-8769-3f5f308dd1a8,2,High,30.739872
a0b8c4d4-1c80-5815-a35e-2ee19c04c355,0,High,27.925957
a0b8c4d4-1c80-5815-a35e-2ee19c04c355,1,High,27.925957
a0b8c4d4-1c80-5815-a35e-2ee19c04c355,2,Low,45.952362
a0ce8ab0-322b-518e-a6c0-530311cf09ca,0,High,28.691412
a0ce8ab0-322b-518e-a6c0-530311cf09ca,1,Medium,35.743801
a0ce8ab0-322b-518e-a6c0-530311cf09ca,2,High,28.691412
a0e9eec9-5339-5869-8bd0-4a3b69db0200,0,High,34.631589
a0e9eec9-5339-5869-8bd0-4a3b69db0200,1,High,34.631589
a0e9eec9-5339-5869-8bd0-4a3b69db0200,2,High,34.631589
a12c1404-d4de-5a2b-8f14-e1c3a9b8fbdd,0,Medium,45.818917
a12c1404-d4de-5a2b-8f14-e1c3a9b8fbdd,1,Low,56.119848
a12c1404-d4de-5a2b-8f14-e1c3a9b8fbdd,2,High,35.044068
a248042b-225f-5d15-a467-084a761b6bdb,0,High,33.008034404093884
a248042b-225f-5d15-a467-084a761b6bdb,1,High,30.799003
a248042b-225f-5d15-a467-084a761b6bdb,2,High,30.799003
a26e9b89-e488-5c3a-a341-aee81bafa8d7,0,Medium,32.671061
a26e9b89-e488-5c3a-a341-aee81bafa8d7,1,Low,38.853798
a26e9b89-e488-5c3a-a341-aee81bafa8d7,2,High,71.07559118380831
a27d184d-5d28-5052-8dad-eb24df6a1c6b,0,High,22.365875
a27d184d-5d28-5052-8dad-eb24df6a1c6b,1,High,22.365875
a27d184d-5d28-5052-8dad-eb24df6a1c6b,2,Medium,26.791794
a2e41c81-bc64-5321-b13c-eea35966680b,0,High,29.293173
a2e41c81-bc64-5321-b13c-eea35966680b,1,High,29.293173
a2e41c81-bc64-5321-b13c-eea35966680b,2,High,36.39450535767104
a3087b99-5aca-5b3f-9315-211b2a543add,0,Medium,46.873388
a3087b99-5aca-5b3f-9315-211b2a543add,1,High,34.289757
a3087b99-5aca-5b3f-9315-211b2a543add,2,High,34.289757
a30d3012-04a6-5447-8cc3-56e90dc2d50d,0,High,32.029733
a30d3012-04a6-5447-8cc3-56e90dc2d50d,1,Medium,47.77237726599668
a30d3012-04a6-5447-8cc3-56e90dc2d50d,2,High,32.029733
a3d5d1e6-d3c1-5bd3-8769-fdeda06e4717,0,High,45.14589457953625
a3d5d1e6-d3c1-5bd3-8769-fdeda06e4717,1,High,35.014925
a3d5d1e6-d3c1-5bd3-8769-fdeda06e4717,2,Medium,45.232367
a401f657-d73b-500a-ab61-073cb118549c,0,High,36.98367234802358
a401f657-d73b-500a-ab61-073cb118549c,1,High,34.035782
a401f657-d73b-500a-ab61-073cb118549c,2,High,34.035782
a4a8fc5c-bcd8-5701-9b29-a99d0088e6b3,0,Medium,53.64387038111254
a4a8fc5c-bcd8-5701-9b29-a99d0088e6b3,1,High,35.257024811327604
a4a8fc5c-bcd8-5701-9b29-a99d0088e6b3,2,High,31.80727
a5466260-34e2-58de-82fa-a963b6ebf429,0,High,28.296747629305777
a5466260-34e2-58de-82fa-a963b6ebf429,1,Medium,30.851037
a5466260-34e2-58de-82fa-a963b6ebf429,2,Medium,30.851037
a5d6c967-1dba-529c-9911-5b5407fbea54,0,High,56.36913252959821
a5d6c967-1dba-529c-9911-5b5407fbea54,1,High,37.254928
a5d6c967-1dba-529c-9911-5b5407fbea54,2,Medium,47.160684
a5f9296d-3efa-5bf3-b9a6-a6c444ccee82,0,High,34.349933
a5f9296d-3efa-5bf3-b9a6-a6c444ccee82,1,High,34.349933
a5f9296d-3efa-5bf3-b9a6-a6c444ccee82,2,Medium,42.737945
a7381948-3d93-5a26-be1e-7d8238eff981,0,Medium,36.572055208690855
a7381948-3d93-5a26-be1e-7d8238eff981,1,Low,39.527096
a7381948-3d93-5a26-be1e-7d8238eff981,2,High,27.448556292910983
a8ac9d20-e459-5e0a-9ed6-151190c12dc9,0,High,24.038218757916386
a8ac9d20-e459-5e0a-9ed6-151190c12dc9,1,High,20.91105
a8ac9d20-e459-5e0a-9ed6-151190c12dc9,2,Medium,27.716314
a8ef0461-63b8-5632-9146-f0a078f55786,0,High,20.414966
a8ef0461-63b8-5632-9146-f0a078f55786,1,Medium,27.765938
a8ef0461-63b8-5632-9146-f0a078f55786,2,High,20.414966
a9784df1-59d1-5ed3-9e02-e62067d49246,0,High,21.297381
a9784df1-59d1-5ed3-9e02-e62067d49246,1,High,27.95415161855913
a9784df1-59d1-5ed3-9e02-e62067d49246,2,High,21.297381
a9cabca0-9609-5821-86ae-8489089b4448,0,Medium,33.232981
a9cabca0-9609-5821-86ae-8489089b4448,1,High,25.228029
a9cabca0-9609-5821-86ae-8489089b4448,2,Medium,33.232981
aa1a8a90-0a13-53f1-8979-4d94d5c9c16a,0,High,28.59423
aa1a8a90-0a13-53f1-8979-4d94d5c9c16a,1,High,28.59423
aa1a8a90-0a13-53f1-8979-4d94d5c9c16a,2,High,28.59423
aa1f248c-b42f-5ff7-b73b-ae6aa84570ce,0,High,24.065557
aa1f248c-b42f-5ff7-b73b-ae6aa84570ce,1,Medium,30.89817
aa1f248c-b42f-5ff7-b73b-ae6aa84570ce,2,High,24.065557
aa45cc6f-e1d2-587b-99ae-11e9214099db,0,High,22.404724
aa45cc6f-e1d2-587b-99ae-11e9214099db,1,High,22.404724
aa45cc6f-e1d2-587b-99ae-11e9214099db,2,High,22.404724
aa5b385a-4129-5a0c-8d6f-f6ea9da0b373,0,High,33.770680423816856
aa5b385a-4129-5a0c-8d6f-f6ea9da0b373,1,Low,46.932202
aa5b385a-4129-5a0c-8d6f-f6ea9da0b373,2,High,27.483139
aa8dcc99-bbaf-547e-97c7-cca992af11df,0,Medium,36.876131
aa8dcc99-bbaf-547e-97c7-cca992af11df,1,Low,43.058853
aa8dcc99-bbaf-547e-97c7-cca992af11df,2,Low,43.058853
ab365da7-0c4a-528d-9d5d-52d7ce958e01,0,High,28.72457417768676
ab365da7-0c4a-528d-9d5d-52d7ce958e01,1,Medium,29.086327
ab365da7-0c4a-528d-9d5d-52d7ce958e01,2,High,25.272312
ab7375e1-7ede-51f3-b908-a74ef1e5da46,0,Medium,47.864597
ab7375e1-7ede-51f3-b908-a74ef1e5da46,1,Medium,47.864597
ab7375e1-7ede-51f3-b908-a74ef1e5da46,2,Medium,47.864597
abaf765c-2cf2-5dfe-9beb-63146577c92c,0,Medium,25.832868
abaf765c-2cf2-5dfe-9beb-63146577c92c,1,Medium,40.356413919869034
abaf765c-2cf2-5dfe-9beb-63146577c92c,2,Medium,25.832868
abb95b18-738b-5cc5-a585-da8b56717cbd,0,High,37.99123021237496
abb95b18-738b-5cc5-a585-da8b56717cbd,1,Medium,44.626197
abb95b18-738b-5cc5-a585-da8b56717cbd,2,High,34.058306
abc8dc84-3018-5c05-830e-7abb495ab95b,0,High,31.17183
abc8dc84-3018-5c05-830e-7abb495ab95b,1,High,31.17183
abc8dc84-3018-5c05-830e-7abb495ab95b,2,High,31.17183
abe82e31-48fb-5a3b-9995-30360cca662f,0,High,28.636236
abe82e31-48fb-5a3b-9995-30360cca662f,1,High,28.636236
abe82e31-48fb-5a3b-9995-30360cca662f,2,Medium,57.698683386863806
ace1785c-7976-5906-94cd-7566a757c4d5,0,Medium,37.01093
ace1785c-7976-5906-94cd-7566a757c4d5,1,High,27.411389
ace1785c-7976-5906-94cd-7566a757c4d5,2,High,27.411389
ace314b2-306e-5b2d-9675-1b730376ae7d,0,Medium,43.133947
ace314b2-306e-5b2d-9675-1b730376ae7d,1,High,41.53430295801547
ace314b2-306e-5b2d-9675-1b730376ae7d,2,High,31.374404
ad5abe7b-2ddd-590e-8680-03f70cf81445,0,High,29.461495
ad5abe7b-2ddd-590e-8680-03f70cf81445,1,Medium,35.284672
ad5abe7b-2ddd-590e-8680-03f70cf81445,2,Low,47.292382
ad5ed959-d618-5db8-8417-b87147c32586,0,High,30.377543028571836
ad5ed959-d618-5db8-8417-b87147c32586,1,High,24.937499
ad5ed959-d618-5db8-8417-b87147c32586,2,High,24.937499
ad6a1228-69d2-5ea4-af4b-ee71e31d1ea8,0,High,32.038881
ad6a1228-69d2-5ea4-af4b-ee71e31d1ea8,1,High,32.038881
ad6a1228-69d2-5ea4-af4b-ee71e31d1ea8,2,High,32.038881
ad9ab5cc-c83e-5d71-8c04-043a1e42515b,0,Medium,40.84136
ad9ab5cc-c83e-5d71-8c04-043a1e42515b,1,High,32.799488
ad9ab5cc-c83e-5d71-8c04-043a1e42515b,2,High,94.69895717349358
adbd0375-a8fd-560e-b4eb-4ea4343b0227,0,Medium,46.411534
adbd0375-a8fd-560e-b4eb-4ea4343b0227,1,High,34.70181
adbd0375-a8fd-560e-b4eb-4ea4343b0227,2,High,34.70181
adf3a561-c865-5b93-a5d6-c43145897914,0,High,35.34026
adf3a561-c865-5b93-a5d6-c43145897914,1,High,35.34026
adf3a561-c865-5b93-a5d6-c43145897914,2,High,46.216634248851264
aec0ed2f-99e9-595e-952d-c532d30e990a,0,High,27.222481
aec0ed2f-99e9-595e-952d-c532d30e990a,1,High,27.222481
aec0ed2f-99e9-595e-952d-c532d30e990a,2,High,27.222481
aed53e97-d692-5d8c-bf0f-90e597964acc,0,High,32.781635
aed53e97-d692-5d8c-bf0f-90e597964acc,1,High,32.781635
aed53e97-d692-5d8c-bf0f-90e597964acc,2,Low,71.79444610179311
af29f04f-e7df-516c-afb9-2ffb4a95c393,0,High,20.59429
af29f04f-e7df-516c-afb9-2ffb4a95c393,1,High,20.59429
af29f04f-e7df-516c-afb9-2ffb4a95c393,2,High,23.02221749696354
af42b1a7-fe0a-52c3-83ff-ff5adc797381,0,Medium,31.856277
af42b1a7-fe0a-52c3-83ff-ff5adc797381,1,High,28.435418
af42b1a7-fe0a-52c3-83ff-ff5adc797381,2,High,28.435418
af5666b6-99dc-5289-bed2-1f8a27dec4c2,0,Medium,44.58892
af5666b6-99dc-5289-bed2-1f8a27dec4c2,1,High,36.584109
af5666b6-99dc-5289-bed2-1f8a27dec4c2,2,High,36.584109
aff4c9d7-c8c2-5ae0-94d5-38756afd7e0a,0,High,30.646635
aff4c9d7-c8c2-5ae0-94d5-38756afd7e0a,1,High,30.646635
aff4c9d7-c8c2-5ae0-94d5-38756afd7e0a,2,High,30.646635
b0d0ad6c-00a0-5956-ad1b-27704bd648da,0,High,49.59898845312338
b0d0ad6c-00a0-5956-ad1b-27704bd648da,1,High,34.262718
b0d0ad6c-00a0-5956-ad1b-27704bd648da,2,Medium,45.452032
b1eb8a6c-70b8-57a1-8625-24378b2341ef,0,High,27.281601
b1eb8a6c-70b8-57a1-8625-24378b2341ef,1,High,27.281601
b1eb8a6c-70b8-57a1-8625-24378b2341ef,2,High,27.281601
b26c32e9-b2ce-5796-8cf4-dc97739d6255,0,High,30.803024
b26c32e9-b2ce-5796-8cf4-dc97739d6255,1,High,30.803024
b26c32e9-b2ce-5796-8cf4-dc97739d6255,2,High,30.803024
b294501f-7594-580c-8d25-7ffd71aeeec7,0,Medium,40.09047537604837
b294501f-7594-580c-8d25-7ffd71aeeec7,1,High,27.404661
b294501f-7594-580c-8d25-7ffd71aeeec7,2,High,27.404661
b2bc1141-6862-5f98-bbf0-215dfcffa8f1,0,High,20.863453
b2bc1141-6862-5f98-bbf0-215dfcffa8f1,1,High,20.863453
b2bc1141-6862-5f98-bbf0-215dfcffa8f1,2,Medium,28.078007
b2e8b000-e7b9-5e46-b821-a1e00588d172,0,Medium,28.943995
b2e8b000-e7b9-5e46-b821-a1e00588d172,1,Low,35.898906
b2e8b000-e7b9-5e46-b821-a1e00588d172,2,High,20.570135
b3c2fb87-24fb-563d-98d6-64887ac19170,0,High,34.479018
b3c2fb87-24fb-563d-98d6-64887ac19170,1,Medium,45.773268
b3c2fb87-24fb-563d-98d6-64887ac19170,2,Medium,45.773268
b3c3cb8f-3143-5497-8810-f1aa1493f216,0,High,36.284354
b3c3cb8f-3143-5497-8810-f1aa1493f216,1,High,36.284354
b3c3cb8f-3143-5497-8810-f1aa1493f216,2,High,36.284354
b43ac9c8-e6eb-59e1-8bfd-ce4ddf80adea,0,High,36.355503
b43ac9c8-e6eb-59e1-8bfd-ce4ddf80adea,1,High,36.355503
b43ac9c8-e6eb-59e1-8bfd-ce4ddf80adea,2,Medium,44.51288
b4aae99e-94f6-5629-b862-1981bce319d2,0,Low,57.839033
b4aae99e-94f6-5629-b862-1981bce319d2,1,Low,57.839033
b4aae99e-94f6-5629-b862-1981bce319d2,2,High,36.637501
b4ce37f8-440f-5250-87cb-8054c273581b,0,High,38.684521125482476
b4ce37f8-440f-5250-87cb-8054c273581b,1,High,30.595002
b4ce37f8-440f-5250-87cb-8054c273581b,2,Medium,40.690818
b55b4b10-7f8a-5484-9b25-5a0c4ba5c944,0,Medium,32.73112432624389
b55b4b10-7f8a-5484-9b25-5a0c4ba5c944,1,Medium,27.729391
b55b4b10-7f8a-5484-9b25-5a0c4ba5c944,2,Low,33.062296
b63ace38-dd53-5051-997f-c0183fbad4e4,0,High,36.456724
b63ace38-dd53-5051-997f-c0183fbad4e4,1,Medium,47.6257282490186
b63ace38-dd53-5051-997f-c0183fbad4e4,2,High,36.456724
b643acb2-8fbc-5569-96b2-38811522462c,0,Low,39.243962
b643acb2-8fbc-5569-96b2-38811522462c,1,Medium,33.548131
b643acb2-8fbc-5569-96b2-38811522462c,2,Low,39.243962
b64c90b4-7f83-53eb-bea9-c9faf11f7e51,0,High,28.426616
b64c90b4-7f83-53eb-bea9-c9faf11f7e51,1,High,28.426616
b64c90b4-7f83-53eb-bea9-c9faf11f7e51,2,Low,42.666596
b6fea3ef-21c9-5bcc-bf0a-ce73223f3f9e,0,High,20.483476
b6fea3ef-21c9-5bcc-bf0a-ce73223f3f9e,1,Medium,29.042741
b6fea3ef-21c9-5bcc-bf0a-ce73223f3f9e,2,Medium,29.042741
b71a0111-3a1f-5d14-aae0-70ba2db09993,0,High,34.191743
b71a0111-3a1f-5d14-aae0-70ba2db09993,1,High,34.191743
b71a0111-3a1f-5d14-aae0-70ba2db09993,2,High,34.191743
b7e586fd-8a89-5464-b0a7-b1e3b6a12f47,0,High,27.281708
b7e586fd-8a89-5464-b0a7-b1e3b6a12f47,1,High,27.281708
b7e586fd-8a89-5464-b0a7-b1e3b6a12f47,2,High,27.281708
b80ec609-6429-5f05-8cd8-753acb4bbbb1,0,Medium,36.659382
b80ec609-6429-5f05-8cd8-753acb4bbbb1,1,High,27.494112
b80ec609-6429-5f05-8cd8-753acb4bbbb1,2,High,27.494112
b886af5b-8fbb-59ed-a6d3-843e87323e56,0,Medium,45.560101
b886af5b-8fbb-59ed-a6d3-843e87323e56,1,High,35.489756
b886af5b-8fbb-59ed-a6d3-843e87323e56,2,High,35.489756
ba1a161d-bcda-5fb8-93e9-1da22f5a65b2,0,High,41.809880851066964
ba1a161d-bcda-5fb8-93e9-1da22f5a65b2,1,High,31.285393
ba1a161d-bcda-5fb8-93e9-1da22f5a65b2,2,Low,51.110755
ba1ce7e7-eaed-5afe-b3a2-32983ea382f1,0,High,28.564517
ba1ce7e7-eaed-5afe-b3a2-32983ea382f1,1,Low,43.197897
ba1ce7e7-eaed-5afe-b3a2-32983ea382f1,2,High,28.564517
ba3a3dac-c98f-59ea-9e5c-faeac0ba8521,0,High,20.531382
ba3a3dac-c98f-59ea-9e5c-faeac0ba8521,1,High,23.121975027712534
ba3a3dac-c98f-59ea-9e5c-faeac0ba8521,2,Medium,25.994373
ba45010d-13f0-5186-ab4b-f4b6c594994d,0,Medium,35.541412
ba45010d-13f0-5186-ab4b-f4b6c594994d,1,High,27.31213
ba45010d-13f0-5186-ab4b-f4b6c594994d,2,High,27.31213
ba7ee21f-3cf6-5903-9de1-422be391f817,0,High,45.52368748294998
ba7ee21f-3cf6-5903-9de1-422be391f817,1,High,23.905167
ba7ee21f-3cf6-5903-9de1-422be391f817,2,High,23.905167
baec240f-3623-5910-b9d9-04d4d312b497,0,High,27.32816
baec240f-3623-5910-b9d9-04d4d312b497,1,High,27.32816
baec240f-3623-5910-b9d9-04d4d312b497,2,High,27.32816
baf3eff7-682e-5316-bad4-8f057269cbe9,0,High,32.319044
baf3eff7-682e-5316-bad4-8f057269cbe9,1,Medium,40.034172
baf3eff7-682e-5316-bad4-8f057269cbe9,2,High,32.319044
bb58e0f7-4ead-5563-a6d7-4ecc594f711f,0,High,23.935491
bb58e0f7-4ead-5563-a6d7-4ecc594f711f,1,Medium,33.16736
bb58e0f7-4ead-5563-a6d7-4ecc594f711f,2,High,23.935491
bb6156d8-9a70-5cbf-b7ab-b3d4dfdf2cd6,0,High,36.341671
bb6156d8-9a70-5cbf-b7ab-b3d4dfdf2cd6,1,High,36.341671
bb6156d8-9a70-5cbf-b7ab-b3d4dfdf2cd6,2,High,39.04810687203002
bba0420d-76a5-59fb-b735-61731503a972,0,High,31.269725
bba0420d-76a5-59fb-b735-61731503a972,1,High,64.63576519079956
bba0420d-76a5-59fb-b735-61731503a972,2,Low,62.3904463677371
bc1f45da-9317-520b-a008-2498be4ec9d2,0,High,45.855959105563265
bc1f45da-9317-520b-a008-2498be4ec9d2,1,High,24.870611
bc1f45da-9317-520b-a008-2498be4ec9d2,2,High,24.870611
bc366411-3ab0-5a06-9027-494465143238,0,High,24.199848
bc366411-3ab0-5a06-9027-494465143238,1,High,24.199848
bc366411-3ab0-5a06-9027-494465143238,2,High,24.199848
bcbc45ea-d316-5e08-97a4-290b5edb5260,0,High,20.570153
bcbc45ea-d316-5e08-97a4-290b5edb5260,1,High,20.570153
bcbc45ea-d316-5e08-97a4-290b5edb5260,2,High,46.183025000699544
bced725c-8756-5cbd-a84c-f37a7fb1deeb,0,Low,58.020534
bced725c-8756-5cbd-a84c-f37a7fb1deeb,1,High,36.713131
bced725c-8756-5cbd-a84c-f37a7fb1deeb,2,High,36.713131
bcffd34b-1929-5db8-b88e-1998a3901c9b,0,High,36.918466013777916
bcffd34b-1929-5db8-b88e-1998a3901c9b,1,High,20.832243
bcffd34b-1929-5db8-b88e-1998a3901c9b,2,High,20.832243
bdb240c0-92a5-5ce1-a415-9cf58e659327,0,Medium,44.517971
bdb240c0-92a5-5ce1-a415-9cf58e659327,1,High,36.039599
bdb240c0-92a5-5ce1-a415-9cf58e659327,2,Medium,44.517971
bdb27363-a79b-5224-a9f6-7a8046c2a4d8,0,Low,49.788115
bdb27363-a79b-5224-a9f6-7a8046c2a4d8,1,High,38.26851201961043
bdb27363-a79b-5224-a9f6-7a8046c2a4d8,2,High,32.015638
bdcdccff-3478-5696-96bb-0343a0014570,0,High,23.949195
bdcdccff-3478-5696-96bb-0343a0014570,1,High,32.63632569184389
bdcdccff-3478-5696-96bb-0343a0014570,2,Medium,33.206307
be6ff22c-97d9-592b-834b-11da7317d4ee,0,High,36.412077
be6ff22c-97d9-592b-834b-11da7317d4ee,1,High,36.412077
be6ff22c-97d9-592b-834b-11da7317d4ee,2,High,36.412077
be800447-38be-5aad-8657-13289a272563,0,Medium,41.35404157021007
be800447-38be-5aad-8657-13289a272563,1,High,32.201556
be800447-38be-5aad-8657-13289a272563,2,Medium,39.054973
bf8123f7-902e-5f9c-b777-d8b0bc7d8c42,0,High,34.38767
bf8123f7-902e-5f9c-b777-d8b0bc7d8c42,1,Medium,44.057855
bf8123f7-902e-5f9c-b777-d8b0bc7d8c42,2,High,34.38767
bfdb815b-1570-5c79-9479-b0bfff1f6780,0,Medium,31.999166
bfdb815b-1570-5c79-9479-b0bfff1f6780,1,High,50.75725604534128
bfdb815b-1570-5c79-9479-b0bfff1f6780,2,High,32.34153743925145
c0465242-52ac-554e-9b56-eaad4ad49be8,0,High,27.316253
c0465242-52ac-554e-9b56-eaad4ad49be8,1,Medium,36.992556
c0465242-52ac-554e-9b56-eaad4ad49be8,2,High,27.316253
c0647620-66cd-55c3-b31c-266221b93229,0,Medium,36.859508
c0647620-66cd-55c3-b31c-266221b93229,1,Medium,36.859508
c0647620-66cd-55c3-b31c-266221b93229,2,Medium,36.859508
c0900f14-85de-5f63-983e-bfc49e31234d,0,High,25.006137
c0900f14-85de-5f63-983e-bfc49e31234d,1,Medium,32.170317
c0900f14-85de-5f63-983e-bfc49e31234d,2,Low,42.80996889915219
c09608a2-68d8-506e-a00e-17e223eb67c7,0,High,26.375376
c09608a2-68d8-506e-a00e-17e223eb67c7,1,High,26.375376
c09608a2-68d8-506e-a00e-17e223eb67c7,2,High,26.375376
c18feb74-9a11-5eee-a0f1-8f1b86d994a6,0,High,27.904171
c18feb74-9a11-5eee-a0f1-8f1b86d994a6,1,High,27.904171
c18feb74-9a11-5eee-a0f1-8f1b86d994a6,2,High,27.904171
c1950d2e-879e-5841-905a-a77f527e1436,0,High,33.175924
c1950d2e-879e-5841-905a-a77f527e1436,1,Medium,56.03374700209183
c1950d2e-879e-5841-905a-a77f527e1436,2,High,33.175924
c1e37210-ea5c-5f37-be32-98c6f8c5867d,0,High,25.120735
c1e37210-ea5c-5f37-be32-98c6f8c5867d,1,High,25.120735
c1e37210-ea5c-5f37-be32-98c6f8c5867d,2,High,25.120735
c313f7b5-b8af-5d70-ac7b-f8c4c59afda1,0,Low,51.811745
c313f7b5-b8af-5d70-ac7b-f8c4c59afda1,1,High,32.952734
c313f7b5-b8af-5d70-ac7b-f8c4c59afda1,2,High,32.952734
c342d7e4-ace2-5eea-a8a4-30b4ce3cc1e0,0,High,35.08887
c342d7e4-ace2-5eea-a8a4-30b4ce3cc1e0,1,High,35.08887
c342d7e4-ace2-5eea-a8a4-30b4ce3cc1e0,2,High,58.44005550915594
c39557a5-a4ae-5a0a-9383-2acf55e78b1a,0,High,24.090765
c39557a5-a4ae-5a0a-9383-2acf55e78b1a,1,Low,37.072723
c39557a5-a4ae-5a0a-9383-2acf55e78b1a,2,High,24.090765
c39b0979-23ef-58f5-ad02-2a26b0f38566,0,High,22.38695
c39b0979-23ef-58f5-ad02-2a26b0f38566,1,High,22.38695
c39b0979-23ef-58f5-ad02-2a26b0f38566,2,High,22.38695
c3ac405f-649f-5cf7-921a-bed0dbb413c2,0,High,37.93839878246
c3ac405f-649f-5cf7-921a-bed0dbb413c2,1,Medium,40.460843
c3ac405f-649f-5cf7-921a-bed0dbb413c2,2,High,31.21445
c52535e4-772c-5723-97f8-34f24a54e8ee,0,Medium,31.227403
c52535e4-772c-5723-97f8-34f24a54e8ee,1,Medium,31.227403
c52535e4-772c-5723-97f8-34f24a54e8ee,2,Medium,31.227403
c544b2e1-d44d-5919-8c62-3ab23b57c598,0,High,32.026462
c544b2e1-d44d-5919-8c62-3ab23b57c598,1,High,32.026462
c544b2e1-d44d-5919-8c62-3ab23b57c598,2,High,32.026462
c6592fb4-94f0-5811-b980-bddb7e59508a,0,High,25.234717
c6592fb4-94f0-5811-b980-bddb7e59508a,1,High,25.234717
c6592fb4-94f0-5811-b980-bddb7e59508a,2,Medium,36.426292
c666776d-a6a6-59fb-87b5-a32d8449a6cb,0,High,20.881945
c666776d-a6a6-59fb-87b5-a32d8449a6cb,1,High,20.881945
c666776d-a6a6-59fb-87b5-a32d8449a6cb,2,Medium,27.292986
c6693a88-1a8e-5cd7-a59a-6f58053b6dfa,0,High,21.624564
c6693a88-1a8e-5cd7-a59a-6f58053b6dfa,1,High,28.26521798354932
c6693a88-1a8e-5cd7-a59a-6f58053b6dfa,2,Medium,25.915237
c77d1342-d3a2-599e-b912-6b8efb41b078,0,Medium,33.108546
c77d1342-d3a2-599e-b912-6b8efb41b078,1,High,24.248115
c77d1342-d3a2-599e-b912-6b8efb41b078,2,High,24.248115
c79fb208-7d60-5e42-8c0e-40d347e79470,0,Low,51.746426
c79fb208-7d60-5e42-8c0e-40d347e79470,1,High,34.708267
c79fb208-7d60-5e42-8c0e-40d347e79470,2,Medium,42.624393
c7bf1853-e86b-543e-8096-7c53d4eb3adc,0,High,20.605664
c7bf1853-e86b-543e-8096-7c53d4eb3adc,1,Medium,28.045642
c7bf1853-e86b-543e-8096-7c53d4eb3adc,2,High,20.605664
c881694b-769e-5295-8310-c54ae88fad8a,0,Low,32.370676
c881694b-769e-5295-8310-c54ae88fad8a,1,Low,32.370676
c881694b-769e-5295-8310-c54ae88fad8a,2,High,21.667428
c8c81448-b38b-5939-88f9-050690ea8d55,0,High,36.293676
c8c81448-b38b-5939-88f9-050690ea8d55,1,High,36.293676
c8c81448-b38b-5939-88f9-050690ea8d55,2,Low,58.928656
c8e61896-9855-54a1-b853-6186ea5ab599,0,High,25.28455
c8e61896-9855-54a1-b853-6186ea5ab599,1,Medium,29.816214
c8e61896-9855-54a1-b853-6186ea5ab599,2,Low,39.980292
c8f5f6bf-9d0d-539d-b72f-5309df25cc9b,0,High,47.122183730297266
c8f5f6bf-9d0d-539d-b72f-5309df25cc9b,1,High,58.40650425862846
c8f5f6bf-9d0d-539d-b72f-5309df25cc9b,2,High,27.347484
c90c8547-1ab4-54b2-b73e-faf82ba8cbb8,0,High,26.181584547220805
c90c8547-1ab4-54b2-b73e-faf82ba8cbb8,1,Medium,31.376441
c90c8547-1ab4-54b2-b73e-faf82ba8cbb8,2,Medium,31.376441
c9c2a1a7-9774-5cd2-a6b0-9d9ae5f27dd7,0,High,21.77873
c9c2a1a7-9774-5cd2-a6b0-9d9ae5f27dd7,1,High,21.77873
c9c2a1a7-9774-5cd2-a6b0-9d9ae5f27dd7,2,Medium,28.020592
c9c6b017-cbbd-5706-90d5-d53c308af760,0,Medium,40.665673
c9c6b017-cbbd-5706-90d5-d53c308af760,1,Low,51.502292
c9c6b017-cbbd-5706-90d5-d53c308af760,2,Medium,40.665673
c9c8e1e4-b99f-5429-ace9-f0d0e1cad1a3,0,High,63.71361124203378
c9c8e1e4-b99f-5429-ace9-f0d0e1cad1a3,1,High,36.813501
c9c8e1e4-b99f-5429-ace9-f0d0e1cad1a3,2,High,36.813501
ca4a33b6-2fb7-5bf4-ac8c-116bc042829b,0,High,27.989934
ca4a33b6-2fb7-5bf4-ac8c-116bc042829b,1,High,27.989934
ca4a33b6-2fb7-5bf4-ac8c-116bc042829b,2,High,27.989934
ca8775ef-acf3-53dc-b730-a1083776b799,0,High,24.676702
ca8775ef-acf3-53dc-b730-a1083776b799,1,High,24.676702
ca8775ef-acf3-53dc-b730-a1083776b799,2,High,24.676702
cae39dbd-1934-5239-b37c-edef8dcf93a4,0,Medium,37.41324848151816
cae39dbd-1934-5239-b37c-edef8dcf93a4,1,High,31.170424
cae39dbd-1934-5239-b37c-edef8dcf93a4,2,Low,44.026002
caee07b4-c444-5e42-bf2a-4365bbe9e36b,0,High,24.696427
caee07b4-c444-5e42-bf2a-4365bbe9e36b,1,High,24.696427
caee07b4-c444-5e42-bf2a-4365bbe9e36b,2,Medium,33.17794
cb31f421-f95a-5945-96f5-c96c726a1a97,0,Medium,40.102416
cb31f421-f95a-5945-96f5-c96c726a1a97,1,High,37.31145841675551
cb31f421-f95a-5945-96f5-c96c726a1a97,2,High,31.341698
cb6a32a9-5410-5277-b564-4a02628641dd,0,High,34.187037
cb6a32a9-5410-5277-b564-4a02628641dd,1,Medium,51.86640335693635
cb6a32a9-5410-5277-b564-4a02628641dd,2,High,34.187037
cbbc05e5-8fcb-54d7-8551-26175a54ca31,0,High,49.6549808348703
cbbc05e5-8fcb-54d7-8551-26175a54ca31,1,Medium,45.800194
cbbc05e5-8fcb-54d7-8551-26175a54ca31,2,High,36.342472
cbc739e9-4bfb-511b-be27-f9b748bc2714,0,High,35.498733
cbc739e9-4bfb-511b-be27-f9b748bc2714,1,High,35.498733
cbc739e9-4bfb-511b-be27-f9b748bc2714,2,High,35.498733
cbcd20d3-5f8d-5b26-81fe-a86ebaba2342,0,High,28.057187
cbcd20d3-5f8d-5b26-81fe-a86ebaba2342,1,High,28.057187
cbcd20d3-5f8d-5b26-81fe-a86ebaba2342,2,High,41.952049150347555
cbd18f2b-6013-5885-9058-48de91b10811,0,Medium,45.283191
cbd18f2b-6013-5885-9058-48de91b10811,1,High,34.205447
cbd18f2b-6013-5885-9058-48de91b10811,2,Medium,45.283191
cbfddff2-613a-5628-9014-59095d82e161,0,High,30.862649
cbfddff2-613a-5628-9014-59095d82e161,1,Medium,41.823012
cbfddff2-613a-5628-9014-59095d82e161,2,High,30.862649
cc5750a9-8e1d-5dd6-a111-05f6764fdff7,0,High,41.39866075815003
cc5750a9-8e1d-5dd6-a111-05f6764fdff7,1,High,33.93904
cc5750a9-8e1d-5dd6-a111-05f6764fdff7,2,Medium,44.529213
ccf0bbb9-7374-5d59-93dd-c1f124da5a97,0,High,27.360608
ccf0bbb9-7374-5d59-93dd-c1f124da5a97,1,High,27.360608
ccf0bbb9-7374-5d59-93dd-c1f124da5a97,2,High,36.07060212324128
cd3612ce-0917-50d8-b86d-fba3445f438b,0,High,27.51544
cd3612ce-0917-50d8-b86d-fba3445f438b,1,High,27.51544
cd3612ce-0917-50d8-b86d-fba3445f438b,2,High,27.51544
cd5cdf2b-8714-52d5-a9d6-2de05573c5c7,0,Medium,44.254046
cd5cdf2b-8714-52d5-a9d6-2de05573c5c7,1,High,34.399152
cd5cdf2b-8714-52d5-a9d6-2de05573c5c7,2,High,34.399152
cdce8291-8282-516f-a7ad-4a52d8918d1d,0,Medium,28.777496
cdce8291-8282-516f-a7ad-4a52d8918d1d,1,High,20.933476
cdce8291-8282-516f-a7ad-4a52d8918d1d,2,Medium,28.777496
ce4d05dd-5da3-5c4a-990a-680e33731052,0,Low,82.39624923554008
ce4d05dd-5da3-5c4a-990a-680e33731052,1,High,28.850958
ce4d05dd-5da3-5c4a-990a-680e33731052,2,High,28.850958
cf2b44e7-6e44-5fc4-a07c-a0d56394fdc7,0,Medium,51.30609114515502
cf2b44e7-6e44-5fc4-a07c-a0d56394fdc7,1,High,28.065132
cf2b44e7-6e44-5fc4-a07c-a0d56394fdc7,2,Low,44.571472
cf5dd8b2-bf80-533c-9173-f1e0d7d5cfa2,0,High,20.534606
cf5dd8b2-bf80-533c-9173-f1e0d7d5cfa2,1,High,20.534606
cf5dd8b2-bf80-533c-9173-f1e0d7d5cfa2,2,High,20.534606
d22b9a01-a2e8-50d3-947d-11d61a2be4a5,0,High,21.608294
d22b9a01-a2e8-50d3-947d-11d61a2be4a5,1,Medium,29.210467
d22b9a01-a2e8-50d3-947d-11d61a2be4a5,2,Medium,29.210467
d2a32f65-adb8-5b69-869d-5ad6264a9a59,0,High,26.152542
d2a32f65-adb8-5b69-869d-5ad6264a9a59,1,High,28.454111327700183
d2a32f65-adb8-5b69-869d-5ad6264a9a59,2,High,26.152542
d2b27235-eee5-5f56-9154-a51928ddd757,0,High,20.68225
d2b27235-eee5-5f56-9154-a51928ddd757,1,High,24.460151594583145
d2b27235-eee5-5f56-9154-a51928ddd757,2,High,34.39870721998092
d310226c-8cdf-5a9b-93c8-6e55c20d5e35,0,High,33.313338
d310226c-8cdf-5a9b-93c8-6e55c20d5e35,1,Medium,49.01243498219621
d310226c-8cdf-5a9b-93c8-6e55c20d5e35,2,Medium,39.801376
d33ade51-d82e-53dc-8f9c-21c259db5aa7,0,High,26.380682081175458
d33ade51-d82e-53dc-8f9c-21c259db5aa7,1,Medium,28.140223
d33ade51-d82e-53dc-8f9c-21c259db5aa7,2,High,21.9969
d4369769-25ae-5bda-a9bb-d18b74d2ad3b,0,High,34.505363
d4369769-25ae-5bda-a9bb-d18b74d2ad3b,1,High,34.505363
d4369769-25ae-5bda-a9bb-d18b74d2ad3b,2,High,34.505363
d4a004c4-00a4-5ca7-a58d-df0b72d6c63d,0,High,25.070286
d4a004c4-00a4-5ca7-a58d-df0b72d6c63d,1,High,25.070286
d4a004c4-00a4-5ca7-a58d-df0b72d6c63d,2,Low,39.73404
d4a154dc-e5b4-50eb-917f-3cba3c8c029b,0,Low,56.590332
d4a154dc-e5b4-50eb-917f-3cba3c8c029b,1,High,34.113662
d4a154dc-e5b4-50eb-917f-3cba3c8c029b,2,High,34.113662
d4c49e5e-3d3f-5c02-b89b-ec6dd136531f,0,High,34.628059
d4c49e5e-3d3f-5c02-b89b-ec6dd136531f,1,Medium,45.897636
d4c49e5e-3d3f-5c02-b89b-ec6dd136531f,2,High,69.09745053788686
d5f690c2-08fb-5b8f-976c-a6005f833eaf,0,High,33.15542363928721
d5f690c2-08fb-5b8f-976c-a6005f833eaf,1,High,28.63294
d5f690c2-08fb-5b8f-976c-a6005f833eaf,2,High,28.63294
d642847d-02e2-5cbc-9e0f-087de083a0ec,0,High,33.191585
d642847d-02e2-5cbc-9e0f-087de083a0ec,1,Low,53.569805
d642847d-02e2-5cbc-9e0f-087de083a0ec,2,High,33.191585
d6872277-0998-56a9-9fe1-0d83942f0f42,0,High,31.83135598572292
d6872277-0998-56a9-9fe1-0d83942f0f42,1,Medium,27.766713
d6872277-0998-56a9-9fe1-0d83942f0f42,2,High,32.21786624965407
d6e9db41-752b-56ef-9d8d-70b6e4c12e88,0,Medium,31.099822
d6e9db41-752b-56ef-9d8d-70b6e4c12e88,1,High,25.225223
d6e9db41-752b-56ef-9d8d-70b6e4c12e88,2,High,49.48358063402418
d7420041-fac4-5be4-8f64-1fcf601c283b,0,High,24.095287
d7420041-fac4-5be4-8f64-1fcf601c283b,1,High,24.095287
d7420041-fac4-5be4-8f64-1fcf601c283b,2,Medium,30.942045
d7f4f64f-f8d4-5b14-aa53-b8a955e58fa7,0,Medium,31.176057
d7f4f64f-f8d4-5b14-aa53-b8a955e58fa7,1,High,24.040578
d7f4f64f-f8d4-5b14-aa53-b8a955e58fa7,2,High,27.811190337970952
d84f751a-fb4d-5cfb-bf3a-818a5341f566,0,High,28.648859
d84f751a-fb4d-5cfb-bf3a-818a5341f566,1,High,28.648859
d84f751a-fb4d-5cfb-bf3a-818a5341f566,2,Medium,36.062622
d8aad420-3ace-545d-ba5e-839163d2878f,0,High,25.06444
d8aad420-3ace-545d-ba5e-839163d2878f,1,High,37.10962430497048
d8aad420-3ace-545d-ba5e-839163d2878f,2,High,25.06444
d8ac4bc4-83d7-5e9f-a090-72f1569823fa,0,High,22.964415
d8ac4bc4-83d7-5e9f-a090-72f1569823fa,1,Medium,28.36486
d8ac4bc4-83d7-5e9f-a090-72f1569823fa,2,Medium,28.36486
d8b980c2-6bd9-5aa8-91a9-5f8ceb6ed790,0,Medium,46.083624
d8b980c2-6bd9-5aa8-91a9-5f8ceb6ed790,1,High,46.28442396529884
d8b980c2-6bd9-5aa8-91a9-5f8ceb6ed790,2,High,54.56476745502526
d8dbfd90-1cb4-594a-bfe3-34b4de1ac86f,0,Low,87.01100773496275
d8dbfd90-1cb4-594a-bfe3-34b4de1ac86f,1,High,28.14312094369493
d8dbfd90-1cb4-594a-bfe3-34b4de1ac86f,2,High,24.23797
d8e168cb-880d-572a-82bd-00f306f72fbd,0,High,36.249658
d8e168cb-880d-572a-82bd-00f306f72fbd,1,High,36.249658
d8e168cb-880d-572a-82bd-00f306f72fbd,2,Medium,45.815621
d9117be7-a622-511f-952f-742da0d490a7,0,High,35.110989404163185
d9117be7-a622-511f-952f-742da0d490a7,1,High,33.146058
d9117be7-a622-511f-952f-742da0d490a7,2,High,33.146058
d945c703-b2b5-5b91-85da-a8a5fe1c1af8,0,High,34.971279
d945c703-b2b5-5b91-85da-a8a5fe1c1af8,1,Low,56.83452
d945c703-b2b5-5b91-85da-a8a5fe1c1af8,2,High,34.971279
da408625-149c-58b8-a9e6-a01e33d98179,0,High,62.78000128698028
da408625-149c-58b8-a9e6-a01e33d98179,1,High,33.76637306943914
da408625-149c-58b8-a9e6-a01e33d98179,2,High,24.105779
dab007f6-b69c-5962-92c9-c813ed102409,0,Low,35.47422
dab007f6-b69c-5962-92c9-c813ed102409,1,Medium,27.807579
dab007f6-b69c-5962-92c9-c813ed102409,2,High,22.271547977605053
dab13029-b40f-5e9c-aa4b-a7ae17e82cce,0,High,31.134502750732402
dab13029-b40f-5e9c-aa4b-a7ae17e82cce,1,Medium,31.427962
dab13029-b40f-5e9c-aa4b-a7ae17e82cce,2,High,29.35314456892307
dadd00c9-1ec1-5dc7-81cb-272880c321d0,0,Medium,60.13577004669256
dadd00c9-1ec1-5dc7-81cb-272880c321d0,1,High,30.58422
dadd00c9-1ec1-5dc7-81cb-272880c321d0,2,High,47.661314925953874
dae1ffbc-22cc-5f26-a40e-563ff733dd0e,0,High,30.563551
dae1ffbc-22cc-5f26-a40e-563ff733dd0e,1,Low,51.262402
dae1ffbc-22cc-5f26-a40e-563ff733dd0e,2,High,30.563551
db09d211-10e5-5d53-a971-f2fcace5d0bd,0,High,24.979209
db09d211-10e5-5d53-a971-f2fcace5d0bd,1,Low,40.995827
db09d211-10e5-5d53-a971-f2fcace5d0bd,2,High,24.979209
db8a8246-daad-585c-9486-a55038d96140,0,Medium,38.20629678954772
db8a8246-daad-585c-9486-a55038d96140,1,High,24.956009
db8a8246-daad-585c-9486-a55038d96140,2,High,24.956009
db8e84ac-e867-5d49-91dd-beb2e850b6e1,0,High,29.515569
db8e84ac-e867-5d49-91dd-beb2e850b6e1,1,High,29.515569
db8e84ac-e867-5d49-91dd-beb2e850b6e1,2,Low,46.619213
dbf8ab89-42fe-5e99-81da-3b429536875a,0,Medium,38.12951
dbf8ab89-42fe-5e99-81da-3b429536875a,1,Medium,38.12951
dbf8ab89-42fe-5e99-81da-3b429536875a,2,High,41.30409625198926
dc7d7307-74bc-5713-8142-cbf982b673fa,0,Low,54.231373
dc7d7307-74bc-5713-8142-cbf982b673fa,1,High,35.512574
dc7d7307-74bc-5713-8142-cbf982b673fa,2,High,44.51135840806014
dc9791e0-cb42-5271-bdad-93b8230dd161,0,Medium,33.821116
dc9791e0-cb42-5271-bdad-93b8230dd161,1,High,29.402061
dc9791e0-cb42-5271-bdad-93b8230dd161,2,Medium,33.821116
dd65e59e-318a-5b61-909c-6f31f89a2f25,0,High,24.33128
dd65e59e-318a-5b61-909c-6f31f89a2f25,1,Medium,30.941412
dd65e59e-318a-5b61-909c-6f31f89a2f25,2,Low,37.067958
dd9a4ae0-3d0d-5ebe-93d8-786ef184dbeb,0,High,36.223511
dd9a4ae0-3d0d-5ebe-93d8-786ef184dbeb,1,High,36.223511
dd9a4ae0-3d0d-5ebe-93d8-786ef184dbeb,2,Medium,46.491142
ddea7e3b-4742-54a4-a417-1daf855ee55f,0,Medium,45.810503
ddea7e3b-4742-54a4-a417-1daf855ee55f,1,High,34.599207
ddea7e3b-4742-54a4-a417-1daf855ee55f,2,High,34.599207
de400b63-9fae-5067-b33a-4fb45bad1d96,0,High,21.918072
de400b63-9fae-5067-b33a-4fb45bad1d96,1,High,21.918072
de400b63-9fae-5067-b33a-4fb45bad1d96,2,Medium,28.211386
deb4b48a-524f-53ea-9df2-196460de9c3a,0,High,31.362937
deb4b48a-524f-53ea-9df2-196460de9c3a,1,High,31.362937
deb4b48a-524f-53ea-9df2-196460de9c3a,2,Medium,39.920083
dfa60478-6e57-5e1e-b803-86250756b81b,0,High,31.904974
dfa60478-6e57-5e1e-b803-86250756b81b,1,Medium,40.815251
dfa60478-6e57-5e1e-b803-86250756b81b,2,High,31.904974
dff99647-3ef3-5a16-8990-4842bc6e0694,0,High,34.265017
dff99647-3ef3-5a16-8990-4842bc6e0694,1,Medium,44.027634
dff99647-3ef3-5a16-8990-4842bc6e0694,2,Medium,44.027634
e04e9c67-99bd-5543-ab47-58a49eed3461,0,Low,51.332461
e04e9c67-99bd-5543-ab47-58a49eed3461,1,Medium,40.379698
e04e9c67-99bd-5543-ab47-58a49eed3461,2,High,30.580913
e09c2178-5d0d-5913-8ea2-ba35ba399a14,0,High,41.55006735488068
e09c2178-5d0d-5913-8ea2-ba35ba399a14,1,High,31.174756
e09c2178-5d0d-5913-8ea2-ba35ba399a14,2,High,31.174756
e1aaa09c-6ba3-5887-9b11-041534ca575a,0,Medium,26.512854
e1aaa09c-6ba3-5887-9b11-041534ca575a,1,Medium,26.512854
e1aaa09c-6ba3-5887-9b11-041534ca575a,2,High,22.357539
e28880c4-7579-57a9-b2b0-3bb48de4373f,0,High,30.575864950566753
e28880c4-7579-57a9-b2b0-3bb48de4373f,1,High,25.268581
e28880c4-7579-57a9-b2b0-3bb48de4373f,2,Medium,32.31313
e34eaf54-508a-5e85-875a-7c2756f6841a,0,High,33.976745
e34eaf54-508a-5e85-875a-7c2756f6841a,1,High,33.976745
e34eaf54-508a-5e85-875a-7c2756f6841a,2,High,33.976745
e39a7439-f8ae-5ecd-a3c7-3936a6c3317d,0,Medium,28.618201
e39a7439-f8ae-5ecd-a3c7-3936a6c3317d,1,High,22.455611
e39a7439-f8ae-5ecd-a3c7-3936a6c3317d,2,Medium,35.06285326234429
e3a0e05c-831c-51e3-9303-9354e0219871,0,High,31.039103
e3a0e05c-831c-51e3-9303-9354e0219871,1,High,31.039103
e3a0e05c-831c-51e3-9303-9354e0219871,2,High,31.039103
e3f580e5-5204-53e0-9c2f-42a3a032292c,0,Low,36.17061
e3f580e5-5204-53e0-9c2f-42a3a032292c,1,Medium,46.21400620189145
e3f580e5-5204-53e0-9c2f-42a3a032292c,2,High,21.643645
e413bac1-ab9f-5ca7-83fd-62b96e178d4b,0,Medium,38.687746877287054
e413bac1-ab9f-5ca7-83fd-62b96e178d4b,1,High,21.863486
e413bac1-ab9f-5ca7-83fd-62b96e178d4b,2,High,21.863486
e4fefd44-ead5-5faf-a9b5-26de3b20a573,0,Medium,33.696983
e4fefd44-ead5-5faf-a9b5-26de3b20a573,1,High,25.227596
e4fefd44-ead5-5faf-a9b5-26de3b20a573,2,High,25.227596
e525d3ed-010f-57fd-b832-6120e38c684e,0,High,32.873733
e525d3ed-010f-57fd-b832-6120e38c684e,1,High,40.83650541313065
e525d3ed-010f-57fd-b832-6120e38c684e,2,High,32.873733
e52b4284-fc46-5c86-9896-c15166f9946b,0,High,25.344865
e52b4284-fc46-5c86-9896-c15166f9946b,1,Medium,32.106272
e52b4284-fc46-5c86-9896-c15166f9946b,2,High,25.344865
e566efe8-94e4-58ae-8195-b02c662614ff,0,Low,57.082362
e566efe8-94e4-58ae-8195-b02c662614ff,1,High,36.923431
e566efe8-94e4-58ae-8195-b02c662614ff,2,High,51.240201698807766
e5a09cfe-f098-59ca-a8f6-970a8b8fc8f6,0,High,23.926386
e5a09cfe-f098-59ca-a8f6-970a8b8fc8f6,1,High,23.926386
e5a09cfe-f098-59ca-a8f6-970a8b8fc8f6,2,Medium,31.384047
e5f60833-b2d4-51f1-ba0b-21313d464c99,0,High,30.976736
e5f60833-b2d4-51f1-ba0b-21313d464c99,1,High,30.976736
e5f60833-b2d4-51f1-ba0b-21313d464c99,2,High,39.834742748253944
e67ae684-c5a6-516b-9728-c97a6562b90a,0,High,34.613468
e67ae684-c5a6-516b-9728-c97a6562b90a,1,Medium,43.954347
e67ae684-c5a6-516b-9728-c97a6562b90a,2,Medium,43.954347
e815334c-e2ac-5f94-8aaa-80b993a0ef8c,0,High,35.40488
e815334c-e2ac-5f94-8aaa-80b993a0ef8c,1,High,35.40488
e815334c-e2ac-5f94-8aaa-80b993a0ef8c,2,High,35.40488
e8170356-ff90-5138-9200-a677bfb48b74,0,High,21.721662
e8170356-ff90-5138-9200-a677bfb48b74,1,High,21.721662
e8170356-ff90-5138-9200-a677bfb48b74,2,Low,33.30035
e8223e3a-8a85-54bf-a4a2-aaf29275212e,0,High,27.891495
e8223e3a-8a85-54bf-a4a2-aaf29275212e,1,High,27.891495
e8223e3a-8a85-54bf-a4a2-aaf29275212e,2,High,34.56907594483476
e8385053-187e-517c-8b08-c4093dce2140,0,Medium,37.237587
e8385053-187e-517c-8b08-c4093dce2140,1,High,29.447765
e8385053-187e-517c-8b08-c4093dce2140,2,High,29.447765
e8ac124c-0883-538b-995e-41d5950bc539,0,High,36.643958
e8ac124c-0883-538b-995e-41d5950bc539,1,Medium,47.068804
e8ac124c-0883-538b-995e-41d5950bc539,2,High,36.643958
e8bd2556-4d56-5a15-9831-db93ac828a60,0,Medium,35.844709
e8bd2556-4d56-5a15-9831-db93ac828a60,1,Medium,35.844709
e8bd2556-4d56-5a15-9831-db93ac828a60,2,Medium,35.844709
e8d558c5-255d-52ab-8856-761a19abf2e0,0,High,27.245646
e8d558c5-255d-52ab-8856-761a19abf2e0,1,Medium,36.448894
e8d558c5-255d-52ab-8856-761a19abf2e0,2,High,27.245646
e91d206a-61f7-5c79-adb1-31a8c8f48abe,0,High,24.085908
e91d206a-61f7-5c79-adb1-31a8c8f48abe,1,High,24.085908
e91d206a-61f7-5c79-adb1-31a8c8f48abe,2,High,24.085908
e9bd7991-c48c-50c3-8031-a8a2f7de6563,0,Low,50.94359
e9bd7991-c48c-50c3-8031-a8a2f7de6563,1,High,34.0511182119417
e9bd7991-c48c-50c3-8031-a8a2f7de6563,2,Medium,40.284971
e9d650d4-0af4-524c-bf9c-4def79283d34,0,High,30.692886
e9d650d4-0af4-524c-bf9c-4def79283d34,1,High,30.692886
e9d650d4-0af4-524c-bf9c-4def79283d34,2,High,42.58759763793021
eafc5389-e1b0-5380-842d-43b9eb97e4fa,0,High,32.037999
eafc5389-e1b0-5380-842d-43b9eb97e4fa,1,High,32.037999
eafc5389-e1b0-5380-842d-43b9eb97e4fa,2,High,48.38191525636954
ebb37b20-0a13-57a8-8655-3d2e47c92a76,0,Medium,49.56743191031778
ebb37b20-0a13-57a8-8655-3d2e47c92a76,1,Low,43.013901
ebb37b20-0a13-57a8-8655-3d2e47c92a76,2,Low,64.18139980682922
ec6acb28-06ed-5ea8-a85a-f6db6051d9d0,0,High,21.917735
ec6acb28-06ed-5ea8-a85a-f6db6051d9d0,1,High,37.29767930252126
ec6acb28-06ed-5ea8-a85a-f6db6051d9d0,2,High,21.917735
ecd31ee5-8251-5192-8479-929d11c1bb77,0,Medium,44.594687
ecd31ee5-8251-5192-8479-929d11c1bb77,1,High,36.410467
ecd31ee5-8251-5192-8479-929d11c1bb77,2,High,36.410467
ed7cb430-ff65-515f-ada3-96b92f708940,0,High,27.246792
ed7cb430-ff65-515f-ada3-96b92f708940,1,High,27.246792
ed7cb430-ff65-515f-ada3-96b92f708940,2,High,27.246792
eee54f0b-1634-5f4a-ab23-bc5c6230b9ce,0,High,35.012114
eee54f0b-1634-5f4a-ab23-bc5c6230b9ce,1,High,35.012114
eee54f0b-1634-5f4a-ab23-bc5c6230b9ce,2,High,35.012114
ef16b679-aa39-5a25-8430-a3f4be76563f,0,Low,57.720873
ef16b679-aa39-5a25-8430-a3f4be76563f,1,High,91.42789113418344
ef16b679-aa39-5a25-8430-a3f4be76563f,2,Medium,46.438775
ef583ab9-e43b-5cc9-bb94-0d7526855dc6,0,Low,39.668537
ef583ab9-e43b-5cc9-bb94-0d7526855dc6,1,High,23.936016
ef583ab9-e43b-5cc9-bb94-0d7526855dc6,2,High,23.936016
efa58933-8fe6-5c78-903f-81efd3422e1c,0,High,27.329418
efa58933-8fe6-5c78-903f-81efd3422e1c,1,Medium,68.19697044238289
efa58933-8fe6-5c78-903f-81efd3422e1c,2,High,27.329418
f01379f7-1275-51d7-99b1-bce06ed69a97,0,Medium,38.31075650801156
f01379f7-1275-51d7-99b1-bce06ed69a97,1,High,28.70360114010489
f01379f7-1275-51d7-99b1-bce06ed69a97,2,High,25.746975
f0795a79-8f6c-5aa7-b630-2c7de286e73a,0,High,24.05572
f0795a79-8f6c-5aa7-b630-2c7de286e73a,1,High,24.05572
f0795a79-8f6c-5aa7-b630-2c7de286e73a,2,High,24.05572
f0be7b89-cb64-5e2b-9161-e11be9779336,0,Medium,40.953176
f0be7b89-cb64-5e2b-9161-e11be9779336,1,Medium,40.953176
f0be7b89-cb64-5e2b-9161-e11be9779336,2,High,31.612899
f10b952e-aa55-5b23-b67e-ef8ec15da924,0,High,21.80708
f10b952e-aa55-5b23-b67e-ef8ec15da924,1,High,21.80708
f10b952e-aa55-5b23-b67e-ef8ec15da924,2,High,23.741793676859253
f1348a6c-fe00-517a-9b99-df4faba88270,0,High,23.871396
f1348a6c-fe00-517a-9b99-df4faba88270,1,Medium,31.492021
f1348a6c-fe00-517a-9b99-df4faba88270,2,High,23.871396
f2469e5e-b855-5f4f-bc5d-49bebb618767,0,Medium,27.948568
f2469e5e-b855-5f4f-bc5d-49bebb618767,1,Low,32.558735
f2469e5e-b855-5f4f-bc5d-49bebb618767,2,Low,32.558735
f29acdd4-3ba9-5de8-aa26-b4804dd89985,0,High,47.36387074921173
f29acdd4-3ba9-5de8-aa26-b4804dd89985,1,High,25.330981
f29acdd4-3ba9-5de8-aa26-b4804dd89985,2,High,25.330981
f2dd10b0-ea83-5239-b110-16759b0a4664,0,High,20.763881
f2dd10b0-ea83-5239-b110-16759b0a4664,1,High,20.763881
f2dd10b0-ea83-5239-b110-16759b0a4664,2,Medium,27.848292
f3537ea6-8622-51a5-8a06-c0a6ad7ced4f,0,Medium,30.724669
f3537ea6-8622-51a5-8a06-c0a6ad7ced4f,1,Medium,30.724669
f3537ea6-8622-51a5-8a06-c0a6ad7ced4f,2,High,24.143652
f421c3e3-460a-53cf-8742-998b9ebed808,0,High,36.400135
f421c3e3-460a-53cf-8742-998b9ebed808,1,Medium,50.119337934063516
f421c3e3-460a-53cf-8742-998b9ebed808,2,High,36.400135
f4475d6c-69d8-550e-b89a-64cf63df94f5,0,Low,51.649213
f4475d6c-69d8-550e-b89a-64cf63df94f5,1,High,33.266101
f4475d6c-69d8-550e-b89a-64cf63df94f5,2,High,65.69660686305392
f447e6f4-696a-5b48-b681-4bfe2e1a6f29,0,Medium,40.814696
f447e6f4-696a-5b48-b681-4bfe2e1a6f29,1,Medium,107.41902199479068
f447e6f4-696a-5b48-b681-4bfe2e1a6f29,2,Low,49.788859
f44cb27e-2fb5-5d82-8458-bfae3fecbd55,0,High,32.956995570862084
f44cb27e-2fb5-5d82-8458-bfae3fecbd55,1,High,24.61042
f44cb27e-2fb5-5d82-8458-bfae3fecbd55,2,High,24.61042
f489b9af-ef7a-53ef-b987-cdbb52ee0c68,0,Medium,31.31047
f489b9af-ef7a-53ef-b987-cdbb52ee0c68,1,High,25.333913
f489b9af-ef7a-53ef-b987-cdbb52ee0c68,2,Medium,31.31047
f49073ea-74a7-52b0-9095-646ee1e5fcd6,0,High,31.316296
f49073ea-74a7-52b0-9095-646ee1e5fcd6,1,High,31.316296
f49073ea-74a7-52b0-9095-646ee1e5fcd6,2,High,31.316296
f49c0dbd-d96e-550e-afc9-e0510695a5c1,0,High,23.902651
f49c0dbd-d96e-550e-afc9-e0510695a5c1,1,Medium,33.667697
f49c0dbd-d96e-550e-afc9-e0510695a5c1,2,High,23.902651
f4d15ad2-297e-5735-a75b-70fb410cf209,0,High,33.997584002286075
f4d15ad2-297e-5735-a75b-70fb410cf209,1,High,27.695529
f4d15ad2-297e-5735-a75b-70fb410cf209,2,Medium,36.86528
f4f32447-5f63-5faa-9fc4-9fe1fdadb2dc,0,High,28.555005
f4f32447-5f63-5faa-9fc4-9fe1fdadb2dc,1,High,28.555005
f4f32447-5f63-5faa-9fc4-9fe1fdadb2dc,2,Medium,37.079518
f5c751bc-2321-5343-91a9-3caaa351cb0a,0,High,25.052259
f5c751bc-2321-5343-91a9-3caaa351cb0a,1,High,25.052259
f5c751bc-2321-5343-91a9-3caaa351cb0a,2,Medium,31.768467
f60803fd-5f3a-5bf7-b89c-c03a070630cc,0,Low,50.61996944535358
f60803fd-5f3a-5bf7-b89c-c03a070630cc,1,High,24.228427
f60803fd-5f3a-5bf7-b89c-c03a070630cc,2,High,24.228427
f6197560-3a67-5180-9dff-4fac5c453ddb,0,High,32.961029
f6197560-3a67-5180-9dff-4fac5c453ddb,1,High,32.961029
f6197560-3a67-5180-9dff-4fac5c453ddb,2,High,32.961029
f684ff1e-23cb-5383-a026-639d3cdf7002,0,High,28.071214
f684ff1e-23cb-5383-a026-639d3cdf7002,1,High,33.92670610179843
f684ff1e-23cb-5383-a026-639d3cdf7002,2,Low,48.873646
f69d0c2c-e636-5588-a995-694008581f29,0,Medium,36.714946
f69d0c2c-e636-5588-a995-694008581f29,1,High,27.683643
f69d0c2c-e636-5588-a995-694008581f29,2,High,27.683643
f6ff0fe4-04cc-5668-820b-e40fb9d593cb,0,High,31.105770251324333
f6ff0fe4-04cc-5668-820b-e40fb9d593cb,1,High,25.64326793195047
f6ff0fe4-04cc-5668-820b-e40fb9d593cb,2,High,22.551697
f7243ea5-deec-5f52-9b35-c29ade0db0db,0,High,52.842456965617444
f7243ea5-deec-5f52-9b35-c29ade0db0db,1,High,31.313382
f7243ea5-deec-5f52-9b35-c29ade0db0db,2,Medium,47.39895362816918
f74865c7-3972-5a72-88c3-d1d5be54992f,0,High,20.417232
f74865c7-3972-5a72-88c3-d1d5be54992f,1,High,20.417232
f74865c7-3972-5a72-88c3-d1d5be54992f,2,High,20.417232
f77ebe58-5bbe-5332-a66a-ec2e3f8a5c24,0,High,30.060103
f77ebe58-5bbe-5332-a66a-ec2e3f8a5c24,1,High,30.060103
f77ebe58-5bbe-5332-a66a-ec2e3f8a5c24,2,High,30.060103
f8806739-dbfc-56a9-b03e-595dbeb60988,0,High,25.854211
f8806739-dbfc-56a9-b03e-595dbeb60988,1,Medium,31.137899
f8806739-dbfc-56a9-b03e-595dbeb60988,2,High,25.854211
f8e4cf15-76c2-54c0-9c6d-4aec55bd406d,0,High,28.740891
f8e4cf15-76c2-54c0-9c6d-4aec55bd406d,1,High,28.740891
f8e4cf15-76c2-54c0-9c6d-4aec55bd406d,2,High,53.47363678012235
f8e52ae8-a728-592b-8801-6a63c659044b,0,Low,35.508996
f8e52ae8-a728-592b-8801-6a63c659044b,1,Medium,26.138215
f8e52ae8-a728-592b-8801-6a63c659044b,2,Medium,26.138215
f92eaa27-bce8-5d83-95c9-12801bf2e0e6,0,High,24.776955
f92eaa27-bce8-5d83-95c9-12801bf2e0e6,1,High,24.776955
f92eaa27-bce8-5d83-95c9-12801bf2e0e6,2,High,24.776955
f94bfd04-90e5-59b1-8195-757d21542d7c,0,Medium,31.319315
f94bfd04-90e5-59b1-8195-757d21542d7c,1,High,23.853792
f94bfd04-90e5-59b1-8195-757d21542d7c,2,Medium,31.319315
f9e43946-1516-5216-b216-e2c36f6ccc92,0,High,20.592168
f9e43946-1516-5216-b216-e2c36f6ccc92,1,High,20.592168
f9e43946-1516-5216-b216-e2c36f6ccc92,2,Medium,27.630876
fa01e9b5-9514-5f56-a8c1-8a1e87b7df07,0,High,29.976423
fa01e9b5-9514-5f56-a8c1-8a1e87b7df07,1,High,29.976423
fa01e9b5-9514-5f56-a8c1-8a1e87b7df07,2,High,29.976423
fa219153-d1ae-5c7c-8f81-702ed625a22b,0,High,24.179605
fa219153-d1ae-5c7c-8f81-702ed625a22b,1,Medium,33.058058
fa219153-d1ae-5c7c-8f81-702ed625a22b,2,High,24.179605
fa79fd30-8d8a-5353-85c8-707f330b869f,0,High,30.73086
fa79fd30-8d8a-5353-85c8-707f330b869f,1,High,30.73086
fa79fd30-8d8a-5353-85c8-707f330b869f,2,High,30.73086
fadaada8-a5df-53e6-8400-cafff5f28d82,0,Medium,26.517641
fadaada8-a5df-53e6-8400-cafff5f28d82,1,High,24.122585063145596
fadaada8-a5df-53e6-8400-cafff5f28d82,2,Medium,26.517641
fb22d799-19a4-5780-9058-139264407aa2,0,Medium,31.934513
fb22d799-19a4-5780-9058-139264407aa2,1,High,34.13103630703854
fb22d799-19a4-5780-9058-139264407aa2,2,High,29.452534820212804
fb2f0f6c-1dc7-5909-9a7d-90c3d64aea95,0,High,39.19516486003381
fb2f0f6c-1dc7-5909-9a7d-90c3d64aea95,1,High,30.805055
fb2f0f6c-1dc7-5909-9a7d-90c3d64aea95,2,High,30.805055
fb387346-109e-5a4e-91b9-3e5b6ef2eb10,0,Medium,34.879179
fb387346-109e-5a4e-91b9-3e5b6ef2eb10,1,High,29.506803
fb387346-109e-5a4e-91b9-3e5b6ef2eb10,2,High,33.09975733575962
fb3bf8ce-db9a-54d7-aab2-b7a10889ec9f,0,High,21.877883
fb3bf8ce-db9a-54d7-aab2-b7a10889ec9f,1,Medium,33.753618741179714
fb3bf8ce-db9a-54d7-aab2-b7a10889ec9f,2,High,21.877883
fb8a9bd4-6bec-5fcf-b727-7d0705ba1720,0,Medium,46.29806
fb8a9bd4-6bec-5fcf-b727-7d0705ba1720,1,High,37.882287
fb8a9bd4-6bec-5fcf-b727-7d0705ba1720,2,Medium,46.29806
fc335993-7e2c-5ea7-9d08-16796418d3ee,0,High,29.801331
fc335993-7e2c-5ea7-9d08-16796418d3ee,1,Low,48.23341
fc335993-7e2c-5ea7-9d08-16796418d3ee,2,High,29.801331
fc4f51b1-461b-56ff-a12c-f09fe147aefd,0,High,27.380732
fc4f51b1-461b-56ff-a12c-f09fe147aefd,1,High,27.380732
fc4f51b1-461b-56ff-a12c-f09fe147aefd,2,Medium,36.919143
fd23fe47-255f-57ef-8f41-0be6dda977a0,0,Medium,25.745614
fd23fe47-255f-57ef-8f41-0be6dda977a0,1,High,22.088453
fd23fe47-255f-57ef-8f41-0be6dda977a0,2,High,22.088453
fd7a6b00-eadb-5489-babc-07588c7ea406,0,High,45.078022327214796
fd7a6b00-eadb-5489-babc-07588c7ea406,1,High,34.216969
fd7a6b00-eadb-5489-babc-07588c7ea406,2,High,34.216969
fd8fe201-6cd3-5a6a-9193-18897b9e46a9,0,Medium,47.586734444648236
fd8fe201-6cd3-5a6a-9193-18897b9e46a9,1,Low,34.890266
fd8fe201-6cd3-5a6a-9193-18897b9e46a9,2,Low,34.890266
ff034000-33b2-5b37-abe7-fca920186972,0,High,35.552801
ff034000-33b2-5b37-abe7-fca920186972,1,High,39.01969274696105
ff034000-33b2-5b37-abe7-fca920186972,2,High,43.023048224130456
ff197331-c0ec-514d-848f-43162aefbc43,0,High,31.351749
ff197331-c0ec-514d-848f-43162aefbc43,1,High,31.351749
ff197331-c0ec-514d-848f-43162aefbc43,2,High,49.65127362325916
ff564ab8-0467-55ce-9273-94c538d2bbf0,0,Medium,42.19404677226799
ff564ab8-0467-55ce-9273-94c538d2bbf0,1,High,31.172954
ff564ab8-0467-55ce-9273-94c538d2bbf0,2,High,31.172954
ffb47ebd-b537-5d6e-bf42-2520973a7d1b,0,High,30.141362150718457
ffb47ebd-b537-5d6e-bf42-2520973a7d1b,1,High,24.603983
ffb47ebd-b537-5d6e-bf42-2520973a7d1b,2,High,24.603983
