transaction_id,High,Low,Medium,ordering_ok,low_minus_medium_ms,medium_minus_high_ms,low_vs_medium_pct,medium_vs_high_pct
002b9f71-04f1-5937-9c16-3470136dd6dc,34.735521,59.558783,47.279159,True,12.279623999999998,12.543638000000001,25.97259397105604,36.11184642948066
006ca6d7-2113-5e40-8812-de583cc5c117,35.192886,59.519256,48.003524,True,11.515732,12.810637999999997,23.989347115432608,36.40121472277095
006ec7c4-7bbd-55ba-9138-807e1c4c988e,36.525243,58.628935,46.216302,True,12.412633,9.691058999999996,26.857694066478967,26.532496991190435
0087127e-c89f-572e-972a-057dd92716c6,32.302378,51.480569,40.907439,True,10.573130000000006,8.605061,25.84647256945126,26.639094496386612
011ecbf6-dc71-5b19-b123-7c2fb2411afa,34.016948,56.292347,46.997789,True,9.294558000000002,12.980840999999998,19.77658566023181,38.15992251862219
01440b5a-8496-54c3-acb3-e315e21312d5,32.080032,50.804875,40.944555,True,9.860320000000002,8.864522999999998,24.08212764798641,27.632525428902312
01c21ab9-0508-5411-a641-0f98dacce6ba,30.659332,52.632105,40.643008,True,11.989097000000001,9.983676000000003,29.49854745003126,32.563253498151894
027edc78-b22f-5a49-8bea-93a58d26fd20,20.522681,37.720026,27.884205,True,9.835820999999996,7.361524000000003,35.27380823659844,35.87018674606892
02f15c4d-03d8-5ae0-8951-33b67a411614,21.638728,39.44726,28.885096,True,10.562164,7.246368,36.56613777568889,33.487957332797016
030ad86f-64cb-5dc0-b815-5c6c312ed82a,30.98147,50.496427,41.697494,True,8.798932999999998,10.716023999999997,21.10182688676686,34.58849434839598
0312ed91-0dbc-53d9-9595-9a0bb2c6ad4c,24.249899,41.019319,31.195826,True,9.823493000000003,6.945927000000001,31.489767252836977,28.643117235251168
0331c0ca-4ed3-5b7e-9af1-ea42c5f3eea7,20.584487,35.328827,28.191534,True,7.137292999999996,7.6070470000000014,25.317150177070875,36.95524207137152
034ace7a-2692-5f1c-b3e6-e789af5d2944,34.49264,59.85752,44.567274,True,15.290246000000003,10.074633999999996,34.30823702611922,29.20806873582305
03772058-7cd6-5f74-aea1-f5639c71f661,34.731139,59.610018,45.675302,True,13.934715999999995,10.944163000000003,30.508207696141763,31.511097289380587
03800b45-8301-53c2-9f30-6b7dd80497ae,21.161629,31.401046,27.246777,True,4.154268999999999,6.085148,15.246827175192129,28.75557453540084
03c2d846-b2d7-57e1-8ffc-2c800782ab44,27.190341,42.573071,37.59729,True,4.975780999999998,10.406949000000001,13.234413969730257,38.274433557122364
04147f2c-067b-5551-99e6-2a9106a91ad3,21.250065,35.748624,27.548608,True,8.200015999999998,6.298543000000002,29.765627359465846,29.640111689070135
044c92c1-f354-5ff1-b135-2fda326aba5d,35.492888,57.666637,47.761104,True,9.905532999999998,12.268216000000002,20.739748813176508,34.56527966954958
048c2934-3022-5d0d-a6ea-c03796b449ed,28.174795,45.633336,36.958512,True,8.674824000000001,8.783717,23.47178912397772,31.175797374923224
05089c32-86d3-566e-8442-8504f02a4fdf,24.204766,39.51519,33.547559,True,5.967630999999997,9.342793,17.788569952287727,38.59898087839395
052c87ae-edb7-509d-ad69-c6647c7988eb,31.480106,51.042453,40.121395,True,10.921058000000002,8.641289,27.220035594475224,27.449999691868893
0531499a-3c32-5e9e-a341-4315f9e6ccf4,34.18875,57.113029,44.596166,True,12.516863,10.407415999999998,28.06712801275339,30.44105444042265
056650cb-a96b-5432-815e-2fcc7faddedd,31.488615,51.421558,40.377996,True,11.043561999999994,8.889381000000004,27.35044602015413,28.230460437843973
05fbb944-dcb6-57f8-b0a9-9028d6250294,32.861591,51.296114,41.068831,True,10.227283,8.207240000000006,24.90278576470803,24.975175425925077
060ffd69-8ab6-5349-a202-db2e986ce3b8,34.075977,57.117874,44.450174,True,12.667700000000004,10.374196999999995,28.498651096393917,30.44431271919216
070e8076-9505-57fa-9781-f3f170b49d1c,36.986262,58.010082,43.985017,True,14.025064999999998,6.998754999999996,31.886005636874025,18.922579956849912
077472d9-90f6-5173-aaeb-5fa51f9684f5,34.133379,57.530325,43.769847,True,13.760477999999999,9.636468,31.43825931125599,28.231802072686683
07960d88-70bc-5a15-bc6d-8b89673096e9,28.038303,48.015214,36.260674,True,11.754539999999999,8.222371000000003,32.41677195520414,29.325494485169102
07b89b9e-50a4-5022-8e6d-b89b3f761a1c,29.875414,44.096905,35.731551,True,8.365353999999996,5.856137000000004,23.411673341579814,19.60186058007432
082079e6-26f0-5c4a-88c0-058ade7de1c8,31.983782,52.912644,40.30579,True,12.606853999999998,8.322008,31.278022338726018,26.019461988579085
08b6ccb9-f02d-50fb-b837-bcda2a1486b0,36.700276,57.855716,46.18846,True,11.667256000000002,9.488183999999997,25.26011042585096,25.853167970725877
08d70150-f884-57a0-933c-1f31c5bcee5f,27.420095,46.868344,38.250091,True,8.618253000000003,10.829995999999998,22.531326788216017,39.496566295630984
092b61d7-aa22-505b-add5-4f5b5d3a74d7,25.128322,39.552689,31.253999,True,8.29869,6.125677,26.552410141179056,24.37758080304765
096b21bc-bbb4-5254-b3e5-e130aff24b8f,33.040349,53.203791,40.5154,True,12.688391000000003,7.475051000000001,31.3174521293138,22.624007391689478
09ac347b-27bc-511e-b961-ac76c23466ef,21.808168,35.080446,28.039591,True,7.0408550000000005,6.231423000000003,25.110405497712147,28.573803173196406
0a3f3df4-0b7b-54d1-af8d-ddb185924247,21.215788,33.391872,28.118014,True,5.273858000000001,6.902225999999999,18.75615397303665,32.533441604902904
0a621106-076a-5b26-9318-2ee62727e903,20.49485,32.865745,26.556575,True,6.309169999999998,6.061724999999999,23.757468724788488,29.57682051832533
0a70e6cc-59dd-5d07-beff-0e3313451a1b,24.14003,41.575281,30.994726,True,10.580554999999997,6.854696000000001,34.136630212507754,28.395557089199976
0a867ee4-d35f-5013-a1a6-110ac16ed1a1,21.225072,32.144327,27.408373,True,4.735953999999996,6.183301,17.279223396441648,29.132061365916684
0ab40aab-3aaf-5c69-844a-986afe70651d,34.709768,55.992337,47.416098,True,8.576239000000001,12.706330000000001,18.08718844810891,36.607360786738774
0b09dc7b-5678-5f2c-85d5-aae0d3822444,37.382746,58.074827,44.231505,True,13.843322,6.848759000000001,31.29742476544716,18.320641827649585
0b1b6c93-e198-5fe7-8c52-ce99b8aa8761,29.37451,43.432928,39.216224,True,4.216704,9.841713999999996,10.752447762436281,33.50426611371559
0ba231bc-5c82-5feb-a1e8-c4074ee665f2,20.728207,36.776397,27.901964,True,8.874433000000003,7.173756999999998,31.805764640797342,34.60867116967714
0bd78f65-b6c9-5916-8278-ccecc0039ab2,20.465832,33.431226,27.521194,True,5.910032000000001,7.055362000000002,21.47447527167608,34.47385867332441
0bdb3baa-dd01-5350-90a7-4d8ca40094a2,25.198903,39.962074,31.465343,True,8.496731,6.266439999999999,27.00345901203111,24.86790794027819
0ca950b2-a3e8-556d-92b0-6dcc731da193,31.238993,52.936157,40.429323,True,12.506834000000005,9.190329999999996,30.935056716136465,29.41941822516493
0d16b314-ccdd-53d5-91dc-8cead500f4c4,29.495682,46.413155,37.413018,True,9.000137000000002,7.917336000000002,24.056164087056548,26.842356111650524
0d72aa38-cac4-521a-9625-5e0d947720f7,20.76558,33.259435,27.560799,True,5.698636000000004,6.7952189999999995,20.676599397571906,32.72347317050619
0d7abbb4-76d9-502c-a2c5-a9575d2221c7,21.649278,36.42601,29.539636,True,6.886373999999996,7.890358000000003,23.31231840500674,36.44628703091162
0dbf7d7d-d5df-52eb-aded-78f268f117a9,37.938169,58.32452,45.983925,True,12.340595,8.045755999999997,26.836758715137954,21.207549578895062
0e2b52b3-6428-5b97-bb81-fd999255da72,30.663181,50.119744,41.036471,True,9.083272999999998,10.373289999999997,22.134634822765335,33.82979084916205
0e45fbc3-44a1-5dda-8128-81337380c3ce,25.352374,39.855854,33.130017,True,6.7258369999999985,7.777643000000001,20.30133881307697,30.678164498519944
0efdb3bc-4c33-5b83-ad74-4ad1996df7e6,34.097444,57.412132,46.119156,True,11.292976000000003,12.021711999999994,24.486519224246003,35.256930108896114
0f15a669-11dc-56eb-a4b1-9ce1e392828d,33.649441,51.669278,42.050703,True,9.618575,8.401261999999996,22.873755523183526,24.967018025648613
0f1ee10b-90da-5b1d-9acf-7cc7d4551825,35.639306,55.887069,45.964415,True,9.922653999999994,10.325109000000005,21.58768690953642,28.971128113437466
0f5f0b8e-bba3-5114-b251-37d5ed152644,23.913389,39.290522,31.537826,True,7.752696000000004,7.624437,24.582214385988443,31.883548584435275
102c72b9-e6af-5c40-9cf5-ccbafc6cdbb7,20.937884,36.293085,27.663952,True,8.629133,6.726067999999998,31.192697991957186,32.12391471841184
10eaaf9e-0c47-53a1-b244-c94929cb486f,31.050119,51.11192,40.361686,True,10.750233999999999,9.311567,26.634749598914176,29.988828706260357
11856bc6-cfc7-5941-b98d-541105d1ce12,34.719272,59.776267,47.014016,True,12.762251,12.294744000000001,27.145630358402055,35.41187153924196
11aebadb-66f8-5dad-b88f-38cf092fb1db,23.669527,34.08435,30.832749,True,3.251601000000001,7.163222000000001,10.545932832651415,30.263477592940497
122118bd-1707-5e1c-9522-d9f0df13190e,20.794562,36.070337,28.54896,True,7.521377000000001,7.754398000000002,26.345537630792858,37.29050893209485
122580d8-53f8-5ed8-a06f-6182625c2c80,30.845391,50.697943,41.369509,True,9.328434000000001,10.524118000000001,22.549056601082697,34.11893206346453
12436bc8-1fda-500d-a0fb-3e1bfe9790b5,36.125666,58.408397,44.14001,True,14.268387000000004,8.014343999999994,32.32529172512649,22.18462629865424
12883821-e0bc-5420-a24b-47236bcf8b94,27.799012,44.239582,36.829782,True,7.409799999999997,9.03077,20.119043875958855,32.48593870890088
12ac1209-c23d-5d71-82ec-f349fe0072fb,33.393107,51.396783,39.94239,True,11.454392999999996,6.549283000000003,28.67728495966314,19.612679347267694
12e33a49-5163-501c-a70e-c442ef7c445a,29.36989,47.1495,36.962273,True,10.187227,7.592383000000002,27.56114863390571,25.850907170575038
12f74c2f-806b-518a-acb9-244b109d6efd,28.842457,44.088626,37.208851,True,6.879774999999995,8.366394000000003,18.48961958002948,29.007216687538108
134d33e6-a3a2-5550-b005-c20a8cc38221,34.666645,53.748781,42.70481,True,11.043970999999999,8.038165,25.861187533675945,23.187028914969993
1382dd1c-b770-563c-aae3-0e74118a32de,24.138385,40.92956,31.019282,True,9.910278000000002,6.880897000000001,31.94876657686661,28.50603716860097
152024ed-21c4-5c7b-a73b-13722e402004,27.951427,47.784694,36.04138,True,11.743314000000005,8.089952999999998,32.582864474112824,28.94289797798158
159862dd-3f86-5420-8161-80616a1bbd45,25.056921,40.107091,31.422733,True,8.684357999999996,6.365812000000002,27.63718229092293,25.40540396004761
16532eb4-80bf-5b0d-bc9d-e6a55497353d,34.065696,57.67756,44.295857,True,13.381703000000002,10.230160999999995,30.209829781597865,30.030682478937155
16594c47-9402-56dd-8095-4fca5e228a15,31.199046,53.062122,40.193909,True,12.868213000000004,8.994862999999999,32.015330979626796,28.830570652705212
1697fa3b-b1ac-5e46-977c-0fbca9c9c898,20.545762,32.850858,28.836844,True,4.014014000000003,8.291082,13.919741009106279,40.35422000897314
16bfca3f-5607-51f9-93ee-686dcdf2f39c,30.90902,51.113928,40.535523,True,10.578405000000004,9.626502999999996,26.096628875369397,31.144639978879933
16df337f-4b88-57ad-884d-d1c8ced9d24f,23.91908,41.429598,31.670213,True,9.759384999999998,7.751132999999999,30.815659496827504,32.405648545010926
16e116a9-c09b-5d1a-a396-cd2733e1f526,34.597064,58.601456,45.7018,True,12.899656,11.104735999999995,28.225706646127723,32.097336352009506
171872c1-d8e5-5c5b-8c2f-9996888502b1,34.317332,57.166015,47.194865,True,9.971150000000002,12.877533,21.127616320122968,37.524866443580166
173f5dec-5495-58d6-8668-43d255c1c8b2,20.710004,35.025087,27.984006,True,7.041080999999998,7.274001999999999,25.161090231327133,35.12313179659453
174a421a-ff17-5579-b9a9-1eaf6ceff1cb,28.6187,47.771928,36.683421,True,11.088507,8.064721000000002,30.227570651057867,28.179899855688774
184d4859-a155-50e2-ae74-c7bbd96d08ef,35.417041,57.781136,45.447349,True,12.333786999999994,10.030308000000005,27.138628041868827,28.320570315289768
18970099-0877-505c-abd4-294473da83f6,28.017637,45.494045,36.310117,True,9.183928000000002,8.292479999999998,25.293027835740663,29.597356836338474
18c8cec2-85b7-5054-b1f9-ea93bfff7091,24.527857,38.546762,30.893933,True,7.6528290000000005,6.366076,24.771300565713016,25.954472908089766
18ec400b-f09e-598e-9580-72cfe6f2aa69,21.826398,33.272011,28.190808,True,5.081202999999999,6.3644099999999995,18.02432551773613,29.159231862261464
18f186df-5850-574e-bc12-5ac0d788a23e,26.172499,39.869095,31.848137,True,8.020958,5.675638000000003,25.18501474670245,21.685502786722825
19221dcc-09e9-591e-90db-d7e910231135,24.149124,40.400955,31.114034,True,9.286921000000003,6.96491,29.848013279152436,28.841253206534528
193d27d2-7329-5b7a-82be-a2c4e5a06c47,27.68782,47.682547,37.502207,True,10.180340000000001,9.814387,27.145975702176678,35.44658626067347
19af3230-a76d-59ef-8e4e-9776da7276fb,31.248852,51.413956,40.217037,True,11.196919000000001,8.968184999999998,27.84123305752237,28.699246295511905
19d15394-28c3-519e-a032-838abad9b520,24.525964,38.348476,30.9977,True,7.350776,6.471736,23.713940066521065,26.38728491976911
19d1d7ea-8f37-54b2-8ff2-8ff6fef08ed8,24.234512,41.126355,32.951318,True,8.175036999999996,8.716806000000002,24.80943857845078,35.9685641699738
19f1d0d1-9e4e-5555-9e8e-4adf8816013d,30.759606,50.402676,40.548664,True,9.854011999999997,9.789058,24.30169339241361,31.824393329355388
19f29c8c-7363-5cd3-8d5b-15110c3009ee,21.717309,36.105928,28.292714,True,7.8132139999999985,6.575405,27.615639842823132,30.277254884571565
1a22f1b1-b2ba-5168-9b0d-f21599564ca5,36.098397,57.604871,47.735563,True,9.869308000000004,11.637166,20.674958835197994,32.237348378655156
1a2618d9-d569-5862-a7ae-8a5fec39364e,21.148525,34.78863,27.122878,True,7.665751999999998,5.974353000000001,28.263047896318366,28.24950203382979
1a483f13-0b45-5dea-947d-b36a12a6fc5c,20.621965,32.774613,25.9941,True,6.780513000000003,5.372135,26.0848154004178,26.050548529201752
1aa61d85-7c52-58a2-8972-ae64f906c9da,34.160795,56.939622,45.147418,True,11.792203999999998,10.986623000000002,26.1193320069821,32.161496826991296
1c455fd7-6cc3-5e27-941c-8ceaa589c546,34.040218,57.028507,45.829592,True,11.198915,11.789373999999995,24.43599105137135,34.63366186432764
1c91a4b3-8e7a-5bf0-8a6f-6f00cf17fedc,29.921561,46.081012,36.877257,True,9.203755000000001,6.955696,24.957808006164885,23.246434235165736
1cc79656-6134-5839-89a3-b092d57b3a4a,34.629963,52.016653,42.480197,True,9.536456000000001,7.850234,22.449180261569886,22.668906692161357
1d3b687c-0475-5ea3-bdb3-c18d5515fabf,27.319504,42.435716,38.460411,True,3.9753049999999988,11.140907000000002,10.336095992317915,40.78004856896378
1d620def-950c-5657-80e7-9cc476dd6d8b,29.927631,46.341047,35.521977,True,10.819070000000004,5.594345999999998,30.45739824672485,18.692912913822006
1d659387-cf37-50bc-8c0f-296ee420f630,24.318857,41.25949,33.005772,True,8.253718,8.686914999999999,25.006892733792135,35.72090168546983
1d940974-5708-559c-8fba-f9215072442f,32.20569,43.386002,36.126359,True,7.259642999999997,3.9206690000000037,20.095141611143255,12.173839467497837
1e3aaaad-794a-5c0e-8bd1-30a486532bb6,21.003666,34.612988,27.687523,True,6.925465000000003,6.683857,25.0129453617068,31.82233520567314
1e511552-e132-544b-8ef7-190c634d380c,33.240385,51.481321,40.82542,True,10.655901,7.585034999999998,26.10114237648994,22.818733898539374
1eae0c5e-b84b-5a44-97f4-2c5c3fa03d68,28.003654,41.815232,36.35596,True,5.459271999999999,8.352306000000002,15.016167913046438,29.82577202246536
1f0e89d2-468e-5779-8367-5b3085635d2c,37.958776,58.112343,46.183762,True,11.928581000000001,8.224986000000001,25.82851739102588,21.668206582846615
1f47ac5d-e35b-593b-aecd-703ce08c8f11,30.668235,52.601424,41.205353,True,11.396071,10.537118000000003,27.656773138189106,34.35841025738848
1f5df9f9-78fd-5097-a37f-eb5a97bd64ac,37.865091,57.935907,46.033641,True,11.902265999999997,8.168550000000003,25.855582442414228,21.57277266282023
1f95b840-821b-5ab7-b822-988987b0c7f4,25.325275,40.479483,33.400191,True,7.079292000000002,8.074915999999998,21.195363822919465,31.88481072762289
1fe00ce2-1020-536c-963e-6965d7042142,34.734231,59.565932,46.022322,True,13.543609999999994,11.288091000000001,29.42835000806781,32.49846239578473
1ff689b3-6ba5-56fe-b8fb-8fdc609c53b6,30.769615,50.912139,40.383442,True,10.528697000000001,9.613827,26.071816760938805,31.244547583712052
203f57be-2e8b-5fb6-99a1-74ba85ecd0d3,28.315148,47.439363,36.671611,True,10.767752000000002,8.356462999999998,29.3626369455108,29.512340885521766
205bedf2-553d-5d61-85bc-40b67037f983,29.532123,46.200699,37.214789,True,8.985909999999997,7.682666000000005,24.146072680944116,26.01460788985609
2095851f-46b0-5439-9139-f8aa85034077,23.807351,40.727437,31.099256,True,9.628181000000001,7.291905,30.959521989850824,30.62879612267656
20d7a9f4-86f2-5406-862a-188b40786fcc,20.910304,37.675253,28.797236,True,8.878016999999996,7.886932000000002,30.829406683335847,37.717921269819904
20f343cb-54fe-5bc8-baeb-fb0a8dba8eee,25.590331,39.518611,32.549122,True,6.969489000000003,6.958790999999998,21.41221812373312,27.19304803052371
214eff1f-554f-5805-8eb8-0ceee044fd09,32.77111,53.29296,40.689813,True,12.603147,7.918703000000001,30.973715706189164,24.163670379184595
2182c8ab-233e-5794-bf9a-b805cccd087f,27.436275,45.932927,34.330715,True,11.602212000000002,6.8944399999999995,33.795427796945106,25.128921473487196
21c370da-2daf-5c4e-ae3f-e7525a9aa05f,24.349257,40.924278,33.011415,True,7.9128630000000015,8.662157999999998,23.97008125825567,35.574629648863606
2218b09a-1ca3-5e7d-b0d9-8c2ea5ffcc42,25.825584,39.953201,32.085617,True,7.867584000000001,6.260033,24.520594383458487,24.23965707803549
221b7076-eea8-5a20-98a8-1d3c311c390a,24.629896,38.352306,32.741996,True,5.610309999999998,8.112100000000002,17.13490527578098,32.935989660695284
2239011b-d3c6-51b6-b7e8-6f6d065bb3d6,29.846269,43.164265,37.291248,True,5.873016999999997,7.444979000000004,15.749049213906696,24.944421026293114
2251aa0b-7df1-5823-8e8f-3950438b23d6,37.989718,58.22463,46.054809,True,12.169820999999999,8.065090999999995,26.424647641031363,21.22966798542699
2266b497-5505-5551-b181-d6b93d0a6dfe,20.476577,35.438203,27.81563,True,7.622573000000003,7.339053,27.40392002625863,35.84121017883019
22c04ab7-ed0b-5c39-81b4-ddbf10ca8eed,20.753346,34.214549,27.226333,True,6.988215999999998,6.472987,25.66712160613035,31.190088576560132
22e13f2f-c50f-5ca8-b7b5-792aa0436d21,34.85111,59.747601,45.044788,True,14.702813000000006,10.193677999999998,32.64043111935616,29.249220469591926
22f7e957-ac0b-575f-b24b-e832d58b10e9,21.886365,36.335286,26.5737,True,9.761586000000005,4.687334999999997,36.73401144740855,21.416690254411808
2460f192-8a40-5a1b-b3d7-f3da9a6294ea,22.470312,36.338176,29.410263,True,6.927912999999997,6.939951000000001,23.556106927707503,30.88497836612149
2479af3b-eb57-511b-9bc0-707e7f041493,34.061769,60.474255,44.341988,True,16.132267,10.280219000000002,36.38146986102653,30.181107152714244
24897818-2c71-5573-a17b-c7596e94bc4e,29.55279,48.547107,37.320882,True,11.226225,7.768091999999996,30.08027784552359,26.285477614803867
24e0142f-f228-502b-94c9-4c72ad8d53e0,25.376708,39.676986,31.259021,True,8.417964999999999,5.882313,26.92971414555817,23.179968812345557
24e99fc4-e985-5c76-a39c-3790a00e9184,24.434293,41.08248,32.821712,True,8.260767999999999,8.387418999999998,25.168607901988775,34.32642393213504
25897c4f-10c0-567d-bec4-4239ab833b1a,34.100292,56.361402,44.099382,True,12.26202,9.999089999999995,27.80542366784188,29.32259348395021
260ddc4b-781d-51f7-82c7-b79f8cc3b60d,32.865083,51.614755,40.851936,True,10.762819,7.9868530000000035,26.345921524992104,24.301940755786326
264edf62-d2aa-5a90-958a-ee73b9ee7e28,31.479179,51.476276,40.154487,True,11.321788999999995,8.675308000000005,28.195576250295503,27.558876297250336
265e4888-dd8e-55a1-87f4-ce90d23a768c,27.559041,44.42498,36.413756,True,8.011223999999999,8.854714999999999,22.000542871765273,32.12998231687379
2673d003-770b-5f1b-b738-748a9c1028c9,27.358539,47.066017,37.032992,True,10.033025000000002,9.674453,27.092126393676217,35.361731121680144
2691afbd-411c-5c58-8821-16c9bf02fc55,34.129504,56.472968,45.905061,True,10.567906999999998,11.775557000000006,23.021224173953275,34.50257290583539
26f4c5cf-a165-5c19-967e-4b8a0efe3f25,34.343927,56.318463,46.081623,True,10.23684,11.737696,22.214582155667564,34.1769186732781
26ffec8b-241c-5f3f-aeb7-3df362d2eb95,32.703303,51.727176,40.827736,True,10.899439999999998,8.124433000000003,26.696165567446595,24.84285150035152
273dc82e-7675-5d7d-bedf-e22a53bae41d,21.998932,36.568598,25.847059,True,10.721539,3.8481270000000016,41.48069225206628,17.492335537016075
2786b6db-7b5f-5b0e-9b70-0fe46d5a4fe8,20.788412,32.319883,27.777327,True,4.542555999999998,6.988914999999999,16.35346698406221,33.61928270422963
27b99791-804b-500a-9037-8264f5165329,36.683039,57.741359,46.09745,True,11.643909,9.414411000000001,25.259334301571997,25.664206828665424
27ed83b2-be03-55c4-bb3e-2747d6f11d3e,24.014697,39.584365,33.211057,True,6.3733080000000015,9.196359999999995,19.19031965769714,38.29471593999289
282ccca9-f3f2-5b5e-bf6a-99c77d7e91f4,30.760125,51.195669,40.315437,True,10.880232,9.555312000000004,26.98775657572557,31.063956989771675
283b5935-a00a-53db-aced-f81226d164f4,24.311395,41.037719,31.091321,True,9.946398000000002,6.779926,31.99091476364096,27.88785258928992
283d3ac1-0eea-511e-a299-dec6962743ba,28.467388,46.734639,35.825024,True,10.909615000000002,7.357635999999999,30.452498789672834,25.8458415643894
2848dc04-e834-524b-8a6c-571f17bd47b3,20.784263,37.71068,29.791058,True,7.919622000000004,9.006795,26.583889702742358,43.334685478142774
28ce8a1a-6e37-5249-9545-b0b74bf3d634,31.091351,47.415066,35.669382,True,11.745684000000004,4.578030999999999,32.929317362437075,14.724451825846998
29282cd1-fa1d-509b-9bca-ac0eca48c93b,27.694682,44.554533,37.00016,True,7.554372999999998,9.305478,20.417136034006333,33.6002341532573
2a028d4f-843b-5236-9bcf-9db0987f73f5,23.847443,39.579373,33.291569,True,6.287803999999994,9.444126000000004,18.887076184363654,39.60225840564963
2aa6e3b6-b17b-53cc-ba0a-e5aa3bc90cd9,24.158038,40.965778,31.382666,True,9.583112,7.224627999999999,30.536322184992187,29.905690188913514
2ac27ae0-f91b-5a9c-ac42-ae4a2d80de4f,20.467113,35.587511,28.208499,True,7.3790119999999995,7.7413859999999985,26.15882539514066,37.82353671472864
2ae9c647-f4f5-5426-9120-a9fd75d8b8a0,28.683752,46.235248,36.491875,True,9.743372999999998,7.808123000000002,26.700116121739427,27.221414409105204
2b34d23f-3619-53e1-bf41-f0c5d3399e9c,34.674871,59.794116,43.630946,True,16.16317,8.956074999999998,37.04519723225804,25.82871901671962
2b3c67ff-af4e-5b90-8c00-4979d4bb4836,21.562539,37.794418,26.242879,True,11.551539000000002,4.6803399999999975,44.01780383928152,21.705885378340636
2b3fe9c4-03c6-5ba5-b1be-3f68d7db2414,24.599792,38.826975,31.498319,True,7.328655999999999,6.898526999999998,23.266816238669747,28.043029794723456
2b4b96b0-3ff5-5b8b-9eaa-f42d6f3eb8dd,32.992191,51.913521,40.997634,True,10.915887000000005,8.005443,26.625651129038335,24.264660082745035
2b7495fe-5b41-54ab-a779-3ac6d858464a,27.582147,45.999007,36.921741,True,9.077266000000002,9.339593999999998,24.58515160484984,33.86101161740599
2b85986c-be56-5f86-9581-6b2a5cf37809,24.1302,41.387673,33.025781,True,8.361891999999997,8.895581000000004,25.31928616616212,36.86492859570167
2b951803-a57d-5612-a681-262ebe76eb44,27.382882,45.005049,37.214133,True,7.790916000000003,9.831250999999998,20.935368828826412,35.902908247568675
2bc16360-50db-5aee-a61b-29068ec46191,27.395116,45.795282,36.427834,True,9.367448000000003,9.032717999999996,25.715083691223594,32.972001286652684
2c6356fa-0c31-5ba2-b738-dc93b35bebc9,32.067271,51.29936,40.687932,True,10.611427999999997,8.620661000000005,26.080037687833325,26.88305156993249
2cc24e2a-123e-5036-ba5a-2c8a926f4da1,30.918482,50.630223,41.746609,True,8.883614000000001,10.828126999999999,21.279845747471374,35.02153501585232
2ccf2e7a-abf4-57de-bead-3519274ffb90,31.233146,51.54388,40.416218,True,11.127662,9.183072,27.532665228597097,29.401687553344768
2ce5b65f-6387-5d6a-98d4-69635ffe9bfd,24.147546,41.180525,31.021218,True,10.159307000000002,6.873672000000003,32.74954258727043,28.465302436943297
2ce89939-9ca1-5a33-89a0-b5bca7ee1f9c,29.867501,46.24803,39.578571,True,6.669459000000003,9.711069999999996,16.8511869718591,32.51383502088105
2d42d02e-3a21-54b5-b25a-93c0846c7df2,34.535503,59.681445,45.75719,True,13.924254999999995,11.221687000000003,30.430747604911918,32.49319113724796
2d874521-efe3-5204-a755-3101661d0f7b,21.231071,33.401403,27.138976,True,6.262427000000002,5.9079049999999995,23.07539901284412,27.826693245950707
2dadc7ba-2a83-5b55-b0d1-1b4c2b782f74,27.848442,49.047609,36.790449,True,12.257159999999999,8.942007000000004,33.31614680755866,32.109541352439045
2e172956-2389-5562-84e0-93782593d673,29.863333,43.46684,35.230792,True,8.236047999999997,5.367459,23.377413712413837,17.973409063214746
2e1b4eba-37ce-5d1a-9a3c-40677efa55ce,28.008974,48.003698,36.647029,True,11.356668999999997,8.638055000000005,30.98933067671051,30.84031210854066
2ea70c4f-d6e3-5ace-8f02-cc824333032c,34.44184,52.39573,38.656033,True,13.739697,4.214193000000002,35.5434738996627,12.235679046183368
2edc9143-e848-5790-a928-f3b25a763c8b,28.133558,45.796533,38.033426,True,7.763106999999998,9.899867999999998,20.411274545711443,35.188823255131815
2f066c91-12ff-522e-8288-1aed3b49b1cb,30.848756,50.376475,40.716778,True,9.659697000000001,9.868021999999996,23.724119329874288,31.988395253280217
2f2d1543-4a6d-56ff-a637-f74f4688b0a3,24.201001,41.453947,30.952205,True,10.501742,6.751203999999998,33.92889779581132,27.896383294228187
304d6b71-cb7d-517e-a03e-61cf8005c452,25.984489,39.899204,31.166002,True,8.733201999999999,5.181512999999999,28.02156657758027,19.9407923704022
3056b961-e4e3-5b45-8b11-9ba18bda6832,27.376588,46.356719,38.39379,True,7.9629289999999955,11.017202000000001,20.740148341697953,40.24315228764082
30842c92-9a8c-5787-a0eb-aab7844acb01,23.964516,38.966213,32.005811,True,6.960402000000002,8.041295000000002,21.747307074955863,33.555006911051336
30d84ab5-d210-5429-97f4-80d820d5b7a0,36.070427,59.172996,45.620695,True,13.552301,9.550267999999996,29.706476413829296,26.476725656727034
314a3933-a222-5e37-b782-eef32559529c,31.161507,51.026492,40.224561,True,10.801930999999996,9.063054000000001,26.854068090388843,29.084132548531755
31e6944c-29b7-55d1-8487-5d2d17ef3627,32.769711,52.096379,41.438373,True,10.658006,8.668661999999998,25.720136261141334,26.453275709389068
3202960b-2340-5c6b-beb1-f97e53d3a33c,31.079964,47.411077,39.350934,True,8.060142999999997,8.270970000000002,20.48272348503849,26.61190341147114
321239b3-1a43-5628-9452-8cf98a400013,29.278433,46.782098,36.757806,True,10.024291999999996,7.4793730000000025,27.271192410123703,25.545673841219585
322d8ba1-bcc4-5621-9019-97052c2ff222,34.858527,59.607259,45.646443,True,13.960816000000001,10.787915999999996,30.58467447288281,30.947710441121036
3262cd0a-62d0-55e8-be0b-098c5f71f690,36.247779,57.812768,44.139441,True,13.673327,7.891661999999997,30.977571736805643,21.77143598232597
328112ef-2473-5750-921e-45a755320dd9,25.03955,39.587696,31.446071,True,8.141625000000001,6.4065210000000015,25.890754364829878,25.585607568826124
34da903f-7e56-5c94-841c-fec284510882,33.250813,50.75524,39.739866,True,11.015374000000001,6.489052999999998,27.718699403767495,19.515471696887527
34e3c383-4ecc-533f-8dbc-5e473272df2a,36.72191,57.980578,47.396759,True,10.583818999999998,10.674849000000002,22.330258910741126,29.069427488929637
34f66708-03e7-54ce-96bd-68fb55af9d91,30.573995,52.482758,40.450687,True,12.032070999999995,9.876692000000002,29.745034985437936,32.30422455423311
3538eb3d-c151-5982-83dd-d4b0f95ca975,36.68988,60.375685,46.282121,True,14.093564,9.592240999999994,30.45142205129277,26.144105677096775
35d1cc07-98f9-5f64-9129-0e64179d3650,27.589055,47.518069,39.306733,True,8.211335999999996,11.717678000000003,20.89040572260227,42.47219776103242
3688d699-da7c-50c3-a693-c6cced2b247a,36.23439,57.303896,48.503538,True,8.800358000000003,12.269148000000001,18.143744483134412,33.86050655192484
368cb8d6-9688-527d-9f98-6d3cf54bb7b0,21.977626,36.975983,29.020442,True,7.955541,7.042815999999998,27.413576264620644,32.045390161794536
369cb39b-4ef4-554b-b64e-18c3f9b6e25d,31.587178,51.388589,40.688441,True,10.700148000000006,9.101262999999996,26.297758618965045,28.81315640162599
36b14bfe-c463-57ea-8c02-05e3b988b536,24.860814,39.327108,33.793884,True,5.533224000000004,8.933069999999997,16.37344792921703,35.93233109744515
36bd460a-f525-5113-82db-051a9777db22,20.882616,37.764866,27.59716,True,10.167705999999999,6.714544,36.843305615505365,32.1537493195297
36f983d2-c3e7-5500-8814-615af9459f66,22.763057,37.884845,29.069507,True,8.815337999999997,6.306450000000002,30.325034408048257,27.704758635889732
3781aa85-9c1e-52ee-a4ae-58b0fcbf8fd8,27.2281,46.80273,38.294571,True,8.508159,11.066470999999996,22.217663699640347,40.64356675640238
378b4515-f4c3-5f34-b14e-3fa204c98ac8,20.855283,32.496999,27.75672,True,4.740279000000001,6.901437000000001,17.07795085298263,33.092032364173626
379db4d7-1d43-5d02-bf0d-a48c030b0571,25.402787,41.058305,33.280807,True,7.777497999999994,7.878020000000003,23.369319139406667,31.012423951749874
37ee98da-5ed6-55a0-8228-034d423f3702,32.686246,51.366174,40.704203,True,10.661971000000001,8.017957000000003,26.193783968697286,24.530063807266224
38876450-a360-584e-a401-49ede2d5a5ae,27.326101,42.617416,34.897944,True,7.719471999999996,7.571843000000001,22.120134068643114,27.709196419935655
388d84a3-fdc8-54a3-8840-ed96b05f5e95,24.079258,38.958083,33.505953,True,5.452130000000004,9.426694999999999,16.27212334476803,39.14861080852241
388fef44-d9ef-56b6-9503-bb028ffb7041,20.943183,30.402625,27.713084,True,2.689541000000002,6.769900999999997,9.704950196087891,32.3250816267995
38afc6be-6778-54ae-9b18-4020b0941ce1,29.569437,44.19282,37.421046,True,6.771774000000001,7.851608999999996,18.096164388349813,26.55312307772379
390a9fa5-8097-5880-8bba-3516ba408373,23.874303,39.600996,31.070911,True,8.530085000000003,7.196607999999998,27.453604434063756,30.143740740829156
392c7d8e-86a8-5c33-b71e-d1f21cbbda82,30.722298,51.393097,40.127322,True,11.265774999999998,9.405024000000001,28.075073138446662,30.61302250241828
396b9b39-d198-5079-8348-b849508008d6,21.792215,36.303035,27.249154,True,9.053881,5.456939000000002,33.226282915058576,25.040772587825526
39b5d89b-0edb-5f74-88ff-2d1c2d0687c5,28.661567,46.402255,37.053828,True,9.348426999999994,8.392261000000001,25.22931503865132,29.280537941278652
39b5f649-fc3c-5de6-bbab-1a12422f73da,21.665201,35.918033,29.011469,True,6.9065639999999995,7.346268000000002,23.806322940765252,33.908146063357556
39fe0d9d-682c-57de-bbd3-72a0ec3a6353,21.246324,33.261438,28.225931,True,5.035506999999999,6.979606999999998,17.840003222568633,32.85089222963934
3a26f065-7e73-59a4-9eef-d3025b75f0b1,42.911684,57.922645,46.336047,True,11.586598000000002,3.4243629999999996,25.005581507632712,7.980024741047216
3a4cdd1a-cad2-55a7-bded-41db175f6115,21.998298,37.239955,29.333273,True,7.9066820000000035,7.334975,26.95465316809346,33.34337501928559
3aaf66d3-ec08-5c98-b89b-9b13173ec4d3,36.729046,57.95436,46.27495,True,11.679410000000004,9.545904,25.239162873217598,25.990067915186255
3aed643d-5062-5100-bf7e-5299ecd1fef5,22.773965,34.784997,27.670773,True,7.1142239999999966,4.896808,25.710246692421627,21.501780651722264
3af062ad-5815-5a8c-9f8b-3f09e9865e2e,34.557882,51.599218,42.772498,True,8.826720000000002,8.214616,20.636437927941458,23.77060029315454
3b85d143-e148-5999-95e1-6af03148a3ce,33.896982,53.431971,39.367326,True,14.064644999999999,5.470343999999997,35.72669629631436,16.138144687925305
3bb364bf-9182-5063-b60d-50802b3e35ff,28.535996,46.171762,37.308156,True,8.863606000000004,8.772159999999996,23.757823892448624,30.740682750305947
3cd00f57-7925-54dc-a73c-d5e44ee8f752,29.402485,48.007481,37.223353,True,10.784127999999995,7.820868000000004,28.971404053793847,26.59934355888628
3d478182-b4f9-5855-b5e7-42c7dbe33b0d,21.747251,36.903864,26.77885,True,10.125014,5.031599,37.809741643125086,23.136712773490313
3d656471-8cc9-5f93-9d79-428b797d3231,34.486217,50.366083,42.904165,True,7.461918000000004,8.417947999999996,17.392059721940758,24.409601087878077
3d7eab65-5ab0-5a83-932e-4ce7eb1ce406,20.79992,36.025907,27.533343,True,8.492563999999998,6.733422999999998,30.84465260902026,32.37235047057872
3dd4141a-5e24-50dd-8cc7-29c9dae5058c,30.702964,53.143522,40.490247,True,12.653275,9.787282999999995,31.250179827255685,31.87732298419135
3e583b27-81f9-5b73-8b17-c22732c22818,21.930145,33.481429,27.565065,True,5.916363999999998,5.634920000000001,21.463268815074436,25.694859746709387
3e7aeb55-e259-5eeb-886b-b1f178e00465,34.524178,55.765381,43.58568,True,12.179700999999994,9.061502000000004,27.944272063668603,26.246829106257085
3e98491e-a94a-57a8-bcae-987000fddd52,36.221541,58.724627,44.456505,True,14.268121999999998,8.234963999999998,32.094565238540454,22.734990761436674
3ebb052d-8ccf-5e8c-aaa2-20876c39c1cf,20.589361,35.634061,28.297114,True,7.336947000000002,7.707753,25.9282519058304,37.4356105563451
3ed8e8db-be14-5580-89f7-47a39a199b50,23.938977,39.884573,33.488319,True,6.396254000000006,9.549341999999996,19.099955420276565,39.89035120423064
3ee89359-b9b5-5aa0-811c-bde4275cce10,31.135792,44.067709,35.451432,True,8.616277000000004,4.315639999999998,24.304454048569898,13.860704105423105
3f5d0ef4-7d0c-5784-9114-5669e1a94ef1,21.86146,31.546211,27.784455,True,3.7617559999999983,5.922995,13.539067079055531,27.09331856152334
3f75da4c-2fac-5a28-bd1f-7b4733dd02bc,34.3621,51.98984,42.523071,True,9.466769,8.160971000000004,22.262665365819885,23.749919242421168
3fd8cab6-c6e6-57c3-9a43-2158a9502e61,32.783666,52.787528,40.923647,True,11.863881,8.139981000000006,28.990282806417518,24.829379972331363
3ff26729-2676-560d-8735-1e3285f5add1,20.535879,35.55695,27.952537,True,7.604413000000001,7.416657999999998,27.204732794021524,36.11561014748869
401aae90-ce77-5922-bc4e-cbefcfea7e97,27.737849,45.981089,36.833936,True,9.147152999999996,9.096087,24.833493222119937,32.79305111221855
4052d61f-3f94-5d1d-935f-d8ec1112f3ad,37.901325,59.83947,45.976966,True,13.862504000000001,8.075640999999997,30.15097603439079,21.307014992219923
40c420b7-24b5-5a35-9917-7b8e9caa078f,27.485749,47.059912,37.212307,True,9.847604999999994,9.726558000000004,26.46330150936354,35.38764033681602
41aab73d-40c3-52e4-9e7b-3dcfd34021ff,24.531835,39.265311,32.825702,True,6.439608999999997,8.293866999999999,19.617581978901768,33.80858790220951
41b46779-6411-5f87-b815-259a5c5fc857,27.652288,47.612912,36.435647,True,11.177264999999998,8.783359000000004,30.676729851949652,31.763588604313703
41da1495-acb3-5a1f-ab61-51b1f1ce286d,20.782754,33.278243,27.562721,True,5.7155220000000035,6.779966999999999,20.73642148755924,32.623044087419785
421c2e02-35ea-511b-99cf-f2bd69cfd59b,21.640268,35.304598,27.847714,True,7.456883999999999,6.207446000000001,26.777364921228358,28.68470020796416
4229e081-2dc3-54a8-a11a-2bef1a3e29df,34.586673,60.229103,44.111978,True,16.117125,9.525305000000003,36.53684493585847,27.54039106334398
429eb853-c7c6-5415-bfd1-c914b810c526,38.111964,58.122175,46.21272,True,11.909455000000001,8.100755999999997,25.77094574827018,21.25515231909853
42a3b91c-40c4-568c-90da-8d64749f198c,30.846539,51.270724,40.744597,True,10.526127000000002,9.898057999999999,25.83441186079225,32.08806667094807
4319ed02-cd4d-50a2-89b4-760dbb6d1c80,34.151596,56.918358,46.651188,True,10.26717,12.499592,22.008378436150437,36.60031583882639
4411648a-cb96-5dac-b7a9-c5682ebaba47,21.306189,34.37736,28.138681,True,6.238679000000005,6.8324919999999985,22.17118492512142,32.068109411777016
442336dc-4c7d-5168-a98a-0e5cd4740dcd,30.791623,50.308272,40.36009,True,9.948182000000003,9.568466999999998,24.648562478428573,31.07490306698026
44aa37e4-dee0-5fab-801c-ad05c8679e55,21.58097,37.227346,30.289252,True,6.938093999999996,8.708282,22.906125248652547,40.35167093972143
44c727c8-fda9-51d4-925d-38a407143a53,20.765608,33.845659,28.008293,True,5.837365999999999,7.242684999999998,20.841562889962624,34.878270840901926
44e31cfb-159e-583d-b08c-4765363b5223,21.432299,35.224004,29.765632,True,5.458372000000001,8.333333,18.33783337776937,38.882123658315884
44f656d8-f789-50ff-8192-036516dc5a30,29.213336,48.200855,35.571612,True,12.629242999999995,6.358276,35.5037129045487,21.764977474671156
450f03da-a2a1-5458-b553-207ac44a4375,27.575682,46.937373,36.950326,True,9.987047000000004,9.374643999999996,27.028305514814686,33.99605492984723
45119a3f-834f-5cef-9ecf-012b3023a199,23.870089,39.8923,31.453237,True,8.439062999999997,7.583148000000001,26.830507143032676,31.768411085522143
451e25a7-5df0-5f51-84ce-104e5ebd748e,28.268275,44.321165,36.647065,True,7.674100000000003,8.378789999999999,20.940558268445244,29.640259265908508
4536a69a-918c-5d76-9dba-623107918f91,38.780951,57.899501,46.153795,True,11.745705999999998,7.372844000000001,25.449057872705804,19.01150902668684
4545a431-48d9-5d30-9133-a18bb53f106b,27.7599,47.717221,34.843981,True,12.873240000000003,7.084081000000001,36.94537659172757,25.51911570286637
454c7f5f-f609-5519-b553-2efa79e6672c,34.157823,56.512504,47.057003,True,9.455500999999998,12.899180000000001,20.09371697555834,37.76347222128295
459553f7-a663-56ab-a69e-2038ea7ec774,34.630278,55.780333,44.187008,True,11.593325,9.556730000000002,26.236954083879137,27.596457643221928
45adfa5c-351c-55d2-a06f-3455cba9c7cf,24.935474,39.93048,30.786524,True,9.143956000000003,5.851050000000001,29.70116405476631,23.46476349316641
45e3c8a3-d110-5da0-b421-392b0c2e5a4f,23.980321,40.312624,31.17688,True,9.135743999999999,7.196559000000001,29.30294500283543,30.010269670702076
45ee67e0-eb16-5ac6-9671-12732fd17f5a,23.88221,39.860556,31.221031,True,8.639525000000003,7.338820999999999,27.67213228800805,30.729237369573415
464f9282-542b-511e-8c76-bf3cabfe4fcd,20.815649,37.632931,29.994662,True,7.6382689999999975,9.179013000000001,25.46542781512256,44.09669379033054
4657cfb6-f0e3-5e55-826a-0ed9c60011ed,27.733548,48.251661,36.992168,True,11.259492999999999,9.25862,30.437505041607725,33.384188708923936
465943f9-b405-5f0f-bab1-3dd89a9e3adb,32.758157,54.010164,41.745217,True,12.264947000000006,8.98706,29.380484475622698,27.434571487034514
46a1d0ac-b37c-5c1a-bdf4-cbdfa55a5393,27.589517,46.003699,40.309165,True,5.694533999999997,12.719648,14.127144534003614,46.10319202036048
475a5a50-0621-58d2-818a-c08da3d9e3bd,21.566,33.831258,25.991691,True,7.839566999999999,4.4256910000000005,30.16181979079391,20.521612723731803
47cee5b5-0f9a-5559-853d-91b51f88e7c1,25.984899,39.832286,32.206592,True,7.625694000000003,6.221693000000002,23.677432247410724,23.943495027631247
47cf7f6e-9324-5d89-b9c2-572cd784ab70,22.887002,33.67213,28.375982,True,5.296148000000002,5.4889800000000015,18.66419283744965,23.982957663043862
47d1d229-1706-5b29-a434-27dd76dea888,28.030762,44.155798,36.657937,True,7.497861,8.627174999999998,20.453581444040346,30.777525776859
47db0cd4-c767-54e2-abfa-82abfef09f8c,21.601116,34.251453,26.146769,True,8.104683999999999,4.545652999999998,30.996885313057227,21.043602562015767
47e9e27b-4a99-5ecb-af0f-eabb7d128a52,29.853109,46.072568,35.539029,True,10.533538999999998,5.685919999999999,29.639355087613673,19.046324454849913
4803e211-29c2-5222-b550-2af225cff654,31.131463,46.551437,37.187373,True,9.364063999999999,6.055910000000001,25.1807622979983,19.452699669141797
482789ca-6ae9-5dfd-8ab2-57b07e87dd11,26.006824,39.979053,31.193053,True,8.786000000000001,5.186228999999997,28.166527976597873,19.941800659703766
48b6e754-652e-540d-b04e-77eafe782cf8,37.8692,58.109015,46.161472,True,11.947542999999996,8.292272000000004,25.882066759049614,21.897140684250008
48fd5036-9096-5791-9306-d6470463627b,30.594544,52.855434,40.506636,True,12.348798000000002,9.912092000000001,30.485864093972165,32.39823414266283
4917b270-f264-5b3c-bc94-805958881348,34.675673,59.884133,47.438851,True,12.445281999999999,12.763177999999996,26.23436642679225,36.8072971503682
49410abc-a6ad-5655-abb7-bfae8ae98437,25.167318,39.865899,32.336189,True,7.5297100000000015,7.168870999999996,23.285706302619648,28.484842922078528
49449617-6ceb-5927-9d23-7ee69e1b3a73,21.507951,33.887512,26.838734,True,7.048778000000002,5.330783,26.263451919900554,24.78517363183504
4995cb17-1b47-523f-aa97-a0708884aaaf,30.799052,50.643207,40.523863,True,10.119343999999998,9.724810999999999,24.971321218808775,31.57503354324022
4a02d157-c724-58b7-9a46-40e7dba46771,24.188179,40.807399,32.820636,True,7.986762999999996,8.632456999999999,24.33457718491499,35.688742835911704
4a3f37ff-9d88-5c0b-904c-3bdc10e342e7,27.345924,47.526878,38.379779,True,9.147099000000004,11.033854999999999,23.833120560699435,40.34917598688565
4a499576-8c25-560c-8d4f-8c3d4ad38cd4,23.973822,39.117433,31.184642,True,7.932790999999998,7.210820000000002,25.43813393785312,30.077890792715493
4a4dcb91-10af-5c4a-9af7-6655ec54a4c0,27.717677,47.530373,37.099669,True,10.430703999999999,9.381992,28.115355961801164,33.84840656018901
4b1199a1-d187-571b-b870-739a707d2ec7,20.439519,33.44476,27.754606,True,5.690154000000003,7.315086999999998,20.50165655387075,35.78893906456408
4b238cf0-8b0d-5c34-a7f5-69ed6e692610,22.36787,29.753403,26.655264,True,3.0981389999999998,4.287393999999999,11.622991241054674,19.16764537705199
4b353f08-e1df-59e5-b887-ac5043fe116e,24.031188,39.172899,31.351865,True,7.821034000000001,7.320677,24.945992846039626,30.463233860931055
4b3a1c16-ef2b-5432-8e61-6e344b009dc8,34.676486,56.919157,44.490202,True,12.428955000000002,9.813716,27.936386982464146,28.300779957923073
4be9789c-fe30-5118-8299-2dd2d4c3f664,21.604069,33.657452,28.253747,True,5.403704999999999,6.6496780000000015,19.125622523624912,30.779748018764437
4c02fc4b-1df2-5028-a276-bea4a22a1630,34.203255,56.754749,46.044377,True,10.710372,11.841121999999999,23.26097712213589,34.619868781494624
4c046df8-09f8-510d-92d1-414ed259c5b4,34.665781,55.912696,46.112796,True,9.799899999999994,11.447015,21.252018637082845,33.02107920199461
4c1b68a2-df2c-5e23-899f-135ec5d4047d,31.157977,51.075007,40.446393,True,10.628613999999999,9.288416000000002,26.27827406018628,29.81071588826194
4c1df3f4-29a3-547d-a408-8222c6d90501,23.906336,38.929795,31.980066,True,6.949728999999998,8.073730000000001,21.731440454187922,33.772343867332914
4e076bd8-c0dc-57f1-93c4-269e95a4cb8d,27.439293,43.195942,36.803888,True,6.392054000000002,9.364595000000001,17.36787700256017,34.12841212781977
4e1f5d0d-dfac-5477-800d-f585f8e4cd51,22.8474,40.666392,28.708233,True,11.958159000000002,5.8608329999999995,41.654110164147,25.65207857349195
4e27569a-1e09-5735-8c47-ce3ec1034469,24.592912,38.48541,31.088111,True,7.397299,6.495199000000003,23.794623610292692,26.410857730064674
4e8e41d1-4f65-5bb1-9515-03c1e5039c28,32.737266,51.740518,41.052356,True,10.688161999999998,8.315090000000005,26.03544118150003,25.399463718198113
4efbfd4d-5a0c-5c62-bf37-db1c5e67d403,30.915548,53.363428,42.311894,True,11.051533999999997,11.396346000000001,26.119213666020237,36.86283031437774
4efe1b98-da81-5c6d-9aa3-5f2ad1fe4529,35.422785,57.746407,47.263235,True,10.483171999999996,11.840450000000004,22.180394549801754,33.42608436914264
4f4461c6-d62b-5328-8f3b-800dd35e5de1,31.895033,54.404939,40.461676,True,13.943263000000002,8.566642999999996,34.46041879234069,26.858862318781725
4f4a5a2d-0b51-5ed2-91da-723ac6bdfcaf,30.769309,50.703071,40.973594,True,9.729477000000003,10.204284999999999,23.74572511261766,33.16384193093189
4f9b0a41-1336-5d08-a8e6-7905d85457a1,31.149117,47.122097,35.315928,True,11.806168999999997,4.166810999999999,33.43015366890542,13.376979514379169
4fb86755-81f3-587b-b377-695d2c54a26d,29.920651,46.095153,36.663319,True,9.431834000000002,6.742668000000002,25.725532377469705,22.535164759617036
4ff403bc-a62d-5ac2-9296-150e258211d7,20.551806,35.50749,27.951869,True,7.555620999999999,7.400062999999999,27.03082573834329,36.00687452966421
503a27d6-c901-58ff-97c4-ed11d64603e0,34.175231,56.823625,47.306267,True,9.517358000000002,13.131036000000002,20.118598662625402,38.422669330311194
5086e784-7196-5863-9b8a-c925cce0b513,29.470672,48.784901,37.223158,True,11.561743,7.7524859999999975,31.060618231263454,26.30576594928001
50c10c8f-9457-5769-a637-fa5755c80432,31.189623,51.141157,40.011192,True,11.129964999999999,8.821569,27.81712926723102,28.283666654130446
51268208-64ea-5774-ab37-a5eada5c0b5d,36.42955,57.877424,46.062059,True,11.815365,9.632508999999999,25.650970140088614,26.44147127812449
51bf61fc-4bef-5a0b-ba3a-db560b7c15ae,29.876167,44.631071,35.677408,True,8.953662999999999,5.801241000000001,25.096170102940214,19.41762141040382
51f25864-70bb-5a54-8692-45f1235084d4,34.985833,58.194563,47.412535,True,10.782028000000004,12.426701999999999,22.740880655295072,35.51924003067184
521d4d2a-f633-59a7-884a-f3bbc4929ee4,31.29446,52.843838,39.974469,True,12.869368999999999,8.680008999999998,32.19397110690826,27.73656743078487
52ae4d57-4a9b-5ed4-ac7a-40f98ad53cf8,21.632735,36.845909,27.211112,True,9.634796999999999,5.578377,35.407582755162665,25.786739402114435
52bb35c2-0cf8-5d76-95d2-18cee5bf6593,36.340498,58.137745,44.791783,True,13.345962,8.451285000000006,29.79555870772101,23.255831551895646
532cb3d3-5f9c-59aa-ba03-f6e2230b8058,32.486935,51.908179,39.120942,True,12.787236999999998,6.634006999999997,32.68642406412401,20.420538287160657
537539b2-1eca-55bc-ae30-d94747c11b06,34.538066,52.081356,42.523681,True,9.557674999999996,7.985615000000003,22.47612336288572,23.121199085090645
5411e666-5a63-5f28-a5a2-7bc1f5150776,24.588833,42.338867,30.566886,True,11.771981,5.978052999999999,38.512202387904345,24.312064749067183
54298a4f-f346-5f67-b4ee-f227d2229aae,31.019067,50.888733,40.212374,True,10.676359000000005,9.193306999999997,26.549934604706515,29.637599996157192
54c0ed51-46da-5da8-9f73-58b52d6e42c3,34.52461,49.76426,42.70425,True,7.060009999999998,8.17964,16.532335774542343,23.69220101255307
54d025f6-1c5c-5346-9eb1-7e7aa9bcda0c,20.96369,34.422701,27.668438,True,6.754263000000005,6.704747999999999,24.411435875057368,31.982670989696942
54df7f5f-495d-5d7c-9e6b-3be8a0dfe2bf,26.665852,39.975668,30.239218,True,9.736449999999998,3.573366,32.198087926744655,13.400531886249127
553317d2-cdb9-54a5-9289-aabfce273dab,36.21816,58.925954,44.573528,True,14.352425999999994,8.355368000000006,32.19943909308681,23.069554057964307
55545e5d-dbb4-5fa8-981c-8ced94adfd83,24.019584,38.951494,31.675033,True,7.276460999999998,7.655449000000001,22.97222863193228,31.87169686202726
55665210-a7dc-5c7a-89e2-9d37a0f10f3f,20.540391,35.133092,28.235926,True,6.897165999999999,7.695535,24.42691626263647,37.46537736306967
55b7806d-cf0f-583f-a2a6-d3aaf3b7acdc,27.192324,46.284869,37.961531,True,8.323338,10.769207000000002,21.92571737952297,39.60384923333512
560a78dd-0bf6-5783-a15c-e3d10bcf3ba7,28.011539,47.54436,36.36583,True,11.178529999999995,8.354291000000003,30.739103163601637,29.82446269731914
56d6c8a3-df88-5325-99cc-d0913a7e1e04,21.880104,34.090371,26.042562,True,8.047808999999997,4.162458000000001,30.90252410649919,19.023940654029804
56fa52e5-ac62-5ea5-bc4a-4d171532443b,30.963893,51.193688,40.224037,True,10.969650999999999,9.260144000000004,27.271382531793115,29.90626533943908
570e915c-091d-50d7-b86c-d80031c489d4,38.037267,57.982414,48.271747,True,9.710667,10.234479999999998,20.1166678305635,26.90645466195034
5767e7e9-cedc-5f35-a529-4f4c45b8df2e,25.431381,39.009929,36.600993,True,2.408935999999997,11.169612000000004,6.581613782992163,43.920587717985136
578a0cb7-eb86-557c-a856-370b35f15697,27.979078,46.313735,36.455234,True,9.858501000000004,8.476155999999996,27.04275879836625,30.29462228884024
57a6b1c4-caa0-54f5-9bf9-1c29ffd0f9f9,36.227668,59.098776,47.683669,True,11.415106999999999,11.456001,23.939237981037067,31.622242425319786
57d08e8c-e7b9-57e0-a988-5ff06945e061,30.742756,50.871881,42.457715,True,8.414166000000002,11.714959,19.817755147680465,38.106404643747624
57ddcdd0-5c2b-520a-9a5d-7bb6deba6165,25.051887,39.722202,33.385094,True,6.337108000000001,8.333207000000002,18.98184860584787,33.2637896698161
58332f6a-b247-5419-ae5c-b44aad21a282,25.05561,39.383545,30.670648,True,8.712896999999998,5.615037999999998,28.407932561450927,22.410302523067678
5861d70e-e9f4-592a-8df1-745c47b242a2,24.041541,39.403159,31.259487,True,8.143672000000002,7.217946000000001,26.051841477756827,30.022809270004785
58a736f7-eba2-56c5-be71-ab106e2e30da,33.292569,51.487929,38.972853,True,12.515076,5.680284,32.112291086310776,17.061717285920473
58f9101f-671f-5af0-a55e-863a70bfd383,32.226389,50.927256,39.98496,True,10.942295999999999,7.758571000000003,27.3660296271398,24.075210536309246
59119887-97cf-583b-87a0-4cb04a93d968,31.856549,52.064743,40.948615,True,11.116128000000003,9.092065999999996,27.146529864318985,28.540649522332114
591f7192-0db6-5355-bab8-13723fdf9764,20.605643,35.219895,28.318657,True,6.901237999999999,7.713014000000001,24.36993392730453,37.43156182993174
597ce5ee-2a19-5d81-b0a7-8564ae063242,21.578801,32.149098,26.563198,True,5.585900000000002,4.984397000000001,21.02871800300552,23.098581797941424
598498b9-413c-579a-8486-83a4a29329ce,30.967917,52.277254,41.867408,True,10.409846000000002,10.899490999999998,24.863841582932487,35.196074053027196
5991f28b-9414-552e-94c6-4f311aa07941,29.460158,44.093562,37.409818,True,6.683743999999997,7.9496600000000015,17.86628312385801,26.984444550501056
59c4591e-3989-5ee5-b771-5d4c6527a315,25.001721,41.548305,33.680773,True,7.867531999999997,8.679052000000002,23.359119459639473,34.71381830074819
59c5ec8a-0492-5718-a4d7-f227cccc32fe,29.462302,44.325603,37.51784,True,6.807763000000001,8.055537999999999,18.145402293948695,27.341848576530097
5a3737c3-fbb2-5b5a-8d7e-25bec66df710,27.700394,46.138911,36.810117,True,9.328794000000002,9.109722999999999,25.343016432140114,32.886618869031246
5ac22bab-2751-55b4-b246-f654a24149e3,24.044565,39.72561,33.366514,True,6.359096000000001,9.321949000000004,19.058316970121602,38.76946411798261
5ad3d190-aa6d-5af9-95d0-186aa170d032,21.169746,33.369653,28.691564,True,4.678089,7.521818,16.304754247624842,35.53097897348414
5b3f2cd2-94c2-5aef-bef2-55f45dcd80b9,34.855172,56.210377,47.922595,True,8.287782,13.067422999999998,17.29410103939488,37.49062836356107
5b5f5348-d20d-59cf-b3bc-1300c909f57a,20.576584,35.567978,26.489764,True,9.078213999999996,5.9131800000000005,34.27064884383264,28.737423082470837
5b6c363e-f668-5b56-9d9d-ceae6a68243e,35.464481,57.840259,43.807626,True,14.032633000000004,8.343145,32.03239773823856,23.525354847290732
5b836fd8-e7e6-5c35-8826-28cb27241912,30.752301,52.296527,40.5334,True,11.763126999999997,9.781099000000001,29.02082480127499,31.806072007424753
5baa184a-7598-5583-9a53-53c4490596ee,27.275568,46.822547,34.52683,True,12.295717000000003,7.251261999999997,35.61206458861125,26.585191553114484
5bbbe317-cdc2-5cd6-83c1-e78ef21185ca,31.354521,50.980496,39.980591,True,10.999905000000005,8.626069999999999,27.513112550037107,27.511407366102002
5bd88827-283b-5e00-a82b-34d3c9cf8c35,36.731272,58.676615,44.249478,True,14.427136999999995,7.518206000000006,32.604084052697736,20.468134073875817
5cab488c-fc87-590e-b92b-f6a390a28e7b,27.822294,47.87644,36.831036,True,11.045404000000005,9.008741999999998,29.989392641575453,32.3795802028402
5cd063e2-d56b-5df1-8b02-fad4bbef6579,27.9661,41.908818,36.514553,True,5.394264999999997,8.548452999999999,14.772918074609862,30.56719742831499
5d31e1d6-dd8c-5884-b327-db2187b33764,37.826677,58.138724,48.48206,True,9.656664000000006,10.655383,19.918015034839705,28.168963929874153
5dc38dc4-d7f7-5eb5-9ea1-a87aed08aeff,27.77,44.415316,36.682868,True,7.732447999999998,8.912868,21.079180613685928,32.09531148721642
5e5af274-2b10-5877-930c-747dbafbff36,20.585728,35.477999,28.826892,True,6.651106999999996,8.241164000000001,23.072577508529175,40.03338623729994
5e7d4fa9-89b5-52fa-b436-237eabba8acb,33.467265,51.453683,40.517555,True,10.936127999999997,7.050290000000004,26.991085715808854,21.06622695341255
5e7e1664-67bf-5efc-a286-7f1b9bdc20a0,28.603772,46.437289,34.656123,True,11.781165999999999,6.052351000000002,33.994471914818625,21.15927577663534
5e9ee4ae-31d4-50b7-8fb7-03920323038f,32.914387,52.312736,40.422493,True,11.890242999999998,7.508106000000005,29.414917580664795,22.811015742143415
5ecc8159-9db9-5f02-ab6d-9d0586f40caf,31.271179,46.111291,35.406399,True,10.704892000000001,4.13522,30.234342667832447,13.223741899849701
5ef8135f-a72b-55cd-82ca-30d2be11c3a6,31.559786,50.739452,40.436061,True,10.303390999999998,8.876275000000003,25.48069902258778,28.125269924200385
5f21abad-e8a7-5390-8c54-664bcbe8c078,32.103541,50.782307,40.444004,True,10.338303000000003,8.340463,25.56201655998255,25.979884898055328
5f6bc0de-3f05-5189-b5d0-1ea18e4e9175,36.245973,58.389972,44.386225,True,14.003746999999997,8.140252000000004,31.549758962380775,22.45836247795032
5fe3a987-a36a-529e-a260-389df65ce7d7,31.070982,51.060597,40.205441,True,10.855156000000001,9.134459,26.999221324297874,29.39868138058848
601e45bb-5c41-5b8c-a3be-ebceef7a904a,27.201091,49.018669,37.080804,True,11.937865000000002,9.879712999999999,32.194191366508676,36.32101741801459
60b21c7f-6e2c-5538-9dbc-4cfcd985e703,30.784161,50.932037,40.261367,True,10.670670000000001,9.477205999999999,26.503496515654824,30.7859811414058
60b5f9a2-1c72-5658-a11c-82fb41d84efb,35.257556,57.951298,46.457944,True,11.493354000000004,11.200387999999997,24.739265258918913,31.767340878647392
60c708fb-7463-52e9-96b5-b50c816fcb7e,21.564871,36.23252,26.931071,True,9.301449000000002,5.366199999999999,34.537984025960206,24.88398840874123
60f4fcd1-7ce9-5cfa-a3f0-10f5b0c6b9c2,35.339913,58.908548,44.383615,True,14.524933000000004,9.043701999999996,32.725889948351444,25.59061761131103
60f6c6a6-3f90-5c95-b133-fb89f511778b,29.824425,46.300912,36.029616,True,10.271296,6.205190999999996,28.507925257932254,20.80573556740824
619109fa-03e4-5569-b261-fb3c7168a802,32.90889,51.407874,41.082874,True,10.325000000000003,8.173983999999997,25.13212683221725,24.838224564851615
61dc44e2-e46d-5e6b-95ac-e043762ab645,21.249509,34.924744,27.341617,True,7.5831269999999975,6.092108,27.734742242933173,28.669405961333034
620d9268-5068-56e4-a5d7-ff1182c62f4e,30.906483,49.37344,40.357876,True,9.015564000000005,9.451392999999996,22.339044800078195,30.58061637100538
624d2838-e9b9-5cf2-a4e3-98b8223b1ec6,24.406896,40.860833,31.551642,True,9.309190999999998,7.144746000000001,29.504616590160342,29.273472546447532
6288f687-272a-5bcd-96e5-7949c796f2de,21.822183,33.386101,27.909598,True,5.4765029999999975,6.087415,19.622292660754187,27.89553639065349
63047105-0340-5762-845b-da1a3ade3c5e,35.076845,51.59403,38.826384,True,12.767646,3.7495389999999986,32.88394304244248,10.6894990128103
631c1806-67e4-55a9-afef-711bfc187b87,20.722205,35.47072,27.598055,True,7.872665000000001,6.87585,28.526158818076137,33.18107315317072
631dca55-1dac-5020-b137-a5a23fb07420,34.434474,57.413006,44.310283,True,13.102723000000005,9.875808999999997,29.57038888693174,28.680005392270537
6385615f-741a-568d-a792-0342106dcf0c,27.944411,45.737339,37.335467,True,8.401871999999997,9.391056000000003,22.50372815746485,33.60620483287339
6481aaa7-95d7-5dac-8434-ec29926f1b47,23.920872,38.844457,31.539257,True,7.305199999999999,7.618385,23.16224507127736,31.848274594671967
64c8f28c-fa7c-5428-8efe-24dc9698967a,20.849844,37.60851,29.270868,True,8.337642000000002,8.421024,28.484437154374792,40.388906506926375
64f027b7-b623-57ad-9445-e5cb9f8da8bc,28.746032,41.877403,36.578239,True,5.2991639999999975,7.832207000000004,14.487203716942187,27.24621958258449
65658372-5e35-5d71-8708-cb4c79f96e6b,24.053469,39.530664,33.526982,True,6.003682000000005,9.473512999999997,17.907015907366805,39.385225474130145
657640f5-99d0-5f4d-afc4-025951956292,24.258925,41.061567,33.150607,True,7.910959999999996,8.891682,23.863695768828595,36.65323999311593
65b8795f-696f-5bac-ae7e-21df35d8c30f,23.921488,39.502712,31.918707,True,7.584005000000001,7.997219000000001,23.76037663430414,33.43111013829909
66720c96-2862-5e79-8724-34e3b6043b33,20.673599,35.407579,26.269792,True,9.137787,5.5961929999999995,34.78439037507415,27.069273231042164
66cdd846-d032-5ee7-a8be-c925a5a1231f,36.402087,58.710553,44.176563,True,14.533989999999996,7.774476,32.899775385423254,21.35722602937573
674301c5-8409-5134-974c-68ed11ad47d9,35.026846,56.876485,43.980286,True,12.896199000000003,8.95344,29.32268107578928,25.561650626493748
675d95b5-f435-5ea5-b6e3-359508b8a62e,24.068165,38.848144,31.558738,True,7.289405999999996,7.490573000000001,23.0979008095951,31.122326941002775
677266ff-99bd-5c4b-8b49-03ad2562fffe,35.688166,57.927948,44.100403,True,13.827545,8.412236999999998,31.354690795002487,23.571502665617498
677e7211-e09f-56e2-895e-705f23364165,27.450733,44.788843,37.776377,True,7.012466000000003,10.325643999999997,18.56309830876583,37.61518499342075
67a7eec4-0a8c-5a97-bf5f-a2730e26dd04,27.315359,44.041242,36.85431,True,7.186931999999999,9.538950999999997,19.500926757277504,34.92156555584716
67a912ca-3622-597c-9bd8-2bb369faec63,31.27036,51.326565,40.299723,True,11.026842000000002,9.029363,27.362078890715953,28.875148863012768
683bb639-b383-5d87-9873-1dee61306dec,37.850081,57.224228,46.740756,True,10.483471999999999,8.890674999999995,22.42897397722878,23.489183550228056
683df9da-9d3e-59f4-9a2c-4bc82fda6708,26.305146,40.725458,31.945194,True,8.780264000000003,5.640048,27.485398899127055,21.44085419636143
68494fb0-9e88-5576-af76-a17a16452965,27.851644,47.581132,37.879933,True,9.701198999999995,10.028289000000001,25.610391127143746,36.006093572070654
686e5271-7ac9-524d-81c8-51ae52e6170e,27.995328,44.497264,36.711957,True,7.785307000000003,8.716628999999998,21.20646142617786,31.136013123332567
689465b2-1b0c-5319-8652-72985a272575,36.116066,59.14543,44.060048,True,15.085381999999996,7.943982000000005,34.238233240236134,21.995701303680214
68a1258c-983d-5e7f-b865-ad70be4d3746,34.752911,52.010208,42.621333,True,9.388874999999999,7.8684220000000025,22.02858132100185,22.641044371793782
68f2d978-0084-5a4b-8625-09fca67b4a57,34.621219,57.820364,43.733505,True,14.086858999999997,9.112285999999997,32.210679203507695,26.31994558019461
69226660-7396-59ab-8cd0-5020b038f2f7,34.640627,59.805201,45.740765,True,14.064435999999993,11.100138000000001,30.74814336839358,32.04369828525333
69255752-01f2-5929-980b-b973df07ec40,27.557061,47.881887,36.964241,True,10.917645999999998,9.40718,29.53569640453323,34.13709466332422
6941b8d3-e95e-522a-97bc-db1b0fc3c553,22.200205,37.558685,27.09854,True,10.460144999999997,4.898334999999999,38.600400611988675,22.064368324526733
6948067b-4202-5003-b359-6ad4a0a977de,34.583775,51.598582,42.929216,True,8.669366000000004,8.345440999999994,20.19455934159153,24.13108748249719
69b503d4-bddf-5825-80d2-b5947af68399,21.62701,33.37508,27.868304,True,5.506775999999999,6.241294,19.75999687673853,28.858792778104785
69fbceb4-cd5e-5845-bad0-e13a158899cd,25.030742,39.939798,33.691781,True,6.248017000000004,8.661038999999999,18.54463259155105,34.60160709578645
6a633e34-5842-59fb-b213-cb6b0d47df26,20.890752,32.545319,27.653628,True,4.891690999999998,6.762876000000002,17.689147333579513,32.37258285388675
6ab70133-03a2-51bc-9e44-b26b06288ffc,25.175732,39.831592,31.008275,True,8.823317,5.832543000000001,28.454717329487046,23.16732240397221
6aceddcb-d675-5605-9954-99745367e611,33.304363,51.891927,39.812574,True,12.079353000000005,6.508210999999996,30.340547687270874,19.541616814589712
6ae68cff-24ce-54f4-aebe-c2b1e34af9a9,34.022158,57.503376,44.514089,True,12.989287000000004,10.491931000000001,29.180170350110963,30.83852294143129
6af0b569-6c94-5aed-b3cb-2cc12b2a7e55,30.898181,50.590413,41.718877,True,8.871535999999999,10.820695999999998,21.26504028380246,35.02049521944349
6b4cafd7-39dd-5461-b14b-a063ccb40f22,32.22529,51.712915,40.306522,True,11.406393000000001,8.081232,28.299124891003995,25.077297985526275
6b77f955-763e-543c-bdbb-ef19c5c88f8f,21.980356,35.223357,27.686787,True,7.536570000000001,5.7064309999999985,27.22081836364762,25.96150399019924
6b80f56f-40da-5f35-bdcf-37280fefba87,34.411944,53.830099,42.524148,True,11.305951,8.112203999999998,26.587131151928077,23.573803328286242
6b993cba-0acc-52b7-9be5-688a72ec1f7f,35.637311,58.022975,46.214078,True,11.808897000000002,10.576767000000004,25.55259676499443,29.678914326616855
6cb27940-cab3-59ca-aa3b-a2b74503dc24,21.816139,33.579281,25.733437,True,7.845844000000003,3.917297999999999,30.48890826359496,17.9559637019181
6d1dec28-aa4a-5b38-bd40-8eac146c9493,20.538449,33.182494,27.356882,True,5.825612,6.818432999999999,21.29486832600294,33.19838318852606
6d40c5db-4e5e-5c87-9626-a381b6f54e7c,34.060246,57.430164,43.928624,True,13.501539999999999,9.868378,30.735176225870397,28.973302189303034
6d629a4c-fd39-5eac-a4e5-4fbfb5e7d899,33.005789,51.820983,41.447694,True,10.373289,8.441904999999998,25.027421308408616,25.577043469556198
6d77ce42-ee3d-52e7-a730-0c5a13f9d36c,28.918618,45.952651,37.934703,True,8.017948000000004,9.016085,21.136182349971225,31.177440775351023
6daa6f16-2a66-547a-a6f4-dd9139c65937,28.732637,45.287366,36.604575,True,8.682791000000002,7.8719379999999965,23.72050761414387,27.3971999159005
6ddc0cde-0784-59f7-aec5-19ced2c9e071,33.201299,56.865132,40.888882,True,15.97625,7.687583000000004,39.07235712632103,23.154464528631856
6e52bc67-6908-56a5-8818-929f64a1f7b5,21.155438,31.829757,27.262783,True,4.566974000000002,6.107344999999999,16.751679386510183,28.868913042594524
6e62127f-2bc6-5588-a288-ff8c9a7400a5,20.600769,35.958175,27.792274,True,8.165900999999998,7.191504999999999,29.381910238795133,34.908915293404824
6f27fce9-3d10-5e13-91f3-f1100f73e5c1,20.45339,32.654976,25.904525,True,6.750450999999998,5.451135000000001,26.058964601744282,26.65149884689042
6f36a8e1-2b1c-5d10-94a5-ee642d681fe6,28.497675,43.864361,36.51733,True,7.347031000000001,8.019655,20.11929952162439,28.14143609961163
6f7bbe79-2418-5930-ad1d-e75c580ce46e,26.522523,39.906031,32.144064,True,7.7619669999999985,5.621541000000001,24.14743512208039,21.195347818154406
6fd04887-a1bf-547d-b43c-81df396c7bfc,21.915021,37.218285,28.268519,True,8.949766,6.353498000000002,31.65983332908243,28.991521386176185
6fd53182-dcf7-5ffb-b45e-e9e9e65d5328,30.958627,50.38617,41.922699,True,8.463470999999998,10.964072000000002,20.18827795414603,35.415239829595805
6fd9dc91-1fd5-5e8e-b0ae-2c39363a657e,25.350251,39.966014,32.939153,True,7.026861000000004,7.588901999999997,21.332852730001907,29.93620063170182
7038f227-74de-5ad0-b559-1c834728ea5b,23.861223,39.13807,31.420727,True,7.717343,7.5595040000000004,24.561312664726056,31.681125481288202
705b0bd9-1f66-501b-81a5-e14f5aa389d0,28.146163,45.588208,36.32926,True,9.258948000000004,8.183096999999997,25.4862003795288,29.07357922996465
7100cb75-ad10-5b3a-99f7-53ee368eb8b4,21.048362,32.567932,27.390605,True,5.177326999999998,6.342243,18.901835136536775,30.13176512262569
7130681e-b799-51ea-a94a-1f42b0146e41,34.225163,59.499073,46.096454,True,13.402619000000001,11.871291,29.075162701235115,34.68585671892928
719e71e2-3fa4-5e27-a987-f131148b8eb9,33.648757,52.082505,39.1819,True,12.900604999999999,5.5331429999999955,32.92490920552602,16.443825844740697
71bff752-376e-5f70-8018-677978c9e7af,29.530365,47.286554,37.173402,True,10.113152,7.643037000000003,27.205344294288693,25.88195912918788
71d2a63d-3b9d-53ae-ad85-31c6a9a7a391,27.374236,45.735427,37.568847,True,8.166580000000003,10.194610999999998,21.73763810212223,37.241627492361786
71df24e8-b7a4-5eec-aef5-54d8273946b4,33.935134,57.246984,43.792968,True,13.454015999999996,9.857834000000004,30.721863838961532,29.04904987261876
7256d5e6-02a0-5bf8-973e-fa1b4029359e,25.122452,39.992455,33.500116,True,6.492339000000001,8.377664,19.380049310874032,33.34731816782852
72f8e765-4c3b-5a57-aaa4-4d1d1b86d5b2,25.003435,41.547447,33.458138,True,8.089309,8.454702999999999,24.17740341677113,33.81416593360072
73271237-c3b4-5004-81a6-22e6f0b50d6c,34.533289,51.435195,42.884191,True,8.551003999999999,8.350901999999998,19.939758219993,24.18217969333879
7343a7ce-f112-5db8-adbf-1e931f58d9b4,25.860488,39.969314,31.847545,True,8.121768999999997,5.987057,25.502025352346614,23.151368991954058
7361e073-9c82-5f2d-8548-1501f2f612e4,34.916014,51.959402,38.803648,True,13.155753999999995,3.8876340000000056,33.90339485607125,11.134243444856008
73921950-ac42-59c7-a327-5da1182275c1,32.818899,51.461285,41.466148,True,9.995137,8.647248999999995,24.104329632933354,26.34838237565494
73f48629-0301-51f3-8375-85d1dfb12f0a,31.994536,54.398444,40.104231,True,14.294213,8.109694999999999,35.6426557586904,25.347124896576084
73f4bb7b-ab56-5c72-8a5a-4c6da6a3e372,30.62805,52.462289,40.659679,True,11.802610000000001,10.031628999999995,29.027799260294213,32.75307765267457
7411d029-0801-58fc-a08c-87f86b585815,21.109655,32.171342,27.563709,True,4.607633000000003,6.454053999999999,16.716302584677567,30.573943534368514
743829b9-3a0f-5607-b42b-5e604862cfbc,27.845909,42.044984,36.451351,True,5.593632999999997,8.605442000000004,15.345475123816389,30.9037927258902
7469ad2a-c63f-530a-88ec-23e11bcf4556,37.970103,58.432663,46.346395,True,12.086267999999997,8.376292,26.078118913024404,22.060229860319314
75737d86-c843-5f30-9599-59bf503ce377,29.503827,43.272134,37.854503,True,5.417631,8.350676,14.311721382261972,28.303704465186836
758f425d-d4d9-536f-b0f5-ac7b29393cda,30.773661,50.961121,40.342275,True,10.618845999999998,9.568614,26.321881946419722,31.09351857746142
75a84d1d-8c52-56f4-b56d-a6377e16035d,36.516512,57.863794,44.716766,True,13.147027999999999,8.200254000000001,29.40066819680117,22.456290458409615
75e1d75b-c0c8-5c75-952c-4909fe007730,30.797365,52.559235,42.199435,True,10.3598,11.402070000000002,24.549617785167026,37.02287517130119
766ef6aa-0402-5248-b676-cd360c16e726,24.151061,38.921109,31.180012,True,7.741097,7.028951000000003,24.82711360085429,29.104108511009112
768f5240-c66e-5183-a439-3b428b9576a6,32.171253,50.789485,44.37177,True,6.417715000000001,12.200516999999998,14.463509118522886,37.92366122637498
76a437f9-4ee2-5a3f-8de3-d4ec021f174c,24.169559,40.922539,32.911818,True,8.010721000000004,8.742258999999997,24.339952900809077,36.170535838076304
7730198b-eea8-5f08-bd4c-6d46bf87c819,28.317395,44.705827,36.928247,True,7.77758,8.610851999999998,21.061330097797494,30.40834794302229
77441821-25ab-5f4e-b499-11bc6a0209da,32.858754,49.311797,40.798573,True,8.513224000000001,7.939819,20.86647491322797,24.16348167066834
774638a3-4cdd-59dc-8f1c-3f2319b4e805,34.074936,57.616016,46.067237,True,11.548779000000003,11.992300999999998,25.069398019247398,35.1939061602346
78f1c353-b2b5-5692-81c9-215196b4c09a,20.581674,36.241741,27.965777,True,8.275963999999998,7.384103,29.593184555537288,35.87707685973454
78f9e6cf-ce66-5d28-b12a-8d7adbcbf43d,34.544132,59.886998,45.984303,True,13.902695000000001,11.440171,30.23356687607074,33.11755235303061
793ce8e7-d57e-5caf-86f5-967b65cfc5b4,22.328557,36.923162,28.481577,True,8.441584999999996,6.1530200000000015,29.638755606826113,27.556729259306824
79b57c13-be72-5662-94d4-7f5874f9087a,34.106785,56.497064,47.195716,True,9.301348000000004,13.088930999999995,19.708034517370187,38.376326000823575
79c82d0a-670a-529f-bfb1-a99c6b1ca4f1,30.601295,50.302725,40.554467,True,9.748258,9.953172000000002,24.037445739331254,32.5253294019093
79cb008e-6631-5857-b372-c531d1843b11,21.860494,37.052514,27.999511,True,9.053003000000004,6.139016999999999,32.33271823925784,28.08270023541096
7a08800c-3c7c-584d-b694-3987195a7242,21.277295,33.651929,28.196101,True,5.455828000000004,6.918806,19.34958312143939,32.51731951829404
7a21bf49-5033-5f13-8ed7-db901b048058,34.325077,56.629017,48.632508,True,7.996508999999996,14.307431000000001,16.44272386692456,41.68215267222853
7acff86c-eb87-5396-9b3e-6df95305251f,25.931765,34.680435,31.786313,True,2.894122000000003,5.854548000000001,9.104931421269283,22.57674323363644
7aefde7b-09fd-5fe0-8e11-cc80dc966248,23.817774,39.822862,31.514307,True,8.308555000000002,7.696532999999999,26.364390624232993,32.31424145682127
7b48d681-a761-536e-b275-ffeda8a0236f,32.051694,50.87415,39.886214,True,10.987935999999998,7.834520000000005,27.5482050013571,24.44338823401972
7b5d4486-88aa-5d87-aa95-f5448181cd39,22.54901,33.46361,27.970296,True,5.493314000000002,5.421286000000002,19.639813607978983,24.042235113648015
7c0a0d00-fbae-5b99-a78d-b2bc37775dde,31.215957,53.336442,40.153148,True,13.183293999999997,8.937191000000002,32.8325290958507,28.630200253030853
7ce4384f-20f6-57a9-b354-f8b408c29ffc,36.13495,56.141699,45.518878,True,10.622821000000002,9.383927999999997,23.337176720392804,25.969118540360498
7ced6272-7cf5-5c0c-913a-684cad85367e,34.091002,56.38603,44.184051,True,12.201979000000001,10.093048999999993,27.616252298821585,29.606196379912774
7d0790c3-9c22-58d5-8fce-fe8cc41dcc5c,24.153739,41.880805,31.16892,True,10.711885000000002,7.015180999999998,34.36719976181402,29.043871841125707
7d07b607-ba2d-5e4b-aa87-4b1946a4896b,36.227021,58.871688,43.91997,True,14.951718,7.692948999999999,34.04309702397338,21.235389462467804
7d5aa29c-2e7d-52dc-9566-af5f9e77c2e8,32.784723,51.711658,40.935602,True,10.776055999999997,8.150879000000003,26.32441071710634,24.86182054977254
7dd50fbe-328e-5a97-bcd0-9e08abe13a16,24.035642,39.341585,31.617936,True,7.723649000000002,7.582294000000001,24.428061970901584,31.546043163731603
7e42cb6c-320d-5db5-98cd-17bed5640698,37.895611,57.94792,46.115461,True,11.832459,8.219850000000001,25.65833398044096,21.6907704694351
7e588935-d1b3-590c-96c3-6a2749e6d8b1,20.607561,32.882751,27.858231,True,5.024519999999999,7.2506699999999995,18.036033946304773,35.18451310176881
7e7a209f-b2dd-58a7-8df0-ff03e223de42,34.256959,53.669671,40.915948,True,12.753723,6.658988999999998,31.17054259625122,19.438354116604447
7e870eb2-dde9-5ba9-9533-178a4a3aff50,34.974874,59.940392,47.198096,True,12.742296000000003,12.223222,26.997478881351494,34.948580515257895
7eb964d8-e0d7-58b0-a92a-4f9f86c93fef,20.561874,35.84524,27.366947,True,8.478292999999997,6.805073,30.980046842638302,33.095587493630205
7ef86083-8792-51f1-8994-045b3a8d200c,31.072607,50.464555,41.691254,True,8.773300999999996,10.618647,21.043504712043433,34.17365977692184
7f09813e-5503-5372-b7f6-6cd052c134c2,27.744663,47.430719,38.297467,True,9.133252000000006,10.552803999999998,23.84818818435174,38.035437662371315
7f113616-76c1-5702-950b-4b2d17a8e09e,20.563887,35.03881,27.772035,True,7.266774999999999,7.208147999999998,26.165799517392223,35.05245871074859
7f1539cd-b44f-5fe3-bc13-55e0463664f4,20.566582,34.625644,26.598926,True,8.026718000000002,6.032343999999998,30.176849997627738,29.33080470055743
7fbc8248-50ee-594a-8bf6-e09f2c882422,33.395077,49.907999,39.904009,True,10.003989999999995,6.5089320000000015,25.070137689674223,19.49069319408966
7fca8acd-b172-5432-8cc7-44c591b27c3e,25.803408,39.864515,32.15691,True,7.707604999999994,6.353502000000002,23.968736423990965,24.62272425409854
807d6627-34fa-53b9-953d-a55efc3e672a,25.244489,39.956332,30.065844,True,9.890488000000005,4.821354999999997,32.89609298844232,19.09864366832696
80893ac3-16b4-5f60-89f3-c4288f3bed11,34.602912,51.95335,39.013856,True,12.939494000000003,4.4109439999999935,33.16640631472061,12.747320225534756
808e7265-2594-54dc-915c-45d07d357596,27.573531,47.870535,34.86636,True,13.004174999999996,7.292829000000001,37.29719706903731,26.44865831655729
80aa0ebc-f043-59e9-9d90-a694802e4d7c,34.867928,59.85751,46.589075,True,13.268434999999997,11.721147000000002,28.479713323348864,33.61584032179945
81262be0-c054-51a4-aacf-4b2ebb53fa4d,21.747016,35.283586,25.947139,True,9.336447,4.200123000000001,35.98256825155174,19.313560076472108
819df10f-978a-5635-8121-5e8d3bbc0eef,27.173775,45.994209,37.647794,True,8.346415,10.474018999999998,22.16973191045404,38.544585726495484
81c33694-313a-571e-afdd-a42b7e3922b2,20.85068,32.729877,26.805111,True,5.924766000000002,5.954431,22.103120557866752,28.55749069095108
81dff892-7a7f-5818-9e3b-9d45a424ebda,25.400762,40.109417,31.737532,True,8.371884999999999,6.336770000000001,26.378500382449392,24.94716497087765
81e36e4a-f760-5774-8bfd-52861f05f6ba,20.545841,35.442038,27.850691,True,7.591346999999995,7.304850000000002,27.257302161730905,35.55391088639303
8263245f-0479-50e7-8d50-1b6d6c85852f,22.71738,35.496762,28.2919,True,7.2048619999999985,5.57452,25.466165227503275,24.538569148378905
82acc271-3a90-5bf6-a0ff-0f1342b75b64,31.21275,52.517633,40.386019,True,12.131613999999999,9.173268999999998,30.039143001443147,29.38949307574628
831b7063-e910-5751-be91-2619d14b88e8,25.780112,40.025252,31.762992,True,8.262260000000001,5.9828800000000015,26.012222022408977,23.20734681059571
83ff4915-1ee7-55b4-9295-1e3f5f51aec2,24.423709,38.353982,31.21667,True,7.137312000000001,6.792961000000002,22.863783997460335,27.812978774026508
8402b0af-245b-53c1-a8e8-c325353749c8,28.318913,46.571963,36.904506,True,9.667456999999999,8.585593,26.19587158272759,30.317523133744572
8406192d-7c6b-5fbe-a824-eea1d2853761,25.605051,39.823192,31.022541,True,8.800650999999998,5.417490000000001,28.368569163950813,21.157895760488824
847c026f-45d7-5324-99a0-b14aaa299181,34.528368,55.514295,43.857836,True,11.656458999999998,9.329467999999999,26.57782522603258,27.019718974264865
849b5edf-3a75-54bb-ac29-5f705290377d,34.37914,51.727291,42.832822,True,8.894469,8.453682,20.765545170010046,24.589567976394992
851e2411-3c77-50e3-96d1-f67811f66824,21.102868,35.156694,27.600812,True,7.555882,6.497944,27.375578660511874,30.79175778382351
85571f4c-f855-5abd-9844-759e6e74bb65,28.581448,47.283735,36.912839,True,10.370896000000002,8.331390999999996,28.095633608674753,29.14964630203479
857f69c9-7e9b-522b-aecb-262a4fea3e57,21.779481,36.601942,28.648151,True,7.9537910000000025,6.868669999999998,27.76371501253258,31.537344714504435
85d2935c-a6c5-5357-bcec-5e11ad658e82,36.860284,57.947706,46.211977,True,11.735729,9.351692999999997,25.39542725038576,25.3706482565354
85e5f56d-c455-54f5-9d31-3b14fe4da9b5,30.839667,52.656836,41.730584,True,10.926251999999998,10.890917000000002,26.18283990466081,35.314638773499084
85ed433b-de68-58fe-b6d0-867a265ced6b,30.914647,50.667476,41.840151,True,8.827325000000002,10.925504,21.09773695606405,35.3408660949614
85fa5f36-4722-51ec-9989-a99b3438c289,36.825193,57.73948,43.170418,True,14.569062000000002,6.345224999999999,33.747789979703235,17.230663258166764
867a92c7-c270-55bd-a604-7dad2089dd8d,20.802921,34.22845,27.848231,True,6.380219000000004,7.045309999999997,22.91067967656547,33.86692666861541
868d64bb-2baa-51d3-be5c-e5adb802c138,34.084964,56.852396,44.137063,True,12.715333000000001,10.052098999999998,28.80874289256628,29.491300034818867
874a9d07-73b8-56f3-a325-35dc2f6fd992,20.633338,35.497456,28.585174,True,6.912282000000001,7.951836,24.18135359260014,38.53877642095526
87d05d23-1d2c-5b62-bbf6-a454a7e2b378,34.105052,56.550938,47.301752,True,9.249186000000002,13.1967,19.55358017182958,38.69426734784043
88306d08-04f2-54f4-89d3-c64b6b2958e5,23.918677,39.219188,31.228768,True,7.990420000000004,7.310091,25.586728237245875,30.56227148349384
8851bb03-eec8-5001-9273-ed61ed002352,24.996299,39.914093,31.415524,True,8.498569,6.419225000000001,27.052131933244212,25.6807017710902
885d8f13-c8e7-58aa-bc82-7f145ed7653b,21.569642,32.390091,25.930396,True,6.459695,4.3607539999999965,24.911671229394262,20.217090297558006
88952438-1173-51a9-9b76-d3e1f775b007,35.676369,57.927291,47.791435,True,10.135855999999997,12.115065999999999,21.20851989483052,33.95823717374377
88a4e892-e86c-5ff3-8d1d-5fc3884bb8cd,33.097787,51.461873,40.044609,True,11.417263999999996,6.9468220000000045,28.51136341473579,20.98878091154555
88fdb1b8-da96-54ed-ba92-6f0916f69f8f,21.628823,36.291547,28.079311,True,8.212236,6.450488,29.246572325083047,29.823573848655567
890564f9-86ac-53c4-87b3-afea517c14ae,30.885206,52.225281,42.190848,True,10.034433,11.305642000000002,23.78343521324814,36.605363745995426
89065001-bdd3-5126-af54-c65fc6922d45,30.850177,50.392554,41.979357,True,8.413196999999997,11.129180000000002,20.041271713618663,36.074930785648334
893cb5b5-8d2c-5f58-bce8-c0834e7b6ac2,24.022205,39.480511,31.404461,True,8.076049999999999,7.382256000000002,25.716250949188392,30.73096745282126
893fedc6-5aea-563d-b0a4-15d5db55cbcb,28.025238,47.553024,36.800002,True,10.753022000000001,8.774763999999998,29.220166890208326,31.31022116565075
89586149-3663-5a53-931e-ece960805445,32.797031,54.051018,40.438413,True,13.612605000000002,7.641382,33.66255990312973,23.299005327646885
89613256-1951-574c-89ae-ead387fb6c88,28.021944,45.747858,36.866398,True,8.881460000000004,8.844453999999995,24.090935056904677,31.562599654042543
89d99087-9dec-5b07-b1d8-89468d66d679,37.858235,58.187199,46.466735,True,11.720464,8.6085,25.2233431077092,22.738777969971395
89dfa62d-d9c8-5a51-b401-d4f9136c9dad,22.606918,36.519003,26.513895,True,10.005107999999996,3.9069770000000013,37.73533839520748,17.282218655369128
8a5c2c53-a497-5446-85c7-cc2a3bb6edce,34.247744,56.656958,46.724339,True,9.932619000000003,12.476595000000003,21.257912284216587,36.43041421940086
8a877668-9d59-5f4c-8d6d-0e044a8cc54d,27.968844,45.994226,36.798962,True,9.195263999999995,8.830118000000002,24.98783525470092,31.571265512439496
8a92100c-2cb9-53cd-8b22-1eac741f8880,34.410628,56.305155,44.395449,True,11.909706,9.984820999999997,26.826411869378774,29.0166776380832
8b205bd2-fb07-5ee7-8aa7-63179e4b45ea,29.314634,47.285433,37.196642,True,10.088791,7.8820079999999955,27.12285426195193,26.88762206616666
8b504459-331b-511b-b2e9-104b013bde57,20.69165,34.444054,27.200477,True,7.243577000000002,6.508827,26.630330784272648,31.45629758864083
8b58774c-d397-5e6b-9b1e-3e8a41d74fb8,21.316925,33.442655,27.487419,True,5.955236000000003,6.170493999999998,21.665315321165668,28.94645451912036
8c1ab59f-906d-5c94-a21f-d4ccae4f61e5,27.359187,43.08862,36.527358,True,6.561261999999999,9.168171000000001,17.96259669259408,33.51039268820379
8c69583c-6393-5b94-8b61-28c049e525e7,20.590955,32.765988,28.005372,True,4.760615999999999,7.414417,16.998938632202417,36.008125897997445
8c8e4412-1f89-5c66-9733-6ec2e1bdac4a,24.880598,39.394881,30.136373,True,9.258507999999999,5.255775,30.72203811653114,21.123989865516897
8caf59a6-2123-5793-8a99-6a869fa88adb,21.143527,33.524721,28.125506,True,5.399214999999998,6.981979000000003,19.19686351598438,33.021827436832105
8d909b4f-7dfe-54ea-bfd7-0dcfa152de20,27.531167,48.135807,36.748369,True,11.387438000000003,9.217201999999997,30.98760110958939,33.4791547339784
8de29408-2126-543d-8fc4-989002f3a20c,33.914254,56.511131,44.222128,True,12.289003000000001,10.307873999999998,27.789261973100892,30.393928169553718
8de8f28d-dabe-5e50-9a3f-f5b4e6975531,27.881719,47.582608,38.676714,True,8.905894000000004,10.794994999999997,23.02650116553336,38.717107076504135
8e0a498f-4f2b-5a94-bb2e-a92d031e37e9,20.820477,37.590087,27.687186,True,9.902900999999996,6.866709,35.76709095680578,32.980555632803224
8e2c4436-9ef0-5d5d-8835-ad8bb6ac5f29,24.356886,41.171951,30.8252,True,10.346751000000001,6.4683139999999995,33.565884406265006,26.556407908630025
8e361a09-2657-57d1-ae2b-bd310b9bc17a,27.573221,47.49139,36.911977,True,10.579413000000002,9.338756,28.661193086460806,33.868933919617156
8f49f6d7-184a-5101-a185-c5561a2d4d86,29.981487,46.147806,34.415387,True,11.732419,4.433900000000001,34.09062057038614,14.788792830722508
8f88d670-1ccc-51ea-8811-46425039d711,31.464955,51.26123,40.624803,True,10.636426999999998,9.159848,26.18210111689649,29.111269982747473
8f8b6290-b0b8-513d-a947-f50e7ab53fd1,21.684766,36.138142,27.943969,True,8.194173000000003,6.259202999999999,29.323583203230736,28.864517145354483
90318212-6c5b-5876-b480-dbe208cd742e,24.012219,39.025418,33.278499,True,5.746919000000005,9.266279999999995,17.26916529498523,38.58985294112133
90be1388-6262-5f10-ae7d-d8a71ff87155,34.975672,57.130196,46.145118,True,10.985078000000001,11.169445999999994,23.80550419223113,31.93490035016337
90f688f3-b2eb-5fe8-81f2-4766ecca585a,24.056203,39.093044,31.448898,True,7.644145999999999,7.392695,24.306562347590045,30.73093039662161
91728ed0-836a-50f3-a85c-d4c184b6f50d,27.780329,47.850284,37.120506,True,10.729778000000003,9.340177,28.905257918628596,33.621549262429546
91a0fba3-5737-52a4-a0f3-38b230f084f1,28.361979,44.435284,36.960158,True,7.475126000000003,8.598178999999998,20.224821549734724,30.315864065762117
92a5a593-df9b-5057-a246-c80b23e8e349,21.072132,32.588385,27.136708,True,5.451677000000004,6.064575999999999,20.089677052942474,28.78007787726462
92b6cc78-32ce-567d-a1af-b731430c349c,23.910513,39.476274,31.348556,True,8.127717999999998,7.438042999999997,25.926929457293017,31.107835285675367
92f6d485-0ba0-58e3-b3d7-ddf1e60ce849,34.148773,55.03425,46.023646,True,9.010604,11.874873000000001,19.57820551635566,34.77393755845928
9303d632-4d64-5b4e-a423-8a4de696f38e,24.993558,39.454519,33.676642,True,5.777876999999997,8.683084000000001,17.1569273444781,34.741288135126666
930e2f50-cd9e-55e8-a544-4ff4da83b0c3,20.821151,32.533767,27.952742,True,4.581024999999997,7.131591,16.38846378648648,34.25166552992195
93498620-c1d1-5b70-bea2-8e72b07aa1a8,21.880304,32.29168,27.648533,True,4.643146999999999,5.768229000000002,16.793466040313962,26.362654741908532
936d0d2b-408f-5586-8f6d-16aa87452b75,31.617479,46.138481,35.202268,True,10.936213000000002,3.584788999999997,31.066785242359963,11.33799756773776
9371da9e-e454-5717-8021-b6ce908e0468,29.43345,46.310065,37.205122,True,9.104942999999999,7.771672000000002,24.47228368180058,26.404216970827417
93781cd4-9f05-5c6b-95a1-8753282bb816,20.518184,35.84367,27.720048,True,8.123622000000005,7.201863999999997,29.30594492477071,35.09990942668219
93cac94e-b732-558b-8601-20de990057e6,36.160512,58.8143,45.137961,True,13.676339000000006,8.977449,30.298973850413862,24.826664511829925
94285ec9-f102-559d-b55d-381c87b954ee,34.423992,55.637756,43.879191,True,11.758565000000004,9.455199,26.797588405857358,27.466887047847326
942e1e4a-32af-5630-a079-cd60ee7843df,29.65934,44.889925,37.061141,True,7.828783999999999,7.401800999999999,21.12396917299443,24.95605431543655
942f23af-3b37-5c0b-8711-05554a82aaef,21.192114,33.333587,29.644366,True,3.689221,8.452252000000001,12.444931357277127,39.88394928415354
943acf73-4ed5-5fa1-b0ae-574caf96b0f9,27.162584,46.894833,37.272485,True,9.622347999999995,10.109901000000004,25.816223415208285,37.21995300594378
94df8a72-c548-580f-b8b0-72677d8da97c,36.245874,57.818789,44.527747,True,13.291042000000004,8.281872999999997,29.848898485701525,22.849146912556165
94edacdc-ddab-584d-8c85-98a588508111,32.877469,51.570443,40.847527,True,10.722915999999998,7.970058000000002,26.251077574414722,24.24170181713198
950d1f4a-eb7f-59b9-9e3e-61997d84c79a,20.52632,36.168802,27.722904,True,8.445898,7.196584000000001,30.465415888609648,35.06027383378999
957130a1-78ed-51c5-b882-17640165e8fa,24.185986,41.392289,30.600397,True,10.791891999999997,6.414411000000001,35.26716336392628,26.52118875782034
9575bee5-73b3-555f-be33-278d972e6803,23.909068,40.098041,33.323599,True,6.7744420000000005,9.414531,20.329262754602226,39.37640312872087
95e746a5-ce76-50a6-85bd-8acced922f5b,31.887572,51.413059,41.233262,True,10.179796999999994,9.345690000000005,24.688313527074314,29.30825213032841
95fc3f3b-8a75-5026-9c4a-a0dbabdb89db,22.578295,31.677077,29.675695,True,2.0013819999999996,7.0974,6.744179032706731,31.434614526916228
961986dc-0142-57fc-9074-b29af5bc49ee,28.592574,42.700058,35.791117,True,6.908940999999999,7.198543000000001,19.303507627325516,25.17626779596689
963c60ed-7a43-5f99-8fd6-b6ed50ab0783,31.66443,50.754646,40.475112,True,10.279533999999998,8.810682000000003,25.397172464896446,27.825171651597717
9689c7c7-318b-5d54-9773-0803a2012cad,28.058967,42.328889,35.048318,True,7.280570999999995,6.989351000000003,20.772954068723053,24.909509320139986
96c5172e-5e26-54da-80a5-73b831281be6,30.759687,50.590822,40.696075,True,9.894747000000002,9.936388,24.313762445149813,32.30328058929859
96e430e4-52de-5da4-9f1c-f5c0916d2a2a,25.179696,39.782674,31.515985,True,8.266689,6.336289000000001,26.230146384445856,25.16427918748503
96f3544a-a587-55e2-9e96-879383d8a2d7,30.738442,51.008348,40.39723,True,10.611117999999998,9.658788000000001,26.266944540504376,31.422503456746448
973a8aa5-1bb3-5884-b1ef-0a1da51c5eee,20.78869,34.37555,27.765177,True,6.610372999999996,6.976487000000002,23.808142840220306,33.55905061838914
97d1a53d-59e5-5aec-925a-4f4be13c660e,26.530867,39.877205,33.163208,True,6.713996999999999,6.632340999999997,20.245318245448388,24.998583725137955
986e8860-7011-57c8-b78e-df72d99e1aa3,23.863745,39.412878,31.196568,True,8.21631,7.332822999999998,26.337224017718874,30.72788030545917
98ae62d6-743c-530b-bdb7-63abb831af83,20.519875,34.706882,27.929918,True,6.7769639999999995,7.410043000000002,24.264174352391578,36.11154064047662
98b085c9-ccac-583a-b0e4-f3fc21d67d35,36.366101,57.585685,46.338178,True,11.247506999999999,9.972076999999999,24.272656987074456,27.421353199233533
98bf119f-43d3-576d-90c0-67c904b000bb,36.594434,58.137626,44.030354,True,14.107271999999995,7.435920000000003,32.039878670973195,20.31981147734107
992571fc-b242-505e-8014-6eeccd6e0196,28.454087,45.904635,37.289354,True,8.615280999999996,8.835267000000002,23.103862298070368,31.050959392933606
99312557-e50c-5d9e-b8c3-35d7c5df2655,24.430164,41.062657,31.398824,True,9.663833,6.96866,30.777690909697764,28.524818744565117
9953087b-5c35-531c-acf5-184a2a3edc98,23.956774,38.700867,31.40546,True,7.295407000000001,7.448686000000002,23.22974094313537,31.09219129420348
99898907-2bf0-5f7b-82e7-387a666b403b,31.106957,51.877592,40.27499,True,11.602601999999997,9.168033000000001,28.808454080311368,29.472612830628215
99a44ebe-dc46-55c4-b0ae-e0bdc9cdada1,26.503184,40.002312,31.999801,True,8.002511000000002,5.4966170000000005,25.00800239351489,20.7394590778225
99ced5de-e468-52de-b028-64d5c178c99f,24.913515,39.075948,30.199934,True,8.876013999999998,5.286418999999999,29.39083906607213,21.219081289813975
9a4e80b6-dded-5af7-8407-7ad7f9ade523,35.940486,60.325222,45.571122,True,14.754099999999994,9.630636000000003,32.375985827164826,26.796065028169075
9a53bea1-f08c-5cc1-b479-ce63dff5b81a,20.886248,38.548572,25.45022,True,13.098351999999998,4.563972000000003,51.46655706709018,21.851564723352915
9a897146-68ff-57f5-808d-c32118a9fded,25.180854,39.884167,29.048641,True,10.835525999999998,3.867787,37.301318158050826,15.360031077579814
9ab8b517-c0d6-5ae8-a2e4-6f9b3aa832ea,25.10986,39.64143,31.476501,True,8.164929,6.366640999999998,25.93976058520609,25.355143358027476
9af94d4a-e836-5454-94f2-56ad69ebd2f4,28.298305,46.798707,37.097387,True,9.701320000000003,8.799081999999999,26.15095235683312,31.09402488947659
9afd9b6b-4e8d-516f-8dc2-b6e0ccd98066,27.359081,47.822333,38.261199,True,9.561134000000003,10.902117999999998,24.989112338063435,39.84826098508206
9b23934a-4e1a-542c-805e-97ebece1bb7d,21.612077,36.452508,28.477695,True,7.974813000000001,6.865618000000001,28.003716592933525,31.767506658429923
9b25f824-b287-5c77-87d3-48fe5318e3c6,21.477637,33.42908,27.113426,True,6.3156539999999985,5.635788999999999,23.293456164484706,26.2402656307116
9c33b426-29d0-51bf-aedd-3fa924d4cc2c,27.257653,47.437657,38.322862,True,9.114795,11.065209,23.784223109432695,40.59487073226737
9c6b692f-47aa-5698-904a-cde86fc6919e,31.129244,46.770838,35.406018,True,11.364819999999995,4.276774000000003,32.09855454516234,13.738766029782164
9c998e85-8254-57ec-a3c5-af61494efeaf,21.686686,36.394561,28.105702,True,8.288859000000002,6.419015999999999,29.491734453030215,29.59887923862594
9cc95fe4-6736-5efd-b4b3-328c059ae7dd,31.211128,50.945961,40.347496,True,10.598464999999997,9.136368000000001,26.267962205139067,29.27279014074724
9d46934f-5130-5bf7-9bfa-e55d9e84e58b,27.560802,46.100532,38.386549,True,7.713982999999999,10.825747000000003,20.09553659017381,39.27950645267872
9d49596c-458f-5b31-82e0-8dd45c5e8dec,20.861623,35.954036,27.598706,True,8.355330000000002,6.737082999999998,30.274354167184512,32.294146049902245
9de5e2db-f95b-5a56-b7c7-d330a5bee6db,25.930964,39.969971,32.124858,True,7.845112999999998,6.193894000000004,24.420693159172867,23.886092318048817
9e10df8d-ae2f-55aa-a68b-5601d04eedf3,30.702471,49.50197,40.34742,True,9.15455,9.644949,22.689307023844403,31.414243498511894
9e69c44d-e989-50b1-8769-3f5f308dd1a8,30.739872,50.977532,40.938981,True,10.038550999999998,10.199109,24.520764207589824,33.17876209764309
9eb1930e-a7d2-5dd0-a9fe-ba63d7c99908,20.829649,33.924786,28.094044,True,5.830741999999997,7.264395,20.754370570502406,34.875263620620785
9ec399a2-bf8b-5761-8e30-65604ed25109,29.805353,44.312888,35.694852,True,8.618036000000004,5.889498999999997,24.143638415982238,19.759869980402502
9f090ca6-1669-5a48-9a49-d020ca914aa8,30.948529,52.585292,41.777292,True,10.808,10.828763000000002,25.870513579482363,34.989588681258496
9f4084e1-871c-51fd-94e3-c62aaea5a7b8,32.892296,51.408389,41.897392,True,9.510996999999996,9.005096000000002,22.70068981859299,27.377523296032606
9fbbb13e-bccf-5655-9d4d-7629127a02a3,31.894884,48.966125,39.966907,True,8.999217999999999,8.072022999999998,22.5166736069919,25.30820616873853
a0b8c4d4-1c80-5815-a35e-2ee19c04c355,27.925957,45.952362,36.826677,True,9.125685000000004,8.900719999999996,24.780093517533512,31.872569308904957
a0ce8ab0-322b-518e-a6c0-530311cf09ca,28.691412,43.474675,35.743801,True,7.730874,7.052388999999998,21.62857274188607,24.580139171958486
a0e9eec9-5339-5869-8bd0-4a3b69db0200,34.631589,51.900248,42.75745,True,9.142797999999999,8.125861,21.38293560537403,23.46372555992161
a10364c4-735f-5754-bfa3-b876437375f9,38.206194,59.640307,46.12159,True,13.518717000000002,7.915395999999994,29.311038496287757,20.71757265327186
a1094f9a-ec4e-5b9b-8e0e-4a0934307a00,27.349272,46.963839,42.087077,True,4.876761999999999,14.737805000000002,11.587314557387767,53.887375868725144
a12c1404-d4de-5a2b-8f14-e1c3a9b8fbdd,35.044068,56.119848,45.818917,True,10.300930999999999,10.774848999999996,22.481829939367618,30.746570289727764
a248042b-225f-5d15-a467-084a761b6bdb,30.799003,52.5898,41.776615,True,10.813184999999997,10.977612,25.883344067009727,35.642751163081485
a26e9b89-e488-5c3a-a341-aee81bafa8d7,24.573846,38.853798,32.671061,True,6.182736999999996,8.097215000000002,18.924200227228603,32.950540179994626
a27d184d-5d28-5052-8dad-eb24df6a1c6b,22.365875,35.534375,26.791794,True,8.742580999999998,4.425919,32.63156248514003,19.7887138330157
a2a14fc3-92d2-597a-8bd5-f070e4a7bb34,33.284465,51.429621,40.774187,True,10.655434,7.489722,26.132793279238157,22.50215528475522
a2e41c81-bc64-5321-b13c-eea35966680b,29.293173,43.253112,35.951386,True,7.301726000000002,6.658213,20.309998618690255,22.729572518484083
a3087b99-5aca-5b3f-9315-211b2a543add,34.289757,56.731201,46.873388,True,9.857813,12.583630999999997,21.030724299254835,36.697929938669425
a30d3012-04a6-5447-8cc3-56e90dc2d50d,32.029733,53.185905,40.109139,True,13.076766,8.079405999999999,32.60295864241813,25.224706056712986
a3d5d1e6-d3c1-5bd3-8769-fdeda06e4717,35.014925,55.557717,45.232367,True,10.325349999999993,10.217442000000005,22.82734838970508,29.180248137044433
a401f657-d73b-500a-ab61-073cb118549c,34.035782,57.410348,43.976308,True,13.434039999999996,9.940526000000006,30.54835799312665,29.20610432867388
a425e4b3-b992-5be5-8e50-a375a50881a7,22.434336,36.488229,28.419379,True,8.068849999999998,5.985043000000001,28.39207007303009,26.678048327349657
a4a8fc5c-bcd8-5701-9b29-a99d0088e6b3,31.80727,54.25159,40.584371,True,13.667219000000003,8.777100999999998,33.676064611177544,27.594637955410818
a4f812ce-f00c-54e2-bbec-cf29ba788286,27.598325,45.681265,37.107095,True,8.574170000000002,9.508770000000002,23.10655145599515,34.454156185203274
a5466260-34e2-58de-82fa-a963b6ebf429,24.237278,41.030945,30.851037,True,10.179908000000001,6.613759000000002,32.996971868401054,27.287548544023803
a5d6c967-1dba-529c-9911-5b5407fbea54,37.254928,57.809119,47.160684,True,10.648435,9.905756000000004,22.579051228349442,26.589115941923186
a5f9296d-3efa-5bf3-b9a6-a6c444ccee82,34.349933,54.189385,42.737945,True,11.451439999999998,8.388012000000003,26.794549901732516,24.41929653836589
a601a052-a58b-534f-8102-ac88eae0de8a,34.484839,50.364723,43.096628,True,7.268094999999995,8.611789000000002,16.864648900141315,24.972681473154047
a629be25-3c8f-5249-b1dd-c72b4ce9ae79,34.364025,56.458455,47.029849,True,9.428606000000002,12.665824,20.04813156002266,36.85780114523837
a7381948-3d93-5a26-be1e-7d8238eff981,24.139608,39.527096,31.024253,True,8.502842999999999,6.884645000000003,27.407083741871237,28.52011929936892
a765c3e3-972a-5cf6-9f73-4d61cf853b31,23.907224,39.123997,31.475054,True,7.648943000000003,7.567830000000001,24.30160405761338,31.654992649920377
a83cae23-fcf2-5583-b279-a1a5af4768e1,23.869873,39.659942,31.558717,True,8.101225,7.688844000000003,25.6703243037415,32.21149940764245
a8ac9d20-e459-5e0a-9ed6-151190c12dc9,20.91105,34.223043,27.716314,True,6.506728999999996,6.805264000000001,23.476170027515188,32.54386556390043
a8ef0461-63b8-5632-9146-f0a078f55786,20.414966,33.103049,27.765938,True,5.337111,7.350971999999999,19.221792543079225,36.00776018926506
a93a60d2-a584-57cd-8c36-756daf48014a,34.221022,56.410563,45.16885,True,11.241713000000004,10.947828000000001,24.888198393361808,31.991528482112553
a9784df1-59d1-5ed3-9e02-e62067d49246,21.297381,34.336202,27.574853,True,6.761348999999999,6.2774719999999995,24.51998202855333,29.47532374990145
a9cabca0-9609-5821-86ae-8489089b4448,25.228029,39.799692,33.232981,True,6.566710999999998,8.004952000000003,19.75962072135508,31.73039003562269
aa1a8a90-0a13-53f1-8979-4d94d5c9c16a,28.59423,48.135129,36.558801,True,11.576327999999997,7.964571000000003,31.664955314043247,27.853769799011907
aa1f248c-b42f-5ff7-b73b-ae6aa84570ce,24.065557,40.850387,30.89817,True,9.952216999999997,6.832613000000002,32.209729572981175,28.391667809724925
aa45cc6f-e1d2-587b-99ae-11e9214099db,22.404724,36.325502,26.586225,True,9.739277000000001,4.181500999999997,36.632793862235054,18.66347918412205
aa47648b-4ea8-5ea9-9628-93867083b7c3,36.310009,58.68428,46.531038,True,12.153241999999999,10.221029000000001,26.118570576482732,28.14934306405708
aa5b385a-4129-5a0c-8d6f-f6ea9da0b373,27.483139,46.932202,35.144864,True,11.787337999999998,7.661724999999997,33.53929040670067,27.87791088929105
aa8dcc99-bbaf-547e-97c7-cca992af11df,27.490536,43.058853,36.876131,True,6.182721999999998,9.385595000000002,16.76618948988981,34.14118589757582
aafc0ba2-a05b-567f-a8c9-8bf3090984c6,30.919009,50.77846,41.701874,True,9.076586000000006,10.782864999999997,21.765415146571126,34.87454918105557
ab2c9bcc-09ac-5df8-8df1-5a1897d29c86,28.575374,43.744083,37.394302,True,6.349781,8.818928000000003,16.980611110216735,30.861986268316222
ab365da7-0c4a-528d-9d5d-52d7ce958e01,25.272312,39.854066,29.086327,True,10.767739000000002,3.8140150000000013,37.01993379913525,15.091674240172411
ab7375e1-7ede-51f3-b908-a74ef1e5da46,36.267752,59.019885,47.864597,True,11.155287999999999,11.596845000000002,23.305926925489416,31.97563775113495
abaf765c-2cf2-5dfe-9beb-63146577c92c,21.603645,34.311856,25.832868,True,8.478987999999998,4.229223000000001,32.822480260418615,19.57643258811187
abb95b18-738b-5cc5-a585-da8b56717cbd,34.058306,55.699275,44.626197,True,11.073078000000002,10.567890999999996,24.812954597049806,31.02882157439068
abc8dc84-3018-5c05-830e-7abb495ab95b,31.17183,51.365339,40.3676,True,10.997738999999996,9.195770000000003,27.243975366382926,29.500257123178216
abe82e31-48fb-5a3b-9995-30360cca662f,28.636236,47.34287,37.127035,True,10.215834999999998,8.490798999999999,27.51589239485458,29.65054136304785
ac20d6fa-455a-59c6-a2f8-a98c9c6b098c,34.962613,60.569287,47.552952,True,13.016335000000005,12.590339,27.37229646647385,36.01086394772611
acc8b2c9-0cae-544a-ba27-bd8b6d53f56c,32.830744,49.274973,40.758988,True,8.515985,7.928243999999999,20.89351433357472,24.148840489268224
ace1785c-7976-5906-94cd-7566a757c4d5,27.411389,48.042768,37.01093,True,11.031838,9.599541000000002,29.806973237365288,35.0202647519978
ace314b2-306e-5b2d-9675-1b730376ae7d,31.374404,51.750657,43.133947,True,8.616709999999998,11.759543,19.976632326274242,37.48132713532981
ad5abe7b-2ddd-590e-8680-03f70cf81445,29.461495,47.292382,35.284672,True,12.007710000000003,5.823177000000001,34.03095259040527,19.765381899323174
ad5ed959-d618-5db8-8417-b87147c32586,24.937499,39.26349,34.092211,True,5.171278999999998,9.154712,15.168505791542822,36.71062603350882
ad6a1228-69d2-5ea4-af4b-ee71e31d1ea8,32.038881,53.045631,40.455923,True,12.589708000000002,8.417041999999995,31.119566843154225,26.271335756077107
ad9ab5cc-c83e-5d71-8c04-043a1e42515b,32.799488,51.739774,40.84136,True,10.898413999999995,8.041872000000005,26.68474801035028,24.51828516347574
adbd0375-a8fd-560e-b4eb-4ea4343b0227,34.70181,56.006624,46.411534,True,9.595089999999999,11.709724000000001,20.673934199201426,33.74384217999003
adf3a561-c865-5b93-a5d6-c43145897914,35.34026,57.912049,46.56044,True,11.351609000000003,11.22018,24.38037312362169,31.749002412545913
aec0ed2f-99e9-595e-952d-c532d30e990a,27.222481,47.098262,34.690248,True,12.408014000000001,7.4677669999999985,35.76801757081703,27.432352694083978
aed53e97-d692-5d8c-bf0f-90e597964acc,32.781635,53.716922,40.659765,True,13.057156999999997,7.878129999999999,32.113213148182226,24.032144827431573
af29f04f-e7df-516c-afb9-2ffb4a95c393,20.59429,35.275859,27.729212,True,7.5466469999999966,7.1349219999999995,27.2155119301623,34.64514678583238
af42b1a7-fe0a-52c3-83ff-ff5adc797381,28.435418,40.288545,31.856277,True,8.432268,3.420859,26.469722121012452,12.030275060489705
af5666b6-99dc-5289-bed2-1f8a27dec4c2,36.584109,57.701575,44.58892,True,13.112654999999997,8.004811000000004,29.407877562407876,21.88056841838079
aff4c9d7-c8c2-5ae0-94d5-38756afd7e0a,30.646635,52.94168,40.549166,True,12.392513999999998,9.902531,30.561698852203268,32.31196834497491
b0a25a1f-7473-5910-a471-6bff8afca458,32.105273,49.922749,41.475925,True,8.446824000000007,9.370652,20.365607276992634,29.18726777373923
b0d0ad6c-00a0-5956-ad1b-27704bd648da,34.262718,57.175974,45.452032,True,11.723941999999994,11.189314000000003,25.794098710482277,32.65740330349741
b0f5b3c1-fc51-5326-b57a-ae70edbb8f5b,24.501078,41.320969,33.026552,True,8.294416999999996,8.525474000000003,25.114389779471967,34.79632202305549
b1eb8a6c-70b8-57a1-8625-24378b2341ef,27.281601,43.741866,37.100054,True,6.641812000000002,9.818453000000002,17.90243216357583,35.98928449983563
b26c32e9-b2ce-5796-8cf4-dc97739d6255,30.803024,50.513983,41.792892,True,8.721091000000001,10.989868000000001,20.867402523855016,35.67788669060544
b2729870-e175-5fa3-99e6-b0231930830b,23.821661,36.53831,31.348821,True,5.189489000000002,7.527160000000002,16.55401649714355,31.597964558390796
b294501f-7594-580c-8d25-7ffd71aeeec7,27.404661,47.328967,34.845068,True,12.483899000000001,7.440406999999997,35.82687512620151,27.15015157458068
b2bc1141-6862-5f98-bbf0-215dfcffa8f1,20.863453,32.33441,28.078007,True,4.256402999999999,7.214554,15.159206278422822,34.579865566835934
b2e8b000-e7b9-5e46-b821-a1e00588d172,20.570135,35.898906,28.943995,True,6.954910999999996,8.37386,24.028856417367386,40.70882373888164
b3c2fb87-24fb-563d-98d6-64887ac19170,34.479018,55.715214,45.773268,True,9.941946000000002,11.294249999999998,21.719982938513372,32.75687840065514
b3c3cb8f-3143-5497-8810-f1aa1493f216,36.284354,59.524873,44.305993,True,15.218879999999999,8.021639,34.34948405286842,22.1077079117903
b43ac9c8-e6eb-59e1-8bfd-ce4ddf80adea,36.355503,54.764525,44.51288,True,10.251644999999996,8.157377000000004,23.0307385188287,22.437805357829884
b4483670-2a6b-5666-a8ca-0dd5dbfd3b4d,24.108401,38.815921,33.271532,True,5.5443890000000025,9.163131,16.664062839066148,38.008041263292405
b4aae99e-94f6-5629-b862-1981bce319d2,36.637501,57.839033,43.417449,True,14.421584000000003,6.779947999999997,33.21610166456349,18.505487041815428
b4ce37f8-440f-5250-87cb-8054c273581b,30.595002,50.246023,40.690818,True,9.555205,10.095816,23.482459851261776,32.998252459666446
b55b4b10-7f8a-5484-9b25-5a0c4ba5c944,20.410282,33.062296,27.729391,True,5.332905000000004,7.319109000000001,19.23195861027025,35.859911195739485
b5924591-7c03-5eaa-afc3-2859e1cbc161,27.26943,47.167249,38.483857,True,8.683391999999998,11.214427,22.563725876021206,41.124537623265326
b63ace38-dd53-5051-997f-c0183fbad4e4,36.456724,57.331282,44.417964,True,12.913318000000004,7.9612399999999965,29.072287059352842,21.83750794503641
b643acb2-8fbc-5569-96b2-38811522462c,24.002937,39.243962,33.548131,True,5.695831000000005,9.545193999999999,16.97808739330369,39.76677520755064
b64c90b4-7f83-53eb-bea9-c9faf11f7e51,28.426616,42.666596,36.943497,True,5.723098999999998,8.516881000000001,15.49149231866165,29.960938720247256
b6fea3ef-21c9-5bcc-bf0a-ce73223f3f9e,20.483476,35.942133,29.042741,True,6.899391999999999,8.559265,23.7559946562895,41.78619390576092
b713b459-f13c-58c8-bb6f-b626dcb6509a,21.167365,33.334595,27.300578,True,6.034016999999999,6.133213000000001,22.102158423165978,28.974853506801633
b71a0111-3a1f-5d14-aae0-70ba2db09993,34.191743,56.63182,46.462423,True,10.169396999999996,12.270679999999999,21.887358306733155,35.88784578779736
b79464f7-0fef-58ff-8364-cb452e4e706a,22.397183,36.544981,26.711219,True,9.833762,4.3140360000000015,36.815100052154115,19.26151159277487
b7a3f1a2-8fb2-5c79-ad53-4818cb2a9193,36.384749,57.877779,46.648438,True,11.229340999999998,10.263689,24.07227654653731,28.208766810511733
b7e586fd-8a89-5464-b0a7-b1e3b6a12f47,27.281708,45.835908,37.1089,True,8.727008000000005,9.827192,23.517291000272188,36.02117580028347
b80ec609-6429-5f05-8cd8-753acb4bbbb1,27.494112,44.54753,36.659382,True,7.888148000000001,9.16527,21.517405830791148,33.335391955921324
b83a3fd8-f604-5f95-84b6-2eb1d07e25ca,20.86841,37.652163,29.451814,True,8.200349000000003,8.583403999999998,27.843273083281062,41.131087610412095
b886af5b-8fbb-59ed-a6d3-843e87323e56,35.489756,57.62818,45.560101,True,12.068078999999997,10.070345000000003,26.488262174835818,28.375357103046873
b88be909-d098-5111-93d1-2e174bee5a4c,34.46718,56.442515,45.755803,True,10.686712,11.288623000000001,23.355970826257817,32.75180330969926
b8ba72d8-1867-545d-a9b7-d50d5a2465b1,27.581025,47.942774,37.118272,True,10.824502000000003,9.537246999999997,29.16219267965923,34.57901582700424
b8c86a0e-5220-569b-8a67-75ef35ae7b12,21.263222,33.28977,27.380046,True,5.909723999999997,6.116824000000001,21.584054314590986,28.76715485545888
ba1a161d-bcda-5fb8-93e9-1da22f5a65b2,31.285393,51.110755,40.109945,True,11.000809999999994,8.824552000000004,27.426639453133117,28.20662025885372
ba1ce7e7-eaed-5afe-b3a2-32983ea382f1,28.564517,43.197897,37.327589,True,5.870307999999994,8.763072000000005,15.72645905418642,30.678173203488807
ba3a3dac-c98f-59ea-9e5c-faeac0ba8521,20.531382,35.303255,25.994373,True,9.308882,5.462990999999999,35.81114266537608,26.60800427365288
ba45010d-13f0-5186-ab4b-f4b6c594994d,27.31213,46.779542,35.541412,True,11.238129999999998,8.229282000000001,31.61981859358879,30.130502454403963
ba7ee21f-3cf6-5903-9de1-422be391f817,23.905167,38.973297,31.362713,True,7.610584000000003,7.457546000000001,24.266344560178844,31.19637691717444
baec240f-3623-5910-b9d9-04d4d312b497,27.32816,47.117775,38.57435,True,8.543425,11.246190000000002,22.147942868771604,41.15238640288992
baf3eff7-682e-5316-bad4-8f057269cbe9,32.319044,50.808915,40.034172,True,10.774743,7.715128,26.913864985143192,23.87177046449765
bb58e0f7-4ead-5563-a6d7-4ecc594f711f,23.935491,40.004816,33.16736,True,6.837455999999996,9.231869000000003,20.615014279098475,38.56979161196235
bb6156d8-9a70-5cbf-b7ab-b3d4dfdf2cd6,36.341671,58.782859,44.47127,True,14.311589000000005,8.129598999999999,32.18165120987101,22.369909738052495
bba0420d-76a5-59fb-b735-61731503a972,31.269725,51.220126,39.999819,True,11.220306999999998,8.730094000000001,28.05089443029729,27.918678530111794
bc1f45da-9317-520b-a008-2498be4ec9d2,24.870611,39.970601,33.956602,True,6.013999000000005,9.085990999999996,17.71083867578978,36.533042955800305
bc366411-3ab0-5a06-9027-494465143238,24.199848,37.131684,31.320615,True,5.811069,7.120767000000001,18.553495836528114,29.42484184198182
bcbc45ea-d316-5e08-97a4-290b5edb5260,20.570153,33.603214,27.818714,True,5.784500000000001,7.248560999999999,20.79355645268146,35.238245432593516
bced725c-8756-5cbd-a84c-f37a7fb1deeb,36.713131,58.020534,46.487133,True,11.533400999999998,9.774002000000003,24.809878036574116,26.622632648792617
bcfc6862-a78b-5dd6-baf3-5e48a3c8d56b,29.229709,43.297986,35.302513,True,7.995473000000004,6.072803999999998,22.648452816942534,20.77613567757379
bcffd34b-1929-5db8-b88e-1998a3901c9b,20.832243,37.727656,27.62723,True,10.100426000000002,6.7949870000000026,36.55967681160942,32.617644677051835
bd7f27a7-3f8a-5e52-9b92-0bcf8cb79803,30.824145,51.151192,41.946329,True,9.204863000000003,11.122183999999997,21.944382784963146,36.082700752932475
bdb240c0-92a5-5ce1-a415-9cf58e659327,36.039599,59.177384,44.517971,True,14.659413,8.478372,32.9292029054963,23.525156314863548
bdb27363-a79b-5224-a9f6-7a8046c2a4d8,32.015638,49.788115,40.192227,True,9.595887999999995,8.176589,23.87498458346186,25.539359859078864
bdcdccff-3478-5696-96bb-0343a0014570,23.949195,39.370947,33.206307,True,6.164639999999999,9.257112000000003,18.564666043712712,38.65312383151085
be6ff22c-97d9-592b-834b-11da7317d4ee,36.412077,54.796444,45.04046,True,9.755983999999998,8.628383000000007,21.660489257880574,23.69648674531806
be800447-38be-5aad-8657-13289a272563,32.201556,51.5821,39.054973,True,12.527127,6.853417,32.07562581082824,21.282875274722755
bf8123f7-902e-5f9c-b777-d8b0bc7d8c42,34.38767,55.950953,44.057855,True,11.893097999999995,9.670185000000004,26.994273779329458,28.121082353064352
bfdb815b-1570-5c79-9479-b0bfff1f6780,27.597139,39.854961,31.999166,True,7.855795000000004,4.402027,24.549999209354407,15.95102666258267
c0465242-52ac-554e-9b56-eaad4ad49be8,27.316253,46.016301,36.992556,True,9.023744999999998,9.676303,24.39340768991469,35.4232441762785
c0647620-66cd-55c3-b31c-266221b93229,28.066536,47.59697,36.859508,True,10.737462,8.792971999999999,29.130779499281438,31.329024714699383
c0900f14-85de-5f63-983e-bfc49e31234d,25.006137,39.339041,32.170317,True,7.1687240000000045,7.164179999999998,22.283659809755697,28.649687074816864
c09608a2-68d8-506e-a00e-17e223eb67c7,26.375376,39.956452,32.077489,True,7.878962999999999,5.702113000000001,24.562281043880958,21.619077582059877
c0e82d43-9bd3-57f1-9897-20144fb7d970,24.15925,40.875954,32.865498,True,8.010455999999998,8.706248000000002,24.373450845016855,36.03691339755995
c184c70f-2229-553d-ab67-a9c677703367,24.105081,40.918262,31.29288,True,9.625381999999998,7.187799000000002,30.759016108456617,29.818605463304614
c18b4623-a580-55f6-b2c5-ec58899e9bcf,36.279608,57.683316,44.594975,True,13.088341,8.315366999999995,29.34936279255679,22.92022284254007
c18feb74-9a11-5eee-a0f1-8f1b86d994a6,27.904171,45.49112,36.918239,True,8.572881000000002,9.014067999999998,23.221261989229774,32.30365811620061
c1950d2e-879e-5841-905a-a77f527e1436,33.175924,51.650311,40.192475,True,11.457836,7.016551,28.50741587822099,21.149526988306338
c1e37210-ea5c-5f37-be32-98c6f8c5867d,25.120735,39.733815,31.309009,True,8.424806,6.188274,26.908568073809043,24.634127942514418
c2b5a4ea-5cbb-5bea-9743-e1c8cde7d548,24.697726,39.408869,32.722966,True,6.685903000000003,8.02524,20.431836771764527,32.493841740733544
c313f7b5-b8af-5d70-ac7b-f8c4c59afda1,32.952734,51.811745,40.635956,True,11.175789000000002,7.683222000000001,27.502217494280195,23.315886323726588
c342d7e4-ace2-5eea-a8a4-30b4ce3cc1e0,35.08887,60.243901,46.883315,True,13.360585999999998,11.794445000000003,28.497528385098185,33.61306590950351
c34989a7-9d1a-54ab-b443-198313e962ba,34.146863,56.65547,45.470153,True,11.185316999999998,11.32329,24.599250853631386,33.160557091291224
c39557a5-a4ae-5a0a-9383-2acf55e78b1a,24.090765,37.072723,31.064832,True,6.007891000000004,6.974066999999998,19.339847065646467,28.949130507063593
c39b0979-23ef-58f5-ad02-2a26b0f38566,22.38695,35.456218,28.552583,True,6.903635000000001,6.165633,24.178670630254366,27.541192525109494
c3ac405f-649f-5cf7-921a-bed0dbb413c2,31.21445,51.012625,40.460843,True,10.551782000000003,9.246392999999998,26.078996920553543,29.622155764397572
c52535e4-772c-5723-97f8-34f24a54e8ee,23.836549,39.271011,31.227403,True,8.043608000000003,7.390853999999997,25.758171436798644,31.006392745862655
c5420b50-a086-56ea-8c5e-8e0ce1d03536,35.447532,58.104731,43.618437,True,14.486294000000001,8.170904999999998,33.21140094955718,23.050702091192125
c544b2e1-d44d-5919-8c62-3ab23b57c598,32.026462,51.532573,40.045701,True,11.486871999999998,8.019238999999999,28.6844073474953,25.039415843061274
c6592fb4-94f0-5811-b980-bddb7e59508a,25.234717,39.764617,36.426292,True,3.3383250000000046,11.191574999999997,9.164602864326692,44.34991286012836
c666776d-a6a6-59fb-87b5-a32d8449a6cb,20.881945,33.062488,27.292986,True,5.769502000000003,6.411040999999997,21.139138092109096,30.70135947585341
c6693a88-1a8e-5cd7-a59a-6f58053b6dfa,21.624564,35.340515,25.915237,True,9.425278000000002,4.290673000000002,36.36963844860844,19.841662472362458
c77d1342-d3a2-599e-b912-6b8efb41b078,24.248115,41.35881,33.108546,True,8.250264000000001,8.860430999999998,24.918835155128836,36.54070017401352
c79fb208-7d60-5e42-8c0e-40d347e79470,34.708267,51.746426,42.624393,True,9.122033000000002,7.916125999999998,21.400968689454423,22.80760949545536
c7bf1853-e86b-543e-8096-7c53d4eb3adc,20.605664,35.583922,28.045642,True,7.53828,7.439978,26.878614509876435,36.10647053159752
c81a0acd-7db3-588b-9a44-72dfd46c70e2,26.429077,39.830097,31.907301,True,7.922796000000002,5.478224000000001,24.830668065594146,20.728018613741224
c8253ac1-f72e-5b85-8f5d-947d8731518a,31.254747,50.940014,40.155062,True,10.784951999999997,8.900315000000003,26.858262602109782,28.476682278055243
c82a869b-cc00-58ce-89ed-75f1512cc1fb,20.445904,33.341675,27.4899,True,5.8517750000000035,7.043996,21.286999952709916,34.451868697026065
c85084a5-9850-5458-b1ed-4fc22c80703e,29.405693,47.515672,37.050251,True,10.465421,7.6445580000000035,28.246558977427703,25.996863940598182
c8705dd7-814b-575d-98a1-d2b07403b7ef,35.293339,58.283359,44.024529,True,14.258829999999996,8.731189999999998,32.38837603464195,24.7389174484171
c881694b-769e-5295-8310-c54ae88fad8a,21.667428,32.370676,28.851683,True,3.518993000000002,7.184255,12.196837875974174,33.15693491631771
c8c81448-b38b-5939-88f9-050690ea8d55,36.293676,58.928656,45.202596,True,13.726059999999997,8.908920000000002,30.365645371341053,24.54675574885278
c8e61896-9855-54a1-b853-6186ea5ab599,25.28455,39.980292,29.816214,True,10.164078,4.531663999999999,34.08909662373634,17.92266028068524
c8f5f6bf-9d0d-539d-b72f-5309df25cc9b,27.347484,47.417364,37.043807,True,10.373556999999998,9.696323,28.003485170949084,35.45599661014519
c90c8547-1ab4-54b2-b73e-faf82ba8cbb8,23.844535,39.026253,31.376441,True,7.649811999999997,7.531905999999999,24.380751150202144,31.587556645579372
c9232b23-6107-5924-86d2-28a3c92733d7,33.302464,54.073217,40.75133,True,13.321886999999997,7.448866000000002,32.69068027963749,22.367311920223088
c9a57af1-cf4e-566a-ac82-2c39cabaa8a6,21.589894,34.995548,27.44558,True,7.549968,5.855685999999999,27.50886663717801,27.12234715001379
c9c2a1a7-9774-5cd2-a6b0-9d9ae5f27dd7,21.77873,36.425675,28.020592,True,8.405082999999998,6.241862000000001,29.996093587173313,28.660358064956043
c9c6b017-cbbd-5706-90d5-d53c308af760,32.930265,51.502292,40.665673,True,10.836618999999999,7.735408,26.64807490091213,23.49026951347036
c9c8e1e4-b99f-5429-ace9-f0d0e1cad1a3,36.813501,57.921464,46.261737,True,11.659727000000004,9.448235999999994,25.203824491069167,25.665138450157173
ca4a33b6-2fb7-5bf4-ac8c-116bc042829b,27.989934,44.290387,40.404691,True,3.885696000000003,12.414756999999998,9.616942745583684,44.35436325073149
ca8775ef-acf3-53dc-b730-a1083776b799,24.676702,38.750532,30.931451,True,7.819081000000001,6.254749,25.278739752622663,25.346778511974577
cae39dbd-1934-5239-b37c-edef8dcf93a4,31.170424,44.026002,35.278493,True,8.747509,4.108068999999997,24.795585797840065,13.179381198022833
caee07b4-c444-5e42-bf2a-4365bbe9e36b,24.696427,41.239439,33.17794,True,8.061498999999998,8.481513,24.297768336430767,34.343077239472734
cb31f421-f95a-5945-96f5-c96c726a1a97,31.341698,52.744803,40.102416,True,12.642387,8.760717999999997,31.525250249261788,27.952276229577596
cb6a32a9-5410-5277-b564-4a02628641dd,34.187037,58.262699,46.533628,True,11.729070999999998,12.346591000000004,25.205580360078518,36.11483206339293
cb85f853-2679-5b47-8367-46751015e7bd,27.255672,47.685506,36.879503,True,10.806002999999997,9.623831,29.300836836114623,35.3094614581508
cbbc05e5-8fcb-54d7-8551-26175a54ca31,36.342472,57.420573,45.800194,True,11.620379,9.457721999999997,25.371899079728788,26.023881919754928
cbc739e9-4bfb-511b-be27-f9b748bc2714,35.498733,57.855307,43.456154,True,14.399153000000005,7.9574209999999965,33.134899604783264,22.416070455246942
cbcd20d3-5f8d-5b26-81fe-a86ebaba2342,28.057187,47.349627,36.711694,True,10.637932999999997,8.654507000000002,28.97696031133839,30.84595401527602
cbd18f2b-6013-5885-9058-48de91b10811,34.205447,58.215155,45.283191,True,12.931964,11.077744000000003,28.557978610650476,32.38590625639245
cbfddff2-613a-5628-9014-59095d82e161,30.862649,50.463464,41.823012,True,8.640452000000003,10.960362999999997,20.659564165297333,35.51335791039841
cc5750a9-8e1d-5dd6-a111-05f6764fdff7,33.93904,57.418683,44.529213,True,12.889470000000003,10.590173,28.946098822811,31.203513711642994
cc713f51-1ca5-5588-837a-8e5f216b9a08,24.619389,38.584257,30.66658,True,7.917677000000001,6.047190999999998,25.81858492208783,24.562717620652556
ccd7cefa-fa25-5ec0-bf68-ecc6d5fe25b5,34.169204,56.682336,44.63315,True,12.049185999999999,10.463946,26.99604666038583,30.623909178569097
ccf0bbb9-7374-5d59-93dd-c1f124da5a97,27.360608,47.835853,36.994131,True,10.841721999999997,9.633523000000004,29.306600011769422,35.20946245054205
cd3612ce-0917-50d8-b86d-fba3445f438b,27.51544,42.965503,36.786563,True,6.178939999999997,9.271123,16.79673091503546,33.6942567518455
cd538cf9-b92b-586d-a372-060aff11f61a,20.819297,32.27146,27.697808,True,4.573651999999999,6.878511,16.512685769213213,33.039112703949606
cd5cdf2b-8714-52d5-a9d6-2de05573c5c7,34.399152,60.019466,44.254046,True,15.765419999999999,9.854894000000002,35.624810441061136,28.64865389704956
cdce8291-8282-516f-a7ad-4a52d8918d1d,20.933476,38.712348,28.777496,True,9.934852,7.84402,34.522989769506005,37.47117774420264
cdd4439c-b4b3-5567-851e-8c29df559029,32.317836,52.781219,40.180963,True,12.600256000000002,7.863126999999999,31.358770570033386,24.330611121363443
ce10a15d-7230-5663-b432-73a4eab0c805,24.258611,41.008407,34.887531,True,6.1208759999999955,10.628920000000004,17.544594944250985,43.815039533796906
ce406abb-77ab-5687-804d-ee31007c41e3,36.761449,57.882539,43.472927,True,14.409612000000003,6.711478,33.14617393947273,18.256837482113394
ce45be9d-5c10-57ca-be6f-9285e51021f2,25.63287,41.999832,33.579023,True,8.420808999999998,7.946152999999999,25.077587873834204,30.999856824460153
ce4d05dd-5da3-5c4a-990a-680e33731052,28.850958,46.560049,37.234333,True,9.325716,8.383375000000001,25.046013312498438,29.05752730983838
cf2b44e7-6e44-5fc4-a07c-a0d56394fdc7,28.065132,44.571472,36.991173,True,7.580298999999997,8.926041000000005,20.492183364934107,31.804735498838937
cf5dd8b2-bf80-533c-9173-f1e0d7d5cfa2,20.534606,32.713117,27.856174,True,4.856942999999998,7.321567999999999,17.435786407709823,35.65477711137968
cff5fe9f-6668-5d81-8d0a-d23fcf9761b1,30.031748,46.111495,35.531772,True,10.579723000000001,5.500023999999996,29.77538806677022,18.314032203520075
d14f521f-8060-57de-9916-b0c9cd122fad,23.963308,38.585032,31.100818,True,7.484213999999998,7.137509999999999,24.064363837632815,29.78516154781301
d1590c6d-d040-5ea0-95c1-f108b14529d5,28.020099,47.877294,36.826984,True,11.050309999999996,8.806885000000005,30.006014068379848,31.430599156698214
d22b9a01-a2e8-50d3-947d-11d61a2be4a5,21.608294,36.396201,29.210467,True,7.1857339999999965,7.6021730000000005,24.599860043319392,35.1817362351697
d2a32f65-adb8-5b69-869d-5ad6264a9a59,26.152542,40.042756,31.882964,True,8.159791999999996,5.730422000000001,25.59295302657556,21.911529670805997
d2b27235-eee5-5f56-9154-a51928ddd757,20.68225,37.841942,28.650853,True,9.191089000000002,7.968603000000002,32.079634766895076,38.52870456550908
d2dc57fb-4ae1-5a02-9515-f881d4c888b7,34.014579,58.888871,44.339924,True,14.548946999999998,10.325345000000006,32.812295754047746,30.355645442502777
d310226c-8cdf-5a9b-93c8-6e55c20d5e35,33.313338,51.521444,39.801376,True,11.720068000000005,6.488037999999996,29.446388989164607,19.475796751439304
d33ade51-d82e-53dc-8f9c-21c259db5aa7,21.9969,34.581052,28.140223,True,6.440829000000001,6.143322999999999,22.88833674132576,27.92813078206474
d3c090cf-fb15-5756-8359-ec01fee90e27,21.839546,33.469545,25.929444,True,7.540100999999996,4.089898000000002,29.079300736259505,18.72702848310126
d427b63b-542f-55ef-a18e-e443bf2f00fc,34.133238,57.244201,46.268445,True,10.975755999999997,12.135207000000001,23.721903772646773,35.5524635547322
d4369769-25ae-5bda-a9bb-d18b74d2ad3b,34.505363,56.619093,45.40607,True,11.213023,10.900706999999997,24.694986815639407,31.59134132279668
d44bb94d-3e87-5032-b319-668524e60388,31.385476,50.984743,40.652183,True,10.33256,9.266707,25.41698683192487,29.525462669420723
d4a004c4-00a4-5ca7-a58d-df0b72d6c63d,25.070286,39.73404,32.464202,True,7.269838,7.393916000000001,22.393398118949605,29.492746911622792
d4a154dc-e5b4-50eb-917f-3cba3c8c029b,34.113662,56.590332,46.435329,True,10.155002999999994,12.321667000000005,21.86913115227415,36.119449738348244
d4c49e5e-3d3f-5c02-b89b-ec6dd136531f,34.628059,59.76066,45.897636,True,13.863024000000003,11.269576999999998,30.204222282820847,32.544639594151086
d4e0f750-431b-56c1-a25a-d1bc750c79a3,32.756629,51.701287,40.368935,True,11.332352,7.612306000000004,28.071961769613196,23.23897858964671
d5f690c2-08fb-5b8f-976c-a6005f833eaf,28.63294,46.67464,37.355126,True,9.319513999999998,8.722185999999997,24.94842073347577,30.462069211195207
d642847d-02e2-5cbc-9e0f-087de083a0ec,33.191585,53.569805,40.654678,True,12.915127000000005,7.4630929999999935,31.767874289891086,22.484894891280405
d6872277-0998-56a9-9fe1-0d83942f0f42,21.103701,34.94873,27.766713,True,7.182016999999998,6.663011999999998,25.865564281951553,31.572717979656733
d6a8cfb2-cbcf-5152-b05e-40d1a364b2f1,20.864803,32.926781,27.204316,True,5.722465,6.339513,21.03513648349034,30.38376638399126
d6e9db41-752b-56ef-9d8d-70b6e4c12e88,25.225223,39.890646,31.099822,True,8.790823999999997,5.874599,28.266476894948134,23.28859094724356
d7420041-fac4-5be4-8f64-1fcf601c283b,24.095287,40.914616,30.942045,True,9.972571000000002,6.846758000000001,32.229838073081474,28.41534114119496
d7f4f64f-f8d4-5b14-aa53-b8a955e58fa7,24.040578,39.04326,31.176057,True,7.867202999999996,7.135479,25.234759482252667,29.680979384106323
d84f751a-fb4d-5cfb-bf3a-818a5341f566,28.648859,47.019092,36.062622,True,10.956470000000003,7.413762999999996,30.381789765591655,25.878039331339497
d8918d19-6c7e-58e9-a11e-86d8430b4298,27.920556,46.467402,36.978059,True,9.489342999999998,9.057503,25.662090592694437,32.440267306997754
d8a18c69-2416-5c45-a0da-8c1de040768e,21.76164,32.182237,29.207539,True,2.974698,7.445899000000001,10.184692383702714,34.21570708825254
d8aad420-3ace-545d-ba5e-839163d2878f,25.06444,39.70836,31.397377,True,8.310983,6.332936999999998,26.47030992429718,25.266620758333307
d8ac4bc4-83d7-5e9f-a090-72f1569823fa,22.964415,36.56139,28.36486,True,8.196530000000003,5.400445000000001,28.896775799351744,23.51657989110544
d8b980c2-6bd9-5aa8-91a9-5f8ceb6ed790,38.045978,57.910556,46.083624,True,11.826932,8.037646000000002,25.664066697532295,21.126138484335986
d8dbfd90-1cb4-594a-bfe3-34b4de1ac86f,24.23797,41.340477,31.703465,True,9.637011999999999,7.465495000000001,30.39734615758876,30.80082614179323
d8e168cb-880d-572a-82bd-00f306f72fbd,36.249658,59.260594,45.815621,True,13.444972999999997,9.565963000000004,29.345827267079926,26.389112415901977
d8e9cbde-8352-58f2-8f23-f76c6aea652c,34.794148,56.747201,47.558468,True,9.188733,12.764319999999998,19.320918831952284,36.68524948505708
d9117be7-a622-511f-952f-742da0d490a7,33.146058,51.439653,39.88604,True,11.553612999999999,6.739982000000005,28.966558224381256,20.33418875933906
d917727a-9146-5f70-9925-dffb7fa140f4,29.211323,46.073535,36.87429,True,9.199244999999998,7.662967000000002,24.94758543147542,26.23286524886258
d945c703-b2b5-5b91-85da-a8a5fe1c1af8,34.971279,56.83452,46.013775,True,10.820744999999995,11.042496,23.516316581284613,31.575899754767327
d96539ad-53b2-5ebd-a594-5d581c3f4c5b,21.004442,33.349334,27.190914,True,6.15842,6.186471999999998,22.648815703657476,29.45316043149348
d98d0f24-c120-53f5-8c88-4c6f96c6a59a,24.180668,37.060477,31.242775,True,5.817701999999997,7.062107000000001,18.620951564001587,29.205591011795047
da408625-149c-58b8-a9e6-a01e33d98179,24.105779,38.976475,31.289919,True,7.6865559999999995,7.184140000000003,24.565598907430854,29.80256311152609
da7f3684-d1f1-51d6-b415-d5e9d704cf04,26.030241,40.491171,31.847407,True,8.643764000000001,5.817166,27.14118609405155,22.34772240487516
da9dd7aa-fe85-5e2b-ab65-b1a0c973cdf3,36.090374,58.952242,43.788986,True,15.163255999999997,7.698612000000004,34.628013537468064,21.331483015387995
daab98e2-1bb3-52f7-9df7-5a0325965d7a,35.483385,59.482232,45.764922,True,13.717310000000005,10.281537,29.9734150098628,28.97563747088955
dab007f6-b69c-5962-92c9-c813ed102409,20.609278,35.47422,27.807579,True,7.666641000000002,7.198301000000001,27.57032893802083,34.92747780878108
dab13029-b40f-5e9c-aa4b-a7ae17e82cce,24.971368,38.515075,31.427962,True,7.087113000000002,6.456594000000003,22.550342271636964,25.8559883463333
dadd00c9-1ec1-5dc7-81cb-272880c321d0,30.58422,50.397607,40.566306,True,9.831301000000003,9.982085999999999,24.23513987199131,32.638027061013815
dae1ffbc-22cc-5f26-a40e-563ff733dd0e,30.563551,51.262402,40.216336,True,11.046066000000003,9.652784999999998,27.466614561803947,31.58266851911284
db09d211-10e5-5d53-a971-f2fcace5d0bd,24.979209,40.995827,33.537815,True,7.4580119999999965,8.558606000000001,22.23762042935712,34.26291841346938
db7af9bf-0fef-56f8-85d7-c40e5ef1507f,34.035017,57.497906,46.013695,True,11.484211000000002,11.978677999999995,24.958245583189967,35.19515797509369
db8a8246-daad-585c-9486-a55038d96140,24.956009,39.53196,33.407743,True,6.1242169999999945,8.451734000000002,18.331729264081066,33.86652889891168
db8e84ac-e867-5d49-91dd-beb2e850b6e1,29.515569,46.619213,36.491721,True,10.127492000000004,6.976151999999999,27.7528483789515,23.635498946335744
dbf8ab89-42fe-5e99-81da-3b429536875a,28.567933,46.172207,38.12951,True,8.042696999999997,9.561577000000003,21.093103478119694,33.469614339966434
dc0db0a2-3262-5fff-ba57-d02560f75cb6,32.070014,50.943003,40.383198,True,10.559804999999997,8.313184,26.149006326839192,25.921984318435282
dc7d7307-74bc-5713-8142-cbf982b673fa,35.512574,54.231373,45.536883,True,8.694489999999995,10.024309000000002,19.09329191460029,28.22749204267762
dc9791e0-cb42-5271-bdad-93b8230dd161,29.402061,44.303195,33.821116,True,10.482078999999999,4.419055000000004,30.992705858671243,15.029745703881112
dd65e59e-318a-5b61-909c-6f31f89a2f25,24.33128,37.067958,30.941412,True,6.126545999999998,6.610132,19.80047322985776,27.167218494053746
dd7e216d-e532-527c-9e0a-2fe42f875c98,31.348854,52.487612,40.372072,True,12.115539999999996,9.023218000000004,30.00970571933983,28.783246749626013
dd9a4ae0-3d0d-5ebe-93d8-786ef184dbeb,36.223511,57.63114,46.491142,True,11.139997999999999,10.267631000000002,23.961549492589356,28.345212036458868
ddaabe62-1d39-5d7c-a2bd-bf703f2c0481,28.721358,46.574632,36.480526,True,10.094106000000004,7.759167999999999,27.66984774287521,27.015324275405085
ddea7e3b-4742-54a4-a417-1daf855ee55f,34.599207,59.590457,45.810503,True,13.779954000000004,11.211295999999997,30.08033769024541,32.40333224978248
de400b63-9fae-5067-b33a-4fb45bad1d96,21.918072,33.422787,28.211386,True,5.211400999999999,6.293314000000002,18.472686878978575,28.712899565253746
deb4b48a-524f-53ea-9df2-196460de9c3a,31.362937,51.503612,39.920083,True,11.583528999999999,8.557146,29.016795881912365,27.284262312550638
df332c7a-6057-5227-afad-c21c3edd2c94,29.375057,46.752748,37.257703,True,9.495044999999998,7.882645999999998,25.484783643264315,26.834487504143382
dfa60478-6e57-5e1e-b803-86250756b81b,31.904974,50.164047,40.815251,True,9.348795999999993,8.910277000000004,22.905153762254194,27.927548224925697
dfa6e9ef-fd43-5beb-b3d3-cfea5fffb614,25.198446,39.451315,33.554256,True,5.897058999999999,8.355810000000002,17.574697528683092,33.16002105844147
dff99647-3ef3-5a16-8990-4842bc6e0694,34.265017,56.289164,44.027634,True,12.26153,9.762616999999999,27.849622807348677,28.491499070320025
e04e9c67-99bd-5543-ab47-58a49eed3461,30.580913,51.332461,40.379698,True,10.952763000000004,9.798784999999999,27.124430202524064,32.04215976154799
e09c2178-5d0d-5913-8ea2-ba35ba399a14,31.174756,51.479325,42.76927,True,8.710055000000004,11.594514,20.36521783046567,37.19199598546978
e1aaa09c-6ba3-5887-9b11-041534ca575a,22.357539,36.290767,26.512854,True,9.777913000000002,4.155315000000002,36.87989606852586,18.585744164418106
e28713da-d7b4-50fe-961a-ce31f2ff0ef2,23.885127,38.938788,31.367249,True,7.571539000000001,7.482122,24.13835845151738,31.325443653701317
e28880c4-7579-57a9-b2b0-3bb48de4373f,25.268581,39.729209,32.31313,True,7.416078999999996,7.044549,22.950667422190286,27.878688557936833
e2ce2ded-b0c0-54a1-9361-1118a755dc45,24.666065,39.915013,31.149389,True,8.765624000000003,6.483324,28.140596915079147,26.284387071873848
e2fb3c12-5089-55ff-a7ca-758dea5b038d,27.390314,42.865598,36.946279,True,5.9193190000000016,9.555964999999997,16.021421264100784,34.88811774848582
e34eaf54-508a-5e85-875a-7c2756f6841a,33.976745,57.194804,44.313069,True,12.881734999999999,10.336323999999998,29.069832649144654,30.421760530621743
e39a7439-f8ae-5ecd-a3c7-3936a6c3317d,22.455611,36.142067,28.618201,True,7.523865999999998,6.162589999999998,26.290492543538985,27.443430508303685
e3a0e05c-831c-51e3-9303-9354e0219871,31.039103,49.092349,40.466611,True,8.625737999999998,9.427508,21.315691595720722,30.37300401367913
e3f580e5-5204-53e0-9c2f-42a3a032292c,21.643645,36.17061,27.913028,True,8.257582000000003,6.269383000000001,29.583254099125334,28.96639175148179
e413bac1-ab9f-5ca7-83fd-62b96e178d4b,21.863486,33.374137,27.916387,True,5.457749999999997,6.0529009999999985,19.55034510733784,27.68497667755269
e452b4ef-662a-51b9-bda0-f6cf6734983a,28.001167,47.593906,36.027216,True,11.566689999999994,8.026049000000004,32.10542274484932,28.663266070303443
e4f2a204-acdd-5da1-8b09-a86f47e715be,34.06463,58.549413,46.088473,True,12.46094,12.023843,27.036999034444037,35.29714839116115
e4fefd44-ead5-5faf-a9b5-26de3b20a573,25.227596,39.359523,33.696983,True,5.66254,8.469387000000005,16.80429372564303,33.57191466043774
e525d3ed-010f-57fd-b832-6120e38c684e,32.873733,51.942663,40.913971,True,11.028692000000007,8.040237999999995,26.95580930044656,24.457940325791398
e52b4284-fc46-5c86-9896-c15166f9946b,25.344865,39.955915,32.106272,True,7.849643,6.761406999999998,24.448939447096198,26.67762089085895
e566efe8-94e4-58ae-8195-b02c662614ff,36.923431,57.082362,46.796725,True,10.285637000000001,9.873294000000001,21.979394925606442,26.739914825358458
e5a09cfe-f098-59ca-a8f6-970a8b8fc8f6,23.926386,39.086731,31.384047,True,7.702684000000001,7.457660999999998,24.543310172840364,31.16919120171345
e5f60833-b2d4-51f1-ba0b-21313d464c99,30.976736,51.166721,40.388708,True,10.778013000000001,9.411972000000002,26.685708787713637,30.384001723099562
e67ae684-c5a6-516b-9728-c97a6562b90a,34.613468,55.976403,43.954347,True,12.022056,9.340879000000001,27.351233314875543,26.986255754551962
e693db17-31c7-53ed-81af-b550294ccb49,27.370946,49.153924,35.862028,True,13.291896000000001,8.491082000000002,37.06398310770378,31.022245266933783
e6e6a393-6014-5c43-b68b-b7056db7cd47,20.450845,34.612904,26.187561,True,8.425343000000002,5.736715999999998,32.17307255150643,28.05124189244991
e75bd654-267a-5d1e-8778-3e1913f4ede8,35.433074,58.013157,46.100792,True,11.912365000000001,10.667718,25.839827220321943,30.106668137232468
e7ffc029-20ae-5e56-9acf-c8c7bbd476f2,36.304519,57.763368,44.488805,True,13.274563,8.184286,29.837985084112734,22.543435983823393
e815334c-e2ac-5f94-8aaa-80b993a0ef8c,35.40488,57.754182,47.504614,True,10.249568000000004,12.099733999999998,21.57594207585816,34.17532837281188
e8170356-ff90-5138-9200-a677bfb48b74,21.721662,33.30035,28.003585,True,5.296765000000001,6.281923000000003,18.914596113319064,28.920084476040568
e8223e3a-8a85-54bf-a4a2-aaf29275212e,27.891495,44.551138,36.684109,True,7.867029000000002,8.792614,21.445332091887533,31.524355363525693
e8385053-187e-517c-8b08-c4093dce2140,29.447765,45.817857,37.237587,True,8.580269999999999,7.789821999999997,23.04196026450371,26.45301604383218
e8947227-cb7c-51bd-bd74-825a57bff079,25.444318,39.646524,31.369412,True,8.277111999999999,5.925094000000001,26.385932895395037,23.286511353929793
e8ac124c-0883-538b-995e-41d5950bc539,36.643958,57.883036,47.068804,True,10.814231999999997,10.424846000000002,22.975370268596578,28.449017434197483
e8bd2556-4d56-5a15-9831-db93ac828a60,31.266823,46.503963,35.844709,True,10.659253999999997,4.577886000000003,29.737314927009162,14.641353232466257
e8d558c5-255d-52ab-8856-761a19abf2e0,27.245646,45.67725,36.448894,True,9.228355999999998,9.203248000000002,25.318617349541515,33.77878432392464
e91d206a-61f7-5c79-adb1-31a8c8f48abe,24.085908,34.516154,31.323588,True,3.1925659999999993,7.237680000000001,10.19221041982802,30.04943803654818
e975d927-607a-5c3c-adb8-6227c06b9a9f,27.69085,45.985773,37.0284,True,8.957373000000004,9.337549999999997,24.190548335871938,33.720705576029616
e9bd7991-c48c-50c3-8031-a8a2f7de6563,32.012699,50.94359,40.284971,True,10.658619000000002,8.272272000000001,26.458053054078164,25.840595321250486
e9d650d4-0af4-524c-bf9c-4def79283d34,30.692886,50.148867,40.777658,True,9.371209,10.084772000000001,22.981233988474767,32.85703403713811
eafc5389-e1b0-5380-842d-43b9eb97e4fa,32.037999,51.058648,40.491522,True,10.567125999999995,8.453523000000004,26.097132135462807,26.385926911352996
eb13980f-e586-545d-af08-14e940ad6e49,36.689414,57.931324,47.568057,True,10.363266999999993,10.878643000000004,21.78618941698626,29.650631650862575
eb591599-ecd5-5f7e-8c50-4c1c09f96487,20.524214,35.834509,28.104855,True,7.7296539999999965,7.580641,27.50291364250054,36.93510991456238
ebb37b20-0a13-57a8-8655-3d2e47c92a76,27.246652,43.013901,41.154508,True,1.8593929999999972,13.907855999999999,4.518078554116106,51.04427509111945
ec6acb28-06ed-5ea8-a85a-f6db6051d9d0,21.917735,36.355945,27.952256,True,8.403689,6.034520999999998,30.06443916369398,27.53259403857195
ecd31ee5-8251-5192-8479-929d11c1bb77,36.410467,57.703002,44.594687,True,13.108314999999997,8.184220000000003,29.39434242469287,22.477657317605964
ecd3398b-a4ab-534b-b381-be1511f1cb29,21.805821,33.247707,25.674946,True,7.572761,3.869124999999997,29.494749472890813,17.743541965239448
ecef5763-a54c-57e0-97ca-e1eba1da9023,22.002143,33.921467,27.67135,True,6.2501169999999995,5.669207,22.586960881922998,25.766612824941642
ed7cb430-ff65-515f-ada3-96b92f708940,27.246792,48.151133,36.838272,True,11.312860999999998,9.591480000000004,30.709532195212624,35.202235918268855
edf1fc8f-2855-563f-98bd-ecbf3940e077,33.27888,51.547538,40.715635,True,10.831903000000004,7.436754999999998,26.60379237607372,22.34677068459034
eee54f0b-1634-5f4a-ab23-bc5c6230b9ce,35.012114,55.887372,45.240929,True,10.646442999999998,10.228815000000004,23.53276830367475,29.215073959830036
ef16b679-aa39-5a25-8430-a3f4be76563f,36.732337,57.720873,46.438775,True,11.282097999999998,9.706437999999999,24.294564186932142,26.424776621209805
ef4a3c7e-6399-5b1f-9a48-86555325a5ee,24.537073,42.158717,33.384215,True,8.774502000000005,8.847141999999998,26.283385725858782,36.05622398400982
ef583ab9-e43b-5cc9-bb94-0d7526855dc6,23.936016,39.668537,31.604247,True,8.06429,7.668231000000002,25.516475681258914,32.03637146632924
efa58933-8fe6-5c78-903f-81efd3422e1c,27.329418,46.96961,37.145117,True,9.824493000000004,9.815698999999999,26.4489488618383,35.916238684629135
eff97d77-ae00-5d98-9a3d-815272fc70a4,36.09993,57.953804,44.755155,True,13.198648999999996,8.655225000000002,29.490790502233754,23.97573901112828
f00492e7-b7cf-55d3-8658-7bd746964027,30.75962,50.887905,40.230018,True,10.657887000000002,9.470398,26.492374425484975,30.788410259944687
f01379f7-1275-51d7-99b1-bce06ed69a97,25.746975,39.955092,32.081013,True,7.874079000000002,6.334038,24.544358995147697,24.601095856891924
f0795a79-8f6c-5aa7-b630-2c7de286e73a,24.05572,38.777481,31.436158,True,7.341323000000003,7.380437999999998,23.35311776967148,30.680594885540728
f0be7b89-cb64-5e2b-9161-e11be9779336,31.612899,52.237111,40.953176,True,11.283935,9.340277,27.553259849736683,29.545778133160137
f0df9f8d-6068-51fa-8851-3f2b58baa252,25.294915,40.257994,33.129524,True,7.128469999999993,7.834609000000004,21.51697078412594,30.973059209726557
f0e34ec1-ff0f-5b85-ac36-e935b60c69b1,35.515173,58.187406,45.409953,True,12.777453000000001,9.894780000000004,28.13800093560987,27.86071181463766
f0ecffff-1944-56f3-9fda-3a5536019dba,31.573309,51.628064,40.420842,True,11.207222000000002,8.847533000000002,27.72634474066622,28.022191148859317
f10b952e-aa55-5b23-b67e-ef8ec15da924,21.80708,33.343522,27.789905,True,5.553616999999999,5.982825000000002,19.9842964558533,27.435241215238364
f1348a6c-fe00-517a-9b99-df4faba88270,23.871396,41.574183,31.492021,True,10.082161999999997,7.620625,32.01497293552546,31.923667137020388
f18bb36d-67bb-5e78-9eb7-658823f44f08,31.070897,50.988477,40.074385,True,10.914092000000004,9.003488,27.234583886939262,28.97723873243827
f1b45904-96c7-57b1-bf21-db5363440a77,27.624245,47.942331,36.860673,True,11.081658000000004,9.236428,30.063634486543435,33.43594729919316
f2469e5e-b855-5f4f-bc5d-49bebb618767,20.489975,32.558735,27.948568,True,4.610166999999997,7.4585930000000005,16.495181434698182,36.40118155341819
f29acdd4-3ba9-5de8-aa26-b4804dd89985,25.330981,39.8398,33.79608,True,6.043719999999993,8.465099000000002,17.882902395780793,33.41796750785136
f2dd10b0-ea83-5239-b110-16759b0a4664,20.763881,33.502371,27.848292,True,5.654078999999996,7.084410999999999,20.303144623734898,34.11891543782205
f2eaa43c-f4b1-5f31-b8a5-0502bf86d57d,38.196323,53.640415,46.275639,True,7.364775999999999,8.079315999999999,15.915017402568985,21.15207791074549
f3537ea6-8622-51a5-8a06-c0a6ad7ced4f,24.143652,41.070667,30.724669,True,10.345998000000002,6.581016999999999,33.67326105286928,27.257752886762944
f421c3e3-460a-53cf-8742-998b9ebed808,36.400135,58.799623,45.894149,True,12.905473999999998,9.494014,28.12008563444547,26.08235930993113
f4475d6c-69d8-550e-b89a-64cf63df94f5,33.266101,51.649213,38.826198,True,12.823015000000005,5.560096999999999,33.026707894499495,16.71400264190865
f447e6f4-696a-5b48-b681-4bfe2e1a6f29,33.418081,49.788859,40.814696,True,8.974163000000004,7.396614999999997,21.987577709754362,22.133571942685748
f44cb27e-2fb5-5d82-8458-bfae3fecbd55,24.61042,40.059471,33.265492,True,6.793979,8.655072,20.423503731734975,35.168323011147315
f454e1cc-79c5-5f45-8105-b318d0b686a2,24.11064,40.917023,34.260103,True,6.6569199999999995,10.149463,19.43053119250692,42.09536951321077
f489b9af-ef7a-53ef-b987-cdbb52ee0c68,25.333913,39.929199,31.31047,True,8.618728999999998,5.976557,27.526667597132843,23.591132566058786
f49073ea-74a7-52b0-9095-646ee1e5fcd6,31.316296,51.054549,40.188738,True,10.865811,8.872442,27.03695497977568,28.33170947164377
f49c0dbd-d96e-550e-afc9-e0510695a5c1,23.902651,40.24381,33.667697,True,6.5761130000000065,9.765045999999998,19.53241114175409,40.85340157457848
f49e38e6-9c7d-533b-9d34-c016c436ebf3,23.931978,39.722966,31.101463,True,8.621503,7.169484999999998,27.720570572516156,29.95776195348332
f4d15ad2-297e-5735-a75b-70fb410cf209,27.695529,46.027619,36.86528,True,9.162339000000003,9.169750999999998,24.85357225009549,33.109138301709265
f4f32447-5f63-5faa-9fc4-9fe1fdadb2dc,28.555005,48.649755,37.079518,True,11.570236999999999,8.524512999999999,31.20384952145278,29.852955725274775
f59bcd19-ce34-560b-a78d-8d30d8f0f6b0,31.37634,51.224531,40.390928,True,10.833602999999997,9.014588000000003,26.82187198075765,28.730527524880223
f5c751bc-2321-5343-91a9-3caaa351cb0a,25.052259,39.65473,31.768467,True,7.886263,6.716208000000002,24.824184937850475,26.808791973610052
f60803fd-5f3a-5bf7-b89c-c03a070630cc,24.228427,41.10192,33.153932,True,7.947988000000002,8.925504999999998,23.972987578064657,36.83897844461796
f6197560-3a67-5180-9dff-4fac5c453ddb,32.961029,49.755605,40.318948,True,9.436657000000004,7.357918999999995,23.405017908701396,22.323086454612792
f684ff1e-23cb-5383-a026-639d3cdf7002,28.071214,48.873646,36.859162,True,12.014484000000003,8.787947999999997,32.59565152349368,31.30590647059296
f68510dc-deb4-5da5-91d8-8c3eefc8284a,38.093253,58.415398,46.594421,True,11.820977000000006,8.501168,25.369940748915,22.316728896846904
f69d0c2c-e636-5588-a995-694008581f29,27.683643,47.722336,36.714946,True,11.007390000000001,9.031302999999998,29.9806787132412,32.62324615297199
f6fdfa41-6f8c-5b9b-a648-dbb6b46166c1,24.017529,38.998853,31.404962,True,7.593890999999996,7.3874330000000015,24.180545099847585,30.75850558981318
f6ff0fe4-04cc-5668-820b-e40fb9d593cb,22.551697,31.73384,26.945378,True,4.788461999999999,4.393681000000001,17.77099582718787,19.482706778119628
f71949a7-2206-57ee-b133-513ed9e85aeb,20.826093,33.631293,27.645868,True,5.985424999999999,6.819775,21.650342105373575,32.74630051829693
f7243ea5-deec-5f52-9b35-c29ade0db0db,31.313382,52.981496,39.982503,True,12.998992999999999,8.669121,32.51170393209249,27.685035746058983
f74865c7-3972-5a72-88c3-d1d5be54992f,20.417232,34.693867,26.292937,True,8.400929999999999,5.875705,31.95128030010493,28.7781664037515
f77ebe58-5bbe-5332-a66a-ec2e3f8a5c24,30.060103,43.530738,35.180726,True,8.350012,5.120622999999998,23.73462105358485,17.03461561658654
f85d7e79-91b1-52b3-98f0-3ff3d81dd620,24.208252,41.19801,31.347811,True,9.850198999999996,7.139558999999998,31.422286551363975,29.49225330271677
f8806739-dbfc-56a9-b03e-595dbeb60988,25.854211,40.559946,31.137899,True,9.422046999999996,5.2836880000000015,30.25909680033324,20.436469710872252
f8c57f52-aa44-5d5f-81e1-d231232a92ed,22.958228,36.439156,28.834777,True,7.604378999999998,5.876549000000001,26.37224834442104,25.596701104283838
f8e4cf15-76c2-54c0-9c6d-4aec55bd406d,28.740891,43.052341,37.395785,True,5.656556000000002,8.654893999999995,15.126186012674964,30.113520141042233
f8e52ae8-a728-592b-8801-6a63c659044b,20.546421,35.508996,26.138215,True,9.370781000000004,5.591794,35.850883466985046,27.215416251813394
f92eaa27-bce8-5d83-95c9-12801bf2e0e6,24.776955,40.297164,33.150835,True,7.1463290000000015,8.37388,21.55701055493776,33.79705052537731
f94bfd04-90e5-59b1-8195-757d21542d7c,23.853792,38.861994,31.319315,True,7.542679000000003,7.465523000000001,24.08315443680682,31.29700720120307
f9688e28-22ab-5cfa-8b1f-0b356440ba0e,27.235599,46.132811,37.151051,True,8.981759999999994,9.915452000000002,24.17632814748631,36.40621966860358
f9e43946-1516-5216-b216-e2c36f6ccc92,20.592168,32.742784,27.630876,True,5.111908,7.038708,18.50070913423085,34.18148103686799
fa01e9b5-9514-5f56-a8c1-8a1e87b7df07,29.976423,46.58453,35.404521,True,11.180008999999998,5.428098000000002,31.577913453482388,18.10789099153025
fa219153-d1ae-5c7c-8f81-702ed625a22b,24.179605,40.865897,33.058058,True,7.807838999999994,8.878453000000004,23.618565252683606,36.7187677383481
fa79fd30-8d8a-5353-85c8-707f330b869f,30.73086,52.174667,40.876203,True,11.298464000000003,10.145342999999997,27.64068864224009,33.013534277921266
fa9d3748-e536-5aed-b398-527ee6fbfe4b,33.307819,50.11193,40.046231,True,10.065699000000002,6.738411999999997,25.135196867840076,20.230721200928816
faaa76fa-0e93-559c-ac76-cdeeb214805e,25.82768,40.001014,31.876072,True,8.124941999999997,6.048392,25.489156882315978,23.418255143319104
fadaada8-a5df-53e6-8400-cafff5f28d82,22.358122,29.788813,26.517641,True,3.271172,4.1595189999999995,12.33583334203823,18.604062541567664
fb22d799-19a4-5780-9058-139264407aa2,25.075796,39.767083,31.934513,True,7.8325700000000005,6.858716999999999,24.526974937742125,27.351941290318354
fb2f0f6c-1dc7-5909-9a7d-90c3d64aea95,30.805055,51.407184,40.25017,True,11.157014000000004,9.445114999999998,27.719172366228527,30.66092561756503
fb387346-109e-5a4e-91b9-3e5b6ef2eb10,29.506803,48.190683,34.879179,True,13.311504,5.372375999999999,38.164613909060186,18.207245291873875
fb3bf8ce-db9a-54d7-aab2-b7a10889ec9f,21.877883,33.349573,27.892384,True,5.457189,6.014500999999999,19.5651580015534,27.491238526140755
fb8a9bd4-6bec-5fcf-b727-7d0705ba1720,37.882287,58.226113,46.29806,True,11.928052999999998,8.415773000000002,25.763612989399554,22.215588515022873
fbf14efc-3c14-5235-bf26-e8deb578edf2,20.591053,31.353071,27.642091,True,3.7109799999999993,7.051038000000002,13.425105937173853,34.24321233110324
fc335993-7e2c-5ea7-9d08-16796418d3ee,29.801331,48.23341,35.613213,True,12.620196999999997,5.811882000000001,35.43683913046542,19.502088681878003
fc4f51b1-461b-56ff-a12c-f09fe147aefd,27.380732,42.832019,36.919143,True,5.912876000000004,9.538411,16.01574554425601,34.83621621218892
fc534286-3b55-5828-a992-01689b8f9216,24.208879,41.22146,32.994941,True,8.226519000000003,8.786061999999998,24.932667708058652,36.29272549133728
fd23fe47-255f-57ef-8f41-0be6dda977a0,22.088453,33.918236,25.745614,True,8.172622,3.6571609999999986,31.743744779207834,16.556890607051557
fd7a6b00-eadb-5489-babc-07588c7ea406,34.216969,56.807735,48.718405,True,8.089330000000004,14.501435999999998,16.604258698534988,42.380831569271955
fd8fe201-6cd3-5a6a-9193-18897b9e46a9,20.853564,34.890266,28.593151,True,6.297114999999998,7.739587,22.023158622846424,37.11397725587818
fd92decc-813d-566b-bc9a-6f62a81c4619,29.537587,46.476496,37.454659,True,9.021836999999998,7.917072000000001,24.08735586138963,26.803381061560653
fdff0ddb-1c42-5c98-8fad-d7d7a60676e0,25.026157,39.241162,30.607578,True,8.633584000000003,5.581420999999999,28.20734133226746,22.30234949776747
fe73c02c-d59e-578a-89ac-1beb177bcc85,21.937821,36.31959,27.598004,True,8.721585999999999,5.660183,31.602234712336436,25.80102645563568
fe96cd23-ce28-56a2-b0b6-e41ace6575d9,27.401843,48.942308,37.053755,True,11.888552999999995,9.651912000000003,32.08461058804969,35.223586968219635
fea96b1e-174c-5de2-a585-203050d3696e,25.923945,39.925968,31.749825,True,8.176142999999996,5.8258800000000015,25.751773434971675,22.47296852388786
fec6c960-91a2-5140-96d2-3bda3b870125,24.784763,38.512054,31.352258,True,7.159796,6.567494999999997,22.836619933403203,26.49811499105316
ff034000-33b2-5b37-abe7-fca920186972,35.552801,57.875093,44.452475,True,13.422618,8.899673999999997,30.195434562417507,25.032272422080045
ff197331-c0ec-514d-848f-43162aefbc43,31.351749,51.208996,40.196424,True,11.012571999999999,8.844674999999999,27.396894808354094,28.211105543107017
ff2c39ce-a07c-57c8-a46e-377cefb5fb47,34.224651,56.689031,45.310681,True,11.378349999999998,11.086030000000001,25.11184945554007,32.391944624943
ff564ab8-0467-55ce-9273-94c538d2bbf0,31.172954,51.688215,40.388662,True,11.299553000000003,9.215707999999996,27.977042170894407,29.563152725275877
ffb47ebd-b537-5d6e-bf42-2520973a7d1b,24.603983,39.430445,30.832081,True,8.598364,6.228097999999999,27.887718639555985,25.31337304208022
