final_block,transaction_id,source_row_index,step,type,amount,nameOrig,oldbalanceOrg,nameDest,oldbalanceDest
1,4411648a-cb96-5dac-b7a9-c5682ebaba47,2770766,213,CASH_IN,309570.18,C1699747943,511976.0,C113139641,884762.04
1,64f027b7-b623-57ad-9445-e5cb9f8da8bc,6082386,522,CASH_OUT,35823.48,C2124619566,300664.0,C1866058125,818227.73
1,963c60ed-7a43-5f99-8fd6-b6ed50ab0783,1546194,154,DEBIT,4796.84,C2144241735,21321.0,C764778712,197922.95
1,ca8775ef-acf3-53dc-b730-a1083776b799,5570905,393,PAYMENT,49423.68,C687315693,260691.0,M1037351202,0.0
1,044c92c1-f354-5ff1-b135-2fda326aba5d,5334917,374,TRANSFER,198545.14,C1127143209,200879.52,C799001651,1886080.78
1,6e52bc67-6908-56a5-8818-929f64a1f7b5,256680,14,CASH_IN,97999.01,C222020943,3458789.23,C539486713,13258725.2
1,174a421a-ff17-5579-b9a9-1eaf6ceff1cb,2539497,206,CASH_OUT,16903.49,C301269666,49659.0,C1846595642,1998532.26
1,01440b5a-8496-54c3-acb3-e315e21312d5,4556081,327,DEBIT,16747.31,C1894005027,20525.0,C817452120,5251212.58
1,f44cb27e-2fb5-5d82-8458-bfae3fecbd55,6195862,573,PAYMENT,9262.82,C1714966257,32780.0,M1755901082,0.0
1,4efe1b98-da81-5c6d-9aa3-5f2ad1fe4529,294213,15,TRANSFER,498921.27,C58731647,513888.0,C569640398,72218.15
1,04147f2c-067b-5551-99e6-2a9106a91ad3,801755,40,CASH_IN,176042.2,C1259553704,12346.0,C519957188,1439362.22
1,743829b9-3a0f-5607-b42b-5e604862cfbc,1896775,165,CASH_OUT,89916.95,C417910304,207256.0,C1438513689,1944616.54
1,5ef8135f-a72b-55cd-82ca-30d2be11c3a6,516331,20,DEBIT,306.95,C1322658316,10557.0,C1059777718,323716.73
1,5411e666-5a63-5f28-a5a2-7bc1f5150776,143281,11,PAYMENT,14518.74,C968487376,50952.0,M18220222,0.0
1,184d4859-a155-50e2-ae74-c7bbd96d08ef,2336608,189,TRANSFER,41976.98,C752428266,82320.0,C1173119150,478949.12
1,9b25f824-b287-5c77-87d3-48fe5318e3c6,4268909,307,CASH_IN,363270.19,C1855038213,5857318.86,C395188515,861483.94
1,1eae0c5e-b84b-5a44-97f4-2c5c3fa03d68,3061076,234,CASH_OUT,87956.98,C471248395,218394.0,C2076844101,0.0
1,cdd4439c-b4b3-5567-851e-8c29df559029,1479959,141,DEBIT,2020.0,C1121061443,2085.0,C554413051,716628.05
1,a26e9b89-e488-5c3a-a341-aee81bafa8d7,1926010,167,PAYMENT,2713.14,C727330276,10606.0,M2107382916,0.0
1,b886af5b-8fbb-59ed-a6d3-843e87323e56,908397,43,TRANSFER,108408.76,C1501268741,251766.0,C880786452,0.0
1,2d874521-efe3-5204-a755-3101661d0f7b,795798,40,CASH_IN,60130.22,C1896795763,6070932.96,C152213122,2684745.95
1,cbcd20d3-5f8d-5b26-81fe-a86ebaba2342,650996,35,CASH_OUT,108038.67,C758239239,125345.0,C870793972,61413.7
1,58f9101f-671f-5af0-a55e-863a70bfd383,2081292,182,DEBIT,635.26,C1484187430,2291.0,C176887327,216462.9
1,221b7076-eea8-5a20-98a8-1d3c311c390a,1471202,141,PAYMENT,511.53,C104462319,21302.0,M1567950396,0.0
1,c5420b50-a086-56ea-8c5e-8e0ce1d03536,4758525,333,TRANSFER,11915.73,C933144833,401326.0,C1256710889,1374553.06
1,b8c86a0e-5220-569b-8a67-75ef35ae7b12,3465176,257,CASH_IN,415382.48,C1664781769,587.0,C744648048,0.0
1,abe82e31-48fb-5a3b-9995-30360cca662f,3834315,282,CASH_OUT,29077.77,C951730203,303429.0,C1224436537,32650.42
1,dc0db0a2-3262-5fff-ba57-d02560f75cb6,1641171,157,DEBIT,9174.01,C130883275,115620.0,C630235532,89263.41
1,f92eaa27-bce8-5d83-95c9-12801bf2e0e6,5379239,376,PAYMENT,10629.09,C229343255,111533.57,M1731796020,0.0
1,daab98e2-1bb3-52f7-9df7-5a0325965d7a,3163672,237,TRANSFER,10000000.0,C1849235881,23924102.18,C1877706055,0.0
1,c9a57af1-cf4e-566a-ac82-2c39cabaa8a6,1597686,156,CASH_IN,22249.93,C186188329,7925535.17,C2143459953,203860.67
1,893fedc6-5aea-563d-b0a4-15d5db55cbcb,4274014,307,CASH_OUT,12982.98,C1273506990,48479.0,C1659896451,375800.88
1,5f21abad-e8a7-5390-8c54-664bcbe8c078,5236952,371,DEBIT,9786.44,C396734204,303899.0,C504096326,121415.02
1,5767e7e9-cedc-5f35-a529-4f4c45b8df2e,3820282,281,PAYMENT,4662.46,C892040004,13524.66,M1271225056,0.0
1,adf3a561-c865-5b93-a5d6-c43145897914,3191324,241,TRANSFER,3003.22,C355302331,11382.0,C456129938,71212.45
1,8b58774c-d397-5e6b-9b1e-3e8a41d74fb8,3636353,274,CASH_IN,64998.16,C389315247,4083.0,C928599249,412696.53
1,07960d88-70bc-5a15-bc6d-8b89673096e9,4607952,329,CASH_OUT,129103.27,C190604609,510528.0,C859306395,364339.77
1,c544b2e1-d44d-5919-8c62-3ab23b57c598,3011808,232,DEBIT,2831.53,C269549231,108700.0,C1223597930,135007.84
1,83ff4915-1ee7-55b4-9295-1e3f5f51aec2,1558286,154,PAYMENT,17170.57,C200273410,458281.42,M108905091,0.0
1,e75bd654-267a-5d1e-8778-3e1913f4ede8,3893789,284,TRANSFER,84416.73,C566155255,139632.27,C1825174365,15580564.47
1,5ad3d190-aa6d-5af9-95d0-186aa170d032,2469464,204,CASH_IN,19479.94,C532495923,84692.0,C846146493,7884.4
1,6daa6f16-2a66-547a-a6f4-dd9139c65937,4724214,332,CASH_OUT,15050.45,C2065589774,21190.0,C489003615,0.0
1,768f5240-c66e-5183-a439-3b428b9576a6,3128943,236,DEBIT,2704.7,C1800631251,29265.0,C2097323841,774615.68
1,cc713f51-1ca5-5588-837a-8e5f216b9a08,4377801,311,PAYMENT,27409.54,C1059282048,31416.0,M559465152,0.0
1,cbc739e9-4bfb-511b-be27-f9b748bc2714,3350462,253,TRANSFER,6000.08,C236687514,24842.0,C202986030,0.0
1,61dc44e2-e46d-5e6b-95ac-e043762ab645,4851649,347,CASH_IN,53047.5,C1549747292,2807591.35,C56388009,228503.36
1,203f57be-2e8b-5fb6-99a1-74ba85ecd0d3,3719208,278,CASH_OUT,20548.87,C139570569,21725.0,C1240497117,0.0
1,e9bd7991-c48c-50c3-8031-a8a2f7de6563,5213426,370,DEBIT,6416.89,C1493200755,93614.0,C1991142198,511026.75
1,dab13029-b40f-5e9c-aa4b-a7ae17e82cce,506840,20,PAYMENT,1078.15,C582838441,28376.0,M1547615050,0.0
1,88952438-1173-51a9-9b76-d3e1f775b007,1070154,127,TRANSFER,829012.31,C146118630,829012.31,C793816402,0.0
1,7b5d4486-88aa-5d87-aa95-f5448181cd39,1364035,138,CASH_IN,55020.69,C1643428780,16804.0,C387271742,116385.89
1,2edc9143-e848-5790-a928-f3b25a763c8b,1385171,138,CASH_OUT,273.81,C1903153811,43246.0,C174408891,0.0
1,7b48d681-a761-536e-b275-ffeda8a0236f,3143066,236,DEBIT,2067.13,C724387681,20068.0,C1471698793,7988276.92
1,2b3fe9c4-03c6-5ba5-b1be-3f68d7db2414,3427076,256,PAYMENT,9775.17,C97911326,418242.85,M200218183,0.0
1,ff034000-33b2-5b37-abe7-fca920186972,4686248,331,TRANSFER,428620.53,C1229948007,600350.1,C263755236,937553.04
1,44e31cfb-159e-583d-b08c-4765363b5223,5570514,393,CASH_IN,309888.77,C392473506,29373.0,C472480784,0.0
1,d8918d19-6c7e-58e9-a11e-86d8430b4298,1509129,144,CASH_OUT,2647.52,C925083886,17511.0,C503243214,3949923.16
1,4f4461c6-d62b-5328-8f3b-800dd35e5de1,4375901,311,DEBIT,1922.39,C545822624,20399.0,C2012944856,210001.27
1,ffb47ebd-b537-5d6e-bf42-2520973a7d1b,6008191,431,PAYMENT,5328.27,C499196682,20325.0,M346931233,0.0
1,c8705dd7-814b-575d-98a1-d2b07403b7ef,4955475,351,TRANSFER,6417789.09,C355768552,6417789.09,C191674614,0.0
1,8caf59a6-2123-5793-8a99-6a869fa88adb,1696389,159,CASH_IN,28122.96,C1660768813,14254.0,C1210277032,0.0
1,c0647620-66cd-55c3-b31c-266221b93229,1873677,164,CASH_OUT,212653.04,C71589062,295939.0,C1725809826,5916.86
1,73f48629-0301-51f3-8375-85d1dfb12f0a,100717,10,DEBIT,6746.16,C97884761,392092.32,C601273889,1442434.83
1,e2ce2ded-b0c0-54a1-9361-1118a755dc45,914610,43,PAYMENT,13935.56,C1072647896,15780.0,M1631112327,0.0
1,677266ff-99bd-5c4b-8b49-03ad2562fffe,3284724,252,TRANSFER,321970.01,C631722318,570906.0,C41493615,1882621.94
1,7a08800c-3c7c-584d-b694-3987195a7242,574891,25,CASH_IN,57561.41,C2057402686,2847458.81,C1637308639,107314.57
1,c18feb74-9a11-5eee-a0f1-8f1b86d994a6,4461600,323,CASH_OUT,45526.83,C1677694280,53414.0,C482672133,171294.68
1,baf3eff7-682e-5316-bad4-8f057269cbe9,2685948,210,DEBIT,2524.4,C1622185244,19238.0,C350324720,51779.0
1,19d15394-28c3-519e-a032-838abad9b520,761104,38,PAYMENT,16027.89,C1790488629,46817.0,M782929372,0.0
1,dc7d7307-74bc-5713-8142-cbf982b673fa,3171905,238,TRANSFER,92182.51,C2069518909,94109.13,C604819049,663752.06
1,03800b45-8301-53c2-9f30-6b7dd80497ae,5136689,356,CASH_IN,123162.39,C1297971028,31436.0,C2006301309,0.0
1,89613256-1951-574c-89ae-ead387fb6c88,425189,18,CASH_OUT,232757.16,C102627045,463766.89,C207740328,31228.0
1,ad6a1228-69d2-5ea4-af4b-ee71e31d1ea8,1502723,143,DEBIT,3394.32,C780149125,29754.0,C981626470,1835870.03
1,18c8cec2-85b7-5054-b1f9-ea93bfff7091,4926463,350,PAYMENT,7799.8,C1286488707,11333.0,M545494234,0.0
1,e815334c-e2ac-5f94-8aaa-80b993a0ef8c,589768,33,TRANSFER,190145.18,C954696624,299377.0,C900726654,363672.61
1,942f23af-3b37-5c0b-8711-05554a82aaef,2513096,205,CASH_IN,206937.36,C63458736,381059.28,C1795927476,1600236.43
1,8de8f28d-dabe-5e50-9a3f-f5b4e6975531,3211426,249,CASH_OUT,4309.09,C1389093577,20568.0,C1166224451,1162285.41
1,bdb27363-a79b-5224-a9f6-7a8046c2a4d8,538880,21,DEBIT,1511.94,C1995056480,23655.22,C145719235,248067.29
1,ef4a3c7e-6399-5b1f-9a48-86555325a5ee,2941250,230,PAYMENT,121.79,C11264694,68023.71,M1043766513,0.0
1,6b993cba-0acc-52b7-9be5-688a72ec1f7f,4336140,308,TRANSFER,77922.93,C708605288,264361.0,C1154824203,0.0
1,1a2618d9-d569-5862-a7ae-8a5fec39364e,3118735,236,CASH_IN,7408.28,C1392178644,31004.0,C424937159,84668.51
1,5cd063e2-d56b-5df1-8b02-fad4bbef6579,5922474,404,CASH_OUT,226034.94,C1665894663,615167.0,C1727698373,572688.97
1,082079e6-26f0-5c4a-88c0-058ade7de1c8,1507877,144,DEBIT,3141.73,C392834155,100045.0,C706325677,1025002.4
1,fec6c960-91a2-5140-96d2-3bda3b870125,889785,42,PAYMENT,1359.14,C1113448193,10402.0,M1182484996,0.0
1,60f4fcd1-7ce9-5cfa-a3f0-10f5b0c6b9c2,4585822,328,TRANSFER,91201.43,C169090527,345975.5,C790368615,98981.47
1,b713b459-f13c-58c8-bb6f-b626dcb6509a,5024215,353,CASH_IN,388587.05,C1466080767,6832677.62,C1343122068,425224.88
1,18970099-0877-505c-abd4-294473da83f6,5006445,353,CASH_OUT,57516.66,C668616708,67180.5,C1872118609,266571.49
1,a30d3012-04a6-5447-8cc3-56e90dc2d50d,522393,20,DEBIT,1857.76,C117518382,101333.0,C1753995777,49079.8
1,4e27569a-1e09-5735-8c47-ce3ec1034469,3797,3,PAYMENT,429.8,C162674722,48385.89,M1626478944,0.0
1,5b6c363e-f668-5b56-9d9d-ceae6a68243e,329580,16,TRANSFER,124809.83,C457757151,142103.0,C1492359254,2715318.0
1,0a3f3df4-0b7b-54d1-af8d-ddb185924247,3956726,288,CASH_IN,86866.23,C1715091273,5096825.6,C50506965,278546.55
1,6f36a8e1-2b1c-5d10-94a5-ee642d681fe6,280610,15,CASH_OUT,10381.76,C1658682364,30188.0,C541515973,88542.13
1,6b4cafd7-39dd-5461-b14b-a063ccb40f22,1718160,160,DEBIT,2128.69,C1143748765,416750.0,C451433836,3440126.22
1,41aab73d-40c3-52e4-9e7b-3dcfd34021ff,1634628,157,PAYMENT,19115.43,C248951046,20234.0,M1152236193,0.0
1,f0e34ec1-ff0f-5b85-ac36-e935b60c69b1,5171483,358,TRANSFER,90365.72,C622610913,94586.21,C2059906887,1316911.13
1,851e2411-3c77-50e3-96d1-f67811f66824,3583460,261,CASH_IN,252965.2,C1495770417,4654946.42,C263593301,5567648.63
1,aa1a8a90-0a13-53f1-8979-4d94d5c9c16a,3524003,259,CASH_OUT,149524.98,C473155947,525853.0,C1157700702,247610.44
1,9fbbb13e-bccf-5655-9d4d-7629127a02a3,863394,42,DEBIT,2320.34,C1972025375,262719.0,C1381656876,2117026.48
1,c2b5a4ea-5cbb-5bea-9743-e1c8cde7d548,532538,20,PAYMENT,8659.0,C471338146,404061.59,M1940419804,0.0
1,60b5f9a2-1c72-5658-a11c-82fb41d84efb,3791430,280,TRANSFER,12197.79,C1311723292,28456.0,C727881821,7799893.51
2,0ba231bc-5c82-5feb-a1e8-c4074ee665f2,1222880,133,CASH_IN,430106.25,C684437516,12897.0,C1341165556,935075.56
2,35d1cc07-98f9-5f64-9129-0e64179d3650,3748319,279,CASH_OUT,213736.72,C1688701154,238851.0,C1023952148,1442636.24
2,030ad86f-64cb-5dc0-b815-5c6c312ed82a,5112300,355,DEBIT,629.38,C1781684428,17655.0,C93927895,697815.99
2,65658372-5e35-5d71-8708-cb4c79f96e6b,2329276,188,PAYMENT,1581.03,C878865808,3287.0,M1782681129,0.0
2,4c02fc4b-1df2-5028-a276-bea4a22a1630,5665129,396,TRANSFER,41367.69,C734381670,159771.78,C1969149148,223615.83
2,98ae62d6-743c-530b-bdb7-63abb831af83,4600851,329,CASH_IN,430856.62,C1187111080,758.0,C1670618113,446252.03
2,808e7265-2594-54dc-915c-45d07d357596,2491876,204,CASH_OUT,20460.71,C76214045,20748.0,C1446582195,0.0
2,890564f9-86ac-53c4-87b3-afea517c14ae,1485358,141,DEBIT,247.61,C982759163,723.0,C1383587212,6458203.93
2,30842c92-9a8c-5787-a0eb-aab7844acb01,5571712,393,PAYMENT,14358.53,C713541232,137740.73,M414735759,0.0
2,fd7a6b00-eadb-5489-babc-07588c7ea406,1766327,162,TRANSFER,27692.2,C950863252,49399.0,C1150141315,916204.31
2,f8e52ae8-a728-592b-8801-6a63c659044b,4913196,349,CASH_IN,18876.7,C694223312,8212134.89,C2008197025,74314.99
2,9689c7c7-318b-5d54-9773-0803a2012cad,549447,21,CASH_OUT,29905.17,C168955004,158115.0,C775404726,242080.93
2,bd7f27a7-3f8a-5e52-9b92-0bcf8cb79803,2958631,230,DEBIT,2494.07,C631544920,31904.0,C1527732029,35276.66
2,9953087b-5c35-531c-acf5-184a2a3edc98,646258,35,PAYMENT,4351.55,C1434077998,50199.0,M916688243,0.0
2,d4369769-25ae-5bda-a9bb-d18b74d2ad3b,3817842,281,TRANSFER,104982.61,C1018409346,505929.0,C2029798285,0.0
2,1a483f13-0b45-5dea-947d-b36a12a6fc5c,5701867,398,CASH_IN,120134.04,C1223282728,31981.0,C1666937638,0.0
2,7f09813e-5503-5372-b7f6-6cd052c134c2,3285078,252,CASH_OUT,51608.2,C244397822,247860.0,C166150217,0.0
2,85ed433b-de68-58fe-b6d0-867a265ced6b,5663777,396,DEBIT,1076.57,C2015550060,26694.0,C1747520865,7531.22
2,55545e5d-dbb4-5fa8-981c-8ced94adfd83,3417353,256,PAYMENT,2541.5,C503789370,30455.0,M815802036,0.0
2,b88be909-d098-5111-93d1-2e174bee5a4c,4068376,300,TRANSFER,14585.35,C1545658670,20795.0,C134069900,216482.95
2,55665210-a7dc-5c7a-89e2-9d37a0f10f3f,2000818,179,CASH_IN,270670.77,C2050295863,1437.0,C1957887873,0.0
2,08d70150-f884-57a0-933c-1f31c5bcee5f,5505344,380,CASH_OUT,131175.63,C1316116668,275838.12,C1738294458,2297103.45
2,9f090ca6-1669-5a48-9a49-d020ca914aa8,5557861,383,DEBIT,3844.64,C246083234,16951.0,C388698721,116234.22
2,4b353f08-e1df-59e5-b887-ac5043fe116e,5216219,370,PAYMENT,15330.88,C1080779553,120535.0,M464223461,0.0
2,4319ed02-cd4d-50a2-89b4-760dbb6d1c80,5511698,380,TRANSFER,96634.65,C719576933,127916.0,C913106066,0.0
2,5b5f5348-d20d-59cf-b3bc-1300c909f57a,2492337,204,CASH_IN,428242.78,C1011392353,1954615.08,C267227958,920246.97
2,b5924591-7c03-5eaa-afc3-2859e1cbc161,533956,21,CASH_OUT,11500.43,C1243769382,12513.17,C1658464102,327844.36
2,85e5f56d-c455-54f5-9d31-3b14fe4da9b5,1456967,140,DEBIT,562.31,C1712151188,21034.0,C1403383590,1369506.33
2,893cb5b5-8d2c-5f58-bce8-c0834e7b6ac2,1282193,135,PAYMENT,9646.28,C551922620,98943.98,M441964054,0.0
2,c34989a7-9d1a-54ab-b443-198313e962ba,379610,17,TRANSFER,135505.68,C654943272,186650.0,C1264185273,251501.5
2,eb591599-ecd5-5f7e-8c50-4c1c09f96487,5533024,381,CASH_IN,19467.65,C729236289,2950011.87,C1609300247,4258832.15
2,baec240f-3623-5910-b9d9-04d4d312b497,2124958,183,CASH_OUT,56501.27,C686237527,78954.0,C948148733,10059.05
2,89065001-bdd3-5126-af54-c65fc6922d45,1067130,120,DEBIT,17770.21,C1147166217,71302.0,C506419052,317027.39
2,65b8795f-696f-5bac-ae7e-21df35d8c30f,5227633,370,PAYMENT,19533.29,C464805695,210543.83,M2003398820,0.0
2,1aa61d85-7c52-58a2-8972-ae64f906c9da,2441999,203,TRANSFER,72389.58,C863971461,335910.48,C1797248741,342736.38
2,7e588935-d1b3-590c-96c3-6a2749e6d8b1,5746346,399,CASH_IN,347794.97,C1921783245,6522717.84,C1365163436,451062.79
2,a1094f9a-ec4e-5b9b-8e0e-4a0934307a00,4559409,327,CASH_OUT,294188.26,C268617663,317137.0,C888469842,67733.48
2,b26c32e9-b2ce-5796-8cf4-dc97739d6255,5835725,402,DEBIT,2736.41,C1224947466,4027.0,C460753921,1785341.44
2,388d84a3-fdc8-54a3-8840-ed96b05f5e95,4888232,349,PAYMENT,6916.62,C86936220,7643.5,M1200658034,0.0
2,a629be25-3c8f-5249-b1dd-c72b4ce9ae79,5809921,401,TRANSFER,39375.24,C272342608,202848.04,C798416869,1602825.13
2,7f1539cd-b44f-5fe3-bc13-55e0463664f4,2520154,205,CASH_IN,293847.83,C1961810270,21829.0,C1439594867,1336482.04
2,4a3f37ff-9d88-5c0b-904c-3bdc10e342e7,5895615,403,CASH_OUT,4538.42,C1187828448,188194.21,C2030051099,760753.16
2,aafc0ba2-a05b-567f-a8c9-8bf3090984c6,4496137,325,DEBIT,1113.24,C663045580,33258.0,C126429406,102744.91
2,675d95b5-f435-5ea5-b6e3-359508b8a62e,1754830,161,PAYMENT,7089.14,C365941666,407308.0,M898947038,0.0
2,9a4e80b6-dded-5af7-8407-7ad7f9ade523,5486593,380,TRANSFER,22940.47,C1209952579,101736.0,C272032524,7852717.83
2,4ff403bc-a62d-5ac2-9296-150e258211d7,3586553,262,CASH_IN,11924.94,C1404190557,843.0,C734468072,130501.46
2,9d46934f-5130-5bf7-9bfa-e55d9e84e58b,6148979,546,CASH_OUT,4345.79,C643546486,19245.0,C1535654727,517009.03
2,2cc24e2a-123e-5036-ba5a-2c8a926f4da1,222023,14,DEBIT,2403.75,C51110172,20505.18,C1059492557,373088.9
2,16df337f-4b88-57ad-884d-d1c8ced9d24f,6206435,586,PAYMENT,18911.09,C578305055,107088.0,M1491334210,0.0
2,a3087b99-5aca-5b3f-9315-211b2a543add,3855678,283,TRANSFER,285883.14,C1778381316,354398.0,C172615040,0.0
2,631c1806-67e4-55a9-afef-711bfc187b87,2556260,206,CASH_IN,32734.88,C527218301,117442.0,C1705237777,1421041.56
2,3781aa85-9c1e-52ee-a4ae-58b0fcbf8fd8,3096259,235,CASH_OUT,14506.35,C577987893,202689.0,C123060976,0.0
2,6fd53182-dcf7-5ffb-b45e-e9e9e65d5328,551366,21,DEBIT,716.71,C103524725,73512.0,C1569819494,250386.15
2,90f688f3-b2eb-5fe8-81f2-4766ecca585a,3955211,288,PAYMENT,59439.23,C1310842701,60727.0,M1561843161,0.0
2,8a5c2c53-a497-5446-85c7-cc2a3bb6edce,6116245,527,TRANSFER,117389.23,C1560322159,134379.0,C2109887342,825550.93
2,e6e6a393-6014-5c43-b68b-b7056db7cd47,3410547,255,CASH_IN,87458.47,C349100968,11038.0,C1581353675,0.0
2,601e45bb-5c41-5b8c-a3be-ebceef7a904a,627894,34,CASH_OUT,242909.17,C14937129,436580.36,C1208238026,3274223.65
2,598498b9-413c-579a-8486-83a4a29329ce,1847119,163,DEBIT,27775.12,C1577146819,114714.0,C1052976055,887867.32
2,e5a09cfe-f098-59ca-a8f6-970a8b8fc8f6,1126990,131,PAYMENT,6402.08,C771805289,50213.0,M290627504,0.0
2,503a27d6-c901-58ff-97c4-ed11d64603e0,6131928,543,TRANSFER,57204.07,C2080854887,57204.07,C2001477258,0.0
2,173f5dec-5495-58d6-8668-43d255c1c8b2,4986961,352,CASH_IN,196561.89,C1386743819,125701.0,C1783197055,0.0
2,9afd9b6b-4e8d-516f-8dc2-b6e0ccd98066,3055186,234,CASH_OUT,92937.74,C1233737910,106433.0,C128025203,401080.49
2,6af0b569-6c94-5aed-b3cb-2cc12b2a7e55,2938071,230,DEBIT,1504.44,C1166741976,16899.0,C24285767,2178920.75
2,7038f227-74de-5ad0-b559-1c834728ea5b,51785,9,PAYMENT,11563.0,C1567005906,18529.0,M565393842,0.0
2,454c7f5f-f609-5519-b553-2efa79e6672c,6294947,670,TRANSFER,9993.74,C19802564,111419.81,C479235075,342223.98
2,f74865c7-3972-5a72-88c3-d1d5be54992f,5319168,374,CASH_IN,335373.42,C1499490555,64046.0,C49170444,0.0
2,38876450-a360-584e-a401-49ede2d5a5ae,562348,22,CASH_OUT,101157.57,C103971919,356124.0,C1846828129,0.0
2,122580d8-53f8-5ed8-a06f-6182625c2c80,4985792,352,DEBIT,2892.71,C502257882,67398.0,C677368548,1301302.65
2,4c1df3f4-29a3-547d-a408-8222c6d90501,6357482,710,PAYMENT,4850.35,C1036571771,99186.0,M996055608,0.0
2,26f4c5cf-a165-5c19-967e-4b8a0efe3f25,5592488,394,TRANSFER,475673.08,C2143609775,611535.56,C1271356875,3531633.53
2,c7bf1853-e86b-543e-8096-7c53d4eb3adc,5009788,353,CASH_IN,239187.22,C1796402026,140368.0,C1772389053,0.0
2,b294501f-7594-580c-8d25-7ffd71aeeec7,683090,36,CASH_OUT,131155.45,C2002436862,178071.34,C81238412,150884.04
2,57d08e8c-e7b9-57e0-a988-5ff06945e061,5625536,395,DEBIT,694.66,C253030065,25626.0,C1862786502,20969.96
2,6481aaa7-95d7-5dac-8434-ec29926f1b47,3867646,283,PAYMENT,19300.41,C93654266,171430.02,M239731910,0.0
2,a93a60d2-a584-57cd-8c36-756daf48014a,83307,10,TRANSFER,2011232.5,C1838385449,2678336.22,C749013731,13678970.62
2,cf5dd8b2-bf80-533c-9173-f1e0d7d5cfa2,3671283,276,CASH_IN,92242.04,C619607896,197547.52,C1337394369,1011849.09
2,3056b961-e4e3-5b45-8b11-9ba18bda6832,2288922,187,CASH_OUT,230164.93,C1510755213,396320.03,C1692414696,298950.03
2,75e1d75b-c0c8-5c75-952c-4909fe007730,2186872,185,DEBIT,5725.45,C1957521614,20925.0,C1176005982,384799.54
2,90318212-6c5b-5876-b480-dbe208cd742e,4833203,347,PAYMENT,29326.94,C324399462,397932.58,M1217532656,0.0
2,cbd18f2b-6013-5885-9058-48de91b10811,4263382,307,TRANSFER,114498.22,C186518569,139784.0,C865052347,75290.02
2,ba3a3dac-c98f-59ea-9e5c-faeac0ba8521,5879822,403,CASH_IN,153050.5,C1132494853,5753210.59,C661593401,747100.75
2,aa5b385a-4129-5a0c-8d6f-f6ea9da0b373,3295890,252,CASH_OUT,318180.66,C1181005058,400960.77,C1996805903,438344.43
2,a248042b-225f-5d15-a467-084a761b6bdb,3591209,262,DEBIT,2878.84,C589289047,8668.22,C43314740,1765533.53
2,0f5f0b8e-bba3-5114-b251-37d5ed152644,5033388,354,PAYMENT,26008.25,C940089056,208279.7,M59422441,0.0
2,ff2c39ce-a07c-57c8-a46e-377cefb5fb47,6148494,546,TRANSFER,8613.69,C1604106734,30184.0,C353345,1362096.81
2,66720c96-2862-5e79-8724-34e3b6043b33,4305298,307,CASH_IN,96619.29,C1553139065,15886286.34,C1091069120,252205.71
2,9c33b426-29d0-51bf-aedd-3fa924d4cc2c,3578600,261,CASH_OUT,110562.84,C469101215,118299.0,C2061164855,1079036.24
2,4efbfd4d-5a0c-5c62-bf37-db1c5e67d403,1686359,159,DEBIT,9764.58,C92351697,33036.0,C1311638415,199728.98
2,766ef6aa-0402-5248-b676-cd360c16e726,4960050,351,PAYMENT,14750.86,C891135415,123760.68,M1014200480,0.0
2,79b57c13-be72-5662-94d4-7f5874f9087a,252327,14,TRANSFER,40172.09,C1322061818,624092.94,C438147393,524230.07
2,0a621106-076a-5b26-9318-2ee62727e903,4954083,351,CASH_IN,112885.48,C111507149,15941.0,C32201107,211306.29
2,e693db17-31c7-53ed-81af-b550294ccb49,1858284,164,CASH_OUT,196.24,C1022686016,11572.0,C1203883973,0.0
2,7ef86083-8792-51f1-8994-045b3a8d200c,1855507,164,DEBIT,1890.12,C2015272332,91446.0,C1179195713,647409.95
2,d7f4f64f-f8d4-5b14-aa53-b8a955e58fa7,1890041,165,PAYMENT,3945.63,C1161137291,19900.0,M1340292244,0.0
2,b0d0ad6c-00a0-5956-ad1b-27704bd648da,6351199,701,TRANSFER,74581.07,C841535427,74581.07,C1628153778,0.0
2,dab007f6-b69c-5962-92c9-c813ed102409,5118164,356,CASH_IN,89013.47,C1633726143,1023.0,C334625809,78572.0
2,1d3b687c-0475-5ea3-bdb3-c18d5515fabf,4307665,307,CASH_OUT,4407.63,C1712462605,5873.0,C357100567,116072.7
2,cbfddff2-613a-5628-9014-59095d82e161,2378626,192,DEBIT,229.04,C1942627726,11482.0,C865345096,63911.19
2,da408625-149c-58b8-a9e6-a01e33d98179,1520505,153,PAYMENT,2060.2,C2024341431,10313.0,M786689039,0.0
2,2691afbd-411c-5c58-8821-16c9bf02fc55,3787738,280,TRANSFER,298263.36,C802130681,336504.0,C671313614,454331.07
3,d96539ad-53b2-5ebd-a594-5d581c3f4c5b,4856602,347,CASH_IN,484579.89,C1453135213,498197.0,C2017807548,39972.57
3,68494fb0-9e88-5576-af76-a17a16452965,5588453,394,CASH_OUT,89308.22,C128005681,159846.0,C400666499,114736.04
3,7c0a0d00-fbae-5b99-a78d-b2bc37775dde,5183102,360,DEBIT,3894.26,C2039113751,34494.0,C1438696240,283440.53
3,7d0790c3-9c22-58d5-8fce-fe8cc41dcc5c,3383530,255,PAYMENT,15064.04,C637601638,226474.98,M408310484,0.0
3,b3c2fb87-24fb-563d-98d6-64887ac19170,896808,42,TRANSFER,46104.8,C1725640136,407517.15,C1391956953,355621.84
3,6a633e34-5842-59fb-b213-cb6b0d47df26,5211666,370,CASH_IN,35023.33,C1943088473,170224.0,C2083228673,7586990.0
3,5cab488c-fc87-590e-b92b-f6a390a28e7b,5679473,397,CASH_OUT,83522.16,C1896030380,152864.0,C518772041,0.0
3,c3ac405f-649f-5cf7-921a-bed0dbb413c2,253281,14,DEBIT,5119.72,C853041879,10113.0,C321055352,158338.35
3,dd65e59e-318a-5b61-909c-6f31f89a2f25,1347246,137,PAYMENT,15878.45,C443267649,69713.0,M1079229405,0.0
3,4229e081-2dc3-54a8-a11a-2bef1a3e29df,341598,16,TRANSFER,143011.81,C236681094,325720.0,C2040630243,0.0
3,f71949a7-2206-57ee-b133-513ed9e85aeb,3558865,260,CASH_IN,139610.72,C19991038,5702065.67,C1120357374,186353.07
3,401aae90-ce77-5922-bc4e-cbefcfea7e97,105786,10,CASH_OUT,185246.56,C1694694747,195413.26,C1919549402,1334374.96
3,16594c47-9402-56dd-8095-4fca5e228a15,6296516,673,DEBIT,1785.89,C26712628,99036.0,C1783982807,14365.45
3,aa1f248c-b42f-5ff7-b73b-ae6aa84570ce,5885084,403,PAYMENT,31395.11,C599545900,51910.11,M1536570032,0.0
3,4c046df8-09f8-510d-92d1-414ed259c5b4,6360740,716,TRANSFER,921393.95,C1878448827,921393.95,C765829328,0.0
3,1e3aaaad-794a-5c0e-8bd1-30a486532bb6,1446730,140,CASH_IN,317813.54,C674381789,3627668.94,C1208834384,8091209.21
3,451e25a7-5df0-5f51-84ce-104e5ebd748e,4685162,331,CASH_OUT,8928.26,C1205321186,9531.0,C2095342749,0.0
3,2ccf2e7a-abf4-57de-bead-3519274ffb90,963310,44,DEBIT,4301.46,C1000418948,29947.0,C1133407520,2171314.36
3,2aa6e3b6-b17b-53cc-ba0a-e5aa3bc90cd9,364130,17,PAYMENT,16275.48,C1984861837,151342.38,M1375891196,0.0
3,459553f7-a663-56ab-a69e-2038ea7ec774,6167592,552,TRANSFER,17090.03,C1034124212,86742.0,C624658434,2317555.34
3,a9784df1-59d1-5ed3-9e02-e62067d49246,2947392,230,CASH_IN,222970.31,C1399541248,17695389.86,C1375003340,1123728.61
3,4657cfb6-f0e3-5e55-826a-0ed9c60011ed,2507241,205,CASH_OUT,188974.3,C1669442919,348606.65,C320644805,1176475.76
3,56fa52e5-ac62-5ea5-bc4a-4d171532443b,4379950,311,DEBIT,36.23,C43303661,21173.0,C1531683626,1249505.06
3,283b5935-a00a-53db-aced-f81226d164f4,4057803,300,PAYMENT,372.1,C515161445,375.0,M1171498914,0.0
3,3e7aeb55-e259-5eeb-886b-b1f178e00465,5598732,394,TRANSFER,158698.85,C442143387,176184.56,C20397629,947110.55
3,867a92c7-c270-55bd-a604-7dad2089dd8d,3476890,258,CASH_IN,36512.34,C1045778433,20788.0,C1651625213,3012168.94
3,b80ec609-6429-5f05-8cd8-753acb4bbbb1,5894206,403,CASH_OUT,8917.14,C136194031,73606.0,C1648475672,741487.22
3,10eaaf9e-0c47-53a1-b244-c94929cb486f,1006214,46,DEBIT,1244.85,C1754987062,11505.0,C1941062740,2561622.17
3,1d659387-cf37-50bc-8c0f-296ee420f630,1364149,138,PAYMENT,16172.03,C1964663060,62351.0,M10686777,0.0
3,034ace7a-2692-5f1c-b3e6-e789af5d2944,5871550,403,TRANSFER,80448.74,C514948329,172982.23,C65568150,1177259.79
3,cd538cf9-b92b-586d-a372-060aff11f61a,5195561,369,CASH_IN,184597.14,C350301307,633.0,C468146968,0.0
3,686e5271-7ac9-524d-81c8-51ae52e6170e,4535924,326,CASH_OUT,116552.8,C1773908201,212777.0,C910094867,33135.38
3,314a3933-a222-5e37-b782-eef32559529c,674016,36,DEBIT,1295.27,C967202231,38408.97,C998187181,204375.4
3,f454e1cc-79c5-5f45-8105-b318d0b686a2,1169441,132,PAYMENT,14096.44,C676475297,385318.0,M708074033,0.0
3,94285ec9-f102-559d-b55d-381c87b954ee,2970584,231,TRANSFER,161887.57,C858545318,302485.0,C1161399789,2336661.68
3,8e0a498f-4f2b-5a94-bb2e-a92d031e37e9,4189108,305,CASH_IN,49750.22,C495959443,399795.97,C735631358,3275862.02
3,2b7495fe-5b41-54ab-a779-3ac6d858464a,65123,9,CASH_OUT,108071.83,C872352596,258857.0,C1384904323,2216.94
3,0ca950b2-a3e8-556d-92b0-6dcc731da193,1198284,133,DEBIT,2787.4,C73294455,61418.0,C1974464496,1421413.06
3,d8dbfd90-1cb4-594a-bfe3-34b4de1ac86f,4094133,301,PAYMENT,9414.37,C34616192,68445.49,M733935116,0.0
3,ddea7e3b-4742-54a4-a417-1daf855ee55f,2086667,182,TRANSFER,109909.77,C1670272773,159998.0,C894669020,0.0
3,0a867ee4-d35f-5013-a1a6-110ac16ed1a1,2149117,184,CASH_IN,136784.77,C237004036,11612.0,C1474996655,6100141.65
3,4545a431-48d9-5d30-9133-a18bb53f106b,250684,14,CASH_OUT,44476.57,C702396648,67052.0,C812244482,140794.16
3,f18bb36d-67bb-5e78-9eb7-658823f44f08,1492065,142,DEBIT,2400.26,C772318132,106634.0,C352067525,1365541.63
3,fa219153-d1ae-5c7c-8f81-702ed625a22b,1901604,165,PAYMENT,11088.45,C1940275438,11174.0,M785752457,0.0
3,847c026f-45d7-5324-99a0-b14aaa299181,3359602,254,TRANSFER,9675.98,C1340423459,79400.0,C1373159353,354934.24
3,388fef44-d9ef-56b6-9503-bb028ffb7041,4459367,323,CASH_IN,76697.28,C573032533,3968871.75,C591381309,1704951.91
3,12883821-e0bc-5420-a24b-47236bcf8b94,5058727,354,CASH_OUT,125744.82,C204373917,318250.74,C1207638953,238588.43
3,54298a4f-f346-5f67-b4ee-f227d2229aae,1651697,158,DEBIT,1861.8,C1627040614,105638.0,C201203783,149607.44
3,2b85986c-be56-5f86-9581-6b2a5cf37809,2858848,227,PAYMENT,5774.6,C951790238,24922.0,M587601992,0.0
3,68f2d978-0084-5a4b-8625-09fca67b4a57,3796199,281,TRANSFER,126911.06,C57051361,240699.0,C1528060496,2448420.0
3,22c04ab7-ed0b-5c39-81b4-ddbf10ca8eed,5543716,382,CASH_IN,172367.13,C2094489622,80706.0,C430804706,0.0
3,8d909b4f-7dfe-54ea-bfd7-0dcfa152de20,490394,19,CASH_OUT,10773.65,C1016703436,43447.39,C1889726460,206093.77
3,19af3230-a76d-59ef-8e4e-9776da7276fb,6044102,490,DEBIT,56148.35,C1330671132,171389.0,C860891054,1204495.74
3,c39557a5-a4ae-5a0a-9383-2acf55e78b1a,6089175,522,PAYMENT,3623.85,C1255595271,34879.54,M580603710,0.0
3,2b34d23f-3619-53e1-bf41-f0c5d3399e9c,4377766,311,TRANSFER,6558087.93,C1050618331,6558087.93,C1361886731,0.0
3,44c727c8-fda9-51d4-925d-38a407143a53,6207220,587,CASH_IN,97512.05,C47864360,4770138.6,C1510982464,99315.8
3,f69d0c2c-e636-5588-a995-694008581f29,644902,35,CASH_OUT,204551.24,C700630704,528200.94,C2144290600,74355.04
3,c8253ac1-f72e-5b85-8f5d-947d8731518a,66064,9,DEBIT,56.48,C1350731406,99266.0,C8540189,29755.0
3,0a70e6cc-59dd-5d07-beff-0e3313451a1b,1729258,160,PAYMENT,1563.77,C1068325267,212483.0,M1264069011,0.0
3,16e116a9-c09b-5d1a-a396-cd2733e1f526,6074059,515,TRANSFER,290211.26,C276602564,290211.26,C58143708,0.0
3,bcffd34b-1929-5db8-b88e-1998a3901c9b,1414055,139,CASH_IN,103757.63,C2119896216,286893.0,C1602010168,575598.33
3,5a3737c3-fbb2-5b5a-8d7e-25bec66df710,4779627,335,CASH_OUT,202401.17,C446631804,574235.94,C25911028,1276745.5
3,f0ecffff-1944-56f3-9fda-3a5536019dba,1184956,132,DEBIT,7530.22,C542140317,61385.29,C190168686,8799.1
3,624d2838-e9b9-5cf2-a4e3-98b8223b1ec6,5626394,395,PAYMENT,21411.66,C1925094361,30217.0,M1260844172,0.0
3,78f9e6cf-ce66-5d28-b12a-8d7adbcbf43d,142461,11,TRANSFER,27221.49,C406454337,130716.0,C163548913,30144.0
3,8b504459-331b-511b-b2e9-104b013bde57,1685154,159,CASH_IN,298389.87,C1505585983,0.0,C139224722,22666.43
3,f4d15ad2-297e-5735-a75b-70fb410cf209,5817339,401,CASH_OUT,133394.23,C1202101076,247835.0,C109442826,501147.63
3,ff564ab8-0467-55ce-9273-94c538d2bbf0,6345299,692,DEBIT,6356.69,C632376495,47018.0,C533194908,1068064.13
3,d7420041-fac4-5be4-8f64-1fcf601c283b,5153025,357,PAYMENT,14004.72,C929332126,102400.0,M736279914,0.0
3,e67ae684-c5a6-516b-9728-c97a6562b90a,5029475,354,TRANSFER,77470.17,C1747218744,388628.89,C930153236,336049.94
3,7411d029-0801-58fc-a08c-87f86b585815,5206147,370,CASH_IN,124151.0,C943080252,502115.49,C1078927990,1056833.3
3,5dc38dc4-d7f7-5eb5-9ea1-a87aed08aeff,5365215,375,CASH_OUT,33968.13,C304501039,149313.0,C414491721,85820.42
3,ba1a161d-bcda-5fb8-93e9-1da22f5a65b2,4748990,333,DEBIT,3976.68,C1952705053,32326.0,C1872326181,354706.64
3,2ce5b65f-6387-5d6a-98d4-69635ffe9bfd,3606664,264,PAYMENT,44.4,C2072708407,206.0,M966447245,0.0
3,69226660-7396-59ab-8cd0-5020b038f2f7,122780,11,TRANSFER,29357.58,C2122616570,200617.0,C1030205052,0.0
3,d2b27235-eee5-5f56-9154-a51928ddd757,549565,21,CASH_IN,180775.42,C22788518,6621351.09,C1492447540,2008686.61
3,41b46779-6411-5f87-b815-259a5c5fc857,5782326,400,CASH_OUT,111564.18,C460291245,303718.0,C1522628991,0.0
3,4c1b68a2-df2c-5e23-899f-135ec5d4047d,1157330,131,DEBIT,22561.62,C352568043,43467.52,C574349767,1232360.11
3,bc366411-3ab0-5a06-9027-494465143238,4276842,307,PAYMENT,6949.43,C858390390,287314.09,M1634219826,0.0
3,bf8123f7-902e-5f9c-b777-d8b0bc7d8c42,6166262,551,TRANSFER,150924.76,C1104531414,150924.76,C1502819168,0.0
3,2786b6db-7b5f-5b0e-9b70-0fe46d5a4fe8,1165932,132,CASH_IN,71217.16,C1238874107,6297989.98,C1978906044,2545658.59
3,a4f812ce-f00c-54e2-bbec-cf29ba788286,4340416,308,CASH_OUT,170072.6,C826293784,868792.0,C1890453667,0.0
3,5fe3a987-a36a-529e-a260-389df65ce7d7,5061531,354,DEBIT,6357.26,C2056971726,22234.0,C1979080020,800414.84
3,f85d7e79-91b1-52b3-98f0-3ff3d81dd620,4301727,307,PAYMENT,11057.75,C1359919610,50304.75,M332626585,0.0
3,2d42d02e-3a21-54b5-b25a-93c0846c7df2,873142,42,TRANSFER,676750.45,C843966496,828742.0,C1688043064,0.0
3,0d72aa38-cac4-521a-9625-5e0d947720f7,5396886,377,CASH_IN,450934.19,C183828521,7226194.47,C1273427947,550907.29
3,2dadc7ba-2a83-5b55-b0d1-1b4c2b782f74,659999,35,CASH_OUT,122491.87,C1110905617,172842.0,C1261566426,0.0
3,ff197331-c0ec-514d-848f-43162aefbc43,5646857,396,DEBIT,2856.71,C256093236,24789.48,C2099470524,278877.85
3,f60803fd-5f3a-5bf7-b89c-c03a070630cc,4309195,307,PAYMENT,12068.23,C873501670,32271.0,M200502149,0.0
3,cd5cdf2b-8714-52d5-a9d6-2de05573c5c7,675920,36,TRANSFER,7738.81,C259760798,21569.0,C743845394,85287.65
3,a8ac9d20-e459-5e0a-9ed6-151190c12dc9,3352311,253,CASH_IN,132016.28,C1756350254,51025.0,C2070507570,480497.76
3,f1b45904-96c7-57b1-bf21-db5363440a77,3540395,260,CASH_OUT,82583.79,C1075671999,183741.1,C261292810,10301635.42
3,67a912ca-3622-597c-9bd8-2bb369faec63,2374407,191,DEBIT,3933.5,C1591589322,203361.0,C280218207,19141.81
3,c184c70f-2229-553d-ab67-a9c677703367,1512575,153,PAYMENT,9626.6,C1269604934,766691.53,M432825749,0.0
3,0f1ee10b-90da-5b1d-9acf-7cc7d4551825,6321703,688,TRANSFER,60572.9,C1763582247,571452.0,C742693958,29971.29
3,102c72b9-e6af-5c40-9cf5-ccbafc6cdbb7,1338996,137,CASH_IN,115703.78,C407579772,2489199.19,C590333606,2214040.19
3,8a877668-9d59-5f4c-8d6d-0e044a8cc54d,204201,13,CASH_OUT,150009.59,C200246793,352890.93,C1283946940,4875732.45
3,f49073ea-74a7-52b0-9095-646ee1e5fcd6,5628915,395,DEBIT,531.35,C3690256,50940.0,C1373097221,52098.27
3,c77d1342-d3a2-599e-b912-6b8efb41b078,2814607,225,PAYMENT,38635.16,C1468106789,265252.15,M2102236512,0.0
3,80aa0ebc-f043-59e9-9d90-a694802e4d7c,3093105,235,TRANSFER,24371.06,C1294095404,48401.0,C1874619786,4318610.63
4,6941b8d3-e95e-522a-97bc-db1b0fc3c553,2717607,211,CASH_IN,39647.46,C194847252,2137365.55,C1972143257,846106.03
4,51bf61fc-4bef-5a0b-ba3a-db560b7c15ae,4733352,332,CASH_OUT,14269.25,C98640636,85871.0,C863183707,1617750.19
4,0f15a669-11dc-56eb-a4b1-9ce1e392828d,460733,19,DEBIT,2208.26,C158854185,335412.0,C1135318452,116219.0
4,8406192d-7c6b-5fbe-a824-eea1d2853761,2246777,186,PAYMENT,3646.45,C1694903615,20091.0,M1795216102,0.0
4,070e8076-9505-57fa-9781-f3f170b49d1c,3130057,236,TRANSFER,151851.62,C1203064563,215681.69,C1101277676,860254.62
4,fe73c02c-d59e-578a-89ac-1beb177bcc85,5281310,372,CASH_IN,250564.96,C700476298,23101.0,C1866314125,0.0
4,ddaabe62-1d39-5d7c-a2bd-bf703f2c0481,1860180,164,CASH_OUT,106139.45,C1708791341,120873.0,C174815176,0.0
4,88a4e892-e86c-5ff3-8d1d-5fc3884bb8cd,302065,15,DEBIT,4129.5,C280072500,257737.45,C720356665,3002873.87
4,e28880c4-7579-57a9-b2b0-3bb48de4373f,5083233,355,PAYMENT,27023.01,C400321374,61989.0,M1929350506,0.0
4,98bf119f-43d3-576d-90c0-67c904b000bb,482908,19,TRANSFER,148539.31,C560829193,990257.0,C1166993154,0.0
4,396b9b39-d198-5079-8348-b849508008d6,377828,17,CASH_IN,202152.33,C1849686419,1057112.8,C892180455,390851.94
4,cff5fe9f-6668-5d81-8d0a-d23fcf9761b1,4395091,321,CASH_OUT,9675.59,C1638431370,55461.0,C2032075009,3662537.47
4,a2a14fc3-92d2-597a-8bd5-f070e4a7bb34,4324707,308,DEBIT,900.46,C939497327,9000.0,C1152353317,270549.65
4,9a897146-68ff-57f5-808d-c32118a9fded,4143942,303,PAYMENT,24178.21,C615401698,52791.0,M1023874557,0.0
4,c9c8e1e4-b99f-5429-ace9-f0d0e1cad1a3,978539,44,TRANSFER,100144.94,C1512117347,157842.0,C1639581278,63370.3
4,56d6c8a3-df88-5325-99cc-d0913a7e1e04,4550286,327,CASH_IN,519181.44,C664656135,2637197.09,C672281868,1460746.57
4,db8e84ac-e867-5d49-91dd-beb2e850b6e1,189361,13,CASH_OUT,88734.31,C1260482634,167884.0,C1346310748,0.0
4,d9117be7-a622-511f-952f-742da0d490a7,2035494,180,DEBIT,2122.47,C1612356265,104718.0,C654925861,986110.6
4,807d6627-34fa-53b9-953d-a55efc3e672a,3794738,281,PAYMENT,3426.05,C1379717775,23683.0,M1785617995,0.0
4,27b99791-804b-500a-9037-8264f5165329,1822246,163,TRANSFER,183557.29,C375202059,371430.0,C929035431,91.0
4,18ec400b-f09e-598e-9580-72cfe6f2aa69,436658,18,CASH_IN,170870.37,C774539499,3317890.04,C2093546827,578941.67
4,2239011b-d3c6-51b6-b7e8-6f6d065bb3d6,5251692,371,CASH_OUT,170564.17,C1152652058,215175.0,C540312023,716397.67
4,95e746a5-ce76-50a6-85bd-8acced922f5b,2563840,206,DEBIT,160.17,C965487222,102119.0,C843774579,617366.41
4,379db4d7-1d43-5d02-bf0d-a48c030b0571,3370988,254,PAYMENT,22566.93,C1514548289,40606.0,M359892583,0.0
4,3538eb3d-c151-5982-83dd-d4b0f95ca975,1991939,179,TRANSFER,329287.21,C1623973529,516979.0,C340937308,1435606.9
4,3e583b27-81f9-5b73-8b17-c22732c22818,5306524,373,CASH_IN,39552.94,C1565596407,20447.0,C189917816,779005.5
4,5e7e1664-67bf-5efc-a286-7f1b9bdc20a0,1399585,139,CASH_OUT,229550.18,C685051726,919300.0,C1312045137,0.0
4,f4475d6c-69d8-550e-b89a-64cf63df94f5,5787622,401,DEBIT,2986.21,C1723006378,10564.0,C673485812,3576160.52
4,f489b9af-ef7a-53ef-b987-cdbb52ee0c68,3392835,255,PAYMENT,10090.73,C378889464,294449.31,M1034511909,0.0
4,5bd88827-283b-5e00-a82b-34d3c9cf8c35,925984,43,TRANSFER,303823.04,C674931268,545142.23,C531593626,3634619.17
4,ecef5763-a54c-57e0-97ca-e1eba1da9023,720776,37,CASH_IN,100658.06,C257211236,2005407.91,C125656563,155795.15
4,60f6c6a6-3f90-5c95-b133-fb89f511778b,2638561,209,CASH_OUT,8974.63,C212013184,355593.0,C2125135675,5880659.08
4,c1950d2e-879e-5841-905a-a77f527e1436,842560,41,DEBIT,1936.62,C77606986,385118.0,C1016689071,10630678.12
4,c6592fb4-94f0-5811-b980-bddb7e59508a,1780140,162,PAYMENT,6910.24,C1189504487,20072.0,M302144499,0.0
4,e566efe8-94e4-58ae-8195-b02c662614ff,5008315,353,TRANSFER,10280.69,C509373847,119226.5,C41636808,3049052.97
4,d33ade51-d82e-53dc-8f9c-21c259db5aa7,1477864,141,CASH_IN,210224.0,C318151098,166942.36,C1335048982,503346.26
4,d5f690c2-08fb-5b8f-976c-a6005f833eaf,1431559,139,CASH_OUT,32707.79,C1360432029,41481.0,C427646408,0.0
4,1e511552-e132-544b-8ef7-190c634d380c,1213292,133,DEBIT,191.72,C1313485590,31526.43,C1986422018,565564.28
4,d6e9db41-752b-56ef-9d8d-70b6e4c12e88,3546919,260,PAYMENT,304.24,C367926357,28195.04,M175188226,0.0
4,e8ac124c-0883-538b-995e-41d5950bc539,5997591,426,TRANSFER,68334.98,C296219289,323396.0,C1363985912,0.0
4,d3c090cf-fb15-5756-8359-ec01fee90e27,851068,41,CASH_IN,192124.71,C349754277,32263.0,C1800577588,523486.72
4,4fb86755-81f3-587b-b377-695d2c54a26d,3915526,284,CASH_OUT,141828.55,C1626410417,159287.0,C1536123397,421472.2
4,73271237-c3b4-5004-81a6-22e6f0b50d6c,6336130,691,DEBIT,2098.06,C1472676640,20313.0,C468337104,86872855.07
4,49410abc-a6ad-5655-abb7-bfae8ae98437,1840183,163,PAYMENT,69.89,C2029820317,52813.0,M555594942,0.0
4,85fa5f36-4722-51ec-9989-a99b3438c289,6039804,485,TRANSFER,1425802.24,C899490900,1425802.24,C1200745570,0.0
4,273dc82e-7675-5d7d-bedf-e22a53bae41d,3863069,283,CASH_IN,146344.85,C44718515,100531.0,C1011444814,1288323.9
4,2ae9c647-f4f5-5426-9120-a9fd75d8b8a0,672831,36,CASH_OUT,18985.43,C820276266,101002.0,C1145668198,0.0
4,d310226c-8cdf-5a9b-93c8-6e55c20d5e35,3624666,274,DEBIT,2740.71,C860225354,11163.0,C293170112,1550641.83
4,c8e61896-9855-54a1-b853-6186ea5ab599,357090,17,PAYMENT,15999.22,C867293227,55104.0,M1557067995,0.0
4,eb13980f-e586-545d-af08-14e940ad6e49,5844470,402,TRANSFER,127156.49,C1718340176,127156.49,C680745289,0.0
4,fd23fe47-255f-57ef-8f41-0be6dda977a0,1563803,155,CASH_IN,69632.75,C635713789,5993647.98,C1078667791,715841.73
4,2ce89939-9ca1-5a33-89a0-b5bca7ee1f9c,3715461,278,CASH_OUT,62590.13,C826146798,98368.65,C9550083,3854314.18
4,6aceddcb-d675-5605-9954-99745367e611,4681524,331,DEBIT,5320.66,C328151699,681268.66,C854812291,691675.09
4,304d6b71-cb7d-517e-a03e-61cf8005c452,1300275,136,PAYMENT,218.14,C663341145,37305.0,M1221389116,0.0
4,0b09dc7b-5678-5f2c-85d5-aae0d3822444,6299721,681,TRANSFER,3479.08,C243202037,6480.0,C1258442919,0.0
4,857f69c9-7e9b-522b-aecb-262a4fea3e57,1017687,47,CASH_IN,255269.68,C505157963,3676224.43,C340785490,454571.0
4,dc9791e0-cb42-5271-bdad-93b8230dd161,388818,17,CASH_OUT,209215.86,C470086547,944555.0,C893769262,33587.03
4,7fbc8248-50ee-594a-8bf6-e09f2c882422,140960,11,DEBIT,3825.95,C1408643493,32248.0,C351394592,1290279.55
4,6fd9dc91-1fd5-5e8e-b0ae-2c39363a657e,1613435,156,PAYMENT,42.48,C240939567,10534.91,M1074957930,0.0
4,34e3c383-4ecc-533f-8dbc-5e473272df2a,3191585,241,TRANSFER,13580.17,C678374466,25281.0,C1843046484,920361.82
4,f10b952e-aa55-5b23-b67e-ef8ec15da924,5698681,397,CASH_IN,242186.97,C450220136,2579370.26,C1767537757,245811.84
4,a0ce8ab0-322b-518e-a6c0-530311cf09ca,1855500,164,CASH_OUT,84325.27,C1822405911,119041.0,C1970300867,317341.68
4,58a736f7-eba2-56c5-be71-ab106e2e30da,1142958,131,DEBIT,2545.04,C782256171,30896.0,C1511016488,1532010.31
4,ab365da7-0c4a-528d-9d5d-52d7ce958e01,2288064,187,PAYMENT,3296.72,C2033779030,343867.7,M1993183381,0.0
4,006ec7c4-7bbd-55ba-9138-807e1c4c988e,2136672,184,TRANSFER,300278.56,C1266720290,390680.0,C1902332917,305395.59
4,6b77f955-763e-543c-bdbb-ef19c5c88f8f,5038288,354,CASH_IN,236563.68,C621812578,8807990.06,C153285279,269596.22
4,07b89b9e-50a4-5022-8e6d-b89b3f761a1c,2106303,183,CASH_OUT,76126.11,C1365914453,112716.0,C1723848379,1564368.15
4,be800447-38be-5aad-8657-13289a272563,3641731,275,DEBIT,4310.87,C1127002416,20591.0,C1114771766,519539.8
4,0e45fbc3-44a1-5dda-8128-81337380c3ce,1145558,131,PAYMENT,12367.39,C1597710541,645110.0,M1332071539,0.0
4,85d2935c-a6c5-5357-bcec-5e11ad658e82,1057338,96,TRANSFER,22211.21,C1463451287,37280.0,C2085432393,3772452.09
4,6cb27940-cab3-59ca-aa3b-a2b74503dc24,1641801,157,CASH_IN,525976.55,C347842915,21032.0,C1819037064,170308.15
4,dbf8ab89-42fe-5e99-81da-3b429536875a,1268745,135,CASH_OUT,306107.55,C1497029667,474492.0,C1083935401,0.0
4,fa9d3748-e536-5aed-b398-527ee6fbfe4b,1022876,47,DEBIT,2193.55,C2092721867,84720.0,C2024609461,2141073.92
4,f29acdd4-3ba9-5de8-aa26-b4804dd89985,736109,38,PAYMENT,11427.83,C472425747,411734.07,M1341120271,0.0
4,08b6ccb9-f02d-50fb-b837-bcda2a1486b0,1401,1,TRANSFER,81222.77,C280223635,180207.0,C453211571,3243462.05
4,3d478182-b4f9-5855-b5e7-42c7dbe33b0d,5706467,398,CASH_IN,94057.76,C1174660779,1320.0,C1996297756,51461.36
4,1d620def-950c-5657-80e7-9cc476dd6d8b,3147667,236,CASH_OUT,31552.24,C1985939114,501608.0,C1027183520,0.0
4,34da903f-7e56-5c94-841c-fec284510882,277955,15,DEBIT,1423.35,C316956949,101319.0,C640139393,526043.67
4,f0df9f8d-6068-51fa-8851-3f2b58baa252,428886,18,PAYMENT,8434.5,C1200957971,261703.07,M1048763021,0.0
4,3aaf66d3-ec08-5c98-b89b-9b13173ec4d3,2382164,199,TRANSFER,80885.48,C1191502221,80885.48,C1529468994,0.0
4,ecd3398b-a4ab-534b-b381-be1511f1cb29,719983,37,CASH_IN,184492.28,C1781090161,377534.83,C1900832545,1109458.35
4,47e9e27b-4a99-5ecb-af0f-eabb7d128a52,2288170,187,CASH_OUT,57513.21,C100039576,310927.0,C2018087281,85507.42
4,719e71e2-3fa4-5e27-a987-f131148b8eb9,988856,45,DEBIT,2310.31,C1324556232,464507.05,C1860674229,99918.29
4,a9cabca0-9609-5821-86ae-8489089b4448,2410797,202,PAYMENT,13830.84,C1624563758,270678.56,M1137578701,0.0
4,b4aae99e-94f6-5629-b862-1981bce319d2,6154487,547,TRANSFER,598945.0,C1214149711,744292.0,C1042031111,3343513.31
4,6fd04887-a1bf-547d-b43c-81df396c7bfc,4374866,311,CASH_IN,262327.68,C1046380300,7762734.2,C369689689,2952257.62
4,8f49f6d7-184a-5101-a185-c5561a2d4d86,4972133,352,CASH_OUT,12584.3,C317054053,161349.0,C659701035,0.0
4,12ac1209-c23d-5d71-82ec-f349fe0072fb,3993908,298,DEBIT,3690.89,C929865727,12463.0,C9046088,15374.21
4,f8806739-dbfc-56a9-b03e-595dbeb60988,2959311,230,PAYMENT,35231.27,C2132152893,59910.0,M1567697624,0.0
4,ef16b679-aa39-5a25-8430-a3f4be76563f,3622969,274,TRANSFER,45922.61,C224109035,66322.0,C13860424,2151790.86
4,22f7e957-ac0b-575f-b24b-e832d58b10e9,2877551,227,CASH_IN,7575.71,C921457675,2619860.45,C1057529499,458699.85
4,9ec399a2-bf8b-5761-8e30-65604ed25109,4433141,322,CASH_OUT,109042.19,C60367247,185272.0,C730178541,243389.7
4,3b85d143-e148-5999-95e1-6af03148a3ce,3010653,232,DEBIT,2356.76,C762787399,12937.0,C294022330,76454.82
4,6ab70133-03a2-51bc-9e44-b26b06288ffc,2157183,184,PAYMENT,44572.64,C916880573,105732.54,M1911237142,0.0
4,ce406abb-77ab-5687-804d-ee31007c41e3,1047660,95,TRANSFER,145042.05,C745785096,793928.0,C1038202329,251286.71
4,3f5d0ef4-7d0c-5784-9114-5669e1a94ef1,2172993,185,CASH_IN,18289.43,C1636916731,50970.0,C1065493302,0.0
4,1c91a4b3-8e7a-5bf0-8a6f-6f00cf17fedc,4458021,323,CASH_OUT,113199.84,C1448685759,697733.0,C876332777,129927.64
4,5e7d4fa9-89b5-52fa-b436-237eabba8acb,3432406,256,DEBIT,11503.41,C1402963602,19928.0,C1166194514,480125.82
4,97d1a53d-59e5-5aec-925a-4f4be13c660e,2312361,188,PAYMENT,8773.06,C572442620,26428.98,M1767328824,0.0
4,a5d6c967-1dba-529c-9911-5b5407fbea54,5995101,422,TRANSFER,1857935.57,C707980152,1857935.57,C510333855,0.0
5,122118bd-1707-5e1c-9522-d9f0df13190e,1291135,135,CASH_IN,92664.78,C24464775,26941.0,C368380199,0.0
5,b1eb8a6c-70b8-57a1-8625-24378b2341ef,4815733,346,CASH_OUT,247762.84,C1538787594,270823.93,C2092747918,942422.7
5,96f3544a-a587-55e2-9e96-879383d8a2d7,2786330,215,DEBIT,2547.19,C135834782,210572.0,C77611658,765185.03
5,986e8860-7011-57c8-b78e-df72d99e1aa3,3863251,283,PAYMENT,13764.64,C493410823,599706.69,M1331973587,0.0
5,e34eaf54-508a-5e85-875a-7c2756f6841a,2396423,201,TRANSFER,162190.13,C1801396694,200377.0,C669037637,3728927.05
5,7eb964d8-e0d7-58b0-a92a-4f9f86c93fef,660455,36,CASH_IN,34550.1,C674825719,53789.0,C778895604,41999.0
5,e2fb3c12-5089-55ff-a7ca-758dea5b038d,676789,36,CASH_OUT,120156.09,C930288414,243144.0,C520462832,1351415.84
5,282ccca9-f3f2-5b5e-bf6a-99c77d7e91f4,1213917,133,DEBIT,5197.3,C1116300100,26292.0,C2067933676,121695.79
5,bb58e0f7-4ead-5563-a6d7-4ecc594f711f,442933,19,PAYMENT,12172.7,C952685941,308591.0,M1062167127,0.0
5,774638a3-4cdd-59dc-8f1c-3f2319b4e805,480878,19,TRANSFER,151156.59,C264873558,226107.4,C1915307283,1328844.45
5,6d1dec28-aa4a-5b38-bd40-8eac146c9493,5792844,401,CASH_IN,53548.75,C377984310,571381.79,C21977314,165564.79
5,ccf0bbb9-7374-5d59-93dd-c1f124da5a97,4093825,301,CASH_OUT,45461.46,C762588576,93330.0,C494911468,61112.08
5,392c7d8e-86a8-5c33-b71e-d1f21cbbda82,587960,33,DEBIT,2341.43,C2072090567,10165.0,C359585954,38762.74
5,05089c32-86d3-566e-8442-8504f02a4fdf,1619522,157,PAYMENT,160.04,C2050093512,101598.0,M1950461349,0.0
5,0efdb3bc-4c33-5b83-ad74-4ad1996df7e6,1185853,132,TRANSFER,707995.07,C1223456875,1022679.8,C1657291621,872785.63
5,81e36e4a-f760-5774-8bfd-52861f05f6ba,805623,40,CASH_IN,145651.91,C1913512484,74.0,C2038892011,0.0
5,8c1ab59f-906d-5c94-a21f-d4ccae4f61e5,1782215,162,CASH_OUT,112431.52,C1581447946,173431.0,C1374705406,127619.15
5,3dd4141a-5e24-50dd-8cc7-29c9dae5058c,2562272,206,DEBIT,2576.41,C428594314,10481.0,C1585448050,87922.42
5,ef583ab9-e43b-5cc9-bb94-0d7526855dc6,5392495,377,PAYMENT,9677.05,C1788957149,31872.0,M221892398,0.0
5,92f6d485-0ba0-58e3-b3d7-ddf1e60ce849,4427442,322,TRANSFER,379072.23,C1933250718,614193.0,C1225558057,131858.27
5,c82a869b-cc00-58ce-89ed-75f1512cc1fb,1644848,157,CASH_IN,54356.34,C2077027317,12074421.76,C1309558956,347955.11
5,aa8dcc99-bbaf-547e-97c7-cca992af11df,1107335,130,CASH_OUT,3864.29,C59243393,297757.0,C2080101195,1798675.65
5,60b21c7f-6e2c-5538-9dbc-4cfcd985e703,4952594,351,DEBIT,6748.82,C1162860626,11384.0,C1062376616,1401585.54
5,2a028d4f-843b-5236-9bcf-9db0987f73f5,4558125,327,PAYMENT,3795.49,C1798411954,64083.62,M986798356,0.0
5,db7af9bf-0fef-56f8-85d7-c40e5ef1507f,1156757,131,TRANSFER,52027.51,C840797104,312387.0,C2019638342,243324.26
5,950d1f4a-eb7f-59b9-9e3e-61997d84c79a,2089298,182,CASH_IN,286866.6,C408095460,6988316.93,C111311560,4770035.06
5,cb85f853-2679-5b47-8367-46751015e7bd,6232915,594,CASH_OUT,51932.46,C1894461599,117661.0,C1401705940,0.0
5,dae1ffbc-22cc-5f26-a40e-563ff733dd0e,5859262,402,DEBIT,88.84,C124545272,21761.0,C362638311,41348.38
5,27ed83b2-be03-55c4-bb3e-2747d6f11d3e,3382400,255,PAYMENT,2405.52,C1149717574,430181.08,M131960665,0.0
5,16532eb4-80bf-5b0d-bc9d-e6a55497353d,2547310,206,TRANSFER,169504.89,C2025457623,213626.57,C758250889,183862.47
5,7f113616-76c1-5702-950b-4b2d17a8e09e,2780606,214,CASH_IN,23729.77,C1505356922,3546186.37,C1635614657,1781224.2
5,91728ed0-836a-50f3-a85c-d4c184b6f50d,6245552,596,CASH_OUT,23557.68,C952415913,26238.0,C1487030712,0.0
5,442336dc-4c7d-5168-a98a-0e5cd4740dcd,4725136,332,DEBIT,1613.15,C2052842153,42886.0,C578783295,355923.53
5,f49c0dbd-d96e-550e-afc9-e0510695a5c1,524258,20,PAYMENT,244.17,C1244111056,52835.0,M857967949,0.0
5,8de29408-2126-543d-8fc4-989002f3a20c,6196826,573,TRANSFER,62003.25,C184437917,133438.0,C381520421,367819.9
5,b55b4b10-7f8a-5484-9b25-5a0c4ba5c944,2347653,189,CASH_IN,42690.69,C593572745,4510357.93,C530357929,11213206.56
5,71d2a63d-3b9d-53ae-ad85-31c6a9a7a391,2985076,231,CASH_OUT,353600.45,C1876899240,607596.0,C1289488836,0.0
5,82acc271-3a90-5bf6-a0ff-0f1342b75b64,3191328,241,DEBIT,2339.31,C975525775,41717.0,C151920735,973904.12
5,c52535e4-772c-5723-97f8-34f24a54e8ee,5971955,407,PAYMENT,6187.05,C146474266,160006.0,M1505262414,0.0
5,d427b63b-542f-55ef-a18e-e443bf2f00fc,2141133,184,TRANSFER,165569.72,C66122866,206228.0,C52080455,11782579.55
5,bcbc45ea-d316-5e08-97a4-290b5edb5260,2965025,231,CASH_IN,18819.7,C1847753519,14957859.64,C1390827289,171279.25
5,2bc16360-50db-5aee-a61b-29068ec46191,1548730,154,CASH_OUT,42807.01,C1639091085,73011.0,C289372353,570616.0
5,f00492e7-b7cf-55d3-8658-7bd746964027,1250520,134,DEBIT,1671.64,C1665232539,29607.0,C1465056460,919385.49
5,f49e38e6-9c7d-533b-9d34-c016c436ebf3,756202,38,PAYMENT,4201.86,C542585947,113282.74,M1725682910,0.0
5,631dca55-1dac-5020-b137-a5a23fb07420,102613,10,TRANSFER,535365.87,C347875386,658431.05,C305833151,938807.07
5,fbf14efc-3c14-5235-bf26-e8deb578edf2,583307,33,CASH_IN,438289.44,C202827710,893521.53,C488624810,6758965.51
5,cd3612ce-0917-50d8-b86d-fba3445f438b,6064738,505,CASH_OUT,105027.49,C935647592,119791.85,C1716335240,6432898.91
5,758f425d-d4d9-536f-b0f5-ac7b29393cda,1062963,119,DEBIT,929.39,C1688720449,5045.0,C490354376,543892.35
5,45119a3f-834f-5cef-9ecf-012b3023a199,5877566,403,PAYMENT,348.92,C1342164177,247125.0,M1363915019,0.0
5,a401f657-d73b-500a-ab61-073cb118549c,3742557,279,TRANSFER,462882.82,C911684955,680874.0,C1584817658,0.0
5,3d7eab65-5ab0-5a83-932e-4ce7eb1ce406,2194795,185,CASH_IN,41572.59,C594254495,179605.0,C547055928,0.0
5,2182c8ab-233e-5794-bf9a-b805cccd087f,1547627,154,CASH_OUT,19109.57,C1774976584,179763.0,C939133514,1580886.45
5,eafc5389-e1b0-5380-842d-43b9eb97e4fa,3364013,254,DEBIT,2490.87,C314286650,15231.0,C323227296,3135961.03
5,a83cae23-fcf2-5583-b279-a1a5af4768e1,2152065,184,PAYMENT,799.05,C67565347,140366.22,M839384827,0.0
5,cc5750a9-8e1d-5dd6-a111-05f6764fdff7,4267341,307,TRANSFER,3170.98,C529323989,14902.0,C1217613416,28291.06
5,4b1199a1-d187-571b-b870-739a707d2ec7,2529209,205,CASH_IN,45586.34,C867453133,10125.0,C1802901522,0.0
5,4e076bd8-c0dc-57f1-93c4-269e95a4cb8d,972598,44,CASH_OUT,39440.95,C1708672718,40188.0,C757534983,0.0
5,e04e9c67-99bd-5543-ab47-58a49eed3461,2310578,188,DEBIT,2384.53,C359716725,20990.0,C1483666667,5726.25
5,390a9fa5-8097-5880-8bba-3516ba408373,2455614,203,PAYMENT,6267.56,C1819452011,110357.24,M167879431,0.0
5,71df24e8-b7a4-5eec-aef5-54d8273946b4,5760405,400,TRANSFER,306243.37,C1548358245,364209.0,C1362818610,0.0
5,a8ef0461-63b8-5632-9146-f0a078f55786,4018338,299,CASH_IN,236152.45,C384100795,71688.0,C56243743,1813245.09
5,e8d558c5-255d-52ab-8856-761a19abf2e0,2764672,213,CASH_OUT,158457.08,C989070066,201186.0,C1322290638,0.0
5,9e10df8d-ae2f-55aa-a68b-5601d04eedf3,3310571,252,DEBIT,536.81,C342728389,140950.0,C992936754,43302.38
5,2095851f-46b0-5439-9139-f8aa85034077,4610330,329,PAYMENT,13576.26,C1979852244,245392.49,M1913083704,0.0
5,077472d9-90f6-5173-aaeb-5fa51f9684f5,479380,19,TRANSFER,21092.96,C550294144,30476.0,C290734766,202524.97
5,0bd78f65-b6c9-5916-8278-ccecc0039ab2,1106008,130,CASH_IN,39677.4,C43135845,9012003.18,C2006241481,935374.96
5,ed7cb430-ff65-515f-ada3-96b92f708940,4245502,306,CASH_OUT,100435.32,C635793080,161949.0,C814224185,0.0
5,1ff689b3-6ba5-56fe-b8fb-8fdc609c53b6,5235468,371,DEBIT,2567.17,C1103675311,20709.0,C114897593,204977.56
5,45e3c8a3-d110-5da0-b421-392b0c2e5a4f,285334,15,PAYMENT,20220.49,C1744938333,64124.26,M575569258,0.0
5,6ae68cff-24ce-54f4-aebe-c2b1e34af9a9,3181431,239,TRANSFER,536258.69,C537972414,545695.0,C595300463,0.0
5,93781cd4-9f05-5c6b-95a1-8753282bb816,3613556,273,CASH_IN,235762.32,C1565762330,7885940.6,C2130872679,6866051.98
5,67a7eec4-0a8c-5a97-bf5f-a2730e26dd04,3853867,283,CASH_OUT,17358.38,C1039255774,45455.0,C2123742401,2849666.97
5,fb2f0f6c-1dc7-5909-9a7d-90c3d64aea95,4133281,302,DEBIT,5380.91,C658851181,11659.0,C2074195621,2636632.69
5,e91d206a-61f7-5c79-adb1-31a8c8f48abe,1265162,135,PAYMENT,21829.03,C709749021,492722.81,M1090294332,0.0
5,171872c1-d8e5-5c5b-8c2f-9996888502b1,3613827,273,TRANSFER,128147.94,C662986141,171364.68,C407491418,4887162.29
5,9eb1930e-a7d2-5dd0-a9fe-ba63d7c99908,4626119,329,CASH_IN,189627.13,C1231749961,13742843.86,C886826869,530108.32
5,69255752-01f2-5929-980b-b973df07ec40,5456346,379,CASH_OUT,149944.15,C866905869,528338.0,C1830004781,3381298.09
5,e5f60833-b2d4-51f1-ba0b-21313d464c99,194215,13,DEBIT,6599.14,C748395497,46944.0,C1474097450,166701.48
5,d14f521f-8060-57de-9916-b0c9cd122fad,6213021,588,PAYMENT,20691.43,C1875254031,233219.02,M2120444253,0.0
5,dff99647-3ef3-5a16-8990-4842bc6e0694,4252,3,TRANSFER,75131.35,C1680139795,76089.0,C1261031890,23315.48
5,9d49596c-458f-5b31-82e0-8dd45c5e8dec,6356365,710,CASH_IN,201981.77,C1632923209,626.0,C2003678621,0.0
5,fc4f51b1-461b-56ff-a12c-f09fe147aefd,143887,11,CASH_OUT,135124.17,C1157187344,314637.0,C339254743,6162537.75
5,abc8dc84-3018-5c05-830e-7abb495ab95b,5521887,380,DEBIT,11543.33,C1650789511,61975.0,C1223607322,1206001.73
5,45ee67e0-eb16-5ac6-9671-12732fd17f5a,2530915,205,PAYMENT,5254.02,C234527798,321790.71,M1263101741,0.0
5,6d40c5db-4e5e-5c87-9626-a381b6f54e7c,5175201,359,TRANSFER,185951.82,C1941601739,403933.0,C892271971,199153.91
5,f2dd10b0-ea83-5239-b110-16759b0a4664,1817623,163,CASH_IN,28515.3,C1520903058,769692.04,C260097311,259576.15
5,fe96cd23-ce28-56a2-b0b6-e41ace6575d9,2410900,202,CASH_OUT,148754.08,C1177333978,163640.31,C664008974,769761.24
5,16bfca3f-5607-51f9-93ee-686dcdf2f39c,5171975,358,DEBIT,917.09,C159478130,15097.0,C773505268,1295614.1
5,5861d70e-e9f4-592a-8df1-745c47b242a2,452640,19,PAYMENT,6206.96,C554462125,50015.0,M50918689,0.0
5,7130681e-b799-51ea-a94a-1f42b0146e41,3132217,236,TRANSFER,69770.45,C490200978,122765.22,C2080451196,1153258.59
5,b6fea3ef-21c9-5bcc-bf0a-ce73223f3f9e,1896359,165,CASH_IN,81486.19,C1914238326,206599.0,C170264043,0.0
5,e975d927-607a-5c3c-adb8-6227c06b9a9f,2721803,211,CASH_OUT,36021.39,C1119905017,49604.0,C1227025463,183748.63
5,e3a0e05c-831c-51e3-9303-9354e0219871,5288018,373,DEBIT,4476.32,C1433657381,478748.74,C1249319591,188172.99
5,19221dcc-09e9-591e-90db-d7e910231135,1081520,129,PAYMENT,14802.36,C456798453,131458.0,M1476175974,0.0
5,90be1388-6262-5f10-ae7d-d8a71ff87155,4239674,306,TRANSFER,186238.35,C2123343077,383072.0,C1345063038,5711463.44
5,d6872277-0998-56a9-9fe1-0d83942f0f42,4448218,323,CASH_IN,116406.2,C844837583,4254328.25,C655139368,299025.86
5,8e361a09-2657-57d1-ae2b-bd310b9bc17a,6011259,448,CASH_OUT,14120.99,C856249149,20525.0,C1469325848,520943.33
5,620d9268-5068-56e4-a5d7-ff1182c62f4e,589707,33,DEBIT,3284.97,C1323931783,3997.0,C585106052,507122.49
5,a7381948-3d93-5a26-be1e-7d8238eff981,1601647,156,PAYMENT,5908.51,C1572876110,53231.0,M198805424,0.0
5,e4f2a204-acdd-5da1-8b09-a86f47e715be,4965373,351,TRANSFER,119136.92,C182758029,302159.0,C435960558,0.0
6,36f983d2-c3e7-5500-8814-615af9459f66,3138507,236,CASH_IN,52674.41,C5025233,57895.0,C2126053148,132481.99
6,fc335993-7e2c-5ea7-9d08-16796418d3ee,5451490,379,CASH_OUT,1865.61,C1685942190,57833.0,C291914810,1134687.67
6,a5f9296d-3efa-5bf3-b9a6-a6c444ccee82,6258023,599,DEBIT,484.97,C869247589,18618.0,C1018778448,126912.87
6,99a44ebe-dc46-55c4-b0ae-e0bdc9cdada1,898620,42,PAYMENT,1285.88,C814538360,20650.95,M1252864851,0.0
6,7e42cb6c-320d-5db5-98cd-17bed5640698,670616,36,TRANSFER,159910.55,C761311732,223420.0,C2113515873,27786.2
6,89dfa62d-d9c8-5a51-b401-d4f9136c9dad,4797881,345,CASH_IN,120228.02,C1659994215,104276.0,C93103087,0.0
6,bcfc6862-a78b-5dd6-baf3-5e48a3c8d56b,3499892,259,CASH_OUT,81364.99,C842090267,494780.0,C1689815830,96165.53
6,1cc79656-6134-5839-89a3-b092d57b3a4a,5479244,379,DEBIT,1975.57,C1539661806,13929.0,C36070451,118689.13
6,683df9da-9d3e-59f4-9a2c-4bc82fda6708,71719,9,PAYMENT,13381.71,C1771523736,2169656.79,M2041895012,0.0
6,a10364c4-735f-5754-bfa3-b876437375f9,1902464,165,TRANSFER,34495.22,C1677798354,50193.0,C663239320,1014083.52
6,f6ff0fe4-04cc-5668-820b-e40fb9d593cb,4515717,325,CASH_IN,60172.17,C1199236450,74932.0,C973646729,305893.82
6,28ce8a1a-6e37-5249-9545-b0b74bf3d634,1421863,139,CASH_OUT,33136.14,C241678357,84011.0,C1471012815,0.0
6,c79fb208-7d60-5e42-8c0e-40d347e79470,2888393,228,DEBIT,6948.48,C1243405927,121174.09,C378305481,445949.39
6,6f7bbe79-2418-5930-ad1d-e75c580ce46e,5131910,356,PAYMENT,7875.53,C2013681174,12097.01,M974555401,0.0
6,1f5df9f9-78fd-5097-a37f-eb5a97bd64ac,883545,42,TRANSFER,55952.43,C1355504143,1035784.38,C2022852618,557281.09
6,8263245f-0479-50e7-8d50-1b6d6c85852f,4627416,329,CASH_IN,332192.94,C551843360,1364527.41,C1571110297,567322.1
6,2e172956-2389-5562-84e0-93782593d673,4508440,325,CASH_OUT,143120.75,C899145731,415300.91,C1403471353,1000356.19
6,6948067b-4202-5003-b359-6ad4a0a977de,3589231,262,DEBIT,581.55,C1700611049,22253.0,C1851490021,1098859.75
6,c09608a2-68d8-506e-a00e-17e223eb67c7,4231719,306,PAYMENT,8618.94,C1780628326,60405.0,M1747695876,0.0
6,3a26f065-7e73-59a4-9eef-d3025b75f0b1,3550263,260,TRANSFER,42973.69,C532934557,98964.66,C1185137049,200780.56
6,a27d184d-5d28-5052-8dad-eb24df6a1c6b,4761350,334,CASH_IN,89842.18,C2088454308,60261.0,C1307875925,0.0
6,1d940974-5708-559c-8fba-f9215072442f,3408110,255,CASH_OUT,369918.66,C278209431,424482.0,C1641337969,585540.38
6,532cb3d3-5f9c-59aa-ba03-f6e2230b8058,4604924,329,DEBIT,17013.57,C869182694,23775.0,C197997789,3691137.82
6,c81a0acd-7db3-588b-9a44-72dfd46c70e2,5563816,393,PAYMENT,48946.76,C2034322712,479526.04,M80052277,0.0
6,429eb853-c7c6-5415-bfd1-c914b810c526,3812782,281,TRANSFER,26674.04,C1739803593,607547.0,C621257712,526908.14
6,4e1f5d0d-dfac-5477-800d-f585f8e4cd51,3053751,234,CASH_IN,15635.81,C257761426,29945.0,C136530383,427056.89
6,e8bd2556-4d56-5a15-9831-db93ac828a60,849140,41,CASH_OUT,422620.81,C200870400,518513.0,C1106020404,0.0
6,6b80f56f-40da-5f35-bdcf-37280fefba87,5983769,408,DEBIT,1154.23,C1739310542,200729.0,C804646229,210724.74
6,da7f3684-d1f1-51d6-b415-d5e9d704cf04,4133263,302,PAYMENT,48907.65,C2054457977,250692.87,M1667022308,0.0
6,2251aa0b-7df1-5823-8e8f-3950438b23d6,213067,13,TRANSFER,46491.49,C485149566,397335.02,C545845310,408575.11
6,f8c57f52-aa44-5d5f-81e1-d231232a92ed,358498,17,CASH_IN,255323.65,C1074980206,7079294.88,C747826380,663557.27
6,9c6b692f-47aa-5698-904a-cde86fc6919e,252427,14,CASH_OUT,151296.88,C809818338,1041586.01,C768673652,1583253.29
6,68a1258c-983d-5e7f-b865-ad70be4d3746,4840863,347,DEBIT,3963.45,C1538408386,51983.0,C994567079,928592.37
6,2218b09a-1ca3-5e7d-b0d9-8c2ea5ffcc42,1902814,165,PAYMENT,24130.26,C1665102811,34292.59,M172953596,0.0
6,1f0e89d2-468e-5779-8367-5b3085635d2c,170154,12,TRANSFER,283569.59,C120920339,763653.13,C1665979484,4660082.83
6,a425e4b3-b992-5be5-8e50-a375a50881a7,6355256,709,CASH_IN,309843.19,C843340007,10098.0,C1680177307,8625.57
6,3ee89359-b9b5-5aa0-811c-bde4275cce10,6332623,690,CASH_OUT,65.4,C674104011,10695.0,C145931792,0.0
6,a0e9eec9-5339-5869-8bd0-4a3b69db0200,2609765,208,DEBIT,5320.41,C735276669,579027.6,C779012243,153749.06
6,bfdb815b-1570-5c79-9479-b0bfff1f6780,562410,22,PAYMENT,2703.33,C122733008,50100.0,M1947994684,0.0
6,570e915c-091d-50d7-b86c-d80031c489d4,2875559,227,TRANSFER,53511.55,C757411397,125656.0,C151407027,450068.66
6,793ce8e7-d57e-5caf-86f5-967b65cfc5b4,5834076,402,CASH_IN,362721.74,C313004271,3208683.51,C1154812234,1509590.72
6,fa01e9b5-9514-5f56-a8c1-8a1e87b7df07,4533021,326,CASH_OUT,20467.3,C371105121,146623.0,C166640893,1106604.24
6,7361e073-9c82-5f2d-8548-1501f2f612e4,6113227,526,DEBIT,1238.78,C1822347863,226050.0,C986867205,314101.66
6,18f186df-5850-574e-bc12-5ac0d788a23e,3752696,279,PAYMENT,2963.58,C2000420034,17200.0,M1693122704,0.0
6,4536a69a-918c-5d76-9dba-623107918f91,2244607,186,TRANSFER,142579.31,C1081423211,270553.0,C1982808552,364475.88
6,c39b0979-23ef-58f5-ad02-2a26b0f38566,1482954,141,CASH_IN,210579.15,C1523147973,19434346.79,C1248300587,3269365.85
6,936d0d2b-408f-5586-8f6d-16aa87452b75,3676632,276,CASH_OUT,88752.02,C1440009538,192678.0,C1928861115,2419753.22
6,a601a052-a58b-534f-8102-ac88eae0de8a,1964094,178,DEBIT,6126.08,C451445596,14081.0,C426948504,38724.6
6,d2a32f65-adb8-5b69-869d-5ad6264a9a59,2431383,202,PAYMENT,7693.73,C1010695628,18952.0,M1353483511,0.0
6,7469ad2a-c63f-530a-88ec-23e11bcf4556,2644609,209,TRANSFER,4234.58,C906008127,20586.0,C600371107,304704.97
6,aa45cc6f-e1d2-587b-99ae-11e9214099db,2121822,183,CASH_IN,404391.36,C1368498344,1523743.19,C174311762,526882.33
6,4803e211-29c2-5222-b550-2af225cff654,2187294,185,CASH_OUT,531.07,C1074123180,250472.0,C1463074258,0.0
6,3af062ad-5815-5a8c-9f8b-3f09e9865e2e,5644407,396,DEBIT,4717.15,C206030411,219219.0,C170415334,6749044.18
6,7343a7ce-f112-5db8-adbf-1e931f58d9b4,919513,43,PAYMENT,5387.17,C1020023426,560833.47,M2147353614,0.0
6,fb8a9bd4-6bec-5fcf-b727-7d0705ba1720,1823466,163,TRANSFER,122810.24,C1946016606,257801.54,C11613199,5229468.55
6,e1aaa09c-6ba3-5887-9b11-041534ca575a,2420931,202,CASH_IN,3019.83,C853148766,52176.0,C1643803326,626637.26
6,a2e41c81-bc64-5321-b13c-eea35966680b,743363,38,CASH_OUT,171494.05,C113549872,198902.0,C496023193,0.0
6,537539b2-1eca-55bc-ae30-d94747c11b06,2992469,232,DEBIT,13985.97,C2102734532,32144.0,C2140369365,940444.52
6,47cee5b5-0f9a-5559-853d-91b51f88e7c1,1802489,162,PAYMENT,15800.11,C810879954,16739.98,M2050753771,0.0
6,48b6e754-652e-540d-b04e-77eafe782cf8,1653140,158,TRANSFER,9227.95,C79763908,20137.0,C937974561,166274.39
6,d8ac4bc4-83d7-5e9f-a090-72f1569823fa,3711825,277,CASH_IN,211195.11,C1179425781,902396.58,C974250535,1229443.93
6,4f9b0a41-1336-5d08-a8e6-7905d85457a1,2098425,182,CASH_OUT,115592.67,C1444087712,142838.31,C2066544840,1576199.16
6,134d33e6-a3a2-5550-b005-c20a8cc38221,1004340,46,DEBIT,3239.22,C347597359,25449.0,C114718353,338620.55
6,f01379f7-1275-51d7-99b1-bce06ed69a97,2417996,202,PAYMENT,2383.4,C1287591581,244458.16,M573225454,0.0
6,4052d61f-3f94-5d1d-935f-d8ec1112f3ad,349101,17,TRANSFER,743108.63,C976429751,1179722.2,C1632014213,123220.78
6,2460f192-8a40-5a1b-b3d7-f3da9a6294ea,637913,35,CASH_IN,308850.82,C96760663,103630.23,C379095181,515368.45
6,ad5abe7b-2ddd-590e-8680-03f70cf81445,1973046,178,CASH_OUT,15102.78,C367113409,21621.0,C809909474,2074115.02
6,80893ac3-16b4-5f60-89f3-c4288f3bed11,5060030,354,DEBIT,4996.35,C1986070139,19855.0,C1462427061,680302.43
6,54df7f5f-495d-5d7c-9e6b-3be8a0dfe2bf,5375968,376,PAYMENT,7233.15,C746832851,99972.0,M2118457409,0.0
6,f2eaa43c-f4b1-5f31-b8a5-0502bf86d57d,2090398,182,TRANSFER,91334.76,C1190026258,100667.0,C2000981189,286638.03
6,95fc3f3b-8a75-5026-9c4a-a0dbabdb89db,240171,14,CASH_IN,79104.58,C10545616,30423.0,C469364636,1879942.52
6,5ecc8159-9db9-5f02-ab6d-9d0586f40caf,4559762,327,CASH_OUT,51152.87,C1190198636,300374.38,C517690982,787797.6
6,849b5edf-3a75-54bb-ac29-5f705290377d,3157769,237,DEBIT,483.96,C1920914782,5025.0,C269975484,376074.97
6,faaa76fa-0e93-559c-ac76-cdeeb214805e,1763141,161,PAYMENT,23938.56,C1606534371,136370.0,M398554247,0.0
6,5d31e1d6-dd8c-5884-b327-db2187b33764,6349144,695,TRANSFER,74417.88,C1545118992,179110.94,C1245046077,953729.45
6,fadaada8-a5df-53e6-8400-cafff5f28d82,4269540,307,CASH_IN,98548.72,C1461722177,20986.0,C1655423506,770784.31
6,cae39dbd-1934-5239-b37c-edef8dcf93a4,3863519,283,CASH_OUT,16976.01,C1311290181,47878.0,C372035143,1069188.77
6,3d656471-8cc9-5f93-9d79-428b797d3231,2682948,210,DEBIT,3628.45,C266545574,11232.0,C574628584,943119.4
6,9de5e2db-f95b-5a56-b7c7-d330a5bee6db,2664794,210,PAYMENT,12066.38,C1694891972,77672.0,M666144478,0.0
6,683bb639-b383-5d87-9873-1dee61306dec,2869244,227,TRANSFER,165757.37,C671075236,228555.0,C1866333775,70151.36
6,b79464f7-0fef-58ff-8364-cb452e4e706a,1367318,138,CASH_IN,136367.9,C1518023224,3864529.39,C854696794,2021892.28
6,0b1b6c93-e198-5fe7-8c52-ce99b8aa8761,1672469,158,CASH_OUT,19508.04,C686433633,619376.0,C1955456387,0.0
6,63047105-0340-5762-845b-da1a3ade3c5e,1029982,49,DEBIT,1742.94,C344915486,15561.0,C238212345,77055.68
6,831b7063-e910-5751-be91-2619d14b88e8,272533,15,PAYMENT,3922.86,C1103114158,624837.27,M1671155625,0.0
6,f68510dc-deb4-5da5-91d8-8c3eefc8284a,662619,36,TRANSFER,70766.23,C1036027355,628919.76,C966359502,135544.42
6,4b238cf0-8b0d-5c34-a7f5-69ed6e692610,4543150,326,CASH_IN,209436.95,C17872584,4417868.24,C737549206,520954.64
6,44f656d8-f789-50ff-8192-036516dc5a30,5589378,394,CASH_OUT,22818.7,C2017328829,65365.0,C2079122254,544750.25
6,3f75da4c-2fac-5a28-bd1f-7b4733dd02bc,4212209,305,DEBIT,4920.23,C1500305576,31215.0,C2431571,224892.78
6,af42b1a7-fe0a-52c3-83ff-ff5adc797381,3032641,234,PAYMENT,11580.56,C1579371445,14056.86,M1216230240,0.0
6,0dbf7d7d-d5df-52eb-aded-78f268f117a9,5894092,403,TRANSFER,60847.02,C1742042787,359686.02,C2030422154,3681247.35
6,47cf7f6e-9324-5d89-b9c2-572cd784ab70,6231014,592,CASH_IN,86585.78,C954739171,8551114.12,C1698371518,16077171.81
6,3202960b-2340-5c6b-beb1-f97e53d3a33c,3107404,235,CASH_OUT,23908.47,C262480483,44455.0,C1170138973,0.0
6,2ea70c4f-d6e3-5ace-8f02-cc824333032c,2389339,201,DEBIT,331.93,C1556200478,6068.0,C346830293,108317.28
6,fea96b1e-174c-5de2-a585-203050d3696e,299642,15,PAYMENT,6159.17,C1945174655,679316.0,M42728715,0.0
6,d8b980c2-6bd9-5aa8-91a9-5f8ceb6ed790,2583591,207,TRANSFER,46789.49,C1347793140,126251.0,C741643014,1374843.12
6,e39a7439-f8ae-5ecd-a3c7-3936a6c3317d,4013719,299,CASH_IN,147051.75,C917312655,10909621.71,C175599988,4431498.04
6,f77ebe58-5bbe-5332-a66a-ec2e3f8a5c24,5782124,400,CASH_OUT,7164.98,C990135344,108389.0,C1570244562,1553442.61
6,54c0ed51-46da-5da8-9f73-58b52d6e42c3,1184963,132,DEBIT,1410.65,C601348672,37082.22,C320120258,365714.78
6,7fca8acd-b172-5432-8cc7-44c591b27c3e,3853886,283,PAYMENT,11452.08,C916910223,50257.25,M127835327,0.0
6,89d99087-9dec-5b07-b1d8-89468d66d679,3779489,280,TRANSFER,98387.92,C2121266211,121205.0,C1300467328,600780.15
7,39fe0d9d-682c-57de-bbd3-72a0ec3a6353,491278,19,CASH_IN,266089.0,C816066072,69521.0,C1033581998,2307912.93
7,ca4a33b6-2fb7-5bf4-ac8c-116bc042829b,4289120,307,CASH_OUT,209420.29,C973934093,455574.0,C1899959399,174647.56
7,deb4b48a-524f-53ea-9df2-196460de9c3a,2049454,181,DEBIT,867.27,C2044126784,50762.0,C428572616,1775581.13
7,ce10a15d-7230-5663-b432-73a4eab0c805,1787164,162,PAYMENT,5670.12,C379390288,261376.7,M141989241,0.0
7,03772058-7cd6-5f74-aea1-f5639c71f661,5662261,396,TRANSFER,174093.23,C1240896101,303376.0,C1240816601,190715.51
7,2848dc04-e834-524b-8a6c-571f17bd47b3,6011384,448,CASH_IN,101699.38,C1173856192,3319463.06,C359269902,148409.03
7,4a4dcb91-10af-5c4a-9af7-6655ec54a4c0,6151576,546,CASH_OUT,11694.4,C416065128,20654.0,C522000437,192782.72
7,99898907-2bf0-5f7b-82e7-387a666b403b,2993365,232,DEBIT,627.86,C1531434518,99383.5,C1788833175,117464.41
7,0312ed91-0dbc-53d9-9595-9a0bb2c6ad4c,2357363,190,PAYMENT,2573.15,C1943147992,22242.0,M1192352021,0.0
7,002b9f71-04f1-5937-9c16-3470136dd6dc,6362568,739,TRANSFER,194521.28,C1696012302,194521.28,C411128068,0.0
7,41da1495-acb3-5a1f-ab61-51b1f1ce286d,1633540,157,CASH_IN,50031.2,C1840718393,5396747.85,C870955626,536637.91
7,578a0cb7-eb86-557c-a856-370b35f15697,693268,36,CASH_OUT,52640.96,C117556796,316385.78,C2067051782,333418.12
7,e09c2178-5d0d-5913-8ea2-ba35ba399a14,362260,17,DEBIT,4731.92,C132188489,487532.97,C1902555764,680313.62
7,b0f5b3c1-fc51-5326-b57a-ae70edbb8f5b,545954,21,PAYMENT,11164.09,C1003057620,30575.0,M1943345406,0.0
7,a12c1404-d4de-5a2b-8f14-e1c3a9b8fbdd,1030159,49,TRANSFER,6191.77,C1667660565,318121.0,C712042930,2421245.65
7,b2bc1141-6862-5f98-bbf0-215dfcffa8f1,930016,43,CASH_IN,212718.88,C762236270,5053.0,C511647907,0.0
7,47d1d229-1706-5b29-a434-27dd76dea888,5139636,356,CASH_OUT,48635.69,C167233111,108150.0,C2027942641,0.0
7,50c10c8f-9457-5769-a637-fa5755c80432,5641594,396,DEBIT,1484.13,C896490136,41308.0,C61164309,87152.98
7,76a437f9-4ee2-5a3f-8de3-d4ec021f174c,1824964,163,PAYMENT,4911.01,C521839832,14454.0,M1656543302,0.0
7,ac20d6fa-455a-59c6-a2f8-a98c9c6b098c,1054159,96,TRANSFER,283385.86,C1788526641,763390.0,C1413558214,1166719.8
7,81c33694-313a-571e-afdd-a42b7e3922b2,1132541,131,CASH_IN,36739.79,C2007176581,2624871.49,C1894726115,154162.77
7,560a78dd-0bf6-5783-a15c-e3d10bcf3ba7,4144166,303,CASH_OUT,68355.87,C1162148230,83405.0,C724640506,308296.55
7,f7243ea5-deec-5f52-9b35-c29ade0db0db,643033,35,DEBIT,3412.71,C1256373856,431689.6,C576902581,2478059.18
7,19d1d7ea-8f37-54b2-8ff2-8ff6fef08ed8,147893,12,PAYMENT,19563.25,C1744652632,49963.0,M577562498,0.0
7,322d8ba1-bcc4-5621-9019-97052c2ff222,5999672,426,TRANSFER,229293.68,C1045262341,305210.0,C1518239761,197165.13
7,fd8fe201-6cd3-5a6a-9193-18897b9e46a9,2703312,211,CASH_IN,147143.43,C49569792,0.0,C1788314109,3624299.15
7,29282cd1-fa1d-509b-9bca-ac0eca48c93b,4462305,323,CASH_OUT,15916.19,C591453165,18574.27,C1451463185,147413.32
7,521d4d2a-f633-59a7-884a-f3bbc4929ee4,2705660,211,DEBIT,1825.87,C1544150050,4086.0,C1664612977,125530.61
7,957130a1-78ed-51c5-b882-17640165e8fa,287546,15,PAYMENT,5179.18,C2134458873,178068.0,M1440905561,0.0
7,d4c49e5e-3d3f-5c02-b89b-ec6dd136531f,5126009,356,TRANSFER,51026.45,C1320321031,484633.96,C1252135129,1218945.06
7,973a8aa5-1bb3-5884-b1ef-0a1da51c5eee,4291510,307,CASH_IN,261791.81,C892459256,8015715.14,C2112673457,1220018.58
7,705b0bd9-1f66-501b-81a5-e14f5aa389d0,1657072,158,CASH_OUT,38279.82,C1349702094,59801.0,C1825132465,1888864.39
7,ace314b2-306e-5b2d-9675-1b730376ae7d,1591195,156,DEBIT,3313.72,C1573404802,99362.0,C303882960,2149446.35
7,a5466260-34e2-58de-82fa-a963b6ebf429,167747,12,PAYMENT,3618.65,C949552597,598808.54,M949446505,0.0
7,7e870eb2-dde9-5ba9-9533-178a4a3aff50,968349,44,TRANSFER,41684.29,C23303973,128823.57,C1144968432,104856.57
7,c666776d-a6a6-59fb-87b5-a32d8449a6cb,6043675,490,CASH_IN,20349.08,C1855063227,595343.42,C1992409646,396939.1
7,46a1d0ac-b37c-5c1a-bdf4-cbdfa55a5393,3240099,250,CASH_OUT,157342.01,C286192984,158871.88,C1164781136,905353.79
7,f0be7b89-cb64-5e2b-9161-e11be9779336,3639432,275,DEBIT,1596.66,C467361367,172512.91,C291513949,5248514.89
7,f3537ea6-8622-51a5-8a06-c0a6ad7ced4f,5220865,370,PAYMENT,4819.82,C1289836728,160320.61,M1279048795,0.0
7,006ca6d7-2113-5e40-8812-de583cc5c117,3193205,245,TRANSFER,688034.32,C939293281,688034.32,C1381364691,0.0
7,cdce8291-8282-516f-a7ad-4a52d8918d1d,3849601,282,CASH_IN,511707.4,C575392073,3262254.03,C917855301,709373.1
7,048c2934-3022-5d0d-a6ea-c03796b449ed,2543820,206,CASH_OUT,173165.71,C1867284498,241797.0,C285241025,2711350.54
7,bba0420d-76a5-59fb-b735-61731503a972,2205585,186,DEBIT,784.62,C1521761683,62386.0,C1443798505,50235.0
7,d98d0f24-c120-53f5-8c88-4c6f96c6a59a,5653422,396,PAYMENT,32153.16,C228671417,137346.77,M640287478,0.0
7,22e13f2f-c50f-5ca8-b7b5-792aa0436d21,4689097,331,TRANSFER,81102.65,C885279364,263973.0,C241703089,58978.1
7,d6a8cfb2-cbcf-5152-b05e-40d1a364b2f1,2053765,181,CASH_IN,87995.31,C1457312878,825435.58,C384264129,4394744.92
7,193d27d2-7329-5b7a-82be-a2c4e5a06c47,2413669,202,CASH_OUT,107337.97,C706324225,322587.0,C454442236,815100.07
7,8f88d670-1ccc-51ea-8811-46425039d711,922252,43,DEBIT,5041.67,C769105250,22975.0,C193932630,1133599.86
7,2f2d1543-4a6d-56ff-a637-f74f4688b0a3,6274364,637,PAYMENT,1770.36,C1860651429,5033.0,M1701414520,0.0
7,d945c703-b2b5-5b91-85da-a8a5fe1c1af8,2663083,210,TRANSFER,508638.12,C1803128983,756254.0,C190589575,1437880.0
7,7100cb75-ad10-5b3a-99f7-53ee368eb8b4,2425264,202,CASH_IN,217600.62,C2063649959,31335.0,C1029472529,0.0
7,cf2b44e7-6e44-5fc4-a07c-a0d56394fdc7,3802088,281,CASH_OUT,88342.21,C1711472131,114562.32,C1668289632,734337.36
7,369cb39b-4ef4-554b-b64e-18c3f9b6e25d,6348557,695,DEBIT,4918.25,C585856078,30842.0,C1477183122,1853408.69
7,24e99fc4-e985-5c76-a39c-3790a00e9184,1231812,133,PAYMENT,1414.71,C1848300198,320200.12,M34135364,0.0
7,1fe00ce2-1020-536c-963e-6965d7042142,5899798,403,TRANSFER,222572.02,C401171464,237915.0,C225970438,331811.19
7,9a53bea1-f08c-5cc1-b479-ce63dff5b81a,3424168,256,CASH_IN,180465.39,C1536535377,160694.43,C670394030,747067.25
7,a0b8c4d4-1c80-5815-a35e-2ee19c04c355,5879779,403,CASH_OUT,21165.38,C1965830766,100505.0,C751980320,344700.95
7,052c87ae-edb7-509d-ad69-c6647c7988eb,4322427,308,DEBIT,970.96,C1140981859,1855.0,C14562988,217958.82
7,21c370da-2daf-5c4e-ae3f-e7525a9aa05f,1044386,94,PAYMENT,9319.72,C202103252,21492.0,M1267289936,0.0
7,d8e9cbde-8352-58f2-8f23-f76c6aea652c,2601890,208,TRANSFER,43498.36,C900098037,46691.0,C218571629,2314589.52
7,b83a3fd8-f604-5f95-84b6-2eb1d07e25ca,4739115,332,CASH_IN,221942.12,C1213133531,105497.0,C476216414,748744.48
7,f684ff1e-23cb-5383-a026-639d3cdf7002,4138144,303,CASH_OUT,171385.01,C384512548,199076.0,C723091366,1388073.84
7,056650cb-a96b-5432-815e-2fcc7faddedd,3501725,259,DEBIT,3174.0,C1721144980,17374.0,C939157339,1938247.6
7,8e2c4436-9ef0-5d5d-8835-ad8bb6ac5f29,5160519,357,PAYMENT,13944.1,C269734411,370076.0,M1439969649,0.0
7,5b3f2cd2-94c2-5aef-bef2-55f45dcd80b9,5943723,405,TRANSFER,117288.32,C1713855059,397352.0,C1662725350,243100.61
7,54d025f6-1c5c-5346-9eb1-7e7aa9bcda0c,1242277,134,CASH_IN,26108.48,C1095822292,1506692.99,C1018790971,91401.57
7,265e4888-dd8e-55a1-87f4-ce90d23a768c,5968619,406,CASH_OUT,421526.82,C243371223,517112.0,C949768858,735103.35
7,9cc95fe4-6736-5efd-b4b3-328c059ae7dd,2006135,179,DEBIT,2596.19,C150413429,14423.0,C1375595586,313502.94
7,99312557-e50c-5d9e-b8c3-35d7c5df2655,4746538,333,PAYMENT,12973.12,C1822738570,32752.0,M2017686419,0.0
7,eee54f0b-1634-5f4a-ab23-bc5c6230b9ce,4786528,345,TRANSFER,927729.13,C1055707930,927729.13,C587273362,0.0
7,464f9282-542b-511e-8c76-bf3cabfe4fcd,2483549,204,CASH_IN,131444.99,C544358683,7535435.84,C2052765713,275921.25
7,6385615f-741a-568d-a792-0342106dcf0c,4237810,306,CASH_OUT,79031.86,C1801205293,795942.0,C2141824742,0.0
7,d44bb94d-3e87-5032-b319-668524e60388,898625,42,DEBIT,496.74,C203673683,20704.0,C1821892115,60181.66
7,1382dd1c-b770-563c-aae3-0e74118a32de,3090137,235,PAYMENT,2447.79,C1751831041,29018.0,M1556084738,0.0
7,adbd0375-a8fd-560e-b4eb-4ea4343b0227,6061827,501,TRANSFER,8020192.15,C1191681942,8020192.15,C916997353,0.0
7,20d7a9f4-86f2-5406-862a-188b40786fcc,546198,21,CASH_IN,149101.75,C1038188127,5639814.82,C764086526,173775.09
7,152024ed-21c4-5c7b-a73b-13722e402004,549200,21,CASH_OUT,131491.74,C1470585149,958375.26,C1685426186,394806.57
7,dd7e216d-e532-527c-9e0a-2fe42f875c98,4443539,323,DEBIT,5496.73,C179593691,30540.0,C817395501,342924.73
7,fc534286-3b55-5828-a992-01689b8f9216,3456813,257,PAYMENT,3099.91,C1621601791,12552.0,M1431325189,0.0
7,11856bc6-cfc7-5941-b98d-541105d1ce12,2612746,208,TRANSFER,130155.03,C1460473750,191613.27,C2010302,4300203.36
7,92a5a593-df9b-5057-a246-c80b23e8e349,1884754,164,CASH_IN,80298.07,C224247263,284.0,C1974556140,8856.82
7,d1590c6d-d040-5ea0-95c1-f108b14529d5,3325490,253,CASH_OUT,8429.39,C1792931502,100069.0,C1725267187,0.0
7,264edf62-d2aa-5a90-958a-ee73b9ee7e28,4565834,327,DEBIT,14782.81,C536041679,45894.0,C833477591,1053608.89
7,4a02d157-c724-58b7-9a46-40e7dba46771,2305847,188,PAYMENT,1079.21,C2003061396,30410.0,M1750936595,0.0
7,4917b270-f264-5b3c-bc94-805958881348,6020314,462,TRANSFER,151994.59,C1101966116,151994.59,C1518422608,0.0
7,36bd460a-f525-5113-82db-051a9777db22,4795148,345,CASH_IN,16929.5,C476387116,962829.01,C1810047135,360632.58
7,e452b4ef-662a-51b9-bda0-f6cf6734983a,2526989,205,CASH_OUT,206589.44,C495944642,327485.0,C1118545977,0.0
7,cb31f421-f95a-5945-96f5-c96c726a1a97,1949600,178,DEBIT,8462.72,C958886607,20820.0,C227029959,897110.2
7,c0e82d43-9bd3-57f1-9897-20144fb7d970,1333186,137,PAYMENT,512.11,C758191544,162260.31,M128675667,0.0
7,0ab40aab-3aaf-5c69-844a-986afe70651d,198774,13,TRANSFER,13398.07,C1739163237,119040.2,C911407842,485670.99
7,378b4515-f4c3-5f34-b14e-3fa204c98ac8,439028,18,CASH_IN,698194.87,C1393434662,5721249.74,C1000469870,3778567.51
7,e8223e3a-8a85-54bf-a4a2-aaf29275212e,3547312,260,CASH_OUT,50527.84,C890748782,155485.0,C1733380302,76045.42
7,f59bcd19-ce34-560b-a78d-8d30d8f0f6b0,5311233,373,DEBIT,4358.69,C1752691620,312302.0,C1295929512,70392.55
7,657640f5-99d0-5f4d-afc4-025951956292,1314349,136,PAYMENT,10146.69,C2094940723,105340.0,M442408539,0.0
7,a3d5d1e6-d3c1-5bd3-8769-fdeda06e4717,2325979,188,TRANSFER,91415.55,C2143345730,103809.0,C869832617,1324035.24
7,64c8f28c-fa7c-5428-8efe-24dc9698967a,4805766,346,CASH_IN,90734.32,C1339406835,1555082.37,C2002207567,578910.24
7,2e1b4eba-37ce-5d1a-9a3c-40677efa55ce,2473967,204,CASH_OUT,11724.14,C18164518,42812.0,C1020738957,128724.57
7,5bbbe317-cdc2-5cd6-83c1-e78ef21185ca,5187594,362,DEBIT,2788.96,C456464594,19853.0,C1615333876,407441.91
7,caee07b4-c444-5e42-bf2a-4365bbe9e36b,3864821,283,PAYMENT,2124.22,C288724928,306580.0,M572977238,0.0
7,51f25864-70bb-5a54-8692-45f1235084d4,636735,35,TRANSFER,356490.7,C1672152535,1001169.19,C886670214,1689293.47
8,b2e8b000-e7b9-5e46-b821-a1e00588d172,5704740,398,CASH_IN,149127.91,C105871802,13539.0,C289817866,0.0
8,819df10f-978a-5635-8121-5e8d3bbc0eef,1557171,154,CASH_OUT,16462.15,C2008481040,20824.0,C1138907189,0.0
8,1f47ac5d-e35b-593b-aecd-703ce08c8f11,4671532,331,DEBIT,2281.7,C1372643594,11892.0,C196437198,1979600.97
8,88306d08-04f2-54f4-89d3-c64b6b2958e5,5429467,378,PAYMENT,1619.53,C935585088,335483.69,M517231380,0.0
8,7ced6272-7cf5-5c0c-913a-684cad85367e,5472127,379,TRANSFER,59245.28,C1544193215,704184.0,C1246272,35433.93
8,f2469e5e-b855-5f4f-bc5d-49bebb618767,1647469,158,CASH_IN,100943.79,C1191339720,3733426.31,C821597497,717871.02
8,b7e586fd-8a89-5464-b0a7-b1e3b6a12f47,2499929,204,CASH_OUT,291098.02,C14645286,332785.0,C2023672105,0.0
8,5b836fd8-e7e6-5c35-8826-28cb27241912,2556520,206,DEBIT,4355.93,C1913883156,50052.0,C2027323302,71910.42
8,7aefde7b-09fd-5fe0-8e11-cc80dc966248,4535342,326,PAYMENT,15354.77,C1156953946,51625.0,M742471532,0.0
8,0531499a-3c32-5e9e-a341-4315f9e6ccf4,736258,38,TRANSFER,52883.82,C933086125,102642.0,C413046895,4141971.55
8,f9e43946-1516-5216-b216-e2c36f6ccc92,5493708,380,CASH_IN,359022.21,C1508985346,51.0,C531316536,0.0
8,aec0ed2f-99e9-595e-952d-c532d30e990a,139527,11,CASH_OUT,277987.54,C87066456,3069097.81,C1228525626,74353.78
8,34f66708-03e7-54ce-96bd-68fb55af9d91,2059543,181,DEBIT,1563.45,C1817646879,44811.0,C1317324562,674145.43
8,92b6cc78-32ce-567d-a1af-b731430c349c,5730654,399,PAYMENT,5650.27,C582934695,9386.0,M1052748185,0.0
8,c342d7e4-ace2-5eea-a8a4-30b4ce3cc1e0,5194801,369,TRANSFER,32952.45,C1279673403,149311.0,C1282914491,862216.83
8,0331c0ca-4ed3-5b7e-9af1-ea42c5f3eea7,3578930,261,CASH_IN,41326.83,C2014433616,4682433.83,C796643654,595446.11
8,5baa184a-7598-5583-9a53-53c4490596ee,2971916,231,CASH_OUT,34624.31,C262074248,458468.0,C310738313,0.0
8,19f1d0d1-9e4e-5555-9e8e-4adf8816013d,1770718,162,DEBIT,1815.98,C1775179593,20717.0,C435704733,328325.26
8,3ed8e8db-be14-5580-89f7-47a39a199b50,5258811,372,PAYMENT,5384.12,C1542365353,17340.81,M387554995,0.0
8,d4a154dc-e5b4-50eb-917f-3cba3c8c029b,3791531,280,TRANSFER,149523.6,C1976039393,327835.11,C236492026,1254058.18
8,5e5af274-2b10-5877-930c-747dbafbff36,5689603,397,CASH_IN,113526.9,C498457174,64668.0,C758573224,1675000.79
8,ebb37b20-0a13-57a8-8655-3d2e47c92a76,4289049,307,CASH_OUT,45594.15,C263014374,621942.89,C1643019761,2055762.47
8,79c82d0a-670a-529f-bfb1-a99c6b1ca4f1,3890269,284,DEBIT,4331.94,C653153587,50465.0,C1140387416,1020550.74
8,9575bee5-73b3-555f-be33-278d972e6803,1003076,46,PAYMENT,13022.74,C56884217,25480.0,M1816296798,0.0
8,868d64bb-2baa-51d3-be5c-e5adb802c138,3958612,289,TRANSFER,25572.71,C1156253934,99683.0,C1923703983,791074.48
8,3ebb052d-8ccf-5e8c-aaa2-20876c39c1cf,2003357,179,CASH_IN,329872.08,C444776802,13029.47,C1687372398,330372.02
8,03c2d846-b2d7-57e1-8ffc-2c800782ab44,753450,38,CASH_OUT,4057.77,C1325505599,253560.0,C1873375406,0.0
8,aff4c9d7-c8c2-5ae0-94d5-38756afd7e0a,5989614,416,DEBIT,4631.05,C1371675935,103783.0,C1696505996,19999.27
8,f1348a6c-fe00-517a-9b99-df4faba88270,593087,33,PAYMENT,32902.56,C17367444,203028.0,M2064066595,0.0
8,ccd7cefa-fa25-5ec0-bf68-ecc6d5fe25b5,108049,10,TRANSFER,127545.01,C1707083245,160114.6,C55542957,762313.29
8,027edc78-b22f-5a49-8bea-93a58d26fd20,423942,18,CASH_IN,307940.66,C805930215,99324.0,C1372242729,71066.14
8,55b7806d-cf0f-583f-a2a6-d3aaf3b7acdc,1229632,133,CASH_OUT,77395.07,C453482432,508447.0,C1772895422,6255717.23
8,e9d650d4-0af4-524c-bf9c-4def79283d34,1767067,162,DEBIT,2895.05,C1440483049,232238.0,C2116402649,174999.64
8,b2729870-e175-5fa3-99e6-b0231930830b,562461,22,PAYMENT,14685.98,C1581808415,21097.0,M2076899756,0.0
8,1c455fd7-6cc3-5e27-941c-8ceaa589c546,3697536,277,TRANSFER,191427.4,C395023156,191427.4,C1879166409,0.0
8,af29f04f-e7df-516c-afb9-2ffb4a95c393,4815367,346,CASH_IN,176286.1,C1252522669,28960.0,C112337479,240692.87
8,677e7211-e09f-56e2-895e-705f23364165,5684251,397,CASH_OUT,22695.31,C864313209,50126.0,C634308036,0.0
8,dadd00c9-1ec1-5dc7-81cb-272880c321d0,1768413,162,DEBIT,3690.82,C803473255,108153.0,C1197448940,340538.96
8,b4483670-2a6b-5666-a8ca-0dd5dbfd3b4d,3369328,254,PAYMENT,767.07,C423525516,10698.0,M1062337905,0.0
8,060ffd69-8ab6-5349-a202-db2e986ce3b8,6223887,590,TRANSFER,686122.25,C602416741,695873.0,C322180281,116394.92
8,6f27fce9-3d10-5e13-91f3-f1100f73e5c1,1232687,134,CASH_IN,119620.06,C741735288,7844993.51,C837637428,125299.73
8,c0465242-52ac-554e-9b56-eaad4ad49be8,654884,35,CASH_OUT,181804.97,C1875827993,361281.92,C1679418595,658660.79
8,b4ce37f8-440f-5250-87cb-8054c273581b,5222663,370,DEBIT,8615.79,C1921794286,69511.0,C1884789119,121477.68
8,bdcdccff-3478-5696-96bb-0343a0014570,2554524,206,PAYMENT,14869.18,C1806689297,189165.53,M1354215936,0.0
8,674301c5-8409-5134-974c-68ed11ad47d9,5949503,405,TRANSFER,4550.67,C1685771972,11439.0,C723908946,1417119.95
8,591f7192-0db6-5355-bab8-13723fdf9764,1374512,138,CASH_IN,226851.81,C2012533448,73080.0,C993828755,1951027.58
8,2b951803-a57d-5612-a681-262ebe76eb44,240265,14,CASH_OUT,26483.96,C1501449843,149538.34,C611403403,61530.0
8,2f066c91-12ff-522e-8288-1aed3b49b1cb,1921038,167,DEBIT,9081.58,C724567356,22915.0,C1826877819,2443561.04
8,b643acb2-8fbc-5569-96b2-38811522462c,4741850,332,PAYMENT,21088.57,C1008413823,77854.88,M2033996863,0.0
8,8a92100c-2cb9-53cd-8b22-1eac741f8880,2031207,180,TRANSFER,195425.82,C108534427,293072.0,C1349464002,644373.0
8,6e62127f-2bc6-5588-a288-ff8c9a7400a5,3055660,234,CASH_IN,10703.58,C1640284343,72.0,C1227483594,64282.85
8,40c420b7-24b5-5a35-9917-7b8e9caa078f,276528,15,CASH_OUT,84553.08,C1219617095,537013.0,C1527721222,0.0
8,01c21ab9-0508-5411-a641-0f98dacce6ba,77865,10,DEBIT,518.88,C394201513,100087.0,C1448348248,487718.81
8,5ac22bab-2751-55b4-b246-f654a24149e3,5870214,403,PAYMENT,39745.33,C1183178376,124051.44,M1865255826,0.0
8,b71a0111-3a1f-5d14-aae0-70ba2db09993,2575588,207,TRANSFER,238949.77,C1403164334,260149.94,C2057457516,1182767.34
8,930e2f50-cd9e-55e8-a544-4ff4da83b0c3,825937,41,CASH_IN,83004.06,C27510820,564.0,C1988825309,1578252.1
8,ba45010d-13f0-5186-ab4b-f4b6c594994d,179898,12,CASH_OUT,343.72,C524191751,1394.0,C1623330157,294723.04
8,fa79fd30-8d8a-5353-85c8-707f330b869f,1747269,161,DEBIT,4642.13,C992887037,19743.0,C1121292591,308223.22
8,a765c3e3-972a-5cf6-9f73-4d61cf853b31,5503344,380,PAYMENT,6521.51,C968324600,158994.0,M1281055893,0.0
8,011ecbf6-dc71-5b19-b123-7c2fb2411afa,5558,6,TRANSFER,33332.86,C2025652936,33332.86,C1662235713,0.0
8,874a9d07-73b8-56f3-a325-35dc2f6fd992,5481777,379,CASH_IN,14130.49,C127557129,35434.0,C1979985319,2673403.09
8,ace1785c-7976-5906-94cd-7566a757c4d5,4509213,325,CASH_OUT,343286.93,C1179872803,460243.91,C265142518,2462504.31
8,4f4a5a2d-0b51-5ed2-91da-723ac6bdfcaf,1780315,162,DEBIT,4463.5,C1961270778,16334.0,C408650965,250356.57
8,ba7ee21f-3cf6-5903-9de1-422be391f817,4659115,330,PAYMENT,16365.71,C163429541,347280.62,M384421701,0.0
8,87d05d23-1d2c-5b62-bbf6-a454a7e2b378,4504145,325,TRANSFER,94342.17,C2087187607,190019.0,C716486315,181010.32
8,8c69583c-6393-5b94-8b61-28c049e525e7,1587535,155,CASH_IN,149190.6,C1534195731,486926.96,C418449297,1673554.92
8,450f03da-a2a1-5458-b553-207ac44a4375,531806,20,CASH_OUT,67560.77,C567443570,136982.0,C784111939,73468.25
8,96c5172e-5e26-54da-80a5-73b831281be6,6094719,522,DEBIT,4246.98,C1587731594,75471.0,C1112156481,467176.3
8,f0795a79-8f6c-5aa7-b630-2c7de286e73a,1923698,167,PAYMENT,5477.81,C913790321,43750.47,M1410873408,0.0
8,7a21bf49-5033-5f13-8ed7-db901b048058,6019714,456,TRANSFER,13914.81,C449877864,13914.81,C727110696,0.0
8,78f1c353-b2b5-5692-81c9-215196b4c09a,2854965,227,CASH_IN,83923.52,C1067008785,5676242.58,C1395093881,9141551.16
8,2673d003-770b-5f1b-b738-748a9c1028c9,297909,15,CASH_OUT,145280.31,C393771803,443605.0,C592396389,0.0
8,4995cb17-1b47-523f-aa97-a0708884aaaf,4932512,350,DEBIT,6357.73,C112634861,208644.0,C728631649,165695.55
8,c90c8547-1ab4-54b2-b73e-faf82ba8cbb8,6156399,548,PAYMENT,13238.16,C133163679,20018.67,M140613398,0.0
8,25897c4f-10c0-567d-bec4-4239ab833b1a,1779465,162,TRANSFER,106228.85,C2234582,239396.0,C1692870173,0.0
8,1697fa3b-b1ac-5e46-977c-0fbca9c9c898,5714818,398,CASH_IN,93321.14,C676592922,608049.16,C231963812,409842.44
8,efa58933-8fe6-5c78-903f-81efd3422e1c,1223983,133,CASH_OUT,43379.71,C76975346,60769.0,C1732263241,50270.0
8,9e69c44d-e989-50b1-8769-3f5f308dd1a8,2740535,212,DEBIT,780.93,C243606145,102917.0,C1977311112,751824.3
8,4a499576-8c25-560c-8d4f-8c3d4ad38cd4,154190,12,PAYMENT,22886.0,C1464984102,45152.66,M1246182748,0.0
8,d2dc57fb-4ae1-5a02-9515-f881d4c888b7,3500769,259,TRANSFER,114564.12,C377865776,679052.27,C577494767,18130.18
8,2ac27ae0-f91b-5a9c-ac42-ae4a2d80de4f,3163063,237,CASH_IN,232044.29,C431321446,25905571.45,C706692169,3856588.16
8,b8ba72d8-1867-545d-a9b7-d50d5a2465b1,4064194,300,CASH_OUT,22229.21,C334012022,246892.0,C1864101868,743928.96
8,48fd5036-9096-5791-9306-d6470463627b,988863,45,DEBIT,9803.2,C448763091,35837.49,C793705415,239052.32
8,7dd50fbe-328e-5a97-bcd0-9e08abe13a16,587266,33,PAYMENT,6633.8,C98391114,104545.0,M594255239,0.0
8,4b3a1c16-ef2b-5432-8e61-6e344b009dc8,6166277,551,TRANSFER,44302.81,C1352770440,106322.0,C1740106512,0.0
8,2266b497-5505-5551-b181-d6b93d0a6dfe,1016067,47,CASH_IN,93648.72,C1707347170,6631552.96,C242098348,182598.83
8,c8f5f6bf-9d0d-539d-b72f-5309df25cc9b,477463,19,CASH_OUT,45626.25,C110137964,60488.0,C1832174712,12124.32
8,42a3b91c-40c4-568c-90da-8d64749f198c,4980351,352,DEBIT,1676.87,C519860177,80061.0,C1579890276,579974.83
8,f94bfd04-90e5-59b1-8195-757d21542d7c,1859413,164,PAYMENT,25673.83,C1073587784,203445.87,M1689475268,0.0
8,2479af3b-eb57-511b-9bc0-707e7f041493,800627,40,TRANSFER,229817.93,C498543992,461202.0,C1229115940,37095.99
8,3ff26729-2676-560d-8735-1e3285f5add1,819655,40,CASH_IN,3172.72,C896736439,5074598.52,C1715507099,1704453.28
8,943acf73-4ed5-5fa1-b0ae-574caf96b0f9,5169997,358,CASH_OUT,70219.35,C1948777120,81349.0,C1293491609,69417.0
8,73f4bb7b-ab56-5c72-8a5a-4c6da6a3e372,3177142,238,DEBIT,1513.2,C160607040,294314.0,C679418436,154955.78
8,f6fdfa41-6f8c-5b9b-a648-dbb6b46166c1,2259406,187,PAYMENT,3086.67,C151504958,136122.86,M393857586,0.0
8,cb6a32a9-5410-5277-b564-4a02628641dd,4587996,328,TRANSFER,217737.61,C1453241232,231718.32,C967075652,3314629.16
8,3aed643d-5062-5100-bf7e-5299ecd1fef5,3860423,283,CASH_IN,187537.32,C1873639767,2792656.41,C1669463905,6376076.15
8,f9688e28-22ab-5cfa-8b1f-0b356440ba0e,268790,15,CASH_OUT,193814.12,C188488878,357130.01,C389665928,2521783.38
8,0e2b52b3-6428-5b97-bb81-fd999255da72,4286119,307,DEBIT,7666.08,C248079009,11638.0,C83577246,190953.91
8,e28713da-d7b4-50fe-961a-ce31f2ff0ef2,3382710,255,PAYMENT,181.11,C1653991783,99115.0,M1680668475,0.0
8,abb95b18-738b-5cc5-a585-da8b56717cbd,3385956,255,TRANSFER,442546.15,C1306922077,450566.0,C1916427364,1725739.45
9,79cb008e-6631-5857-b372-c531d1843b11,3317722,252,CASH_IN,117049.08,C1549719539,1643776.97,C1793243030,529483.51
9,3bb364bf-9182-5063-b60d-50802b3e35ff,5797544,401,CASH_OUT,20861.04,C2108500911,22187.0,C619342559,0.0
9,0087127e-c89f-572e-972a-057dd92716c6,1488025,142,DEBIT,4286.35,C1242456763,6012.0,C895435419,877488.66
9,d8aad420-3ace-545d-ba5e-839163d2878f,992227,45,PAYMENT,712.84,C1374475278,10407.0,M1510576158,0.0
9,c18b4623-a580-55f6-b2c5-ec58899e9bcf,3498775,259,TRANSFER,1950373.54,C1584301839,1950373.54,C1727119878,0.0
9,e3f580e5-5204-53e0-9c2f-42a3a032292c,2820376,226,CASH_IN,111072.36,C522137039,4104826.6,C1278110903,1310799.4
9,12f74c2f-806b-518a-acb9-244b109d6efd,1643148,157,CASH_OUT,44840.15,C20506531,76765.0,C512734152,577788.46
9,dfa60478-6e57-5e1e-b803-86250756b81b,1848397,163,DEBIT,1155.95,C1891280074,48716.91,C1980686934,145263.93
9,328112ef-2473-5750-921e-45a755320dd9,1003815,46,PAYMENT,8945.94,C866646380,11363.0,M1820643458,0.0
9,b7a3f1a2-8fb2-5c79-ad53-4818cb2a9193,1383717,138,TRANSFER,92800.68,C1227557379,189573.0,C319268636,8779.8
9,69b503d4-bddf-5825-80d2-b5947af68399,560064,22,CASH_IN,254354.79,C594814187,163869.14,C1597051934,322577.63
9,992571fc-b242-505e-8014-6eeccd6e0196,1295207,136,CASH_OUT,6311.82,C93885130,66880.0,C1391910830,47800.39
9,ad9ab5cc-c83e-5d71-8c04-043a1e42515b,1997636,179,DEBIT,3865.29,C1237386056,129521.0,C499655635,1082708.87
9,e52b4284-fc46-5c86-9896-c15166f9946b,2039331,180,PAYMENT,48581.12,C1104290088,262179.03,M1649099667,0.0
9,eff97d77-ae00-5d98-9a3d-815272fc70a4,293860,15,TRANSFER,16334.03,C50543832,293031.62,C1874819995,210839.92
9,9c998e85-8254-57ec-a3c5-af61494efeaf,1342013,137,CASH_IN,147062.4,C451095550,1368656.41,C2116690910,337528.45
9,205bedf2-553d-5d61-85bc-40b67037f983,6261941,610,CASH_OUT,207509.31,C1660076226,420723.38,C215213526,1695394.1
9,acc8b2c9-0cae-544a-ba27-bd8b6d53f56c,4402204,321,DEBIT,2930.75,C271859107,204068.28,C143695220,68901.57
9,7acff86c-eb87-5396-9b3e-6df95305251f,6306734,684,PAYMENT,24498.27,C910931268,169230.0,M597586241,0.0
9,cbbc05e5-8fcb-54d7-8551-26175a54ca31,5443399,378,TRANSFER,186125.89,C949077663,829617.0,C1021865689,0.0
9,88fdb1b8-da96-54ed-ba92-6f0916f69f8f,3089665,235,CASH_IN,152816.28,C1460769640,8394.0,C521800645,1504636.33
9,e8385053-187e-517c-8b08-c4093dce2140,2184774,185,CASH_OUT,149589.72,C1668558964,333610.0,C1872318256,30550.83
9,37ee98da-5ed6-55a0-8228-034d423f3702,3468681,258,DEBIT,2031.84,C438460691,21372.0,C427687419,186060.49
9,482789ca-6ae9-5dfd-8ab2-57b07e87dd11,3764903,279,PAYMENT,5163.59,C529787246,340863.24,M2070234735,0.0
9,94df8a72-c548-580f-b8b0-72677d8da97c,1744635,161,TRANSFER,17871.73,C1479865143,499749.0,C596766244,2327553.27
9,9b23934a-4e1a-542c-805e-97ebece1bb7d,358799,17,CASH_IN,96540.9,C582937707,1227974.93,C952610115,452621.29
9,38afc6be-6778-54ae-9b18-4020b0941ce1,2125787,183,CASH_OUT,165800.67,C35798757,311944.0,C1648594981,49904.51
9,77441821-25ab-5f4e-b499-11bc6a0209da,56261,9,DEBIT,770.26,C940221148,31556.0,C1138100509,181365.95
9,fb22d799-19a4-5780-9058-139264407aa2,291947,15,PAYMENT,12244.16,C904178171,813126.21,M2036756392,0.0
9,bb6156d8-9a70-5cbf-b7ab-b3d4dfdf2cd6,3622853,274,TRANSFER,258695.78,C1940115561,834656.13,C1681635464,489602.45
9,19f29c8c-7363-5cd3-8d5b-15110c3009ee,3207565,249,CASH_IN,138219.28,C1275809791,14732173.0,C1820337670,148842.09
9,ce4d05dd-5da3-5c4a-990a-680e33731052,540549,21,CASH_OUT,32913.31,C1572000282,99742.46,C1076444503,152073.64
9,619109fa-03e4-5569-b261-fb3c7168a802,1548095,154,DEBIT,6374.47,C1550526267,21515.0,C1601366159,1336567.7
9,81dff892-7a7f-5818-9e3b-9d45a424ebda,1658976,158,PAYMENT,23597.21,C2124514636,90519.87,M2037698152,0.0
9,dd9a4ae0-3d0d-5ebe-93d8-786ef184dbeb,4196325,305,TRANSFER,20174.13,C471457845,37247.0,C62713610,4576164.17
9,ec6acb28-06ed-5ea8-a85a-f6db6051d9d0,3332117,253,CASH_IN,500284.52,C2126713971,2802.0,C1016267313,1469240.34
9,fb387346-109e-5a4e-91b9-3e5b6ef2eb10,5238745,371,CASH_OUT,6549.01,C568647668,30274.0,C965265602,75402.06
9,edf1fc8f-2855-563f-98bd-ecbf3940e077,2156494,184,DEBIT,3287.08,C1279929033,30531.86,C2044711718,1277638.38
9,f5c751bc-2321-5343-91a9-3caaa351cb0a,603590,34,PAYMENT,2824.85,C1648275109,52776.0,M1646397616,0.0
9,e7ffc029-20ae-5e56-9acf-c8c7bbd476f2,2275079,187,TRANSFER,466.08,C911236852,9164.06,C1160019843,147259.77
9,e8170356-ff90-5138-9200-a677bfb48b74,5383539,376,CASH_IN,267131.6,C857069406,153.0,C1462371191,0.0
9,8b205bd2-fb07-5ee7-8aa7-63179e4b45ea,6178399,565,CASH_OUT,109387.97,C33504609,157455.01,C508069389,9241978.66
9,260ddc4b-781d-51f7-82c7-b79f8cc3b60d,1028215,48,DEBIT,2219.47,C1064480967,46081.0,C1854817508,239123.34
9,9ab8b517-c0d6-5ae8-a2e4-6f9b3aa832ea,535808,21,PAYMENT,20581.02,C1265651090,22417.0,M1073545699,0.0
9,ecd31ee5-8251-5192-8479-929d11c1bb77,2003472,179,TRANSFER,18945.8,C494850852,497428.0,C358753459,0.0
9,4be9789c-fe30-5118-8299-2dd2d4c3f664,5906994,404,CASH_IN,95055.14,C1158223576,210106.0,C1003988979,3038408.45
9,71bff752-376e-5f70-8018-677978c9e7af,494095,20,CASH_OUT,14275.75,C142048385,120323.51,C124315438,121365.0
9,d642847d-02e2-5cbc-9e0f-087de083a0ec,229622,14,DEBIT,10655.28,C744056116,21546.0,C173868468,10670.0
9,159862dd-3f86-5420-8161-80616a1bbd45,5900928,403,PAYMENT,15144.57,C463104034,122206.09,M1533399946,0.0
9,75a84d1d-8c52-56f4-b56d-a6377e16035d,6040021,487,TRANSFER,609400.88,C1295000556,609400.88,C1061559557,0.0
9,6288f687-272a-5bcd-96e5-7949c796f2de,3468658,258,CASH_IN,16549.67,C484794652,8652712.28,C80219725,1235397.54
9,5991f28b-9414-552e-94c6-4f311aa07941,4517657,325,CASH_OUT,222807.02,C1046235446,288907.12,C951326056,534024.85
9,2c6356fa-0c31-5ba2-b738-dc93b35bebc9,3449641,257,DEBIT,4311.02,C751592075,10277.0,C846994524,78651.29
9,c1e37210-ea5c-5f37-be32-98c6f8c5867d,4660893,330,PAYMENT,1676.28,C1003399924,88069.34,M664353686,0.0
9,af5666b6-99dc-5289-bed2-1f8a27dec4c2,1953854,178,TRANSFER,329235.62,C534611924,742536.0,C2074743325,185923.08
9,fb3bf8ce-db9a-54d7-aab2-b7a10889ec9f,5256140,371,CASH_IN,435430.1,C794000909,4507772.58,C1358215980,1974199.17
9,39b5d89b-0edb-5f74-88ff-2d1c2d0687c5,3219299,250,CASH_OUT,91260.96,C69425354,157004.9,C1620301064,2589772.76
9,c9c6b017-cbbd-5706-90d5-d53c308af760,5559053,384,DEBIT,493.81,C1022381867,7517.0,C1482825575,109414.14
9,24e0142f-f228-502b-94c9-4c72ad8d53e0,2672914,210,PAYMENT,17370.61,C1752355651,619671.41,M455326532,0.0
9,51268208-64ea-5774-ab37-a5eada5c0b5d,5125102,356,TRANSFER,585508.15,C239250048,976553.0,C376232467,62197.7
9,421c2e02-35ea-511b-99cf-f2bd69cfd59b,4507392,325,CASH_IN,191289.23,C1843473697,9545068.05,C1294270145,1494118.05
9,ba1ce7e7-eaed-5afe-b3a2-32983ea382f1,2315030,188,CASH_OUT,29371.76,C749899088,29536.0,C2069881393,84736.32
9,73921950-ac42-59c7-a327-5da1182275c1,5151128,357,DEBIT,3077.33,C196271267,11159.0,C1801050179,667438.33
9,092b61d7-aa22-505b-add5-4f5b5d3a74d7,4336211,308,PAYMENT,6864.21,C458404291,504766.0,M1044539077,0.0
9,b43ac9c8-e6eb-59e1-8bfd-ce4ddf80adea,5212333,370,TRANSFER,310726.29,C1591378177,310726.29,C1129556923,0.0
9,de400b63-9fae-5067-b33a-4fb45bad1d96,485928,19,CASH_IN,37403.5,C367288008,14907654.11,C1752633626,2232451.92
9,ab2c9bcc-09ac-5df8-8df1-5a1897d29c86,1151508,131,CASH_OUT,154990.8,C971326353,652787.0,C978858794,5918471.91
9,9f4084e1-871c-51fd-94e3-c62aaea5a7b8,5559361,384,DEBIT,686.74,C297372463,20262.0,C1896450136,106234.27
9,1f95b840-821b-5ab7-b822-988987b0c7f4,1324113,137,PAYMENT,2424.27,C929991091,469788.68,M123320138,0.0
9,be6ff22c-97d9-592b-834b-11da7317d4ee,2232238,186,TRANSFER,109148.67,C1535175419,120213.0,C458997681,807605.08
9,93498620-c1d1-5b70-bea2-8e72b07aa1a8,5598788,394,CASH_IN,90567.04,C1860465576,5871396.12,C60074067,1867321.18
9,6d77ce42-ee3d-52e7-a730-0c5a13f9d36c,1119998,130,CASH_OUT,177104.58,C839176220,244234.0,C1881017744,1374034.25
9,4e8e41d1-4f65-5bb1-9515-03c1e5039c28,5385704,376,DEBIT,23.18,C1506851281,651.0,C1549247251,264777.4
9,e8947227-cb7c-51bd-bd74-825a57bff079,2827176,226,PAYMENT,36501.36,C1568049538,78087.97,M1301388431,0.0
9,1a22f1b1-b2ba-5168-9b0d-f21599564ca5,221378,14,TRANSFER,56505.5,C604211191,104314.0,C440186002,0.0
9,c9c2a1a7-9774-5cd2-a6b0-9d9ae5f27dd7,367361,17,CASH_IN,160972.92,C1580076357,442239.93,C1489773025,2458945.92
9,d917727a-9146-5f70-9925-dffb7fa140f4,2710524,211,CASH_OUT,531.83,C1208388720,13881.98,C219675566,352932.51
9,b0a25a1f-7473-5910-a471-6bff8afca458,2970052,231,DEBIT,4094.22,C538503033,10820.0,C1762644830,1520788.79
9,0bdb3baa-dd01-5350-90a7-4d8ca40094a2,3716934,278,PAYMENT,5056.15,C1655655243,7777.0,M1375556363,0.0
9,52bb35c2-0cf8-5d76-95d2-18cee5bf6593,3949050,287,TRANSFER,58046.56,C1936368325,74796.0,C1240787683,176830.99
9,09ac347b-27bc-511e-b961-ac76c23466ef,2674555,210,CASH_IN,88479.57,C1284704225,31472.0,C1747767740,0.0
9,fd92decc-813d-566b-bc9a-6f62a81c4619,1536300,154,CASH_OUT,52862.18,C969177804,193898.0,C390486748,0.0
9,05fbb944-dcb6-57f8-b0a9-9028d6250294,6237201,594,DEBIT,953.26,C82020294,42031.0,C1558602269,1199485.66
9,57ddcdd0-5c2b-520a-9a5d-7bb6deba6165,3710209,277,PAYMENT,163.72,C1443126935,21963.01,M1946946720,0.0
9,98b085c9-ccac-583a-b0e4-f3fc21d67d35,6040505,487,TRANSFER,21348.96,C1114895223,118692.0,C1750503745,4544837.06
9,8f8b6290-b0b8-513d-a947-f50e7ab53fd1,4492071,324,CASH_IN,545789.56,C493878283,14802.0,C2068185166,90255.9
9,5086e784-7196-5863-9b8a-c925cce0b513,4296048,307,CASH_OUT,7403.78,C728968236,432853.89,C941378153,37714.02
9,e525d3ed-010f-57fd-b832-6120e38c684e,550846,21,DEBIT,8973.09,C144828548,13170.0,C716286004,3922039.84
9,7256d5e6-02a0-5bf8-973e-fa1b4029359e,1634203,157,PAYMENT,9054.39,C1627021454,20558.0,M1245330567,0.0
9,bced725c-8756-5cbd-a84c-f37a7fb1deeb,1879482,164,TRANSFER,80985.13,C82819185,105484.0,C8312125,0.0
9,0d7abbb4-76d9-502c-a2c5-a9575d2221c7,2268174,187,CASH_IN,420643.4,C948220915,872.0,C896492197,0.0
9,3cd00f57-7925-54dc-a73c-d5e44ee8f752,3544373,260,CASH_OUT,25738.54,C1127715464,65631.0,C748408916,4526309.37
9,94edacdc-ddab-584d-8c85-98a588508111,5988524,416,DEBIT,2953.77,C1452186784,29789.0,C965548955,176438.79
9,8851bb03-eec8-5001-9273-ed61ed002352,3685079,276,PAYMENT,5913.0,C1438837161,13685.0,M465091860,0.0
9,b63ace38-dd53-5051-997f-c0183fbad4e4,1522810,153,TRANSFER,339543.79,C1766344132,401420.95,C601525292,1919769.19
9,e413bac1-ab9f-5ca7-83fd-62b96e178d4b,595169,33,CASH_IN,404525.71,C1489319708,4001802.66,C1355282350,441877.8
9,df332c7a-6057-5227-afad-c21c3edd2c94,5345856,375,CASH_OUT,331885.58,C1105307615,338967.0,C2047476428,332223.89
9,f447e6f4-696a-5b48-b681-4bfe2e1a6f29,4722293,332,DEBIT,3757.65,C63261583,20660.0,C618226456,1182089.69
9,96e430e4-52de-5da4-9f1c-f5c0916d2a2a,266682,15,PAYMENT,6618.98,C617688326,181714.44,M169896002,0.0
9,3262cd0a-62d0-55e8-be0b-098c5f71f690,6168723,561,TRANSFER,615954.92,C114731289,615954.92,C236726278,0.0
10,3a4cdd1a-cad2-55a7-bded-41db175f6115,5569332,393,CASH_IN,164255.13,C1874836381,15089.0,C823497843,0.0
10,c85084a5-9850-5458-b1ed-4fc22c80703e,3251164,251,CASH_OUT,137422.26,C463702609,408590.7,C696834512,895148.43
10,6d629a4c-fd39-5eac-a4e5-4fbfb5e7d899,2123694,183,DEBIT,3590.57,C658778741,118039.0,C599885006,13189.19
10,58332f6a-b247-5419-ae5c-b44aad21a282,3590503,262,PAYMENT,5514.0,C375412820,11413.0,M461129221,0.0
10,da9dd7aa-fe85-5e2b-ab65-b1a0c973cdf3,3874073,283,TRANSFER,161440.24,C301275973,187228.0,C1573253709,0.0
10,39b5f649-fc3c-5de6-bbab-1a12422f73da,5439590,378,CASH_IN,4948.4,C882359414,31943.0,C316140081,84657.6
10,12e33a49-5163-501c-a70e-c442ef7c445a,5887150,403,CASH_OUT,35621.14,C562906286,191256.0,C1326509452,756442.68
10,a4a8fc5c-bcd8-5701-9b29-a99d0088e6b3,451469,19,DEBIT,884.36,C1940953761,51690.0,C973483432,174543.43
10,8c8e4412-1f89-5c66-9733-6ec2e1bdac4a,2366325,190,PAYMENT,2593.58,C536936245,11049.0,M299215712,0.0
10,ab7375e1-7ede-51f3-b908-a74ef1e5da46,2316611,188,TRANSFER,246400.72,C2023681800,803016.0,C914980183,723372.97
10,81262be0-c054-51a4-aacf-4b2ebb53fa4d,4519813,325,CASH_IN,12365.26,C433748589,4491565.28,C1659406039,336442.85
10,942e1e4a-32af-5630-a079-cd60ee7843df,3446848,257,CASH_OUT,192058.98,C1789267919,212606.0,C1650350862,42390.42
10,31e6944c-29b7-55d1-8487-5d2d17ef3627,4698909,331,DEBIT,2373.67,C1233484057,13736.0,C2082607308,63683.66
10,ad5ed959-d618-5db8-8417-b87147c32586,5714521,398,PAYMENT,12407.94,C954247132,121910.43,M142194091,0.0
10,689465b2-1b0c-5319-8652-72985a272575,1594350,156,TRANSFER,36751.66,C523795407,145698.98,C1792016053,1578109.58
10,52ae4d57-4a9b-5ed4-ac7a-40f98ad53cf8,2797928,217,CASH_IN,69157.52,C411624373,8576780.1,C748143522,571137.18
10,85571f4c-f855-5abd-9844-759e6e74bb65,5000100,353,CASH_OUT,141052.16,C1850747140,143983.0,C938090010,111057.38
10,c313f7b5-b8af-5d70-ac7b-f8c4c59afda1,1684393,159,DEBIT,2112.05,C1149619314,175798.86,C839431155,251364.74
10,9303d632-4d64-5b4e-a423-8a4de696f38e,562222,22,PAYMENT,3386.47,C1163607504,516851.0,M1400988738,0.0
10,7d07b607-ba2d-5e4b-aa87-4b1946a4896b,5972889,407,TRANSFER,142404.8,C344315736,406915.0,C1769154084,2878380.57
10,44aa37e4-dee0-5fab-801c-ad05c8679e55,4595295,328,CASH_IN,227939.93,C181934335,320417.62,C91195311,307672.47
10,b64c90b4-7f83-53eb-bea9-c9faf11f7e51,4274783,307,CASH_OUT,19168.54,C1773498254,21351.0,C443226827,7673814.0
10,3fd8cab6-c6e6-57c3-9a43-2158a9502e61,1984136,179,DEBIT,369.76,C379021981,2067.0,C1562349196,45616.24
10,c0900f14-85de-5f63-983e-bfc49e31234d,1020465,47,PAYMENT,40093.12,C1074954198,252110.87,M42374477,0.0
10,12436bc8-1fda-500d-a0fb-3e1bfe9790b5,6253005,596,TRANSFER,89374.56,C268908021,147872.78,C901974436,1083419.44
10,c6693a88-1a8e-5cd7-a59a-6f58053b6dfa,1017344,47,CASH_IN,72960.64,C2027057312,8857269.14,C1366662857,138283.7
10,d84f751a-fb4d-5cfb-bf3a-818a5341f566,3522046,259,CASH_OUT,5584.93,C1002925779,36084.0,C1879571233,816141.66
10,214eff1f-554f-5805-8eb8-0ceee044fd09,2562976,206,DEBIT,318.85,C913971034,15105.0,C2023485004,200248.34
10,ce45be9d-5c10-57ca-be6f-9285e51021f2,2543095,206,PAYMENT,3007.04,C400904601,106694.0,M543777398,0.0
10,3688d699-da7c-50c3-a693-c6cced2b247a,4708301,331,TRANSFER,401749.37,C1618899960,602269.0,C475651169,0.0
10,60c708fb-7463-52e9-96b5-b50c816fcb7e,1395732,139,CASH_IN,295865.89,C231308598,2805082.19,C1635575233,641332.4
10,321239b3-1a43-5628-9452-8cf98a400013,2527943,205,CASH_OUT,16317.7,C1910100905,438263.0,C648812708,0.0
10,26ffec8b-241c-5f3f-aeb7-3df362d2eb95,5972896,407,DEBIT,4388.14,C392501476,6600.0,C1819737944,436840.08
10,69fbceb4-cd5e-5845-bad0-e13a158899cd,578622,33,PAYMENT,6175.7,C461200961,22304.0,M2053455847,0.0
10,66cdd846-d032-5ee7-a8be-c925a5a1231f,5108293,355,TRANSFER,26347.18,C435235336,107763.48,C278119128,5174626.23
10,d22b9a01-a2e8-50d3-947d-11d61a2be4a5,5067882,354,CASH_IN,290206.77,C647736044,5714813.91,C9968976,9476733.32
10,9371da9e-e454-5717-8021-b6ce908e0468,3153524,237,CASH_OUT,49183.93,C1548257927,76882.0,C1805475390,161890.02
10,aed53e97-d692-5d8c-bf0f-90e597964acc,660465,36,DEBIT,2237.23,C1231791332,266984.01,C1099150090,4418.47
10,45adfa5c-351c-55d2-a06f-3455cba9c7cf,1893616,165,PAYMENT,21730.98,C1488454017,47696.36,M369978728,0.0
10,553317d2-cdb9-54a5-9289-aabfce273dab,884051,42,TRANSFER,13276.81,C367879818,242578.0,C293327913,4887286.95
10,47db0cd4-c767-54e2-abfa-82abfef09f8c,2946399,230,CASH_IN,153391.14,C368784307,2424354.78,C1920850794,252219.3
10,7730198b-eea8-5f08-bd4c-6d46bf87c819,3887487,283,CASH_OUT,150191.15,C970560722,457857.0,C537503062,0.0
10,7e7a209f-b2dd-58a7-8df0-ff03e223de42,3192174,241,DEBIT,2065.27,C811367121,18371.0,C823188608,2233128.61
10,dfa6e9ef-fd43-5beb-b3d3-cfea5fffb614,2660927,210,PAYMENT,1671.42,C1032799279,24617.0,M611139290,0.0
10,3e98491e-a94a-57a8-bcae-987000fddd52,1766820,162,TRANSFER,59522.34,C857987952,69762.0,C85060710,0.0
10,abaf765c-2cf2-5dfe-9beb-63146577c92c,5017772,353,CASH_IN,415044.72,C1627002654,5038464.67,C1302307559,3585656.2
10,24897818-2c71-5573-a17b-c7596e94bc4e,3039934,234,CASH_OUT,4981.85,C1699703832,45307.0,C193826743,8800925.01
10,c9232b23-6107-5924-86d2-28a3c92733d7,5986492,408,DEBIT,3564.32,C7537303,32408.0,C1329415983,377591.86
10,99ced5de-e468-52de-b028-64d5c178c99f,95854,10,PAYMENT,19358.75,C284073962,62651.0,M1600690541,0.0
10,5f6bc0de-3f05-5189-b5d0-1ea18e4e9175,3880475,283,TRANSFER,39310.13,C1456475545,51302.0,C1519414323,575993.51
10,475a5a50-0621-58d2-818a-c08da3d9e3bd,4368925,310,CASH_IN,50335.19,C2067678000,5708644.37,C1439684617,294069.41
10,961986dc-0142-57fc-9074-b29af5bc49ee,4668033,330,CASH_OUT,27664.1,C1301702556,87856.0,C224713062,583878.09
10,096b21bc-bbb4-5254-b3e5-e130aff24b8f,820789,40,DEBIT,1875.83,C2065081714,29380.0,C1281855264,3297617.91
10,bc1f45da-9317-520b-a008-2498be4ec9d2,448530,19,PAYMENT,4088.88,C1522223760,52791.0,M950454172,0.0
10,7ce4384f-20f6-57a9-b354-f8b408c29ffc,204739,13,TRANSFER,109572.41,C1390198740,1148497.89,C181495989,71432.61
10,2b3c67ff-af4e-5b90-8c00-4979d4bb4836,3484396,258,CASH_IN,180157.05,C1658825539,815699.13,C433555559,2532892.13
10,283d3ac1-0eea-511e-a299-dec6962743ba,3586275,262,CASH_OUT,10984.31,C840995342,20096.0,C417632392,84309.46
10,d4e0f750-431b-56c1-a25a-d1bc750c79a3,1506161,144,DEBIT,15.28,C1703490738,385175.0,C1818473047,967627.24
10,72f8e765-4c3b-5a57-aaa4-4d1d1b86d5b2,696649,36,PAYMENT,24660.91,C885349947,273226.39,M659419747,0.0
10,c8c81448-b38b-5939-88f9-050690ea8d55,386950,17,TRANSFER,159783.19,C1612050567,1759298.62,C969222365,2136036.68
10,49449617-6ceb-5927-9d23-7ee69e1b3a73,4703184,331,CASH_IN,68192.68,C1880406877,25523.0,C1535579941,181073.68
10,91a0fba3-5737-52a4-a0f3-38b230f084f1,4875269,348,CASH_OUT,8472.37,C1951096166,11026.0,C140484899,347283.09
10,465943f9-b405-5f0f-bab1-3dd89a9e3adb,5092062,355,DEBIT,1209.2,C2105879511,246894.0,C1487351595,357656.61
10,20f343cb-54fe-5bc8-baeb-fb0a8dba8eee,1489418,142,PAYMENT,1703.77,C1358911349,29842.0,M1509606052,0.0
10,30d84ab5-d210-5429-97f4-80d820d5b7a0,5627679,395,TRANSFER,171601.23,C1651752318,351868.0,C31181655,1720604.84
10,d8a18c69-2416-5c45-a0da-8c1de040768e,1933526,177,CASH_IN,212401.22,C1044176541,786692.07,C45254776,4394436.87
10,f8e4cf15-76c2-54c0-9c6d-4aec55bd406d,3565515,260,CASH_OUT,9653.14,C881672363,20163.0,C1572240507,130089.98
10,89586149-3663-5a53-931e-ece960805445,2944063,230,DEBIT,7907.72,C995331864,155534.4,C1847216557,183795.32
10,d4a004c4-00a4-5ca7-a58d-df0b72d6c63d,1342165,137,PAYMENT,40475.34,C1098916783,54193.54,M1215879045,0.0
10,aa47648b-4ea8-5ea9-9628-93867083b7c3,2340989,189,TRANSFER,126268.51,C2017116316,186912.0,C933343395,24044.2
10,885d8f13-c8e7-58aa-bc82-7f145ed7653b,3694509,277,CASH_IN,47903.68,C1057047649,3481208.39,C951238154,346351.44
10,9af94d4a-e836-5454-94f2-56ad69ebd2f4,3475966,258,CASH_OUT,131777.93,C1936414682,256633.72,C1024267390,281477.26
10,2b4b96b0-3ff5-5b8b-9eaa-f42d6f3eb8dd,4849235,347,DEBIT,2143.2,C102141731,49604.0,C666171691,468403.87
10,36b14bfe-c463-57ea-8c02-05e3b988b536,2369206,191,PAYMENT,10751.5,C1729962663,53989.0,M1095797678,0.0
10,f421c3e3-460a-53cf-8742-998b9ebed808,3027451,233,TRANSFER,209652.43,C185076129,252217.1,C758653144,13199809.22
10,c881694b-769e-5295-8310-c54ae88fad8a,3534607,259,CASH_IN,179094.98,C1531662593,11992314.6,C562654303,620107.8
10,59c5ec8a-0492-5718-a4d7-f227cccc32fe,4725771,332,CASH_OUT,7028.93,C667954946,76091.0,C1600880757,0.0
10,f6197560-3a67-5180-9dff-4fac5c453ddb,5976333,407,DEBIT,4956.92,C1490457902,352872.0,C1527988078,300257.46
10,db8a8246-daad-585c-9486-a55038d96140,3062558,234,PAYMENT,7259.83,C2044383236,243738.81,M90078348,0.0
10,bdb240c0-92a5-5ce1-a415-9cf58e659327,3583741,261,TRANSFER,90697.13,C1141851217,99853.0,C1373175187,0.0
10,597ce5ee-2a19-5d81-b0a7-8564ae063242,4906023,349,CASH_IN,301098.53,C1244212164,2772543.45,C1467456170,2485395.86
10,0d16b314-ccdd-53d5-91dc-8cead500f4c4,5432927,378,CASH_OUT,17234.14,C865379372,32397.0,C752935374,2751653.28
10,6ddc0cde-0784-59f7-aec5-19ced2c9e071,5329958,374,DEBIT,843.49,C1818252505,36407.06,C1056809512,59077.88
10,fdff0ddb-1c42-5c98-8fad-d7d7a60676e0,3007338,232,PAYMENT,20792.77,C1420825577,104217.0,M1390754394,0.0
10,d8e168cb-880d-572a-82bd-00f306f72fbd,2917538,229,TRANSFER,8333.61,C1950866131,56472.0,C289655461,2420541.91
10,02f15c4d-03d8-5ae0-8951-33b67a411614,3103570,235,CASH_IN,189548.42,C798629444,267911.0,C216974278,755.42
10,75737d86-c843-5f30-9599-59bf503ce377,3060285,234,CASH_OUT,281331.12,C1383336623,512732.0,C1496665451,0.0
10,7d5aa29c-2e7d-52dc-9566-af5f9e77c2e8,405247,18,DEBIT,4931.08,C43217954,32340.0,C1946527355,222186.05
10,59c4591e-3989-5ee5-b771-5d4c6527a315,2355940,190,PAYMENT,10028.78,C302749247,51369.0,M1952126438,0.0
10,57a6b1c4-caa0-54f5-9bf9-1c29ffd0f9f9,1059658,114,TRANSFER,966222.5,C1846613103,966222.5,C1770878693,0.0
10,11aebadb-66f8-5dad-b88f-38cf092fb1db,3462643,257,CASH_IN,143201.67,C670847408,2275386.54,C603533580,6125909.53
10,8402b0af-245b-53c1-a8e8-c325353749c8,1711592,160,CASH_OUT,5666.35,C1038963522,72530.0,C147294059,0.0
10,5e9ee4ae-31d4-50b7-8fb7-03920323038f,1935335,177,DEBIT,1911.21,C999312557,46625.06,C1056007586,29240.09
10,e4fefd44-ead5-5faf-a9b5-26de3b20a573,3679817,276,PAYMENT,28582.21,C584093366,252909.0,M1324642937,0.0
10,b3c3cb8f-3143-5497-8810-f1aa1493f216,2179285,185,TRANSFER,344425.46,C1790692176,367717.0,C1281334773,0.0
10,368cb8d6-9688-527d-9f98-6d3cf54bb7b0,6139449,544,CASH_IN,78181.79,C937575850,16400597.03,C1744329207,1194941.37
10,f4f32447-5f63-5faa-9fc4-9fe1fdadb2dc,5533401,381,CASH_OUT,12328.05,C1182175319,17517.0,C17276256,0.0
10,59119887-97cf-583b-87a0-4cb04a93d968,1472882,141,DEBIT,3436.26,C1551313668,11382.0,C2045076654,616654.46
10,db09d211-10e5-5d53-a971-f2fcace5d0bd,5475226,379,PAYMENT,6746.11,C1278563001,27860.12,M1599629519,0.0
10,93cac94e-b732-558b-8601-20de990057e6,5159286,357,TRANSFER,14899.23,C143586177,51158.0,C1751275487,0.0
